t,layer,head,mode,metric,mean
0.15,3,0,dense,self_mass,0.03284895420074463
0.15,3,0,dense,output_mse,0.0
0.15,3,0,dense,output_mae,0.0
0.15,3,0,dense,output_cosine,1.0
0.15,3,0,dense,output_relative_rmse,0.0
0.15,3,0,local_sparse,self_mass,0.06066521629691124
0.15,3,0,local_sparse,output_mse,0.0054021356627345085
0.15,3,0,local_sparse,output_mae,0.05526231415569782
0.15,3,0,local_sparse,output_cosine,0.9797535538673401
0.15,3,0,local_sparse,output_relative_rmse,0.21951578557491302
0.15,3,0,local_corrected,self_mass,0.03222976624965668
0.15,3,0,local_corrected,output_mse,0.005280034616589546
0.15,3,0,local_corrected,output_mae,0.054225314408540726
0.15,3,0,local_corrected,output_cosine,0.9791578054428101
0.15,3,0,local_corrected,output_relative_rmse,0.21666952222585678
0.15,3,0,full_sparse,self_mass,0.06066521629691124
0.15,3,0,full_sparse,output_mse,0.0054021356627345085
0.15,3,0,full_sparse,output_mae,0.05526231415569782
0.15,3,0,full_sparse,output_cosine,0.9797535538673401
0.15,3,0,full_sparse,output_relative_rmse,0.21951578557491302
0.15,3,0,full_corrected,self_mass,0.03222976624965668
0.15,3,0,full_corrected,output_mse,0.005280034616589546
0.15,3,0,full_corrected,output_mae,0.054225314408540726
0.15,3,0,full_corrected,output_cosine,0.9791578054428101
0.15,3,0,full_corrected,output_relative_rmse,0.21666952222585678
0.15,3,1,dense,self_mass,0.015035459771752357
0.15,3,1,dense,output_mse,0.0
0.15,3,1,dense,output_mae,0.0
0.15,3,1,dense,output_cosine,1.0
0.15,3,1,dense,output_relative_rmse,0.0
0.15,3,1,local_sparse,self_mass,0.029495399445295334
0.15,3,1,local_sparse,output_mse,0.00597871420904994
0.15,3,1,local_sparse,output_mae,0.0595777053385973
0.15,3,1,local_sparse,output_cosine,0.9608232975006104
0.15,3,1,local_sparse,output_relative_rmse,0.2859312444925308
0.15,3,1,local_corrected,self_mass,0.015363710932433605
0.15,3,1,local_corrected,output_mse,0.006037167040631175
0.15,3,1,local_corrected,output_mae,0.0597604475915432
0.15,3,1,local_corrected,output_cosine,0.9597461819648743
0.15,3,1,local_corrected,output_relative_rmse,0.28749924898147583
0.15,3,1,full_sparse,self_mass,0.029495399445295334
0.15,3,1,full_sparse,output_mse,0.00597871420904994
0.15,3,1,full_sparse,output_mae,0.0595777053385973
0.15,3,1,full_sparse,output_cosine,0.9608232975006104
0.15,3,1,full_sparse,output_relative_rmse,0.2859312444925308
0.15,3,1,full_corrected,self_mass,0.015363710932433605
0.15,3,1,full_corrected,output_mse,0.006037167040631175
0.15,3,1,full_corrected,output_mae,0.0597604475915432
0.15,3,1,full_corrected,output_cosine,0.9597461819648743
0.15,3,1,full_corrected,output_relative_rmse,0.28749924898147583
0.15,3,2,dense,self_mass,0.005832958268001676
0.15,3,2,dense,output_mse,0.0
0.15,3,2,dense,output_mae,0.0
0.15,3,2,dense,output_cosine,1.0
0.15,3,2,dense,output_relative_rmse,0.0
0.15,3,2,local_sparse,self_mass,0.011472292244434357
0.15,3,2,local_sparse,output_mse,0.002625647932291031
0.15,3,2,local_sparse,output_mae,0.040120165795087814
0.15,3,2,local_sparse,output_cosine,0.9724480211734772
0.15,3,2,local_sparse,output_relative_rmse,0.22935392707586288
0.15,3,2,local_corrected,self_mass,0.0057787366677075624
0.15,3,2,local_corrected,output_mse,0.0026374016888439655
0.15,3,2,local_corrected,output_mae,0.04023740068078041
0.15,3,2,local_corrected,output_cosine,0.9723339974880219
0.15,3,2,local_corrected,output_relative_rmse,0.22997990250587463
0.15,3,2,full_sparse,self_mass,0.011472292244434357
0.15,3,2,full_sparse,output_mse,0.002625647932291031
0.15,3,2,full_sparse,output_mae,0.040120165795087814
0.15,3,2,full_sparse,output_cosine,0.9724480211734772
0.15,3,2,full_sparse,output_relative_rmse,0.22935392707586288
0.15,3,2,full_corrected,self_mass,0.0057787366677075624
0.15,3,2,full_corrected,output_mse,0.0026374016888439655
0.15,3,2,full_corrected,output_mae,0.04023740068078041
0.15,3,2,full_corrected,output_cosine,0.9723339974880219
0.15,3,2,full_corrected,output_relative_rmse,0.22997990250587463
0.15,3,3,dense,self_mass,0.0017749497201293707
0.15,3,3,dense,output_mse,0.0
0.15,3,3,dense,output_mae,0.0
0.15,3,3,dense,output_cosine,1.0
0.15,3,3,dense,output_relative_rmse,0.0
0.15,3,3,local_sparse,self_mass,0.003478481201454997
0.15,3,3,local_sparse,output_mse,0.0030533246463164687
0.15,3,3,local_sparse,output_mae,0.043951382860541344
0.15,3,3,local_sparse,output_cosine,0.9640040397644043
0.15,3,3,local_sparse,output_relative_rmse,0.26900727301836014
0.15,3,3,local_corrected,self_mass,0.0017381320940330625
0.15,3,3,local_corrected,output_mse,0.003065695404075086
0.15,3,3,local_corrected,output_mae,0.04405183345079422
0.15,3,3,local_corrected,output_cosine,0.9638091325759888
0.15,3,3,local_corrected,output_relative_rmse,0.26951079815626144
0.15,3,3,full_sparse,self_mass,0.003478481201454997
0.15,3,3,full_sparse,output_mse,0.0030533246463164687
0.15,3,3,full_sparse,output_mae,0.043951382860541344
0.15,3,3,full_sparse,output_cosine,0.9640040397644043
0.15,3,3,full_sparse,output_relative_rmse,0.26900727301836014
0.15,3,3,full_corrected,self_mass,0.0017381320940330625
0.15,3,3,full_corrected,output_mse,0.003065695404075086
0.15,3,3,full_corrected,output_mae,0.04405183345079422
0.15,3,3,full_corrected,output_cosine,0.9638091325759888
0.15,3,3,full_corrected,output_relative_rmse,0.26951079815626144
0.15,3,4,dense,self_mass,0.01666442584246397
0.15,3,4,dense,output_mse,0.0
0.15,3,4,dense,output_mae,0.0
0.15,3,4,dense,output_cosine,1.0
0.15,3,4,dense,output_relative_rmse,0.0
0.15,3,4,local_sparse,self_mass,0.031934904865920544
0.15,3,4,local_sparse,output_mse,0.0041929727885872126
0.15,3,4,local_sparse,output_mae,0.050338802859187126
0.15,3,4,local_sparse,output_cosine,0.9794940650463104
0.15,3,4,local_sparse,output_relative_rmse,0.20272985845804214
0.15,3,4,local_corrected,self_mass,0.01648708153516054
0.15,3,4,local_corrected,output_mse,0.004206671379506588
0.15,3,4,local_corrected,output_mae,0.05048980191349983
0.15,3,4,local_corrected,output_cosine,0.9791759252548218
0.15,3,4,local_corrected,output_relative_rmse,0.20280760526657104
0.15,3,4,full_sparse,self_mass,0.031934904865920544
0.15,3,4,full_sparse,output_mse,0.0041929727885872126
0.15,3,4,full_sparse,output_mae,0.050338802859187126
0.15,3,4,full_sparse,output_cosine,0.9794940650463104
0.15,3,4,full_sparse,output_relative_rmse,0.20272985845804214
0.15,3,4,full_corrected,self_mass,0.01648708153516054
0.15,3,4,full_corrected,output_mse,0.004206671379506588
0.15,3,4,full_corrected,output_mae,0.05048980191349983
0.15,3,4,full_corrected,output_cosine,0.9791759252548218
0.15,3,4,full_corrected,output_relative_rmse,0.20280760526657104
0.15,3,5,dense,self_mass,0.04460629262030125
0.15,3,5,dense,output_mse,0.0
0.15,3,5,dense,output_mae,0.0
0.15,3,5,dense,output_cosine,1.0
0.15,3,5,dense,output_relative_rmse,0.0
0.15,3,5,local_sparse,self_mass,0.08114650472998619
0.15,3,5,local_sparse,output_mse,0.013195427600294352
0.15,3,5,local_sparse,output_mae,0.08409510180354118
0.15,3,5,local_sparse,output_cosine,0.9656020700931549
0.15,3,5,local_sparse,output_relative_rmse,0.27412043511867523
0.15,3,5,local_corrected,self_mass,0.045434702187776566
0.15,3,5,local_corrected,output_mse,0.013452725484967232
0.15,3,5,local_corrected,output_mae,0.08487125486135483
0.15,3,5,local_corrected,output_cosine,0.9642263650894165
0.15,3,5,local_corrected,output_relative_rmse,0.2767290621995926
0.15,3,5,full_sparse,self_mass,0.08114650472998619
0.15,3,5,full_sparse,output_mse,0.013195427600294352
0.15,3,5,full_sparse,output_mae,0.08409510180354118
0.15,3,5,full_sparse,output_cosine,0.9656020700931549
0.15,3,5,full_sparse,output_relative_rmse,0.27412043511867523
0.15,3,5,full_corrected,self_mass,0.045434702187776566
0.15,3,5,full_corrected,output_mse,0.013452725484967232
0.15,3,5,full_corrected,output_mae,0.08487125486135483
0.15,3,5,full_corrected,output_cosine,0.9642263650894165
0.15,3,5,full_corrected,output_relative_rmse,0.2767290621995926
0.15,3,6,dense,self_mass,0.013458162546157837
0.15,3,6,dense,output_mse,0.0
0.15,3,6,dense,output_mae,0.0
0.15,3,6,dense,output_cosine,1.0
0.15,3,6,dense,output_relative_rmse,0.0
0.15,3,6,local_sparse,self_mass,0.02639955747872591
0.15,3,6,local_sparse,output_mse,0.005869475193321705
0.15,3,6,local_sparse,output_mae,0.048175396397709846
0.15,3,6,local_sparse,output_cosine,0.9695158302783966
0.15,3,6,local_sparse,output_relative_rmse,0.2919081300497055
0.15,3,6,local_corrected,self_mass,0.013634104281663895
0.15,3,6,local_corrected,output_mse,0.005875657079741359
0.15,3,6,local_corrected,output_mae,0.048114027827978134
0.15,3,6,local_corrected,output_cosine,0.9693592190742493
0.15,3,6,local_corrected,output_relative_rmse,0.29195432364940643
0.15,3,6,full_sparse,self_mass,0.02639955747872591
0.15,3,6,full_sparse,output_mse,0.005869475193321705
0.15,3,6,full_sparse,output_mae,0.048175396397709846
0.15,3,6,full_sparse,output_cosine,0.9695158302783966
0.15,3,6,full_sparse,output_relative_rmse,0.2919081300497055
0.15,3,6,full_corrected,self_mass,0.013634104281663895
0.15,3,6,full_corrected,output_mse,0.005875657079741359
0.15,3,6,full_corrected,output_mae,0.048114027827978134
0.15,3,6,full_corrected,output_cosine,0.9693592190742493
0.15,3,6,full_corrected,output_relative_rmse,0.29195432364940643
0.15,3,7,dense,self_mass,0.010113352909684181
0.15,3,7,dense,output_mse,0.0
0.15,3,7,dense,output_mae,0.0
0.15,3,7,dense,output_cosine,1.0
0.15,3,7,dense,output_relative_rmse,0.0
0.15,3,7,local_sparse,self_mass,0.018843112513422966
0.15,3,7,local_sparse,output_mse,0.004950778558850288
0.15,3,7,local_sparse,output_mae,0.04827525466680527
0.15,3,7,local_sparse,output_cosine,0.9574498236179352
0.15,3,7,local_sparse,output_relative_rmse,0.291979044675827
0.15,3,7,local_corrected,self_mass,0.011382530443370342
0.15,3,7,local_corrected,output_mse,0.004997135140001774
0.15,3,7,local_corrected,output_mae,0.04878389835357666
0.15,3,7,local_corrected,output_cosine,0.9572637677192688
0.15,3,7,local_corrected,output_relative_rmse,0.29326243698596954
0.15,3,7,full_sparse,self_mass,0.018843112513422966
0.15,3,7,full_sparse,output_mse,0.004950778558850288
0.15,3,7,full_sparse,output_mae,0.04827525466680527
0.15,3,7,full_sparse,output_cosine,0.9574498236179352
0.15,3,7,full_sparse,output_relative_rmse,0.291979044675827
0.15,3,7,full_corrected,self_mass,0.011382530443370342
0.15,3,7,full_corrected,output_mse,0.004997135140001774
0.15,3,7,full_corrected,output_mae,0.04878389835357666
0.15,3,7,full_corrected,output_cosine,0.9572637677192688
0.15,3,7,full_corrected,output_relative_rmse,0.29326243698596954
0.15,3,8,dense,self_mass,0.0073334770277142525
0.15,3,8,dense,output_mse,0.0
0.15,3,8,dense,output_mae,0.0
0.15,3,8,dense,output_cosine,1.0
0.15,3,8,dense,output_relative_rmse,0.0
0.15,3,8,local_sparse,self_mass,0.015025742817670107
0.15,3,8,local_sparse,output_mse,0.0024368262384086847
0.15,3,8,local_sparse,output_mae,0.03857606463134289
0.15,3,8,local_sparse,output_cosine,0.9803052842617035
0.15,3,8,local_sparse,output_relative_rmse,0.2005041018128395
0.15,3,8,local_corrected,self_mass,0.007559861522167921
0.15,3,8,local_corrected,output_mse,0.0024458287516608834
0.15,3,8,local_corrected,output_mae,0.0386173240840435
0.15,3,8,local_corrected,output_cosine,0.9802772700786591
0.15,3,8,local_corrected,output_relative_rmse,0.20086580514907837
0.15,3,8,full_sparse,self_mass,0.015025742817670107
0.15,3,8,full_sparse,output_mse,0.0024368262384086847
0.15,3,8,full_sparse,output_mae,0.03857606463134289
0.15,3,8,full_sparse,output_cosine,0.9803052842617035
0.15,3,8,full_sparse,output_relative_rmse,0.2005041018128395
0.15,3,8,full_corrected,self_mass,0.007559861522167921
0.15,3,8,full_corrected,output_mse,0.0024458287516608834
0.15,3,8,full_corrected,output_mae,0.0386173240840435
0.15,3,8,full_corrected,output_cosine,0.9802772700786591
0.15,3,8,full_corrected,output_relative_rmse,0.20086580514907837
0.15,3,9,dense,self_mass,0.049029916524887085
0.15,3,9,dense,output_mse,0.0
0.15,3,9,dense,output_mae,0.0
0.15,3,9,dense,output_cosine,1.0
0.15,3,9,dense,output_relative_rmse,0.0
0.15,3,9,local_sparse,self_mass,0.09443718567490578
0.15,3,9,local_sparse,output_mse,0.015612995252013206
0.15,3,9,local_sparse,output_mae,0.09341868758201599
0.15,3,9,local_sparse,output_cosine,0.962963193655014
0.15,3,9,local_sparse,output_relative_rmse,0.2828070670366287
0.15,3,9,local_corrected,self_mass,0.05099414475262165
0.15,3,9,local_corrected,output_mse,0.016349944286048412
0.15,3,9,local_corrected,output_mae,0.09558717906475067
0.15,3,9,local_corrected,output_cosine,0.9601908922195435
0.15,3,9,local_corrected,output_relative_rmse,0.2894563376903534
0.15,3,9,full_sparse,self_mass,0.09443718567490578
0.15,3,9,full_sparse,output_mse,0.015612995252013206
0.15,3,9,full_sparse,output_mae,0.09341868758201599
0.15,3,9,full_sparse,output_cosine,0.962963193655014
0.15,3,9,full_sparse,output_relative_rmse,0.2828070670366287
0.15,3,9,full_corrected,self_mass,0.05099414475262165
0.15,3,9,full_corrected,output_mse,0.016349944286048412
0.15,3,9,full_corrected,output_mae,0.09558717906475067
0.15,3,9,full_corrected,output_cosine,0.9601908922195435
0.15,3,9,full_corrected,output_relative_rmse,0.2894563376903534
0.15,3,10,dense,self_mass,0.0012347711017355323
0.15,3,10,dense,output_mse,0.0
0.15,3,10,dense,output_mae,0.0
0.15,3,10,dense,output_cosine,1.0
0.15,3,10,dense,output_relative_rmse,0.0
0.15,3,10,local_sparse,self_mass,0.0024451029021292925
0.15,3,10,local_sparse,output_mse,0.002970369067043066
0.15,3,10,local_sparse,output_mae,0.042943064123392105
0.15,3,10,local_sparse,output_cosine,0.9687883853912354
0.15,3,10,local_sparse,output_relative_rmse,0.2482745125889778
0.15,3,10,local_corrected,self_mass,0.0012200664496049285
0.15,3,10,local_corrected,output_mse,0.0029836039757356048
0.15,3,10,local_corrected,output_mae,0.04301872290670872
0.15,3,10,local_corrected,output_cosine,0.9686840772628784
0.15,3,10,local_corrected,output_relative_rmse,0.2488212212920189
0.15,3,10,full_sparse,self_mass,0.0024451029021292925
0.15,3,10,full_sparse,output_mse,0.002970369067043066
0.15,3,10,full_sparse,output_mae,0.042943064123392105
0.15,3,10,full_sparse,output_cosine,0.9687883853912354
0.15,3,10,full_sparse,output_relative_rmse,0.2482745125889778
0.15,3,10,full_corrected,self_mass,0.0012200664496049285
0.15,3,10,full_corrected,output_mse,0.0029836039757356048
0.15,3,10,full_corrected,output_mae,0.04301872290670872
0.15,3,10,full_corrected,output_cosine,0.9686840772628784
0.15,3,10,full_corrected,output_relative_rmse,0.2488212212920189
0.15,3,11,dense,self_mass,0.047528598457574844
0.15,3,11,dense,output_mse,0.0
0.15,3,11,dense,output_mae,0.0
0.15,3,11,dense,output_cosine,1.0
0.15,3,11,dense,output_relative_rmse,0.0
0.15,3,11,local_sparse,self_mass,0.09226511791348457
0.15,3,11,local_sparse,output_mse,0.016748836264014244
0.15,3,11,local_sparse,output_mae,0.09836085885763168
0.15,3,11,local_sparse,output_cosine,0.9644837975502014
0.15,3,11,local_sparse,output_relative_rmse,0.27624130994081497
0.15,3,11,local_corrected,self_mass,0.049217453226447105
0.15,3,11,local_corrected,output_mse,0.017377388197928667
0.15,3,11,local_corrected,output_mae,0.0994337610900402
0.15,3,11,local_corrected,output_cosine,0.9622734785079956
0.15,3,11,local_corrected,output_relative_rmse,0.28136321902275085
0.15,3,11,full_sparse,self_mass,0.09226511791348457
0.15,3,11,full_sparse,output_mse,0.016748836264014244
0.15,3,11,full_sparse,output_mae,0.09836085885763168
0.15,3,11,full_sparse,output_cosine,0.9644837975502014
0.15,3,11,full_sparse,output_relative_rmse,0.27624130994081497
0.15,3,11,full_corrected,self_mass,0.049217453226447105
0.15,3,11,full_corrected,output_mse,0.017377388197928667
0.15,3,11,full_corrected,output_mae,0.0994337610900402
0.15,3,11,full_corrected,output_cosine,0.9622734785079956
0.15,3,11,full_corrected,output_relative_rmse,0.28136321902275085
0.15,4,0,dense,self_mass,0.03753260336816311
0.15,4,0,dense,output_mse,0.0
0.15,4,0,dense,output_mae,0.0
0.15,4,0,dense,output_cosine,1.0
0.15,4,0,dense,output_relative_rmse,0.0
0.15,4,0,local_sparse,self_mass,0.07671141996979713
0.15,4,0,local_sparse,output_mse,0.016925251111388206
0.15,4,0,local_sparse,output_mae,0.10024712234735489
0.15,4,0,local_sparse,output_cosine,0.953179657459259
0.15,4,0,local_sparse,output_relative_rmse,0.3075930178165436
0.15,4,0,local_corrected,self_mass,0.040278688073158264
0.15,4,0,local_corrected,output_mse,0.0170956552028656
0.15,4,0,local_corrected,output_mae,0.100709717720747
0.15,4,0,local_corrected,output_cosine,0.9518662393093109
0.15,4,0,local_corrected,output_relative_rmse,0.3091075271368027
0.15,4,0,full_sparse,self_mass,0.07568322122097015
0.15,4,0,full_sparse,output_mse,0.01506901578977704
0.15,4,0,full_sparse,output_mae,0.09509866312146187
0.15,4,0,full_sparse,output_cosine,0.958886057138443
0.15,4,0,full_sparse,output_relative_rmse,0.2902064174413681
0.15,4,0,full_corrected,self_mass,0.040353480726480484
0.15,4,0,full_corrected,output_mse,0.01578545058146119
0.15,4,0,full_corrected,output_mae,0.09715135022997856
0.15,4,0,full_corrected,output_cosine,0.956813395023346
0.15,4,0,full_corrected,output_relative_rmse,0.2970234602689743
0.15,4,1,dense,self_mass,0.04751851037144661
0.15,4,1,dense,output_mse,0.0
0.15,4,1,dense,output_mae,0.0
0.15,4,1,dense,output_cosine,1.0
0.15,4,1,dense,output_relative_rmse,0.0
0.15,4,1,local_sparse,self_mass,0.09370332211256027
0.15,4,1,local_sparse,output_mse,0.01849282719194889
0.15,4,1,local_sparse,output_mae,0.1039007231593132
0.15,4,1,local_sparse,output_cosine,0.9430910348892212
0.15,4,1,local_sparse,output_relative_rmse,0.34872688353061676
0.15,4,1,local_corrected,self_mass,0.04960118606686592
0.15,4,1,local_corrected,output_mse,0.01934701669961214
0.15,4,1,local_corrected,output_mae,0.10583919659256935
0.15,4,1,local_corrected,output_cosine,0.9383737444877625
0.15,4,1,local_corrected,output_relative_rmse,0.3563988208770752
0.15,4,1,full_sparse,self_mass,0.09330327808856964
0.15,4,1,full_sparse,output_mse,0.013558161910623312
0.15,4,1,full_sparse,output_mae,0.08865368366241455
0.15,4,1,full_sparse,output_cosine,0.9560105502605438
0.15,4,1,full_sparse,output_relative_rmse,0.29877856373786926
0.15,4,1,full_corrected,self_mass,0.05076388269662857
0.15,4,1,full_corrected,output_mse,0.014933465514332056
0.15,4,1,full_corrected,output_mae,0.09284453094005585
0.15,4,1,full_corrected,output_cosine,0.9512273371219635
0.15,4,1,full_corrected,output_relative_rmse,0.313336580991745
0.15,4,2,dense,self_mass,0.05151687003672123
0.15,4,2,dense,output_mse,0.0
0.15,4,2,dense,output_mae,0.0
0.15,4,2,dense,output_cosine,1.0
0.15,4,2,dense,output_relative_rmse,0.0
0.15,4,2,local_sparse,self_mass,0.0943864956498146
0.15,4,2,local_sparse,output_mse,0.027933213859796524
0.15,4,2,local_sparse,output_mae,0.12328529730439186
0.15,4,2,local_sparse,output_cosine,0.9482530951499939
0.15,4,2,local_sparse,output_relative_rmse,0.3398011177778244
0.15,4,2,local_corrected,self_mass,0.051546137779951096
0.15,4,2,local_corrected,output_mse,0.028654364868998528
0.15,4,2,local_corrected,output_mae,0.12456436827778816
0.15,4,2,local_corrected,output_cosine,0.9465097784996033
0.15,4,2,local_corrected,output_relative_rmse,0.3441627621650696
0.15,4,2,full_sparse,self_mass,0.09403057023882866
0.15,4,2,full_sparse,output_mse,0.026674979366362095
0.15,4,2,full_sparse,output_mae,0.1198277622461319
0.15,4,2,full_sparse,output_cosine,0.948462039232254
0.15,4,2,full_sparse,output_relative_rmse,0.33206239342689514
0.15,4,2,full_corrected,self_mass,0.053668731823563576
0.15,4,2,full_corrected,output_mse,0.028175465762615204
0.15,4,2,full_corrected,output_mae,0.1233244277536869
0.15,4,2,full_corrected,output_cosine,0.9465101957321167
0.15,4,2,full_corrected,output_relative_rmse,0.34127452969551086
0.15,4,3,dense,self_mass,0.026098618283867836
0.15,4,3,dense,output_mse,0.0
0.15,4,3,dense,output_mae,0.0
0.15,4,3,dense,output_cosine,1.0
0.15,4,3,dense,output_relative_rmse,0.0
0.15,4,3,local_sparse,self_mass,0.052972372621297836
0.15,4,3,local_sparse,output_mse,0.006877469131723046
0.15,4,3,local_sparse,output_mae,0.06423765607178211
0.15,4,3,local_sparse,output_cosine,0.9658616185188293
0.15,4,3,local_sparse,output_relative_rmse,0.2620321959257126
0.15,4,3,local_corrected,self_mass,0.027519328519701958
0.15,4,3,local_corrected,output_mse,0.006755851674824953
0.15,4,3,local_corrected,output_mae,0.06361710652709007
0.15,4,3,local_corrected,output_cosine,0.965548574924469
0.15,4,3,local_corrected,output_relative_rmse,0.2597406432032585
0.15,4,3,full_sparse,self_mass,0.0523418840020895
0.15,4,3,full_sparse,output_mse,0.005262982100248337
0.15,4,3,full_sparse,output_mae,0.05596526339650154
0.15,4,3,full_sparse,output_cosine,0.9734813272953033
0.15,4,3,full_sparse,output_relative_rmse,0.22947242110967636
0.15,4,3,full_corrected,self_mass,0.027806117199361324
0.15,4,3,full_corrected,output_mse,0.005474474746733904
0.15,4,3,full_corrected,output_mae,0.057339683175086975
0.15,4,3,full_corrected,output_cosine,0.9722124934196472
0.15,4,3,full_corrected,output_relative_rmse,0.2340322881937027
0.15,4,4,dense,self_mass,0.028892014175653458
0.15,4,4,dense,output_mse,0.0
0.15,4,4,dense,output_mae,0.0
0.15,4,4,dense,output_cosine,1.0
0.15,4,4,dense,output_relative_rmse,0.0
0.15,4,4,local_sparse,self_mass,0.058165647089481354
0.15,4,4,local_sparse,output_mse,0.011968581471592188
0.15,4,4,local_sparse,output_mae,0.08461590111255646
0.15,4,4,local_sparse,output_cosine,0.9637756645679474
0.15,4,4,local_sparse,output_relative_rmse,0.2646780088543892
0.15,4,4,local_corrected,self_mass,0.03011129330843687
0.15,4,4,local_corrected,output_mse,0.01232299068942666
0.15,4,4,local_corrected,output_mae,0.08548774942755699
0.15,4,4,local_corrected,output_cosine,0.962377518415451
0.15,4,4,local_corrected,output_relative_rmse,0.26857180893421173
0.15,4,4,full_sparse,self_mass,0.05842827633023262
0.15,4,4,full_sparse,output_mse,0.010242115706205368
0.15,4,4,full_sparse,output_mae,0.07820026203989983
0.15,4,4,full_sparse,output_cosine,0.9695115685462952
0.15,4,4,full_sparse,output_relative_rmse,0.24486062675714493
0.15,4,4,full_corrected,self_mass,0.030037758871912956
0.15,4,4,full_corrected,output_mse,0.010775764007121325
0.15,4,4,full_corrected,output_mae,0.08001136034727097
0.15,4,4,full_corrected,output_cosine,0.9676810204982758
0.15,4,4,full_corrected,output_relative_rmse,0.25116003304719925
0.15,4,5,dense,self_mass,0.06025636941194534
0.15,4,5,dense,output_mse,0.0
0.15,4,5,dense,output_mae,0.0
0.15,4,5,dense,output_cosine,1.0
0.15,4,5,dense,output_relative_rmse,0.0
0.15,4,5,local_sparse,self_mass,0.10904790461063385
0.15,4,5,local_sparse,output_mse,0.027576775290071964
0.15,4,5,local_sparse,output_mae,0.11766620725393295
0.15,4,5,local_sparse,output_cosine,0.9487751424312592
0.15,4,5,local_sparse,output_relative_rmse,0.33741359412670135
0.15,4,5,local_corrected,self_mass,0.0615095067769289
0.15,4,5,local_corrected,output_mse,0.02852625958621502
0.15,4,5,local_corrected,output_mae,0.12011361867189407
0.15,4,5,local_corrected,output_cosine,0.9466875195503235
0.15,4,5,local_corrected,output_relative_rmse,0.3431158512830734
0.15,4,5,full_sparse,self_mass,0.11055000126361847
0.15,4,5,full_sparse,output_mse,0.028907112777233124
0.15,4,5,full_sparse,output_mae,0.12083536386489868
0.15,4,5,full_sparse,output_cosine,0.947251945734024
0.15,4,5,full_sparse,output_relative_rmse,0.34521256387233734
0.15,4,5,full_corrected,self_mass,0.06604362651705742
0.15,4,5,full_corrected,output_mse,0.030783675611019135
0.15,4,5,full_corrected,output_mae,0.12498259544372559
0.15,4,5,full_corrected,output_cosine,0.9449138343334198
0.15,4,5,full_corrected,output_relative_rmse,0.35617420077323914
0.15,4,6,dense,self_mass,0.026999905705451965
0.15,4,6,dense,output_mse,0.0
0.15,4,6,dense,output_mae,0.0
0.15,4,6,dense,output_cosine,1.0
0.15,4,6,dense,output_relative_rmse,0.0
0.15,4,6,local_sparse,self_mass,0.06002110801637173
0.15,4,6,local_sparse,output_mse,0.03854433447122574
0.15,4,6,local_sparse,output_mae,0.14365681260824203
0.15,4,6,local_sparse,output_cosine,0.9370448589324951
0.15,4,6,local_sparse,output_relative_rmse,0.35326074063777924
0.15,4,6,local_corrected,self_mass,0.032833509147167206
0.15,4,6,local_corrected,output_mse,0.04001600667834282
0.15,4,6,local_corrected,output_mae,0.14643258601427078
0.15,4,6,local_corrected,output_cosine,0.9348418116569519
0.15,4,6,local_corrected,output_relative_rmse,0.3599393516778946
0.15,4,6,full_sparse,self_mass,0.060295991599559784
0.15,4,6,full_sparse,output_mse,0.03885134868323803
0.15,4,6,full_sparse,output_mae,0.1443733051419258
0.15,4,6,full_sparse,output_cosine,0.9374036192893982
0.15,4,6,full_sparse,output_relative_rmse,0.3548266440629959
0.15,4,6,full_corrected,self_mass,0.03380189090967178
0.15,4,6,full_corrected,output_mse,0.0414801724255085
0.15,4,6,full_corrected,output_mae,0.14943528920412064
0.15,4,6,full_corrected,output_cosine,0.9347074031829834
0.15,4,6,full_corrected,output_relative_rmse,0.3666337877511978
0.15,4,7,dense,self_mass,0.006001452915370464
0.15,4,7,dense,output_mse,0.0
0.15,4,7,dense,output_mae,0.0
0.15,4,7,dense,output_cosine,1.0
0.15,4,7,dense,output_relative_rmse,0.0
0.15,4,7,local_sparse,self_mass,0.01228561531752348
0.15,4,7,local_sparse,output_mse,0.007896206108853221
0.15,4,7,local_sparse,output_mae,0.06818030774593353
0.15,4,7,local_sparse,output_cosine,0.9734366536140442
0.15,4,7,local_sparse,output_relative_rmse,0.2390790805220604
0.15,4,7,local_corrected,self_mass,0.006223826436325908
0.15,4,7,local_corrected,output_mse,0.007950480096042156
0.15,4,7,local_corrected,output_mae,0.06824733316898346
0.15,4,7,local_corrected,output_cosine,0.9732170104980469
0.15,4,7,local_corrected,output_relative_rmse,0.2398965284228325
0.15,4,7,full_sparse,self_mass,0.012330227065831423
0.15,4,7,full_sparse,output_mse,0.006151970475912094
0.15,4,7,full_sparse,output_mae,0.0600009448826313
0.15,4,7,full_sparse,output_cosine,0.9785257577896118
0.15,4,7,full_sparse,output_relative_rmse,0.21094993501901627
0.15,4,7,full_corrected,self_mass,0.0062679098919034
0.15,4,7,full_corrected,output_mse,0.006257300032302737
0.15,4,7,full_corrected,output_mae,0.060234883800148964
0.15,4,7,full_corrected,output_cosine,0.978728860616684
0.15,4,7,full_corrected,output_relative_rmse,0.212720587849617
0.15,4,8,dense,self_mass,0.022080027498304844
0.15,4,8,dense,output_mse,0.0
0.15,4,8,dense,output_mae,0.0
0.15,4,8,dense,output_cosine,1.0
0.15,4,8,dense,output_relative_rmse,0.0
0.15,4,8,local_sparse,self_mass,0.05045105144381523
0.15,4,8,local_sparse,output_mse,0.044404901564121246
0.15,4,8,local_sparse,output_mae,0.14893364161252975
0.15,4,8,local_sparse,output_cosine,0.9363395273685455
0.15,4,8,local_sparse,output_relative_rmse,0.3625706285238266
0.15,4,8,local_corrected,self_mass,0.027964064851403236
0.15,4,8,local_corrected,output_mse,0.045343464240431786
0.15,4,8,local_corrected,output_mae,0.1505834013223648
0.15,4,8,local_corrected,output_cosine,0.934729129076004
0.15,4,8,local_corrected,output_relative_rmse,0.3663988560438156
0.15,4,8,full_sparse,self_mass,0.05045515298843384
0.15,4,8,full_sparse,output_mse,0.04359455779194832
0.15,4,8,full_sparse,output_mae,0.14700690656900406
0.15,4,8,full_sparse,output_cosine,0.9369826912879944
0.15,4,8,full_sparse,output_relative_rmse,0.3592640310525894
0.15,4,8,full_corrected,self_mass,0.02884577214717865
0.15,4,8,full_corrected,output_mse,0.0457279309630394
0.15,4,8,full_corrected,output_mae,0.15131624042987823
0.15,4,8,full_corrected,output_cosine,0.93511563539505
0.15,4,8,full_corrected,output_relative_rmse,0.36793094873428345
0.15,4,9,dense,self_mass,0.028481822460889816
0.15,4,9,dense,output_mse,0.0
0.15,4,9,dense,output_mae,0.0
0.15,4,9,dense,output_cosine,1.0
0.15,4,9,dense,output_relative_rmse,0.0
0.15,4,9,local_sparse,self_mass,0.060588397085666656
0.15,4,9,local_sparse,output_mse,0.042556241154670715
0.15,4,9,local_sparse,output_mae,0.14332189410924911
0.15,4,9,local_sparse,output_cosine,0.9146134555339813
0.15,4,9,local_sparse,output_relative_rmse,0.41730087995529175
0.15,4,9,local_corrected,self_mass,0.0323133859783411
0.15,4,9,local_corrected,output_mse,0.043974462896585464
0.15,4,9,local_corrected,output_mae,0.14590944349765778
0.15,4,9,local_corrected,output_cosine,0.9117559790611267
0.15,4,9,local_corrected,output_relative_rmse,0.4242170751094818
0.15,4,9,full_sparse,self_mass,0.05997087433934212
0.15,4,9,full_sparse,output_mse,0.04122788459062576
0.15,4,9,full_sparse,output_mae,0.14036720246076584
0.15,4,9,full_sparse,output_cosine,0.9172739386558533
0.15,4,9,full_sparse,output_relative_rmse,0.4107206016778946
0.15,4,9,full_corrected,self_mass,0.03341041598469019
0.15,4,9,full_corrected,output_mse,0.04370991699397564
0.15,4,9,full_corrected,output_mae,0.14519207179546356
0.15,4,9,full_corrected,output_cosine,0.9139190316200256
0.15,4,9,full_corrected,output_relative_rmse,0.42293958365917206
0.15,4,10,dense,self_mass,0.005106967641040683
0.15,4,10,dense,output_mse,0.0
0.15,4,10,dense,output_mae,0.0
0.15,4,10,dense,output_cosine,1.0
0.15,4,10,dense,output_relative_rmse,0.0
0.15,4,10,local_sparse,self_mass,0.009845209307968616
0.15,4,10,local_sparse,output_mse,0.005516076693311334
0.15,4,10,local_sparse,output_mae,0.05640994384884834
0.15,4,10,local_sparse,output_cosine,0.9544920921325684
0.15,4,10,local_sparse,output_relative_rmse,0.3165314495563507
0.15,4,10,local_corrected,self_mass,0.005014448426663876
0.15,4,10,local_corrected,output_mse,0.005619565956294537
0.15,4,10,local_corrected,output_mae,0.05644144117832184
0.15,4,10,local_corrected,output_cosine,0.9538790881633759
0.15,4,10,local_corrected,output_relative_rmse,0.31948304176330566
0.15,4,10,full_sparse,self_mass,0.00992182781919837
0.15,4,10,full_sparse,output_mse,0.0036506776232272387
0.15,4,10,full_sparse,output_mae,0.04599165543913841
0.15,4,10,full_sparse,output_cosine,0.970308244228363
0.15,4,10,full_sparse,output_relative_rmse,0.2575085461139679
0.15,4,10,full_corrected,self_mass,0.005168770905584097
0.15,4,10,full_corrected,output_mse,0.003964402014389634
0.15,4,10,full_corrected,output_mae,0.04758812300860882
0.15,4,10,full_corrected,output_cosine,0.9685067534446716
0.15,4,10,full_corrected,output_relative_rmse,0.2683252990245819
0.15,4,11,dense,self_mass,0.045309750363230705
0.15,4,11,dense,output_mse,0.0
0.15,4,11,dense,output_mae,0.0
0.15,4,11,dense,output_cosine,1.0
0.15,4,11,dense,output_relative_rmse,0.0
0.15,4,11,local_sparse,self_mass,0.08266420289874077
0.15,4,11,local_sparse,output_mse,0.023096763528883457
0.15,4,11,local_sparse,output_mae,0.1073041521012783
0.15,4,11,local_sparse,output_cosine,0.9587541818618774
0.15,4,11,local_sparse,output_relative_rmse,0.3130437433719635
0.15,4,11,local_corrected,self_mass,0.045755598694086075
0.15,4,11,local_corrected,output_mse,0.023764563724398613
0.15,4,11,local_corrected,output_mae,0.10855142772197723
0.15,4,11,local_corrected,output_cosine,0.9566419422626495
0.15,4,11,local_corrected,output_relative_rmse,0.3175577372312546
0.15,4,11,full_sparse,self_mass,0.08194879814982414
0.15,4,11,full_sparse,output_mse,0.02154493425041437
0.15,4,11,full_sparse,output_mae,0.10453365370631218
0.15,4,11,full_sparse,output_cosine,0.9609525203704834
0.15,4,11,full_sparse,output_relative_rmse,0.3023248463869095
0.15,4,11,full_corrected,self_mass,0.04798177257180214
0.15,4,11,full_corrected,output_mse,0.022639892995357513
0.15,4,11,full_corrected,output_mae,0.10748777911067009
0.15,4,11,full_corrected,output_cosine,0.9589703679084778
0.15,4,11,full_corrected,output_relative_rmse,0.30990496277809143
0.15,5,0,dense,self_mass,0.04533521272242069
0.15,5,0,dense,output_mse,0.0
0.15,5,0,dense,output_mae,0.0
0.15,5,0,dense,output_cosine,1.0
0.15,5,0,dense,output_relative_rmse,0.0
0.15,5,0,local_sparse,self_mass,0.08317601680755615
0.15,5,0,local_sparse,output_mse,0.01796067040413618
0.15,5,0,local_sparse,output_mae,0.09365639835596085
0.15,5,0,local_sparse,output_cosine,0.9813565313816071
0.15,5,0,local_sparse,output_relative_rmse,0.2020549327135086
0.15,5,0,local_corrected,self_mass,0.04727816395461559
0.15,5,0,local_corrected,output_mse,0.018049378413707018
0.15,5,0,local_corrected,output_mae,0.09446661546826363
0.15,5,0,local_corrected,output_cosine,0.9810299873352051
0.15,5,0,local_corrected,output_relative_rmse,0.20251639932394028
0.15,5,0,full_sparse,self_mass,0.08119505643844604
0.15,5,0,full_sparse,output_mse,0.017818694468587637
0.15,5,0,full_sparse,output_mae,0.09669053927063942
0.15,5,0,full_sparse,output_cosine,0.9800689220428467
0.15,5,0,full_sparse,output_relative_rmse,0.2016742005944252
0.15,5,0,full_corrected,self_mass,0.04767579585313797
0.15,5,0,full_corrected,output_mse,0.018938975408673286
0.15,5,0,full_corrected,output_mae,0.09945934265851974
0.15,5,0,full_corrected,output_cosine,0.9789426028728485
0.15,5,0,full_corrected,output_relative_rmse,0.2078658491373062
0.15,5,1,dense,self_mass,0.0086627546697855
0.15,5,1,dense,output_mse,0.0
0.15,5,1,dense,output_mae,0.0
0.15,5,1,dense,output_cosine,1.0
0.15,5,1,dense,output_relative_rmse,0.0
0.15,5,1,local_sparse,self_mass,0.016661010682582855
0.15,5,1,local_sparse,output_mse,0.004824530798941851
0.15,5,1,local_sparse,output_mae,0.054936373606324196
0.15,5,1,local_sparse,output_cosine,0.964343786239624
0.15,5,1,local_sparse,output_relative_rmse,0.2711936831474304
0.15,5,1,local_corrected,self_mass,0.008505971170961857
0.15,5,1,local_corrected,output_mse,0.004901837790384889
0.15,5,1,local_corrected,output_mae,0.05533001944422722
0.15,5,1,local_corrected,output_cosine,0.9637468457221985
0.15,5,1,local_corrected,output_relative_rmse,0.27311117202043533
0.15,5,1,full_sparse,self_mass,0.01657415507361293
0.15,5,1,full_sparse,output_mse,0.0035064504481852055
0.15,5,1,full_sparse,output_mae,0.04622794687747955
0.15,5,1,full_sparse,output_cosine,0.97226482629776
0.15,5,1,full_sparse,output_relative_rmse,0.23322053998708725
0.15,5,1,full_corrected,self_mass,0.008606923278421164
0.15,5,1,full_corrected,output_mse,0.0037503261119127274
0.15,5,1,full_corrected,output_mae,0.047518376260995865
0.15,5,1,full_corrected,output_cosine,0.9716964662075043
0.15,5,1,full_corrected,output_relative_rmse,0.24165374040603638
0.15,5,2,dense,self_mass,0.02561493869870901
0.15,5,2,dense,output_mse,0.0
0.15,5,2,dense,output_mae,0.0
0.15,5,2,dense,output_cosine,1.0
0.15,5,2,dense,output_relative_rmse,0.0
0.15,5,2,local_sparse,self_mass,0.0475638210773468
0.15,5,2,local_sparse,output_mse,0.006988690234720707
0.15,5,2,local_sparse,output_mae,0.06393597088754177
0.15,5,2,local_sparse,output_cosine,0.9750212132930756
0.15,5,2,local_sparse,output_relative_rmse,0.21003737300634384
0.15,5,2,local_corrected,self_mass,0.02514297515153885
0.15,5,2,local_corrected,output_mse,0.007015508832409978
0.15,5,2,local_corrected,output_mae,0.06401513516902924
0.15,5,2,local_corrected,output_cosine,0.9743785858154297
0.15,5,2,local_corrected,output_relative_rmse,0.2104920819401741
0.15,5,2,full_sparse,self_mass,0.048531729727983475
0.15,5,2,full_sparse,output_mse,0.006454051472246647
0.15,5,2,full_sparse,output_mae,0.059724511578679085
0.15,5,2,full_sparse,output_cosine,0.979162335395813
0.15,5,2,full_sparse,output_relative_rmse,0.201420858502388
0.15,5,2,full_corrected,self_mass,0.026768526062369347
0.15,5,2,full_corrected,output_mse,0.006778630660846829
0.15,5,2,full_corrected,output_mae,0.06211709789931774
0.15,5,2,full_corrected,output_cosine,0.9774365723133087
0.15,5,2,full_corrected,output_relative_rmse,0.20654216408729553
0.15,5,3,dense,self_mass,0.011854356154799461
0.15,5,3,dense,output_mse,0.0
0.15,5,3,dense,output_mae,0.0
0.15,5,3,dense,output_cosine,1.0
0.15,5,3,dense,output_relative_rmse,0.0
0.15,5,3,local_sparse,self_mass,0.023367177695035934
0.15,5,3,local_sparse,output_mse,0.005826139589771628
0.15,5,3,local_sparse,output_mae,0.05904370918869972
0.15,5,3,local_sparse,output_cosine,0.9811140596866608
0.15,5,3,local_sparse,output_relative_rmse,0.19500060379505157
0.15,5,3,local_corrected,self_mass,0.011959153693169355
0.15,5,3,local_corrected,output_mse,0.0059198797680437565
0.15,5,3,local_corrected,output_mae,0.05952230468392372
0.15,5,3,local_corrected,output_cosine,0.9806508123874664
0.15,5,3,local_corrected,output_relative_rmse,0.1965954378247261
0.15,5,3,full_sparse,self_mass,0.02360003348439932
0.15,5,3,full_sparse,output_mse,0.004155800677835941
0.15,5,3,full_sparse,output_mae,0.049609001725912094
0.15,5,3,full_sparse,output_cosine,0.9865161180496216
0.15,5,3,full_sparse,output_relative_rmse,0.1645907163619995
0.15,5,3,full_corrected,self_mass,0.012722429819405079
0.15,5,3,full_corrected,output_mse,0.004589761840179563
0.15,5,3,full_corrected,output_mae,0.05272964760661125
0.15,5,3,full_corrected,output_cosine,0.9848034381866455
0.15,5,3,full_corrected,output_relative_rmse,0.17303729802370071
0.15,5,4,dense,self_mass,0.08210901916027069
0.15,5,4,dense,output_mse,0.0
0.15,5,4,dense,output_mae,0.0
0.15,5,4,dense,output_cosine,1.0
0.15,5,4,dense,output_relative_rmse,0.0
0.15,5,4,local_sparse,self_mass,0.14185146614909172
0.15,5,4,local_sparse,output_mse,0.028277339413762093
0.15,5,4,local_sparse,output_mae,0.12268548458814621
0.15,5,4,local_sparse,output_cosine,0.9515950083732605
0.15,5,4,local_sparse,output_relative_rmse,0.3153221309185028
0.15,5,4,local_corrected,self_mass,0.08275048434734344
0.15,5,4,local_corrected,output_mse,0.03004541154950857
0.15,5,4,local_corrected,output_mae,0.12640606984496117
0.15,5,4,local_corrected,output_cosine,0.947788804769516
0.15,5,4,local_corrected,output_relative_rmse,0.3250766545534134
0.15,5,4,full_sparse,self_mass,0.14211766049265862
0.15,5,4,full_sparse,output_mse,0.027157013304531574
0.15,5,4,full_sparse,output_mae,0.12084615230560303
0.15,5,4,full_sparse,output_cosine,0.9535218179225922
0.15,5,4,full_sparse,output_relative_rmse,0.3091033548116684
0.15,5,4,full_corrected,self_mass,0.08815351128578186
0.15,5,4,full_corrected,output_mse,0.030515355989336967
0.15,5,4,full_corrected,output_mae,0.12795164808630943
0.15,5,4,full_corrected,output_cosine,0.9489918649196625
0.15,5,4,full_corrected,output_relative_rmse,0.32764358818531036
0.15,5,5,dense,self_mass,0.07325930148363113
0.15,5,5,dense,output_mse,0.0
0.15,5,5,dense,output_mae,0.0
0.15,5,5,dense,output_cosine,1.0
0.15,5,5,dense,output_relative_rmse,0.0
0.15,5,5,local_sparse,self_mass,0.13002152740955353
0.15,5,5,local_sparse,output_mse,0.025891471654176712
0.15,5,5,local_sparse,output_mae,0.11084466427564621
0.15,5,5,local_sparse,output_cosine,0.9768995940685272
0.15,5,5,local_sparse,output_relative_rmse,0.22610867023468018
0.15,5,5,local_corrected,self_mass,0.08052746206521988
0.15,5,5,local_corrected,output_mse,0.026560421101748943
0.15,5,5,local_corrected,output_mae,0.11230656504631042
0.15,5,5,local_corrected,output_cosine,0.9758985042572021
0.15,5,5,local_corrected,output_relative_rmse,0.2289748564362526
0.15,5,5,full_sparse,self_mass,0.1332697793841362
0.15,5,5,full_sparse,output_mse,0.025607869029045105
0.15,5,5,full_sparse,output_mae,0.1134728454053402
0.15,5,5,full_sparse,output_cosine,0.9768600165843964
0.15,5,5,full_sparse,output_relative_rmse,0.22500977665185928
0.15,5,5,full_corrected,self_mass,0.08578170463442802
0.15,5,5,full_corrected,output_mse,0.02712291292846203
0.15,5,5,full_corrected,output_mae,0.11702151596546173
0.15,5,5,full_corrected,output_cosine,0.9755042493343353
0.15,5,5,full_corrected,output_relative_rmse,0.23153028637170792
0.15,5,6,dense,self_mass,0.031213092617690563
0.15,5,6,dense,output_mse,0.0
0.15,5,6,dense,output_mae,0.0
0.15,5,6,dense,output_cosine,1.0
0.15,5,6,dense,output_relative_rmse,0.0
0.15,5,6,local_sparse,self_mass,0.05984155461192131
0.15,5,6,local_sparse,output_mse,0.021435819566249847
0.15,5,6,local_sparse,output_mae,0.10872223228216171
0.15,5,6,local_sparse,output_cosine,0.9562566876411438
0.15,5,6,local_sparse,output_relative_rmse,0.28696689009666443
0.15,5,6,local_corrected,self_mass,0.031284854747354984
0.15,5,6,local_corrected,output_mse,0.02207306958734989
0.15,5,6,local_corrected,output_mae,0.11032058298587799
0.15,5,6,local_corrected,output_cosine,0.9546124339103699
0.15,5,6,local_corrected,output_relative_rmse,0.291218563914299
0.15,5,6,full_sparse,self_mass,0.06118611991405487
0.15,5,6,full_sparse,output_mse,0.017899401485919952
0.15,5,6,full_sparse,output_mae,0.10023131594061852
0.15,5,6,full_sparse,output_cosine,0.9619690775871277
0.15,5,6,full_sparse,output_relative_rmse,0.2623690590262413
0.15,5,6,full_corrected,self_mass,0.03219698276370764
0.15,5,6,full_corrected,output_mse,0.02003614231944084
0.15,5,6,full_corrected,output_mae,0.10629964247345924
0.15,5,6,full_corrected,output_cosine,0.9588944017887115
0.15,5,6,full_corrected,output_relative_rmse,0.2775887995958328
0.15,5,7,dense,self_mass,0.0298291752114892
0.15,5,7,dense,output_mse,0.0
0.15,5,7,dense,output_mae,0.0
0.15,5,7,dense,output_cosine,1.0
0.15,5,7,dense,output_relative_rmse,0.0
0.15,5,7,local_sparse,self_mass,0.05684414878487587
0.15,5,7,local_sparse,output_mse,0.014858667738735676
0.15,5,7,local_sparse,output_mae,0.09292487427592278
0.15,5,7,local_sparse,output_cosine,0.9705205857753754
0.15,5,7,local_sparse,output_relative_rmse,0.24470943212509155
0.15,5,7,local_corrected,self_mass,0.029610928148031235
0.15,5,7,local_corrected,output_mse,0.015043605118989944
0.15,5,7,local_corrected,output_mae,0.09332849830389023
0.15,5,7,local_corrected,output_cosine,0.9696259796619415
0.15,5,7,local_corrected,output_relative_rmse,0.24632541835308075
0.15,5,7,full_sparse,self_mass,0.055656034499406815
0.15,5,7,full_sparse,output_mse,0.011633134912699461
0.15,5,7,full_sparse,output_mae,0.08137201145291328
0.15,5,7,full_sparse,output_cosine,0.9761717915534973
0.15,5,7,full_sparse,output_relative_rmse,0.2164541780948639
0.15,5,7,full_corrected,self_mass,0.029046214185655117
0.15,5,7,full_corrected,output_mse,0.01220074063166976
0.15,5,7,full_corrected,output_mae,0.08373486250638962
0.15,5,7,full_corrected,output_cosine,0.9748929142951965
0.15,5,7,full_corrected,output_relative_rmse,0.22208745032548904
0.15,5,8,dense,self_mass,0.06897374615073204
0.15,5,8,dense,output_mse,0.0
0.15,5,8,dense,output_mae,0.0
0.15,5,8,dense,output_cosine,1.0
0.15,5,8,dense,output_relative_rmse,0.0
0.15,5,8,local_sparse,self_mass,0.12553555145859718
0.15,5,8,local_sparse,output_mse,0.019753734581172466
0.15,5,8,local_sparse,output_mae,0.104774609208107
0.15,5,8,local_sparse,output_cosine,0.972335696220398
0.15,5,8,local_sparse,output_relative_rmse,0.2477690801024437
0.15,5,8,local_corrected,self_mass,0.07115508615970612
0.15,5,8,local_corrected,output_mse,0.020615695044398308
0.15,5,8,local_corrected,output_mae,0.1053546816110611
0.15,5,8,local_corrected,output_cosine,0.9703435301780701
0.15,5,8,local_corrected,output_relative_rmse,0.2533613294363022
0.15,5,8,full_sparse,self_mass,0.12265350297093391
0.15,5,8,full_sparse,output_mse,0.01485618855804205
0.15,5,8,full_sparse,output_mae,0.09210984408855438
0.15,5,8,full_sparse,output_cosine,0.9776355624198914
0.15,5,8,full_sparse,output_relative_rmse,0.21677248179912567
0.15,5,8,full_corrected,self_mass,0.07202931120991707
0.15,5,8,full_corrected,output_mse,0.01656793523579836
0.15,5,8,full_corrected,output_mae,0.09688640013337135
0.15,5,8,full_corrected,output_cosine,0.9757139384746552
0.15,5,8,full_corrected,output_relative_rmse,0.22909794747829437
0.15,5,9,dense,self_mass,0.020109673030674458
0.15,5,9,dense,output_mse,0.0
0.15,5,9,dense,output_mae,0.0
0.15,5,9,dense,output_cosine,1.0
0.15,5,9,dense,output_relative_rmse,0.0
0.15,5,9,local_sparse,self_mass,0.04802250117063522
0.15,5,9,local_sparse,output_mse,0.05502036213874817
0.15,5,9,local_sparse,output_mae,0.1617072895169258
0.15,5,9,local_sparse,output_cosine,0.9416229426860809
0.15,5,9,local_sparse,output_relative_rmse,0.3367166072130203
0.15,5,9,local_corrected,self_mass,0.02577180787920952
0.15,5,9,local_corrected,output_mse,0.05615140497684479
0.15,5,9,local_corrected,output_mae,0.16395089775323868
0.15,5,9,local_corrected,output_cosine,0.9401738941669464
0.15,5,9,local_corrected,output_relative_rmse,0.34009942412376404
0.15,5,9,full_sparse,self_mass,0.04684312641620636
0.15,5,9,full_sparse,output_mse,0.05399407260119915
0.15,5,9,full_sparse,output_mae,0.16289284825325012
0.15,5,9,full_sparse,output_cosine,0.9430140256881714
0.15,5,9,full_sparse,output_relative_rmse,0.3337197005748749
0.15,5,9,full_corrected,self_mass,0.0258438466116786
0.15,5,9,full_corrected,output_mse,0.05772991292178631
0.15,5,9,full_corrected,output_mae,0.17045626044273376
0.15,5,9,full_corrected,output_cosine,0.9400455355644226
0.15,5,9,full_corrected,output_relative_rmse,0.34507934749126434
0.15,5,10,dense,self_mass,0.04836025834083557
0.15,5,10,dense,output_mse,0.0
0.15,5,10,dense,output_mae,0.0
0.15,5,10,dense,output_cosine,1.0
0.15,5,10,dense,output_relative_rmse,0.0
0.15,5,10,local_sparse,self_mass,0.0878109559416771
0.15,5,10,local_sparse,output_mse,0.01759920921176672
0.15,5,10,local_sparse,output_mae,0.09683302044868469
0.15,5,10,local_sparse,output_cosine,0.9514504075050354
0.15,5,10,local_sparse,output_relative_rmse,0.3230839967727661
0.15,5,10,local_corrected,self_mass,0.04895799234509468
0.15,5,10,local_corrected,output_mse,0.017844046466052532
0.15,5,10,local_corrected,output_mae,0.09772209450602531
0.15,5,10,local_corrected,output_cosine,0.9496868252754211
0.15,5,10,local_corrected,output_relative_rmse,0.32551737129688263
0.15,5,10,full_sparse,self_mass,0.08513468503952026
0.15,5,10,full_sparse,output_mse,0.016753816977143288
0.15,5,10,full_sparse,output_mae,0.09623704850673676
0.15,5,10,full_sparse,output_cosine,0.9510214030742645
0.15,5,10,full_sparse,output_relative_rmse,0.31535378098487854
0.15,5,10,full_corrected,self_mass,0.04979019798338413
0.15,5,10,full_corrected,output_mse,0.01842356426641345
0.15,5,10,full_corrected,output_mae,0.10092537105083466
0.15,5,10,full_corrected,output_cosine,0.9475663006305695
0.15,5,10,full_corrected,output_relative_rmse,0.33078503608703613
0.15,5,11,dense,self_mass,0.01823340728878975
0.15,5,11,dense,output_mse,0.0
0.15,5,11,dense,output_mae,0.0
0.15,5,11,dense,output_cosine,1.0
0.15,5,11,dense,output_relative_rmse,0.0
0.15,5,11,local_sparse,self_mass,0.03414110094308853
0.15,5,11,local_sparse,output_mse,0.006073935190215707
0.15,5,11,local_sparse,output_mae,0.06087035313248634
0.15,5,11,local_sparse,output_cosine,0.969210684299469
0.15,5,11,local_sparse,output_relative_rmse,0.24776654690504074
0.15,5,11,local_corrected,self_mass,0.018306938000023365
0.15,5,11,local_corrected,output_mse,0.006012467900291085
0.15,5,11,local_corrected,output_mae,0.060780929401516914
0.15,5,11,local_corrected,output_cosine,0.9686106145381927
0.15,5,11,local_corrected,output_relative_rmse,0.24638860672712326
0.15,5,11,full_sparse,self_mass,0.03323841094970703
0.15,5,11,full_sparse,output_mse,0.005060368217527866
0.15,5,11,full_sparse,output_mae,0.0553809329867363
0.15,5,11,full_sparse,output_cosine,0.9735603630542755
0.15,5,11,full_sparse,output_relative_rmse,0.2261374294757843
0.15,5,11,full_corrected,self_mass,0.018639433197677135
0.15,5,11,full_corrected,output_mse,0.005433854879811406
0.15,5,11,full_corrected,output_mae,0.05740656331181526
0.15,5,11,full_corrected,output_cosine,0.971781313419342
0.15,5,11,full_corrected,output_relative_rmse,0.23436059802770615
0.15,6,0,dense,self_mass,0.05700724571943283
0.15,6,0,dense,output_mse,0.0
0.15,6,0,dense,output_mae,0.0
0.15,6,0,dense,output_cosine,1.0
0.15,6,0,dense,output_relative_rmse,0.0
0.15,6,0,local_sparse,self_mass,0.11025303229689598
0.15,6,0,local_sparse,output_mse,0.03670629672706127
0.15,6,0,local_sparse,output_mae,0.13415978103876114
0.15,6,0,local_sparse,output_cosine,0.9413715898990631
0.15,6,0,local_sparse,output_relative_rmse,0.3561442047357559
0.15,6,0,local_corrected,self_mass,0.061420075595378876
0.15,6,0,local_corrected,output_mse,0.03838215209543705
0.15,6,0,local_corrected,output_mae,0.13762962073087692
0.15,6,0,local_corrected,output_cosine,0.9380435645580292
0.15,6,0,local_corrected,output_relative_rmse,0.3644063174724579
0.15,6,0,full_sparse,self_mass,0.10604942589998245
0.15,6,0,full_sparse,output_mse,0.03568026889115572
0.15,6,0,full_sparse,output_mae,0.13266801461577415
0.15,6,0,full_sparse,output_cosine,0.9422767162322998
0.15,6,0,full_sparse,output_relative_rmse,0.35104382038116455
0.15,6,0,full_corrected,self_mass,0.062364354729652405
0.15,6,0,full_corrected,output_mse,0.04007438011467457
0.15,6,0,full_corrected,output_mae,0.14102736115455627
0.15,6,0,full_corrected,output_cosine,0.9370318651199341
0.15,6,0,full_corrected,output_relative_rmse,0.3724292069673538
0.15,6,1,dense,self_mass,0.047928763553500175
0.15,6,1,dense,output_mse,0.0
0.15,6,1,dense,output_mae,0.0
0.15,6,1,dense,output_cosine,1.0
0.15,6,1,dense,output_relative_rmse,0.0
0.15,6,1,local_sparse,self_mass,0.09051529318094254
0.15,6,1,local_sparse,output_mse,0.012539571151137352
0.15,6,1,local_sparse,output_mae,0.0858917161822319
0.15,6,1,local_sparse,output_cosine,0.9744194447994232
0.15,6,1,local_sparse,output_relative_rmse,0.2263786643743515
0.15,6,1,local_corrected,self_mass,0.04881536588072777
0.15,6,1,local_corrected,output_mse,0.013123619370162487
0.15,6,1,local_corrected,output_mae,0.08714397624135017
0.15,6,1,local_corrected,output_cosine,0.9726944863796234
0.15,6,1,local_corrected,output_relative_rmse,0.2316160798072815
0.15,6,1,full_sparse,self_mass,0.08964964747428894
0.15,6,1,full_sparse,output_mse,0.011474440805613995
0.15,6,1,full_sparse,output_mae,0.08285835385322571
0.15,6,1,full_sparse,output_cosine,0.9765185117721558
0.15,6,1,full_sparse,output_relative_rmse,0.2166764885187149
0.15,6,1,full_corrected,self_mass,0.049764346331357956
0.15,6,1,full_corrected,output_mse,0.012868413235992193
0.15,6,1,full_corrected,output_mae,0.08758895099163055
0.15,6,1,full_corrected,output_cosine,0.9737228751182556
0.15,6,1,full_corrected,output_relative_rmse,0.22948241978883743
0.15,6,2,dense,self_mass,0.04850170947611332
0.15,6,2,dense,output_mse,0.0
0.15,6,2,dense,output_mae,0.0
0.15,6,2,dense,output_cosine,1.0
0.15,6,2,dense,output_relative_rmse,0.0
0.15,6,2,local_sparse,self_mass,0.08889796957373619
0.15,6,2,local_sparse,output_mse,0.02610807865858078
0.15,6,2,local_sparse,output_mae,0.11402100324630737
0.15,6,2,local_sparse,output_cosine,0.972679078578949
0.15,6,2,local_sparse,output_relative_rmse,0.2341095730662346
0.15,6,2,local_corrected,self_mass,0.05117638222873211
0.15,6,2,local_corrected,output_mse,0.027196157723665237
0.15,6,2,local_corrected,output_mae,0.11681630462408066
0.15,6,2,local_corrected,output_cosine,0.9713889062404633
0.15,6,2,local_corrected,output_relative_rmse,0.23890464007854462
0.15,6,2,full_sparse,self_mass,0.08656572178006172
0.15,6,2,full_sparse,output_mse,0.027309570461511612
0.15,6,2,full_sparse,output_mae,0.12009933590888977
0.15,6,2,full_sparse,output_cosine,0.971372663974762
0.15,6,2,full_sparse,output_relative_rmse,0.23951364308595657
0.15,6,2,full_corrected,self_mass,0.05210883729159832
0.15,6,2,full_corrected,output_mse,0.0308611411601305
0.15,6,2,full_corrected,output_mae,0.12822392210364342
0.15,6,2,full_corrected,output_cosine,0.968522846698761
0.15,6,2,full_corrected,output_relative_rmse,0.2551097422838211
0.15,6,3,dense,self_mass,0.022432707250118256
0.15,6,3,dense,output_mse,0.0
0.15,6,3,dense,output_mae,0.0
0.15,6,3,dense,output_cosine,1.0
0.15,6,3,dense,output_relative_rmse,0.0
0.15,6,3,local_sparse,self_mass,0.0419180765748024
0.15,6,3,local_sparse,output_mse,0.0085042011924088
0.15,6,3,local_sparse,output_mae,0.07178427278995514
0.15,6,3,local_sparse,output_cosine,0.9652896821498871
0.15,6,3,local_sparse,output_relative_rmse,0.26600272208452225
0.15,6,3,local_corrected,self_mass,0.021777890622615814
0.15,6,3,local_corrected,output_mse,0.008775177411735058
0.15,6,3,local_corrected,output_mae,0.07275352999567986
0.15,6,3,local_corrected,output_cosine,0.9634258151054382
0.15,6,3,local_corrected,output_relative_rmse,0.2700338363647461
0.15,6,3,full_sparse,self_mass,0.04227132350206375
0.15,6,3,full_sparse,output_mse,0.005219008075073361
0.15,6,3,full_sparse,output_mae,0.055481918156147
0.15,6,3,full_sparse,output_cosine,0.9774722158908844
0.15,6,3,full_sparse,output_relative_rmse,0.20748797804117203
0.15,6,3,full_corrected,self_mass,0.02330572623759508
0.15,6,3,full_corrected,output_mse,0.005882419878616929
0.15,6,3,full_corrected,output_mae,0.05887540429830551
0.15,6,3,full_corrected,output_cosine,0.9753850698471069
0.15,6,3,full_corrected,output_relative_rmse,0.220037080347538
0.15,6,4,dense,self_mass,0.0076372690964490175
0.15,6,4,dense,output_mse,0.0
0.15,6,4,dense,output_mae,0.0
0.15,6,4,dense,output_cosine,1.0
0.15,6,4,dense,output_relative_rmse,0.0
0.15,6,4,local_sparse,self_mass,0.01430073194205761
0.15,6,4,local_sparse,output_mse,0.008372111711651087
0.15,6,4,local_sparse,output_mae,0.0707414373755455
0.15,6,4,local_sparse,output_cosine,0.9778555333614349
0.15,6,4,local_sparse,output_relative_rmse,0.21478084474802017
0.15,6,4,local_corrected,self_mass,0.007247579284012318
0.15,6,4,local_corrected,output_mse,0.008423963095992804
0.15,6,4,local_corrected,output_mae,0.07098553702235222
0.15,6,4,local_corrected,output_cosine,0.9775539636611938
0.15,6,4,local_corrected,output_relative_rmse,0.21545127779245377
0.15,6,4,full_sparse,self_mass,0.014134992845356464
0.15,6,4,full_sparse,output_mse,0.007617456838488579
0.15,6,4,full_sparse,output_mae,0.06768174842000008
0.15,6,4,full_sparse,output_cosine,0.9798106253147125
0.15,6,4,full_sparse,output_relative_rmse,0.20467062294483185
0.15,6,4,full_corrected,self_mass,0.0069022278767079115
0.15,6,4,full_corrected,output_mse,0.008534569758921862
0.15,6,4,full_corrected,output_mae,0.07195200398564339
0.15,6,4,full_corrected,output_cosine,0.9775307476520538
0.15,6,4,full_corrected,output_relative_rmse,0.21676308661699295
0.15,6,5,dense,self_mass,0.01307912403717637
0.15,6,5,dense,output_mse,0.0
0.15,6,5,dense,output_mae,0.0
0.15,6,5,dense,output_cosine,1.0
0.15,6,5,dense,output_relative_rmse,0.0
0.15,6,5,local_sparse,self_mass,0.024472076445817947
0.15,6,5,local_sparse,output_mse,0.005957231391221285
0.15,6,5,local_sparse,output_mae,0.059527698904275894
0.15,6,5,local_sparse,output_cosine,0.9680622816085815
0.15,6,5,local_sparse,output_relative_rmse,0.25925374031066895
0.15,6,5,local_corrected,self_mass,0.012500187382102013
0.15,6,5,local_corrected,output_mse,0.005927067715674639
0.15,6,5,local_corrected,output_mae,0.059347353875637054
0.15,6,5,local_corrected,output_cosine,0.9676567316055298
0.15,6,5,local_corrected,output_relative_rmse,0.25856783986091614
0.15,6,5,full_sparse,self_mass,0.02339537162333727
0.15,6,5,full_sparse,output_mse,0.004749691812321544
0.15,6,5,full_sparse,output_mae,0.05302881635725498
0.15,6,5,full_sparse,output_cosine,0.9718198776245117
0.15,6,5,full_sparse,output_relative_rmse,0.2338109165430069
0.15,6,5,full_corrected,self_mass,0.012256831862032413
0.15,6,5,full_corrected,output_mse,0.0053779655136168
0.15,6,5,full_corrected,output_mae,0.05643523670732975
0.15,6,5,full_corrected,output_cosine,0.9695335626602173
0.15,6,5,full_corrected,output_relative_rmse,0.2482515349984169
0.15,6,6,dense,self_mass,0.020140573382377625
0.15,6,6,dense,output_mse,0.0
0.15,6,6,dense,output_mae,0.0
0.15,6,6,dense,output_cosine,1.0
0.15,6,6,dense,output_relative_rmse,0.0
0.15,6,6,local_sparse,self_mass,0.03974274732172489
0.15,6,6,local_sparse,output_mse,0.009845287539064884
0.15,6,6,local_sparse,output_mae,0.072635218501091
0.15,6,6,local_sparse,output_cosine,0.9738262295722961
0.15,6,6,local_sparse,output_relative_rmse,0.2413865029811859
0.15,6,6,local_corrected,self_mass,0.021164217963814735
0.15,6,6,local_corrected,output_mse,0.009551042690873146
0.15,6,6,local_corrected,output_mae,0.07177190110087395
0.15,6,6,local_corrected,output_cosine,0.9734788239002228
0.15,6,6,local_corrected,output_relative_rmse,0.2374861165881157
0.15,6,6,full_sparse,self_mass,0.03969666734337807
0.15,6,6,full_sparse,output_mse,0.009375793393701315
0.15,6,6,full_sparse,output_mae,0.07148512452840805
0.15,6,6,full_sparse,output_cosine,0.974943071603775
0.15,6,6,full_sparse,output_relative_rmse,0.23597221821546555
0.15,6,6,full_corrected,self_mass,0.0223346259444952
0.15,6,6,full_corrected,output_mse,0.010274409782141447
0.15,6,6,full_corrected,output_mae,0.07424221187829971
0.15,6,6,full_corrected,output_cosine,0.9741891026496887
0.15,6,6,full_corrected,output_relative_rmse,0.24739710986614227
0.15,6,7,dense,self_mass,0.03173933085054159
0.15,6,7,dense,output_mse,0.0
0.15,6,7,dense,output_mae,0.0
0.15,6,7,dense,output_cosine,1.0
0.15,6,7,dense,output_relative_rmse,0.0
0.15,6,7,local_sparse,self_mass,0.05305413529276848
0.15,6,7,local_sparse,output_mse,0.014742410741746426
0.15,6,7,local_sparse,output_mae,0.09132592380046844
0.15,6,7,local_sparse,output_cosine,0.9784627258777618
0.15,6,7,local_sparse,output_relative_rmse,0.20832281559705734
0.15,6,7,local_corrected,self_mass,0.02892393432557583
0.15,6,7,local_corrected,output_mse,0.015481209848076105
0.15,6,7,local_corrected,output_mae,0.09316376969218254
0.15,6,7,local_corrected,output_cosine,0.9772911667823792
0.15,6,7,local_corrected,output_relative_rmse,0.21338554471731186
0.15,6,7,full_sparse,self_mass,0.05254948325455189
0.15,6,7,full_sparse,output_mse,0.013714277185499668
0.15,6,7,full_sparse,output_mae,0.08924456685781479
0.15,6,7,full_sparse,output_cosine,0.9786664545536041
0.15,6,7,full_sparse,output_relative_rmse,0.20214537531137466
0.15,6,7,full_corrected,self_mass,0.02869841828942299
0.15,6,7,full_corrected,output_mse,0.015369464177638292
0.15,6,7,full_corrected,output_mae,0.09476930648088455
0.15,6,7,full_corrected,output_cosine,0.9764617681503296
0.15,6,7,full_corrected,output_relative_rmse,0.2141677290201187
0.15,6,8,dense,self_mass,0.09266899153590202
0.15,6,8,dense,output_mse,0.0
0.15,6,8,dense,output_mae,0.0
0.15,6,8,dense,output_cosine,1.0
0.15,6,8,dense,output_relative_rmse,0.0
0.15,6,8,local_sparse,self_mass,0.16350731253623962
0.15,6,8,local_sparse,output_mse,0.01863775122910738
0.15,6,8,local_sparse,output_mae,0.10173659771680832
0.15,6,8,local_sparse,output_cosine,0.9778861105442047
0.15,6,8,local_sparse,output_relative_rmse,0.21873070299625397
0.15,6,8,local_corrected,self_mass,0.09446655958890915
0.15,6,8,local_corrected,output_mse,0.019086845219135284
0.15,6,8,local_corrected,output_mae,0.1030781902372837
0.15,6,8,local_corrected,output_cosine,0.9761772453784943
0.15,6,8,local_corrected,output_relative_rmse,0.22138982266187668
0.15,6,8,full_sparse,self_mass,0.16034062206745148
0.15,6,8,full_sparse,output_mse,0.016434498131275177
0.15,6,8,full_sparse,output_mae,0.09631004557013512
0.15,6,8,full_sparse,output_cosine,0.9798189997673035
0.15,6,8,full_sparse,output_relative_rmse,0.20530200749635696
0.15,6,8,full_corrected,self_mass,0.09796716645359993
0.15,6,8,full_corrected,output_mse,0.01808718778192997
0.15,6,8,full_corrected,output_mae,0.10114690661430359
0.15,6,8,full_corrected,output_cosine,0.977701872587204
0.15,6,8,full_corrected,output_relative_rmse,0.215415321290493
0.15,6,9,dense,self_mass,0.010185801889747381
0.15,6,9,dense,output_mse,0.0
0.15,6,9,dense,output_mae,0.0
0.15,6,9,dense,output_cosine,1.0
0.15,6,9,dense,output_relative_rmse,0.0
0.15,6,9,local_sparse,self_mass,0.019540060311555862
0.15,6,9,local_sparse,output_mse,0.0074929476249963045
0.15,6,9,local_sparse,output_mae,0.06661491841077805
0.15,6,9,local_sparse,output_cosine,0.9785041213035583
0.15,6,9,local_sparse,output_relative_rmse,0.18761754781007767
0.15,6,9,local_corrected,self_mass,0.01006402401253581
0.15,6,9,local_corrected,output_mse,0.007551365531980991
0.15,6,9,local_corrected,output_mae,0.06682095304131508
0.15,6,9,local_corrected,output_cosine,0.9782398641109467
0.15,6,9,local_corrected,output_relative_rmse,0.1883271038532257
0.15,6,9,full_sparse,self_mass,0.019059336744248867
0.15,6,9,full_sparse,output_mse,0.006782934069633484
0.15,6,9,full_sparse,output_mae,0.06267813593149185
0.15,6,9,full_sparse,output_cosine,0.9816698431968689
0.15,6,9,full_sparse,output_relative_rmse,0.1784779280424118
0.15,6,9,full_corrected,self_mass,0.009631878696382046
0.15,6,9,full_corrected,output_mse,0.007553713163360953
0.15,6,9,full_corrected,output_mae,0.06641693040728569
0.15,6,9,full_corrected,output_cosine,0.9802528619766235
0.15,6,9,full_corrected,output_relative_rmse,0.18840423971414566
0.15,6,10,dense,self_mass,0.08521004766225815
0.15,6,10,dense,output_mse,0.0
0.15,6,10,dense,output_mae,0.0
0.15,6,10,dense,output_cosine,1.0
0.15,6,10,dense,output_relative_rmse,0.0
0.15,6,10,local_sparse,self_mass,0.14992795139551163
0.15,6,10,local_sparse,output_mse,0.015009610913693905
0.15,6,10,local_sparse,output_mae,0.0918787345290184
0.15,6,10,local_sparse,output_cosine,0.9805430173873901
0.15,6,10,local_sparse,output_relative_rmse,0.20546852052211761
0.15,6,10,local_corrected,self_mass,0.08488520234823227
0.15,6,10,local_corrected,output_mse,0.015481000300496817
0.15,6,10,local_corrected,output_mae,0.09258269891142845
0.15,6,10,local_corrected,output_cosine,0.9790354669094086
0.15,6,10,local_corrected,output_relative_rmse,0.20870919525623322
0.15,6,10,full_sparse,self_mass,0.14867465198040009
0.15,6,10,full_sparse,output_mse,0.014259018935263157
0.15,6,10,full_sparse,output_mae,0.08960872516036034
0.15,6,10,full_sparse,output_cosine,0.9810949563980103
0.15,6,10,full_sparse,output_relative_rmse,0.2003103271126747
0.15,6,10,full_corrected,self_mass,0.08858349546790123
0.15,6,10,full_corrected,output_mse,0.015180445741862059
0.15,6,10,full_corrected,output_mae,0.09228623658418655
0.15,6,10,full_corrected,output_cosine,0.9796636402606964
0.15,6,10,full_corrected,output_relative_rmse,0.20660926401615143
0.15,6,11,dense,self_mass,0.026795191690325737
0.15,6,11,dense,output_mse,0.0
0.15,6,11,dense,output_mae,0.0
0.15,6,11,dense,output_cosine,1.0
0.15,6,11,dense,output_relative_rmse,0.0
0.15,6,11,local_sparse,self_mass,0.0496707484126091
0.15,6,11,local_sparse,output_mse,0.02304472215473652
0.15,6,11,local_sparse,output_mae,0.10663749277591705
0.15,6,11,local_sparse,output_cosine,0.9781811237335205
0.15,6,11,local_sparse,output_relative_rmse,0.21026258915662766
0.15,6,11,local_corrected,self_mass,0.02766788098961115
0.15,6,11,local_corrected,output_mse,0.023680485785007477
0.15,6,11,local_corrected,output_mae,0.10839062556624413
0.15,6,11,local_corrected,output_cosine,0.9774631261825562
0.15,6,11,local_corrected,output_relative_rmse,0.21321481466293335
0.15,6,11,full_sparse,self_mass,0.04793914407491684
0.15,6,11,full_sparse,output_mse,0.024313959293067455
0.15,6,11,full_sparse,output_mae,0.11230723559856415
0.15,6,11,full_sparse,output_cosine,0.9760493338108063
0.15,6,11,full_sparse,output_relative_rmse,0.21702922135591507
0.15,6,11,full_corrected,self_mass,0.026776321232318878
0.15,6,11,full_corrected,output_mse,0.027019953355193138
0.15,6,11,full_corrected,output_mae,0.1189982183277607
0.15,6,11,full_corrected,output_cosine,0.9739776849746704
0.15,6,11,full_corrected,output_relative_rmse,0.2287420928478241
0.15,7,0,dense,self_mass,0.03752089478075504
0.15,7,0,dense,output_mse,0.0
0.15,7,0,dense,output_mae,0.0
0.15,7,0,dense,output_cosine,1.0
0.15,7,0,dense,output_relative_rmse,0.0
0.15,7,0,local_sparse,self_mass,0.07272260263562202
0.15,7,0,local_sparse,output_mse,0.00998348742723465
0.15,7,0,local_sparse,output_mae,0.07388048246502876
0.15,7,0,local_sparse,output_cosine,0.981834352016449
0.15,7,0,local_sparse,output_relative_rmse,0.19285833090543747
0.15,7,0,local_corrected,self_mass,0.03944116272032261
0.15,7,0,local_corrected,output_mse,0.009645318845286965
0.15,7,0,local_corrected,output_mae,0.0726071186363697
0.15,7,0,local_corrected,output_cosine,0.9815478622913361
0.15,7,0,local_corrected,output_relative_rmse,0.18993325531482697
0.15,7,0,full_sparse,self_mass,0.0703068096190691
0.15,7,0,full_sparse,output_mse,0.009205532725900412
0.15,7,0,full_sparse,output_mae,0.07309826090931892
0.15,7,0,full_sparse,output_cosine,0.9820568561553955
0.15,7,0,full_sparse,output_relative_rmse,0.18752679228782654
0.15,7,0,full_corrected,self_mass,0.041076887398958206
0.15,7,0,full_corrected,output_mse,0.010513949440792203
0.15,7,0,full_corrected,output_mae,0.07670843973755836
0.15,7,0,full_corrected,output_cosine,0.9801745414733887
0.15,7,0,full_corrected,output_relative_rmse,0.19975704699754715
0.15,7,1,dense,self_mass,0.031748950481414795
0.15,7,1,dense,output_mse,0.0
0.15,7,1,dense,output_mae,0.0
0.15,7,1,dense,output_cosine,1.0
0.15,7,1,dense,output_relative_rmse,0.0
0.15,7,1,local_sparse,self_mass,0.058990271762013435
0.15,7,1,local_sparse,output_mse,0.008777976967394352
0.15,7,1,local_sparse,output_mae,0.07130115479230881
0.15,7,1,local_sparse,output_cosine,0.9832077026367188
0.15,7,1,local_sparse,output_relative_rmse,0.18336095660924911
0.15,7,1,local_corrected,self_mass,0.03131797257810831
0.15,7,1,local_corrected,output_mse,0.008971631526947021
0.15,7,1,local_corrected,output_mae,0.07194764539599419
0.15,7,1,local_corrected,output_cosine,0.9827025830745697
0.15,7,1,local_corrected,output_relative_rmse,0.1853492632508278
0.15,7,1,full_sparse,self_mass,0.057010844349861145
0.15,7,1,full_sparse,output_mse,0.01021774485707283
0.15,7,1,full_sparse,output_mae,0.07798665016889572
0.15,7,1,full_sparse,output_cosine,0.9804312884807587
0.15,7,1,full_sparse,output_relative_rmse,0.19742099940776825
0.15,7,1,full_corrected,self_mass,0.03144957032054663
0.15,7,1,full_corrected,output_mse,0.012335706502199173
0.15,7,1,full_corrected,output_mae,0.08485119789838791
0.15,7,1,full_corrected,output_cosine,0.9765150547027588
0.15,7,1,full_corrected,output_relative_rmse,0.21735983341932297
0.15,7,2,dense,self_mass,0.00989173213019967
0.15,7,2,dense,output_mse,0.0
0.15,7,2,dense,output_mae,0.0
0.15,7,2,dense,output_cosine,1.0
0.15,7,2,dense,output_relative_rmse,0.0
0.15,7,2,local_sparse,self_mass,0.020150965079665184
0.15,7,2,local_sparse,output_mse,0.006936652353033423
0.15,7,2,local_sparse,output_mae,0.06196350418031216
0.15,7,2,local_sparse,output_cosine,0.9744391143321991
0.15,7,2,local_sparse,output_relative_rmse,0.22075782716274261
0.15,7,2,local_corrected,self_mass,0.010205921716988087
0.15,7,2,local_corrected,output_mse,0.006958641577512026
0.15,7,2,local_corrected,output_mae,0.06200093403458595
0.15,7,2,local_corrected,output_cosine,0.9743852019309998
0.15,7,2,local_corrected,output_relative_rmse,0.22109944373369217
0.15,7,2,full_sparse,self_mass,0.019610478542745113
0.15,7,2,full_sparse,output_mse,0.006445922190323472
0.15,7,2,full_sparse,output_mae,0.058140022680163383
0.15,7,2,full_sparse,output_cosine,0.9762073457241058
0.15,7,2,full_sparse,output_relative_rmse,0.21004870533943176
0.15,7,2,full_corrected,self_mass,0.009671226609498262
0.15,7,2,full_corrected,output_mse,0.00708983326330781
0.15,7,2,full_corrected,output_mae,0.06190009228885174
0.15,7,2,full_corrected,output_cosine,0.9737808108329773
0.15,7,2,full_corrected,output_relative_rmse,0.22168921679258347
0.15,7,3,dense,self_mass,0.0428055077791214
0.15,7,3,dense,output_mse,0.0
0.15,7,3,dense,output_mae,0.0
0.15,7,3,dense,output_cosine,1.0
0.15,7,3,dense,output_relative_rmse,0.0
0.15,7,3,local_sparse,self_mass,0.08705106377601624
0.15,7,3,local_sparse,output_mse,0.01946941390633583
0.15,7,3,local_sparse,output_mae,0.10365121066570282
0.15,7,3,local_sparse,output_cosine,0.9582529067993164
0.15,7,3,local_sparse,output_relative_rmse,0.28368398547172546
0.15,7,3,local_corrected,self_mass,0.046726616099476814
0.15,7,3,local_corrected,output_mse,0.02020865399390459
0.15,7,3,local_corrected,output_mae,0.10545157641172409
0.15,7,3,local_corrected,output_cosine,0.9563402831554413
0.15,7,3,local_corrected,output_relative_rmse,0.2890031337738037
0.15,7,3,full_sparse,self_mass,0.08646097034215927
0.15,7,3,full_sparse,output_mse,0.01811719872057438
0.15,7,3,full_sparse,output_mae,0.1018788181245327
0.15,7,3,full_sparse,output_cosine,0.9606882929801941
0.15,7,3,full_sparse,output_relative_rmse,0.2736179977655411
0.15,7,3,full_corrected,self_mass,0.04773693159222603
0.15,7,3,full_corrected,output_mse,0.0213308185338974
0.15,7,3,full_corrected,output_mae,0.11084683984518051
0.15,7,3,full_corrected,output_cosine,0.9560404419898987
0.15,7,3,full_corrected,output_relative_rmse,0.2968970686197281
0.15,7,4,dense,self_mass,0.01739094965159893
0.15,7,4,dense,output_mse,0.0
0.15,7,4,dense,output_mae,0.0
0.15,7,4,dense,output_cosine,1.0
0.15,7,4,dense,output_relative_rmse,0.0
0.15,7,4,local_sparse,self_mass,0.0331648588180542
0.15,7,4,local_sparse,output_mse,0.007801716215908527
0.15,7,4,local_sparse,output_mae,0.06772098317742348
0.15,7,4,local_sparse,output_cosine,0.9812653660774231
0.15,7,4,local_sparse,output_relative_rmse,0.16567091643810272
0.15,7,4,local_corrected,self_mass,0.017344280146062374
0.15,7,4,local_corrected,output_mse,0.007664507254958153
0.15,7,4,local_corrected,output_mae,0.06715598702430725
0.15,7,4,local_corrected,output_cosine,0.9810715317726135
0.15,7,4,local_corrected,output_relative_rmse,0.16421009600162506
0.15,7,4,full_sparse,self_mass,0.03248212672770023
0.15,7,4,full_sparse,output_mse,0.007030615815892816
0.15,7,4,full_sparse,output_mae,0.06542848609387875
0.15,7,4,full_sparse,output_cosine,0.9825840890407562
0.15,7,4,full_sparse,output_relative_rmse,0.15716728568077087
0.15,7,4,full_corrected,self_mass,0.017753735184669495
0.15,7,4,full_corrected,output_mse,0.007912171073257923
0.15,7,4,full_corrected,output_mae,0.06898549199104309
0.15,7,4,full_corrected,output_cosine,0.9806311726570129
0.15,7,4,full_corrected,output_relative_rmse,0.16678737848997116
0.15,7,5,dense,self_mass,0.017322150990366936
0.15,7,5,dense,output_mse,0.0
0.15,7,5,dense,output_mae,0.0
0.15,7,5,dense,output_cosine,1.0
0.15,7,5,dense,output_relative_rmse,0.0
0.15,7,5,local_sparse,self_mass,0.030643918551504612
0.15,7,5,local_sparse,output_mse,0.005910404026508331
0.15,7,5,local_sparse,output_mae,0.06049382500350475
0.15,7,5,local_sparse,output_cosine,0.9760811924934387
0.15,7,5,local_sparse,output_relative_rmse,0.2218189314007759
0.15,7,5,local_corrected,self_mass,0.01580668892711401
0.15,7,5,local_corrected,output_mse,0.0061199297197163105
0.15,7,5,local_corrected,output_mae,0.06122955307364464
0.15,7,5,local_corrected,output_cosine,0.9748020470142365
0.15,7,5,local_corrected,output_relative_rmse,0.22575901448726654
0.15,7,5,full_sparse,self_mass,0.030879022553563118
0.15,7,5,full_sparse,output_mse,0.005016138078644872
0.15,7,5,full_sparse,output_mae,0.055508147925138474
0.15,7,5,full_sparse,output_cosine,0.979697197675705
0.15,7,5,full_sparse,output_relative_rmse,0.20473885536193848
0.15,7,5,full_corrected,self_mass,0.016514018177986145
0.15,7,5,full_corrected,output_mse,0.006584403337910771
0.15,7,5,full_corrected,output_mae,0.06314170360565186
0.15,7,5,full_corrected,output_cosine,0.9748831689357758
0.15,7,5,full_corrected,output_relative_rmse,0.2345399558544159
0.15,7,6,dense,self_mass,0.0023930190363898873
0.15,7,6,dense,output_mse,0.0
0.15,7,6,dense,output_mae,0.0
0.15,7,6,dense,output_cosine,1.0
0.15,7,6,dense,output_relative_rmse,0.0
0.15,7,6,local_sparse,self_mass,0.004851300269365311
0.15,7,6,local_sparse,output_mse,0.008604604052379727
0.15,7,6,local_sparse,output_mae,0.06947533786296844
0.15,7,6,local_sparse,output_cosine,0.9661379456520081
0.15,7,6,local_sparse,output_relative_rmse,0.26678259670734406
0.15,7,6,local_corrected,self_mass,0.0024327427381649613
0.15,7,6,local_corrected,output_mse,0.008607652736827731
0.15,7,6,local_corrected,output_mae,0.06952288001775742
0.15,7,6,local_corrected,output_cosine,0.9662312865257263
0.15,7,6,local_corrected,output_relative_rmse,0.2668791562318802
0.15,7,6,full_sparse,self_mass,0.004802466602995992
0.15,7,6,full_sparse,output_mse,0.006859176326543093
0.15,7,6,full_sparse,output_mae,0.06332790292799473
0.15,7,6,full_sparse,output_cosine,0.9702634215354919
0.15,7,6,full_sparse,output_relative_rmse,0.23997606337070465
0.15,7,6,full_corrected,self_mass,0.0019962408114224672
0.15,7,6,full_corrected,output_mse,0.009658761788159609
0.15,7,6,full_corrected,output_mae,0.07470151409506798
0.15,7,6,full_corrected,output_cosine,0.9636935889720917
0.15,7,6,full_corrected,output_relative_rmse,0.2855076491832733
0.15,7,7,dense,self_mass,0.012718355283141136
0.15,7,7,dense,output_mse,0.0
0.15,7,7,dense,output_mae,0.0
0.15,7,7,dense,output_cosine,1.0
0.15,7,7,dense,output_relative_rmse,0.0
0.15,7,7,local_sparse,self_mass,0.02360415179282427
0.15,7,7,local_sparse,output_mse,0.00558080431073904
0.15,7,7,local_sparse,output_mae,0.05813117139041424
0.15,7,7,local_sparse,output_cosine,0.9741692245006561
0.15,7,7,local_sparse,output_relative_rmse,0.2172234207391739
0.15,7,7,local_corrected,self_mass,0.012190389912575483
0.15,7,7,local_corrected,output_mse,0.005767630413174629
0.15,7,7,local_corrected,output_mae,0.058917297050356865
0.15,7,7,local_corrected,output_cosine,0.9729807674884796
0.15,7,7,local_corrected,output_relative_rmse,0.2205219492316246
0.15,7,7,full_sparse,self_mass,0.024053780362010002
0.15,7,7,full_sparse,output_mse,0.00417509232647717
0.15,7,7,full_sparse,output_mae,0.05008014477789402
0.15,7,7,full_sparse,output_cosine,0.977994978427887
0.15,7,7,full_sparse,output_relative_rmse,0.1900893822312355
0.15,7,7,full_corrected,self_mass,0.012743085622787476
0.15,7,7,full_corrected,output_mse,0.005224076798185706
0.15,7,7,full_corrected,output_mae,0.05560409277677536
0.15,7,7,full_corrected,output_cosine,0.9736193716526031
0.15,7,7,full_corrected,output_relative_rmse,0.21256963908672333
0.15,7,8,dense,self_mass,0.06408122554421425
0.15,7,8,dense,output_mse,0.0
0.15,7,8,dense,output_mae,0.0
0.15,7,8,dense,output_cosine,1.0
0.15,7,8,dense,output_relative_rmse,0.0
0.15,7,8,local_sparse,self_mass,0.11728724092245102
0.15,7,8,local_sparse,output_mse,0.02051389031112194
0.15,7,8,local_sparse,output_mae,0.1090109683573246
0.15,7,8,local_sparse,output_cosine,0.9685168266296387
0.15,7,8,local_sparse,output_relative_rmse,0.2578887641429901
0.15,7,8,local_corrected,self_mass,0.06584452837705612
0.15,7,8,local_corrected,output_mse,0.02091814298182726
0.15,7,8,local_corrected,output_mae,0.10957575961947441
0.15,7,8,local_corrected,output_cosine,0.9669733345508575
0.15,7,8,local_corrected,output_relative_rmse,0.2603603005409241
0.15,7,8,full_sparse,self_mass,0.11412739381194115
0.15,7,8,full_sparse,output_mse,0.015664449892938137
0.15,7,8,full_sparse,output_mae,0.09554381668567657
0.15,7,8,full_sparse,output_cosine,0.9746689200401306
0.15,7,8,full_sparse,output_relative_rmse,0.22545111924409866
0.15,7,8,full_corrected,self_mass,0.06720761582255363
0.15,7,8,full_corrected,output_mse,0.018406545743346214
0.15,7,8,full_corrected,output_mae,0.1031472459435463
0.15,7,8,full_corrected,output_cosine,0.9718700349330902
0.15,7,8,full_corrected,output_relative_rmse,0.24438851326704025
0.15,7,9,dense,self_mass,0.005041442345827818
0.15,7,9,dense,output_mse,0.0
0.15,7,9,dense,output_mae,0.0
0.15,7,9,dense,output_cosine,1.0
0.15,7,9,dense,output_relative_rmse,0.0
0.15,7,9,local_sparse,self_mass,0.010259321425110102
0.15,7,9,local_sparse,output_mse,0.004942994797602296
0.15,7,9,local_sparse,output_mae,0.05635504424571991
0.15,7,9,local_sparse,output_cosine,0.9704181551933289
0.15,7,9,local_sparse,output_relative_rmse,0.22268087416887283
0.15,7,9,local_corrected,self_mass,0.005155749619007111
0.15,7,9,local_corrected,output_mse,0.0050208233296871185
0.15,7,9,local_corrected,output_mae,0.05675228498876095
0.15,7,9,local_corrected,output_cosine,0.9699592590332031
0.15,7,9,local_corrected,output_relative_rmse,0.22442617267370224
0.15,7,9,full_sparse,self_mass,0.010386017616838217
0.15,7,9,full_sparse,output_mse,0.004223597585223615
0.15,7,9,full_sparse,output_mae,0.05124148726463318
0.15,7,9,full_sparse,output_cosine,0.9742761850357056
0.15,7,9,full_sparse,output_relative_rmse,0.20609819144010544
0.15,7,9,full_corrected,self_mass,0.005278192926198244
0.15,7,9,full_corrected,output_mse,0.004617741331458092
0.15,7,9,full_corrected,output_mae,0.053390881046652794
0.15,7,9,full_corrected,output_cosine,0.9721709489822388
0.15,7,9,full_corrected,output_relative_rmse,0.21553104370832443
0.15,7,10,dense,self_mass,0.04984157532453537
0.15,7,10,dense,output_mse,0.0
0.15,7,10,dense,output_mae,0.0
0.15,7,10,dense,output_cosine,1.0
0.15,7,10,dense,output_relative_rmse,0.0
0.15,7,10,local_sparse,self_mass,0.09551365673542023
0.15,7,10,local_sparse,output_mse,0.02227604389190674
0.15,7,10,local_sparse,output_mae,0.11103590577840805
0.15,7,10,local_sparse,output_cosine,0.9580475687980652
0.15,7,10,local_sparse,output_relative_rmse,0.28870055079460144
0.15,7,10,local_corrected,self_mass,0.05154155567288399
0.15,7,10,local_corrected,output_mse,0.023667894303798676
0.15,7,10,local_corrected,output_mae,0.11430612206459045
0.15,7,10,local_corrected,output_cosine,0.9551534652709961
0.15,7,10,local_corrected,output_relative_rmse,0.29733847081661224
0.15,7,10,full_sparse,self_mass,0.09448126330971718
0.15,7,10,full_sparse,output_mse,0.021699734032154083
0.15,7,10,full_sparse,output_mae,0.11124125123023987
0.15,7,10,full_sparse,output_cosine,0.9572654366493225
0.15,7,10,full_sparse,output_relative_rmse,0.28583143651485443
0.15,7,10,full_corrected,self_mass,0.05159786157310009
0.15,7,10,full_corrected,output_mse,0.0260657062754035
0.15,7,10,full_corrected,output_mae,0.12261470407247543
0.15,7,10,full_corrected,output_cosine,0.9506768882274628
0.15,7,10,full_corrected,output_relative_rmse,0.31311576068401337
0.15,7,11,dense,self_mass,0.00607265206053853
0.15,7,11,dense,output_mse,0.0
0.15,7,11,dense,output_mae,0.0
0.15,7,11,dense,output_cosine,1.0
0.15,7,11,dense,output_relative_rmse,0.0
0.15,7,11,local_sparse,self_mass,0.012359004467725754
0.15,7,11,local_sparse,output_mse,0.005550361704081297
0.15,7,11,local_sparse,output_mae,0.05498187616467476
0.15,7,11,local_sparse,output_cosine,0.9744976758956909
0.15,7,11,local_sparse,output_relative_rmse,0.23336035013198853
0.15,7,11,local_corrected,self_mass,0.006348990369588137
0.15,7,11,local_corrected,output_mse,0.005597658455371857
0.15,7,11,local_corrected,output_mae,0.055236535146832466
0.15,7,11,local_corrected,output_cosine,0.9740681946277618
0.15,7,11,local_corrected,output_relative_rmse,0.2344488948583603
0.15,7,11,full_sparse,self_mass,0.012566407676786184
0.15,7,11,full_sparse,output_mse,0.006161219906061888
0.15,7,11,full_sparse,output_mae,0.05977135896682739
0.15,7,11,full_sparse,output_cosine,0.9717247188091278
0.15,7,11,full_sparse,output_relative_rmse,0.24620134383440018
0.15,7,11,full_corrected,self_mass,0.0068152479361742735
0.15,7,11,full_corrected,output_mse,0.008072527591139078
0.15,7,11,full_corrected,output_mae,0.0669724140316248
0.15,7,11,full_corrected,output_cosine,0.9660767614841461
0.15,7,11,full_corrected,output_relative_rmse,0.28158943355083466
0.15,8,0,dense,self_mass,0.028631827794015408
0.15,8,0,dense,output_mse,0.0
0.15,8,0,dense,output_mae,0.0
0.15,8,0,dense,output_cosine,1.0
0.15,8,0,dense,output_relative_rmse,0.0
0.15,8,0,local_sparse,self_mass,0.053193774074316025
0.15,8,0,local_sparse,output_mse,0.009400616865605116
0.15,8,0,local_sparse,output_mae,0.07388582453131676
0.15,8,0,local_sparse,output_cosine,0.9690293967723846
0.15,8,0,local_sparse,output_relative_rmse,0.2549204155802727
0.15,8,0,local_corrected,self_mass,0.028383880853652954
0.15,8,0,local_corrected,output_mse,0.009417710825800896
0.15,8,0,local_corrected,output_mae,0.07396730408072472
0.15,8,0,local_corrected,output_cosine,0.9676417112350464
0.15,8,0,local_corrected,output_relative_rmse,0.25515078008174896
0.15,8,0,full_sparse,self_mass,0.05174015462398529
0.15,8,0,full_sparse,output_mse,0.00787664158269763
0.15,8,0,full_sparse,output_mae,0.06858326867222786
0.15,8,0,full_sparse,output_cosine,0.9714648723602295
0.15,8,0,full_sparse,output_relative_rmse,0.23547586053609848
0.15,8,0,full_corrected,self_mass,0.029087129049003124
0.15,8,0,full_corrected,output_mse,0.009841612540185452
0.15,8,0,full_corrected,output_mae,0.07687712460756302
0.15,8,0,full_corrected,output_cosine,0.9660199582576752
0.15,8,0,full_corrected,output_relative_rmse,0.26290665566921234
0.15,8,1,dense,self_mass,0.02697279490530491
0.15,8,1,dense,output_mse,0.0
0.15,8,1,dense,output_mae,0.0
0.15,8,1,dense,output_cosine,1.0
0.15,8,1,dense,output_relative_rmse,0.0
0.15,8,1,local_sparse,self_mass,0.050312597304582596
0.15,8,1,local_sparse,output_mse,0.011980848386883736
0.15,8,1,local_sparse,output_mae,0.08355198055505753
0.15,8,1,local_sparse,output_cosine,0.9801928997039795
0.15,8,1,local_sparse,output_relative_rmse,0.20281847566366196
0.15,8,1,local_corrected,self_mass,0.02660356368869543
0.15,8,1,local_corrected,output_mse,0.012281958013772964
0.15,8,1,local_corrected,output_mae,0.08441035449504852
0.15,8,1,local_corrected,output_cosine,0.9792676568031311
0.15,8,1,local_corrected,output_relative_rmse,0.20533297955989838
0.15,8,1,full_sparse,self_mass,0.051185160875320435
0.15,8,1,full_sparse,output_mse,0.013268385548144579
0.15,8,1,full_sparse,output_mae,0.08879859745502472
0.15,8,1,full_sparse,output_cosine,0.9772441685199738
0.15,8,1,full_sparse,output_relative_rmse,0.21348263323307037
0.15,8,1,full_corrected,self_mass,0.026458080857992172
0.15,8,1,full_corrected,output_mse,0.014493246097117662
0.15,8,1,full_corrected,output_mae,0.09276706352829933
0.15,8,1,full_corrected,output_cosine,0.975244402885437
0.15,8,1,full_corrected,output_relative_rmse,0.223118394613266
0.15,8,2,dense,self_mass,0.026860572397708893
0.15,8,2,dense,output_mse,0.0
0.15,8,2,dense,output_mae,0.0
0.15,8,2,dense,output_cosine,1.0
0.15,8,2,dense,output_relative_rmse,0.0
0.15,8,2,local_sparse,self_mass,0.046217698603868484
0.15,8,2,local_sparse,output_mse,0.008330656215548515
0.15,8,2,local_sparse,output_mae,0.07062956690788269
0.15,8,2,local_sparse,output_cosine,0.9760045409202576
0.15,8,2,local_sparse,output_relative_rmse,0.22146860510110855
0.15,8,2,local_corrected,self_mass,0.025444616563618183
0.15,8,2,local_corrected,output_mse,0.008595605380833149
0.15,8,2,local_corrected,output_mae,0.07134755700826645
0.15,8,2,local_corrected,output_cosine,0.975399911403656
0.15,8,2,local_corrected,output_relative_rmse,0.22470735758543015
0.15,8,2,full_sparse,self_mass,0.04435903765261173
0.15,8,2,full_sparse,output_mse,0.007997171487659216
0.15,8,2,full_sparse,output_mae,0.06942432373762131
0.15,8,2,full_sparse,output_cosine,0.9763079285621643
0.15,8,2,full_sparse,output_relative_rmse,0.21834085136651993
0.15,8,2,full_corrected,self_mass,0.026043704710900784
0.15,8,2,full_corrected,output_mse,0.00927194207906723
0.15,8,2,full_corrected,output_mae,0.07466503232717514
0.15,8,2,full_corrected,output_cosine,0.973376601934433
0.15,8,2,full_corrected,output_relative_rmse,0.23515068739652634
0.15,8,3,dense,self_mass,0.05238485336303711
0.15,8,3,dense,output_mse,0.0
0.15,8,3,dense,output_mae,0.0
0.15,8,3,dense,output_cosine,1.0
0.15,8,3,dense,output_relative_rmse,0.0
0.15,8,3,local_sparse,self_mass,0.10384523123502731
0.15,8,3,local_sparse,output_mse,0.022253052331507206
0.15,8,3,local_sparse,output_mae,0.11232403665781021
0.15,8,3,local_sparse,output_cosine,0.9426903128623962
0.15,8,3,local_sparse,output_relative_rmse,0.3464573174715042
0.15,8,3,local_corrected,self_mass,0.05683583579957485
0.15,8,3,local_corrected,output_mse,0.02305627427995205
0.15,8,3,local_corrected,output_mae,0.11425760388374329
0.15,8,3,local_corrected,output_cosine,0.9399353265762329
0.15,8,3,local_corrected,output_relative_rmse,0.3528798520565033
0.15,8,3,full_sparse,self_mass,0.10187419131398201
0.15,8,3,full_sparse,output_mse,0.021136755123734474
0.15,8,3,full_sparse,output_mae,0.11182254180312157
0.15,8,3,full_sparse,output_cosine,0.9431082904338837
0.15,8,3,full_sparse,output_relative_rmse,0.33869072794914246
0.15,8,3,full_corrected,self_mass,0.05836779996752739
0.15,8,3,full_corrected,output_mse,0.02541963756084442
0.15,8,3,full_corrected,output_mae,0.12263329699635506
0.15,8,3,full_corrected,output_cosine,0.9355366230010986
0.15,8,3,full_corrected,output_relative_rmse,0.3714628666639328
0.15,8,4,dense,self_mass,0.0037207434652373195
0.15,8,4,dense,output_mse,0.0
0.15,8,4,dense,output_mae,0.0
0.15,8,4,dense,output_cosine,1.0
0.15,8,4,dense,output_relative_rmse,0.0
0.15,8,4,local_sparse,self_mass,0.007050943560898304
0.15,8,4,local_sparse,output_mse,0.0043221155647188425
0.15,8,4,local_sparse,output_mae,0.050912678241729736
0.15,8,4,local_sparse,output_cosine,0.9746202826499939
0.15,8,4,local_sparse,output_relative_rmse,0.24234720319509506
0.15,8,4,local_corrected,self_mass,0.003621145384386182
0.15,8,4,local_corrected,output_mse,0.004181086551398039
0.15,8,4,local_corrected,output_mae,0.050595927983522415
0.15,8,4,local_corrected,output_cosine,0.9746588170528412
0.15,8,4,local_corrected,output_relative_rmse,0.23899657279253006
0.15,8,4,full_sparse,self_mass,0.006620499072596431
0.15,8,4,full_sparse,output_mse,0.0038858423940837383
0.15,8,4,full_sparse,output_mae,0.04838671162724495
0.15,8,4,full_sparse,output_cosine,0.9711626768112183
0.15,8,4,full_sparse,output_relative_rmse,0.23258906602859497
0.15,8,4,full_corrected,self_mass,0.0036021656123921275
0.15,8,4,full_corrected,output_mse,0.004697957541793585
0.15,8,4,full_corrected,output_mae,0.05284729786217213
0.15,8,4,full_corrected,output_cosine,0.9662425816059113
0.15,8,4,full_corrected,output_relative_rmse,0.2556445449590683
0.15,8,5,dense,self_mass,0.026301218196749687
0.15,8,5,dense,output_mse,0.0
0.15,8,5,dense,output_mae,0.0
0.15,8,5,dense,output_cosine,1.0
0.15,8,5,dense,output_relative_rmse,0.0
0.15,8,5,local_sparse,self_mass,0.04971523769199848
0.15,8,5,local_sparse,output_mse,0.007329840445891023
0.15,8,5,local_sparse,output_mae,0.06362605094909668
0.15,8,5,local_sparse,output_cosine,0.9798918664455414
0.15,8,5,local_sparse,output_relative_rmse,0.21262409538030624
0.15,8,5,local_corrected,self_mass,0.02618817239999771
0.15,8,5,local_corrected,output_mse,0.007311445428058505
0.15,8,5,local_corrected,output_mae,0.06336908787488937
0.15,8,5,local_corrected,output_cosine,0.9790768623352051
0.15,8,5,local_corrected,output_relative_rmse,0.21234313398599625
0.15,8,5,full_sparse,self_mass,0.049420736730098724
0.15,8,5,full_sparse,output_mse,0.006109102629125118
0.15,8,5,full_sparse,output_mae,0.0605075154453516
0.15,8,5,full_sparse,output_cosine,0.9801590442657471
0.15,8,5,full_sparse,output_relative_rmse,0.19399511069059372
0.15,8,5,full_corrected,self_mass,0.02699809242039919
0.15,8,5,full_corrected,output_mse,0.007700549205765128
0.15,8,5,full_corrected,output_mae,0.0674883034080267
0.15,8,5,full_corrected,output_cosine,0.9763571321964264
0.15,8,5,full_corrected,output_relative_rmse,0.2175557166337967
0.15,8,6,dense,self_mass,0.053820811212062836
0.15,8,6,dense,output_mse,0.0
0.15,8,6,dense,output_mae,0.0
0.15,8,6,dense,output_cosine,1.0
0.15,8,6,dense,output_relative_rmse,0.0
0.15,8,6,local_sparse,self_mass,0.10330090671777725
0.15,8,6,local_sparse,output_mse,0.0191246485337615
0.15,8,6,local_sparse,output_mae,0.10487223416566849
0.15,8,6,local_sparse,output_cosine,0.9493113160133362
0.15,8,6,local_sparse,output_relative_rmse,0.32226474583148956
0.15,8,6,local_corrected,self_mass,0.05577572248876095
0.15,8,6,local_corrected,output_mse,0.020059309899806976
0.15,8,6,local_corrected,output_mae,0.10727326571941376
0.15,8,6,local_corrected,output_cosine,0.9465582370758057
0.15,8,6,local_corrected,output_relative_rmse,0.329992413520813
0.15,8,6,full_sparse,self_mass,0.10200363397598267
0.15,8,6,full_sparse,output_mse,0.0190459992736578
0.15,8,6,full_sparse,output_mae,0.1058242917060852
0.15,8,6,full_sparse,output_cosine,0.9495560824871063
0.15,8,6,full_sparse,output_relative_rmse,0.3216777890920639
0.15,8,6,full_corrected,self_mass,0.05636049434542656
0.15,8,6,full_corrected,output_mse,0.023080283775925636
0.15,8,6,full_corrected,output_mae,0.11596161872148514
0.15,8,6,full_corrected,output_cosine,0.9420123994350433
0.15,8,6,full_corrected,output_relative_rmse,0.3539484292268753
0.15,8,7,dense,self_mass,0.08211352676153183
0.15,8,7,dense,output_mse,0.0
0.15,8,7,dense,output_mae,0.0
0.15,8,7,dense,output_cosine,1.0
0.15,8,7,dense,output_relative_rmse,0.0
0.15,8,7,local_sparse,self_mass,0.15115174651145935
0.15,8,7,local_sparse,output_mse,0.016159065067768097
0.15,8,7,local_sparse,output_mae,0.094827551394701
0.15,8,7,local_sparse,output_cosine,0.9710784554481506
0.15,8,7,local_sparse,output_relative_rmse,0.26072192937135696
0.15,8,7,local_corrected,self_mass,0.08592326194047928
0.15,8,7,local_corrected,output_mse,0.016294308938086033
0.15,8,7,local_corrected,output_mae,0.09388159587979317
0.15,8,7,local_corrected,output_cosine,0.9688454866409302
0.15,8,7,local_corrected,output_relative_rmse,0.2616453915834427
0.15,8,7,full_sparse,self_mass,0.14867311716079712
0.15,8,7,full_sparse,output_mse,0.014815060421824455
0.15,8,7,full_sparse,output_mae,0.09277597442269325
0.15,8,7,full_sparse,output_cosine,0.9716057181358337
0.15,8,7,full_sparse,output_relative_rmse,0.2496943175792694
0.15,8,7,full_corrected,self_mass,0.0883859321475029
0.15,8,7,full_corrected,output_mse,0.01721082255244255
0.15,8,7,full_corrected,output_mae,0.10081464797258377
0.15,8,7,full_corrected,output_cosine,0.9668005704879761
0.15,8,7,full_corrected,output_relative_rmse,0.26926034688949585
0.15,8,8,dense,self_mass,0.03876749239861965
0.15,8,8,dense,output_mse,0.0
0.15,8,8,dense,output_mae,0.0
0.15,8,8,dense,output_cosine,1.0
0.15,8,8,dense,output_relative_rmse,0.0
0.15,8,8,local_sparse,self_mass,0.07540703564882278
0.15,8,8,local_sparse,output_mse,0.010520790703594685
0.15,8,8,local_sparse,output_mae,0.07687615230679512
0.15,8,8,local_sparse,output_cosine,0.9640727341175079
0.15,8,8,local_sparse,output_relative_rmse,0.2880566418170929
0.15,8,8,local_corrected,self_mass,0.04053695127367973
0.15,8,8,local_corrected,output_mse,0.010254987515509129
0.15,8,8,local_corrected,output_mae,0.07597669214010239
0.15,8,8,local_corrected,output_cosine,0.962744414806366
0.15,8,8,local_corrected,output_relative_rmse,0.2844570726156235
0.15,8,8,full_sparse,self_mass,0.07404594495892525
0.15,8,8,full_sparse,output_mse,0.009416219778358936
0.15,8,8,full_sparse,output_mae,0.07475578784942627
0.15,8,8,full_sparse,output_cosine,0.9638814926147461
0.15,8,8,full_sparse,output_relative_rmse,0.27257487922906876
0.15,8,8,full_corrected,self_mass,0.04187572002410889
0.15,8,8,full_corrected,output_mse,0.011465359013527632
0.15,8,8,full_corrected,output_mae,0.08149925246834755
0.15,8,8,full_corrected,output_cosine,0.9575440883636475
0.15,8,8,full_corrected,output_relative_rmse,0.30082665383815765
0.15,8,9,dense,self_mass,0.04238910973072052
0.15,8,9,dense,output_mse,0.0
0.15,8,9,dense,output_mae,0.0
0.15,8,9,dense,output_cosine,1.0
0.15,8,9,dense,output_relative_rmse,0.0
0.15,8,9,local_sparse,self_mass,0.07476383820176125
0.15,8,9,local_sparse,output_mse,0.01612549927085638
0.15,8,9,local_sparse,output_mae,0.09473807737231255
0.15,8,9,local_sparse,output_cosine,0.9826024174690247
0.15,8,9,local_sparse,output_relative_rmse,0.1897120103240013
0.15,8,9,local_corrected,self_mass,0.0420535821467638
0.15,8,9,local_corrected,output_mse,0.01655155001208186
0.15,8,9,local_corrected,output_mae,0.09589272737503052
0.15,8,9,local_corrected,output_cosine,0.981847494840622
0.15,8,9,local_corrected,output_relative_rmse,0.192194402217865
0.15,8,9,full_sparse,self_mass,0.06926563009619713
0.15,8,9,full_sparse,output_mse,0.019204383715987206
0.15,8,9,full_sparse,output_mae,0.10600856691598892
0.15,8,9,full_sparse,output_cosine,0.9783724546432495
0.15,8,9,full_sparse,output_relative_rmse,0.2068551778793335
0.15,8,9,full_corrected,self_mass,0.03850623406469822
0.15,8,9,full_corrected,output_mse,0.023183153942227364
0.15,8,9,full_corrected,output_mae,0.11646350100636482
0.15,8,9,full_corrected,output_cosine,0.9743677973747253
0.15,8,9,full_corrected,output_relative_rmse,0.22701534628868103
0.15,8,10,dense,self_mass,0.0025914966827258468
0.15,8,10,dense,output_mse,0.0
0.15,8,10,dense,output_mae,0.0
0.15,8,10,dense,output_cosine,1.0
0.15,8,10,dense,output_relative_rmse,0.0
0.15,8,10,local_sparse,self_mass,0.00523378187790513
0.15,8,10,local_sparse,output_mse,0.005989959230646491
0.15,8,10,local_sparse,output_mae,0.06029047444462776
0.15,8,10,local_sparse,output_cosine,0.9749807715415955
0.15,8,10,local_sparse,output_relative_rmse,0.2249675616621971
0.15,8,10,local_corrected,self_mass,0.002618568018078804
0.15,8,10,local_corrected,output_mse,0.0060312876012176275
0.15,8,10,local_corrected,output_mae,0.060484493151307106
0.15,8,10,local_corrected,output_cosine,0.9747930467128754
0.15,8,10,local_corrected,output_relative_rmse,0.22580163180828094
0.15,8,10,full_sparse,self_mass,0.005280090495944023
0.15,8,10,full_sparse,output_mse,0.005634381668642163
0.15,8,10,full_sparse,output_mae,0.057308703660964966
0.15,8,10,full_sparse,output_cosine,0.97332763671875
0.15,8,10,full_sparse,output_relative_rmse,0.2179671823978424
0.15,8,10,full_corrected,self_mass,0.002320291241630912
0.15,8,10,full_corrected,output_mse,0.007112301653251052
0.15,8,10,full_corrected,output_mae,0.06446914747357368
0.15,8,10,full_corrected,output_cosine,0.9666469395160675
0.15,8,10,full_corrected,output_relative_rmse,0.24466753005981445
0.15,8,11,dense,self_mass,0.06675148755311966
0.15,8,11,dense,output_mse,0.0
0.15,8,11,dense,output_mae,0.0
0.15,8,11,dense,output_cosine,1.0
0.15,8,11,dense,output_relative_rmse,0.0
0.15,8,11,local_sparse,self_mass,0.11831347271800041
0.15,8,11,local_sparse,output_mse,0.013782535679638386
0.15,8,11,local_sparse,output_mae,0.08861705660820007
0.15,8,11,local_sparse,output_cosine,0.970265805721283
0.15,8,11,local_sparse,output_relative_rmse,0.24971703439950943
0.15,8,11,local_corrected,self_mass,0.06586064398288727
0.15,8,11,local_corrected,output_mse,0.014149150811135769
0.15,8,11,local_corrected,output_mae,0.08963677287101746
0.15,8,11,local_corrected,output_cosine,0.9680778980255127
0.15,8,11,local_corrected,output_relative_rmse,0.25344207137823105
0.15,8,11,full_sparse,self_mass,0.117056954652071
0.15,8,11,full_sparse,output_mse,0.016622319351881742
0.15,8,11,full_sparse,output_mae,0.09643321856856346
0.15,8,11,full_sparse,output_cosine,0.9640399813652039
0.15,8,11,full_sparse,output_relative_rmse,0.2723686769604683
0.15,8,11,full_corrected,self_mass,0.06932017207145691
0.15,8,11,full_corrected,output_mse,0.02029777830466628
0.15,8,11,full_corrected,output_mae,0.10546891018748283
0.15,8,11,full_corrected,output_cosine,0.9592250287532806
0.15,8,11,full_corrected,output_relative_rmse,0.30096984654664993
0.7,3,0,dense,self_mass,0.016646713949739933
0.7,3,0,dense,output_mse,0.0
0.7,3,0,dense,output_mae,0.0
0.7,3,0,dense,output_cosine,1.0
0.7,3,0,dense,output_relative_rmse,0.0
0.7,3,0,local_sparse,self_mass,0.03165310621261597
0.7,3,0,local_sparse,output_mse,0.00602686800993979
0.7,3,0,local_sparse,output_mae,0.05519408732652664
0.7,3,0,local_sparse,output_cosine,0.9651813805103302
0.7,3,0,local_sparse,output_relative_rmse,0.30162930488586426
0.7,3,0,local_corrected,self_mass,0.0164136728271842
0.7,3,0,local_corrected,output_mse,0.006239528069272637
0.7,3,0,local_corrected,output_mae,0.05549017712473869
0.7,3,0,local_corrected,output_cosine,0.9632246792316437
0.7,3,0,local_corrected,output_relative_rmse,0.30684928596019745
0.7,3,0,full_sparse,self_mass,0.03165310621261597
0.7,3,0,full_sparse,output_mse,0.00602686800993979
0.7,3,0,full_sparse,output_mae,0.05519408732652664
0.7,3,0,full_sparse,output_cosine,0.9651813805103302
0.7,3,0,full_sparse,output_relative_rmse,0.30162930488586426
0.7,3,0,full_corrected,self_mass,0.0164136728271842
0.7,3,0,full_corrected,output_mse,0.006239528069272637
0.7,3,0,full_corrected,output_mae,0.05549017712473869
0.7,3,0,full_corrected,output_cosine,0.9632246792316437
0.7,3,0,full_corrected,output_relative_rmse,0.30684928596019745
0.7,3,1,dense,self_mass,0.007474531419575214
0.7,3,1,dense,output_mse,0.0
0.7,3,1,dense,output_mae,0.0
0.7,3,1,dense,output_cosine,1.0
0.7,3,1,dense,output_relative_rmse,0.0
0.7,3,1,local_sparse,self_mass,0.01403400069102645
0.7,3,1,local_sparse,output_mse,0.003309799823909998
0.7,3,1,local_sparse,output_mae,0.04426596313714981
0.7,3,1,local_sparse,output_cosine,0.9669578671455383
0.7,3,1,local_sparse,output_relative_rmse,0.2527044713497162
0.7,3,1,local_corrected,self_mass,0.00713079865090549
0.7,3,1,local_corrected,output_mse,0.003351581981405616
0.7,3,1,local_corrected,output_mae,0.0445500984787941
0.7,3,1,local_corrected,output_cosine,0.966347336769104
0.7,3,1,local_corrected,output_relative_rmse,0.2543186619877815
0.7,3,1,full_sparse,self_mass,0.01403400069102645
0.7,3,1,full_sparse,output_mse,0.003309799823909998
0.7,3,1,full_sparse,output_mae,0.04426596313714981
0.7,3,1,full_sparse,output_cosine,0.9669578671455383
0.7,3,1,full_sparse,output_relative_rmse,0.2527044713497162
0.7,3,1,full_corrected,self_mass,0.00713079865090549
0.7,3,1,full_corrected,output_mse,0.003351581981405616
0.7,3,1,full_corrected,output_mae,0.0445500984787941
0.7,3,1,full_corrected,output_cosine,0.966347336769104
0.7,3,1,full_corrected,output_relative_rmse,0.2543186619877815
0.7,3,2,dense,self_mass,0.005238551180809736
0.7,3,2,dense,output_mse,0.0
0.7,3,2,dense,output_mae,0.0
0.7,3,2,dense,output_cosine,1.0
0.7,3,2,dense,output_relative_rmse,0.0
0.7,3,2,local_sparse,self_mass,0.010279502719640732
0.7,3,2,local_sparse,output_mse,0.00302166142500937
0.7,3,2,local_sparse,output_mae,0.04320994205772877
0.7,3,2,local_sparse,output_cosine,0.964822381734848
0.7,3,2,local_sparse,output_relative_rmse,0.28669899702072144
0.7,3,2,local_corrected,self_mass,0.005167187657207251
0.7,3,2,local_corrected,output_mse,0.003034602734260261
0.7,3,2,local_corrected,output_mae,0.043259596452116966
0.7,3,2,local_corrected,output_cosine,0.9646319448947906
0.7,3,2,local_corrected,output_relative_rmse,0.28731052577495575
0.7,3,2,full_sparse,self_mass,0.010279502719640732
0.7,3,2,full_sparse,output_mse,0.00302166142500937
0.7,3,2,full_sparse,output_mae,0.04320994205772877
0.7,3,2,full_sparse,output_cosine,0.964822381734848
0.7,3,2,full_sparse,output_relative_rmse,0.28669899702072144
0.7,3,2,full_corrected,self_mass,0.005167187657207251
0.7,3,2,full_corrected,output_mse,0.003034602734260261
0.7,3,2,full_corrected,output_mae,0.043259596452116966
0.7,3,2,full_corrected,output_cosine,0.9646319448947906
0.7,3,2,full_corrected,output_relative_rmse,0.28731052577495575
0.7,3,3,dense,self_mass,0.0014560481649823487
0.7,3,3,dense,output_mse,0.0
0.7,3,3,dense,output_mae,0.0
0.7,3,3,dense,output_cosine,1.0
0.7,3,3,dense,output_relative_rmse,0.0
0.7,3,3,local_sparse,self_mass,0.0027780209202319384
0.7,3,3,local_sparse,output_mse,0.0029793037101626396
0.7,3,3,local_sparse,output_mae,0.04391466826200485
0.7,3,3,local_sparse,output_cosine,0.9660859405994415
0.7,3,3,local_sparse,output_relative_rmse,0.260640949010849
0.7,3,3,local_corrected,self_mass,0.0013870124239474535
0.7,3,3,local_corrected,output_mse,0.0029960989486426115
0.7,3,3,local_corrected,output_mae,0.044033218175172806
0.7,3,3,local_corrected,output_cosine,0.9660493731498718
0.7,3,3,local_corrected,output_relative_rmse,0.2613284960389137
0.7,3,3,full_sparse,self_mass,0.0027780209202319384
0.7,3,3,full_sparse,output_mse,0.0029793037101626396
0.7,3,3,full_sparse,output_mae,0.04391466826200485
0.7,3,3,full_sparse,output_cosine,0.9660859405994415
0.7,3,3,full_sparse,output_relative_rmse,0.260640949010849
0.7,3,3,full_corrected,self_mass,0.0013870124239474535
0.7,3,3,full_corrected,output_mse,0.0029960989486426115
0.7,3,3,full_corrected,output_mae,0.044033218175172806
0.7,3,3,full_corrected,output_cosine,0.9660493731498718
0.7,3,3,full_corrected,output_relative_rmse,0.2613284960389137
0.7,3,4,dense,self_mass,0.006925566587597132
0.7,3,4,dense,output_mse,0.0
0.7,3,4,dense,output_mae,0.0
0.7,3,4,dense,output_cosine,1.0
0.7,3,4,dense,output_relative_rmse,0.0
0.7,3,4,local_sparse,self_mass,0.013503769412636757
0.7,3,4,local_sparse,output_mse,0.0044926421251147985
0.7,3,4,local_sparse,output_mae,0.0511862076818943
0.7,3,4,local_sparse,output_cosine,0.9634221792221069
0.7,3,4,local_sparse,output_relative_rmse,0.2862871587276459
0.7,3,4,local_corrected,self_mass,0.006828940939158201
0.7,3,4,local_corrected,output_mse,0.0045533329248428345
0.7,3,4,local_corrected,output_mae,0.05152641609311104
0.7,3,4,local_corrected,output_cosine,0.9627529680728912
0.7,3,4,local_corrected,output_relative_rmse,0.28818927705287933
0.7,3,4,full_sparse,self_mass,0.013503769412636757
0.7,3,4,full_sparse,output_mse,0.0044926421251147985
0.7,3,4,full_sparse,output_mae,0.0511862076818943
0.7,3,4,full_sparse,output_cosine,0.9634221792221069
0.7,3,4,full_sparse,output_relative_rmse,0.2862871587276459
0.7,3,4,full_corrected,self_mass,0.006828940939158201
0.7,3,4,full_corrected,output_mse,0.0045533329248428345
0.7,3,4,full_corrected,output_mae,0.05152641609311104
0.7,3,4,full_corrected,output_cosine,0.9627529680728912
0.7,3,4,full_corrected,output_relative_rmse,0.28818927705287933
0.7,3,5,dense,self_mass,0.013921558391302824
0.7,3,5,dense,output_mse,0.0
0.7,3,5,dense,output_mae,0.0
0.7,3,5,dense,output_cosine,1.0
0.7,3,5,dense,output_relative_rmse,0.0
0.7,3,5,local_sparse,self_mass,0.025747254490852356
0.7,3,5,local_sparse,output_mse,0.008227539714425802
0.7,3,5,local_sparse,output_mae,0.06586738303303719
0.7,3,5,local_sparse,output_cosine,0.9748767614364624
0.7,3,5,local_sparse,output_relative_rmse,0.236735537648201
0.7,3,5,local_corrected,self_mass,0.013667792081832886
0.7,3,5,local_corrected,output_mse,0.00836940947920084
0.7,3,5,local_corrected,output_mae,0.06630735285580158
0.7,3,5,local_corrected,output_cosine,0.9743542075157166
0.7,3,5,local_corrected,output_relative_rmse,0.23884177207946777
0.7,3,5,full_sparse,self_mass,0.025747254490852356
0.7,3,5,full_sparse,output_mse,0.008227539714425802
0.7,3,5,full_sparse,output_mae,0.06586738303303719
0.7,3,5,full_sparse,output_cosine,0.9748767614364624
0.7,3,5,full_sparse,output_relative_rmse,0.236735537648201
0.7,3,5,full_corrected,self_mass,0.013667792081832886
0.7,3,5,full_corrected,output_mse,0.00836940947920084
0.7,3,5,full_corrected,output_mae,0.06630735285580158
0.7,3,5,full_corrected,output_cosine,0.9743542075157166
0.7,3,5,full_corrected,output_relative_rmse,0.23884177207946777
0.7,3,6,dense,self_mass,0.007239303085952997
0.7,3,6,dense,output_mse,0.0
0.7,3,6,dense,output_mae,0.0
0.7,3,6,dense,output_cosine,1.0
0.7,3,6,dense,output_relative_rmse,0.0
0.7,3,6,local_sparse,self_mass,0.013697861228138208
0.7,3,6,local_sparse,output_mse,0.00336963904555887
0.7,3,6,local_sparse,output_mae,0.04271893762052059
0.7,3,6,local_sparse,output_cosine,0.9660048484802246
0.7,3,6,local_sparse,output_relative_rmse,0.26404207944869995
0.7,3,6,local_corrected,self_mass,0.007065286161378026
0.7,3,6,local_corrected,output_mse,0.003375645261257887
0.7,3,6,local_corrected,output_mae,0.04277953505516052
0.7,3,6,local_corrected,output_cosine,0.9657738506793976
0.7,3,6,local_corrected,output_relative_rmse,0.264629989862442
0.7,3,6,full_sparse,self_mass,0.013697861228138208
0.7,3,6,full_sparse,output_mse,0.00336963904555887
0.7,3,6,full_sparse,output_mae,0.04271893762052059
0.7,3,6,full_sparse,output_cosine,0.9660048484802246
0.7,3,6,full_sparse,output_relative_rmse,0.26404207944869995
0.7,3,6,full_corrected,self_mass,0.007065286161378026
0.7,3,6,full_corrected,output_mse,0.003375645261257887
0.7,3,6,full_corrected,output_mae,0.04277953505516052
0.7,3,6,full_corrected,output_cosine,0.9657738506793976
0.7,3,6,full_corrected,output_relative_rmse,0.264629989862442
0.7,3,7,dense,self_mass,0.005716041894629598
0.7,3,7,dense,output_mse,0.0
0.7,3,7,dense,output_mae,0.0
0.7,3,7,dense,output_cosine,1.0
0.7,3,7,dense,output_relative_rmse,0.0
0.7,3,7,local_sparse,self_mass,0.00903536262921989
0.7,3,7,local_sparse,output_mse,0.006586653646081686
0.7,3,7,local_sparse,output_mae,0.05952191725373268
0.7,3,7,local_sparse,output_cosine,0.9768058061599731
0.7,3,7,local_sparse,output_relative_rmse,0.23531633615493774
0.7,3,7,local_corrected,self_mass,0.005850473186001182
0.7,3,7,local_corrected,output_mse,0.00663912994787097
0.7,3,7,local_corrected,output_mae,0.05978073924779892
0.7,3,7,local_corrected,output_cosine,0.9768483638763428
0.7,3,7,local_corrected,output_relative_rmse,0.23595497757196426
0.7,3,7,full_sparse,self_mass,0.00903536262921989
0.7,3,7,full_sparse,output_mse,0.006586653646081686
0.7,3,7,full_sparse,output_mae,0.05952191725373268
0.7,3,7,full_sparse,output_cosine,0.9768058061599731
0.7,3,7,full_sparse,output_relative_rmse,0.23531633615493774
0.7,3,7,full_corrected,self_mass,0.005850473186001182
0.7,3,7,full_corrected,output_mse,0.00663912994787097
0.7,3,7,full_corrected,output_mae,0.05978073924779892
0.7,3,7,full_corrected,output_cosine,0.9768483638763428
0.7,3,7,full_corrected,output_relative_rmse,0.23595497757196426
0.7,3,8,dense,self_mass,0.006653736345469952
0.7,3,8,dense,output_mse,0.0
0.7,3,8,dense,output_mae,0.0
0.7,3,8,dense,output_cosine,1.0
0.7,3,8,dense,output_relative_rmse,0.0
0.7,3,8,local_sparse,self_mass,0.01337113045156002
0.7,3,8,local_sparse,output_mse,0.0043949217069894075
0.7,3,8,local_sparse,output_mae,0.05125671997666359
0.7,3,8,local_sparse,output_cosine,0.9564635157585144
0.7,3,8,local_sparse,output_relative_rmse,0.290603443980217
0.7,3,8,local_corrected,self_mass,0.006738079013302922
0.7,3,8,local_corrected,output_mse,0.004416377516463399
0.7,3,8,local_corrected,output_mae,0.051432009786367416
0.7,3,8,local_corrected,output_cosine,0.9562547206878662
0.7,3,8,local_corrected,output_relative_rmse,0.2913650572299957
0.7,3,8,full_sparse,self_mass,0.01337113045156002
0.7,3,8,full_sparse,output_mse,0.0043949217069894075
0.7,3,8,full_sparse,output_mae,0.05125671997666359
0.7,3,8,full_sparse,output_cosine,0.9564635157585144
0.7,3,8,full_sparse,output_relative_rmse,0.290603443980217
0.7,3,8,full_corrected,self_mass,0.006738079013302922
0.7,3,8,full_corrected,output_mse,0.004416377516463399
0.7,3,8,full_corrected,output_mae,0.051432009786367416
0.7,3,8,full_corrected,output_cosine,0.9562547206878662
0.7,3,8,full_corrected,output_relative_rmse,0.2913650572299957
0.7,3,9,dense,self_mass,0.03008798323571682
0.7,3,9,dense,output_mse,0.0
0.7,3,9,dense,output_mae,0.0
0.7,3,9,dense,output_cosine,1.0
0.7,3,9,dense,output_relative_rmse,0.0
0.7,3,9,local_sparse,self_mass,0.05921883508563042
0.7,3,9,local_sparse,output_mse,0.020463568158447742
0.7,3,9,local_sparse,output_mae,0.10662368312478065
0.7,3,9,local_sparse,output_cosine,0.9558703303337097
0.7,3,9,local_sparse,output_relative_rmse,0.3077439218759537
0.7,3,9,local_corrected,self_mass,0.030874482356011868
0.7,3,9,local_corrected,output_mse,0.021669432520866394
0.7,3,9,local_corrected,output_mae,0.10953602939844131
0.7,3,9,local_corrected,output_cosine,0.9524001777172089
0.7,3,9,local_corrected,output_relative_rmse,0.31666383147239685
0.7,3,9,full_sparse,self_mass,0.05921883508563042
0.7,3,9,full_sparse,output_mse,0.020463568158447742
0.7,3,9,full_sparse,output_mae,0.10662368312478065
0.7,3,9,full_sparse,output_cosine,0.9558703303337097
0.7,3,9,full_sparse,output_relative_rmse,0.3077439218759537
0.7,3,9,full_corrected,self_mass,0.030874482356011868
0.7,3,9,full_corrected,output_mse,0.021669432520866394
0.7,3,9,full_corrected,output_mae,0.10953602939844131
0.7,3,9,full_corrected,output_cosine,0.9524001777172089
0.7,3,9,full_corrected,output_relative_rmse,0.31666383147239685
0.7,3,10,dense,self_mass,0.0011077506351284683
0.7,3,10,dense,output_mse,0.0
0.7,3,10,dense,output_mae,0.0
0.7,3,10,dense,output_cosine,1.0
0.7,3,10,dense,output_relative_rmse,0.0
0.7,3,10,local_sparse,self_mass,0.0021425235318019986
0.7,3,10,local_sparse,output_mse,0.003037442686036229
0.7,3,10,local_sparse,output_mae,0.04332046955823898
0.7,3,10,local_sparse,output_cosine,0.9796749353408813
0.7,3,10,local_sparse,output_relative_rmse,0.2075684741139412
0.7,3,10,local_corrected,self_mass,0.001069378515239805
0.7,3,10,local_corrected,output_mse,0.0030501021537929773
0.7,3,10,local_corrected,output_mae,0.043408436700701714
0.7,3,10,local_corrected,output_cosine,0.9796403646469116
0.7,3,10,local_corrected,output_relative_rmse,0.2080046832561493
0.7,3,10,full_sparse,self_mass,0.0021425235318019986
0.7,3,10,full_sparse,output_mse,0.003037442686036229
0.7,3,10,full_sparse,output_mae,0.04332046955823898
0.7,3,10,full_sparse,output_cosine,0.9796749353408813
0.7,3,10,full_sparse,output_relative_rmse,0.2075684741139412
0.7,3,10,full_corrected,self_mass,0.001069378515239805
0.7,3,10,full_corrected,output_mse,0.0030501021537929773
0.7,3,10,full_corrected,output_mae,0.043408436700701714
0.7,3,10,full_corrected,output_cosine,0.9796403646469116
0.7,3,10,full_corrected,output_relative_rmse,0.2080046832561493
0.7,3,11,dense,self_mass,0.028986675664782524
0.7,3,11,dense,output_mse,0.0
0.7,3,11,dense,output_mae,0.0
0.7,3,11,dense,output_cosine,1.0
0.7,3,11,dense,output_relative_rmse,0.0
0.7,3,11,local_sparse,self_mass,0.06049916334450245
0.7,3,11,local_sparse,output_mse,0.020521897822618484
0.7,3,11,local_sparse,output_mae,0.11024697870016098
0.7,3,11,local_sparse,output_cosine,0.9518097639083862
0.7,3,11,local_sparse,output_relative_rmse,0.321546345949173
0.7,3,11,local_corrected,self_mass,0.03137664869427681
0.7,3,11,local_corrected,output_mse,0.021444449201226234
0.7,3,11,local_corrected,output_mae,0.112263273447752
0.7,3,11,local_corrected,output_cosine,0.9483412802219391
0.7,3,11,local_corrected,output_relative_rmse,0.32869505882263184
0.7,3,11,full_sparse,self_mass,0.06049916334450245
0.7,3,11,full_sparse,output_mse,0.020521897822618484
0.7,3,11,full_sparse,output_mae,0.11024697870016098
0.7,3,11,full_sparse,output_cosine,0.9518097639083862
0.7,3,11,full_sparse,output_relative_rmse,0.321546345949173
0.7,3,11,full_corrected,self_mass,0.03137664869427681
0.7,3,11,full_corrected,output_mse,0.021444449201226234
0.7,3,11,full_corrected,output_mae,0.112263273447752
0.7,3,11,full_corrected,output_cosine,0.9483412802219391
0.7,3,11,full_corrected,output_relative_rmse,0.32869505882263184
0.7,4,0,dense,self_mass,0.016738920472562313
0.7,4,0,dense,output_mse,0.0
0.7,4,0,dense,output_mae,0.0
0.7,4,0,dense,output_cosine,1.0
0.7,4,0,dense,output_relative_rmse,0.0
0.7,4,0,local_sparse,self_mass,0.03398608975112438
0.7,4,0,local_sparse,output_mse,0.01913285907357931
0.7,4,0,local_sparse,output_mae,0.10430789366364479
0.7,4,0,local_sparse,output_cosine,0.9457996487617493
0.7,4,0,local_sparse,output_relative_rmse,0.329168900847435
0.7,4,0,local_corrected,self_mass,0.017387421801686287
0.7,4,0,local_corrected,output_mse,0.019563181325793266
0.7,4,0,local_corrected,output_mae,0.10524673759937286
0.7,4,0,local_corrected,output_cosine,0.9449572861194611
0.7,4,0,local_corrected,output_relative_rmse,0.33277446031570435
0.7,4,0,full_sparse,self_mass,0.03368093632161617
0.7,4,0,full_sparse,output_mse,0.015418289694935083
0.7,4,0,full_sparse,output_mae,0.09394639730453491
0.7,4,0,full_sparse,output_cosine,0.9573184847831726
0.7,4,0,full_sparse,output_relative_rmse,0.2955783009529114
0.7,4,0,full_corrected,self_mass,0.017360347788780928
0.7,4,0,full_corrected,output_mse,0.016128190327435732
0.7,4,0,full_corrected,output_mae,0.09616470336914062
0.7,4,0,full_corrected,output_cosine,0.9561445116996765
0.7,4,0,full_corrected,output_relative_rmse,0.3023187518119812
0.7,4,1,dense,self_mass,0.03620596043765545
0.7,4,1,dense,output_mse,0.0
0.7,4,1,dense,output_mae,0.0
0.7,4,1,dense,output_cosine,1.0
0.7,4,1,dense,output_relative_rmse,0.0
0.7,4,1,local_sparse,self_mass,0.07146498188376427
0.7,4,1,local_sparse,output_mse,0.01964930910617113
0.7,4,1,local_sparse,output_mae,0.10674069821834564
0.7,4,1,local_sparse,output_cosine,0.9449992179870605
0.7,4,1,local_sparse,output_relative_rmse,0.34112413227558136
0.7,4,1,local_corrected,self_mass,0.037256503477692604
0.7,4,1,local_corrected,output_mse,0.021056930534541607
0.7,4,1,local_corrected,output_mae,0.10967259109020233
0.7,4,1,local_corrected,output_cosine,0.9385415613651276
0.7,4,1,local_corrected,output_relative_rmse,0.3530607223510742
0.7,4,1,full_sparse,self_mass,0.07239760085940361
0.7,4,1,full_sparse,output_mse,0.014922823291271925
0.7,4,1,full_sparse,output_mae,0.09250647947192192
0.7,4,1,full_sparse,output_cosine,0.9561937749385834
0.7,4,1,full_sparse,output_relative_rmse,0.29695069789886475
0.7,4,1,full_corrected,self_mass,0.03826000913977623
0.7,4,1,full_corrected,output_mse,0.016609991900622845
0.7,4,1,full_corrected,output_mae,0.09692613780498505
0.7,4,1,full_corrected,output_cosine,0.9502539932727814
0.7,4,1,full_corrected,output_relative_rmse,0.31316982209682465
0.7,4,2,dense,self_mass,0.01332182576879859
0.7,4,2,dense,output_mse,0.0
0.7,4,2,dense,output_mae,0.0
0.7,4,2,dense,output_cosine,1.0
0.7,4,2,dense,output_relative_rmse,0.0
0.7,4,2,local_sparse,self_mass,0.02550766058266163
0.7,4,2,local_sparse,output_mse,0.010224085301160812
0.7,4,2,local_sparse,output_mae,0.0741209015250206
0.7,4,2,local_sparse,output_cosine,0.9522477090358734
0.7,4,2,local_sparse,output_relative_rmse,0.32168208062648773
0.7,4,2,local_corrected,self_mass,0.01307689305394888
0.7,4,2,local_corrected,output_mse,0.010286120232194662
0.7,4,2,local_corrected,output_mae,0.07429889589548111
0.7,4,2,local_corrected,output_cosine,0.9516503512859344
0.7,4,2,local_corrected,output_relative_rmse,0.32263126969337463
0.7,4,2,full_sparse,self_mass,0.02533046342432499
0.7,4,2,full_sparse,output_mse,0.009117668028920889
0.7,4,2,full_sparse,output_mae,0.06985506042838097
0.7,4,2,full_sparse,output_cosine,0.960184633731842
0.7,4,2,full_sparse,output_relative_rmse,0.30138328671455383
0.7,4,2,full_corrected,self_mass,0.013321763835847378
0.7,4,2,full_corrected,output_mse,0.00940768513828516
0.7,4,2,full_corrected,output_mae,0.0709729716181755
0.7,4,2,full_corrected,output_cosine,0.960083931684494
0.7,4,2,full_corrected,output_relative_rmse,0.3052698224782944
0.7,4,3,dense,self_mass,0.011942811775952578
0.7,4,3,dense,output_mse,0.0
0.7,4,3,dense,output_mae,0.0
0.7,4,3,dense,output_cosine,1.0
0.7,4,3,dense,output_relative_rmse,0.0
0.7,4,3,local_sparse,self_mass,0.023085787892341614
0.7,4,3,local_sparse,output_mse,0.003960829693824053
0.7,4,3,local_sparse,output_mae,0.04833266697824001
0.7,4,3,local_sparse,output_cosine,0.971756249666214
0.7,4,3,local_sparse,output_relative_rmse,0.23647891730070114
0.7,4,3,local_corrected,self_mass,0.011740294750779867
0.7,4,3,local_corrected,output_mse,0.0039770412258803844
0.7,4,3,local_corrected,output_mae,0.04838286712765694
0.7,4,3,local_corrected,output_cosine,0.9710788130760193
0.7,4,3,local_corrected,output_relative_rmse,0.2368687316775322
0.7,4,3,full_sparse,self_mass,0.0227344473823905
0.7,4,3,full_sparse,output_mse,0.003161164582706988
0.7,4,3,full_sparse,output_mae,0.04393187165260315
0.7,4,3,full_sparse,output_cosine,0.9778584837913513
0.7,4,3,full_sparse,output_relative_rmse,0.21199316531419754
0.7,4,3,full_corrected,self_mass,0.011767411138862371
0.7,4,3,full_corrected,output_mse,0.0033167812507599592
0.7,4,3,full_corrected,output_mae,0.04520241543650627
0.7,4,3,full_corrected,output_cosine,0.976725161075592
0.7,4,3,full_corrected,output_relative_rmse,0.21726126223802567
0.7,4,4,dense,self_mass,0.01771305873990059
0.7,4,4,dense,output_mse,0.0
0.7,4,4,dense,output_mae,0.0
0.7,4,4,dense,output_cosine,1.0
0.7,4,4,dense,output_relative_rmse,0.0
0.7,4,4,local_sparse,self_mass,0.034340765327215195
0.7,4,4,local_sparse,output_mse,0.0145502844825387
0.7,4,4,local_sparse,output_mae,0.09334972500801086
0.7,4,4,local_sparse,output_cosine,0.9642050564289093
0.7,4,4,local_sparse,output_relative_rmse,0.2766414284706116
0.7,4,4,local_corrected,self_mass,0.017522186040878296
0.7,4,4,local_corrected,output_mse,0.014802204445004463
0.7,4,4,local_corrected,output_mae,0.09416208788752556
0.7,4,4,local_corrected,output_cosine,0.9633700549602509
0.7,4,4,local_corrected,output_relative_rmse,0.27902206778526306
0.7,4,4,full_sparse,self_mass,0.034575387835502625
0.7,4,4,full_sparse,output_mse,0.010831632651388645
0.7,4,4,full_sparse,output_mae,0.08044372871518135
0.7,4,4,full_sparse,output_cosine,0.972337543964386
0.7,4,4,full_sparse,output_relative_rmse,0.23859179764986038
0.7,4,4,full_corrected,self_mass,0.01751966029405594
0.7,4,4,full_corrected,output_mse,0.01117192953824997
0.7,4,4,full_corrected,output_mae,0.08179843425750732
0.7,4,4,full_corrected,output_cosine,0.9715733826160431
0.7,4,4,full_corrected,output_relative_rmse,0.2423502504825592
0.7,4,5,dense,self_mass,0.012592179700732231
0.7,4,5,dense,output_mse,0.0
0.7,4,5,dense,output_mae,0.0
0.7,4,5,dense,output_cosine,1.0
0.7,4,5,dense,output_relative_rmse,0.0
0.7,4,5,local_sparse,self_mass,0.024374810978770256
0.7,4,5,local_sparse,output_mse,0.010139810852706432
0.7,4,5,local_sparse,output_mae,0.07303411513566971
0.7,4,5,local_sparse,output_cosine,0.9629904925823212
0.7,4,5,local_sparse,output_relative_rmse,0.2812618464231491
0.7,4,5,local_corrected,self_mass,0.01245963154360652
0.7,4,5,local_corrected,output_mse,0.010512992274016142
0.7,4,5,local_corrected,output_mae,0.07389120385050774
0.7,4,5,local_corrected,output_cosine,0.9616736471652985
0.7,4,5,local_corrected,output_relative_rmse,0.286394938826561
0.7,4,5,full_sparse,self_mass,0.024366802535951138
0.7,4,5,full_sparse,output_mse,0.009307931177318096
0.7,4,5,full_sparse,output_mae,0.07078736275434494
0.7,4,5,full_sparse,output_cosine,0.9665668904781342
0.7,4,5,full_sparse,output_relative_rmse,0.26938219368457794
0.7,4,5,full_corrected,self_mass,0.01276825089007616
0.7,4,5,full_corrected,output_mse,0.009856210090219975
0.7,4,5,full_corrected,output_mae,0.0725584626197815
0.7,4,5,full_corrected,output_cosine,0.9652509689331055
0.7,4,5,full_corrected,output_relative_rmse,0.277142658829689
0.7,4,6,dense,self_mass,0.006948132999241352
0.7,4,6,dense,output_mse,0.0
0.7,4,6,dense,output_mae,0.0
0.7,4,6,dense,output_cosine,1.0
0.7,4,6,dense,output_relative_rmse,0.0
0.7,4,6,local_sparse,self_mass,0.016762820538133383
0.7,4,6,local_sparse,output_mse,0.027104579843580723
0.7,4,6,local_sparse,output_mae,0.12132928520441055
0.7,4,6,local_sparse,output_cosine,0.9565739631652832
0.7,4,6,local_sparse,output_relative_rmse,0.29081831872463226
0.7,4,6,local_corrected,self_mass,0.008614480728283525
0.7,4,6,local_corrected,output_mse,0.02761533297598362
0.7,4,6,local_corrected,output_mae,0.1223069280385971
0.7,4,6,local_corrected,output_cosine,0.955567479133606
0.7,4,6,local_corrected,output_relative_rmse,0.29353441298007965
0.7,4,6,full_sparse,self_mass,0.017271611839532852
0.7,4,6,full_sparse,output_mse,0.02578772883862257
0.7,4,6,full_sparse,output_mae,0.11953583359718323
0.7,4,6,full_sparse,output_cosine,0.957756906747818
0.7,4,6,full_sparse,output_relative_rmse,0.28420980274677277
0.7,4,6,full_corrected,self_mass,0.00904980767518282
0.7,4,6,full_corrected,output_mse,0.02671606745570898
0.7,4,6,full_corrected,output_mae,0.1215675137937069
0.7,4,6,full_corrected,output_cosine,0.9567942321300507
0.7,4,6,full_corrected,output_relative_rmse,0.28925834596157074
0.7,4,7,dense,self_mass,0.0024494334356859326
0.7,4,7,dense,output_mse,0.0
0.7,4,7,dense,output_mae,0.0
0.7,4,7,dense,output_cosine,1.0
0.7,4,7,dense,output_relative_rmse,0.0
0.7,4,7,local_sparse,self_mass,0.0046564387157559395
0.7,4,7,local_sparse,output_mse,0.004763403674587607
0.7,4,7,local_sparse,output_mae,0.054748743772506714
0.7,4,7,local_sparse,output_cosine,0.9535863399505615
0.7,4,7,local_sparse,output_relative_rmse,0.28014299273490906
0.7,4,7,local_corrected,self_mass,0.002333293901756406
0.7,4,7,local_corrected,output_mse,0.0047884006053209305
0.7,4,7,local_corrected,output_mae,0.05491967685520649
0.7,4,7,local_corrected,output_cosine,0.9534010887145996
0.7,4,7,local_corrected,output_relative_rmse,0.28092920780181885
0.7,4,7,full_sparse,self_mass,0.004562649643048644
0.7,4,7,full_sparse,output_mse,0.0023307743249461055
0.7,4,7,full_sparse,output_mae,0.0382385179400444
0.7,4,7,full_sparse,output_cosine,0.9783211052417755
0.7,4,7,full_sparse,output_relative_rmse,0.19665195792913437
0.7,4,7,full_corrected,self_mass,0.002288198098540306
0.7,4,7,full_corrected,output_mse,0.002375880372710526
0.7,4,7,full_corrected,output_mae,0.03859558328986168
0.7,4,7,full_corrected,output_cosine,0.9775844216346741
0.7,4,7,full_corrected,output_relative_rmse,0.19859357923269272
0.7,4,8,dense,self_mass,0.008995420299470425
0.7,4,8,dense,output_mse,0.0
0.7,4,8,dense,output_mae,0.0
0.7,4,8,dense,output_cosine,1.0
0.7,4,8,dense,output_relative_rmse,0.0
0.7,4,8,local_sparse,self_mass,0.018526626750826836
0.7,4,8,local_sparse,output_mse,0.023886912502348423
0.7,4,8,local_sparse,output_mae,0.11098255589604378
0.7,4,8,local_sparse,output_cosine,0.964798092842102
0.7,4,8,local_sparse,output_relative_rmse,0.2697684094309807
0.7,4,8,local_corrected,self_mass,0.009616449940949678
0.7,4,8,local_corrected,output_mse,0.024127931334078312
0.7,4,8,local_corrected,output_mae,0.11147116124629974
0.7,4,8,local_corrected,output_cosine,0.9643162786960602
0.7,4,8,local_corrected,output_relative_rmse,0.2711260914802551
0.7,4,8,full_sparse,self_mass,0.018501940183341503
0.7,4,8,full_sparse,output_mse,0.02259811945259571
0.7,4,8,full_sparse,output_mae,0.10695584490895271
0.7,4,8,full_sparse,output_cosine,0.967168003320694
0.7,4,8,full_sparse,output_relative_rmse,0.2623877078294754
0.7,4,8,full_corrected,self_mass,0.009741137735545635
0.7,4,8,full_corrected,output_mse,0.02311104256659746
0.7,4,8,full_corrected,output_mae,0.10837829858064651
0.7,4,8,full_corrected,output_cosine,0.9665935933589935
0.7,4,8,full_corrected,output_relative_rmse,0.26534146815538406
0.7,4,9,dense,self_mass,0.009460613131523132
0.7,4,9,dense,output_mse,0.0
0.7,4,9,dense,output_mae,0.0
0.7,4,9,dense,output_cosine,1.0
0.7,4,9,dense,output_relative_rmse,0.0
0.7,4,9,local_sparse,self_mass,0.019892342388629913
0.7,4,9,local_sparse,output_mse,0.029854200780391693
0.7,4,9,local_sparse,output_mae,0.12180379778146744
0.7,4,9,local_sparse,output_cosine,0.9429244995117188
0.7,4,9,local_sparse,output_relative_rmse,0.3395577371120453
0.7,4,9,local_corrected,self_mass,0.010260538198053837
0.7,4,9,local_corrected,output_mse,0.03009665198624134
0.7,4,9,local_corrected,output_mae,0.12222447618842125
0.7,4,9,local_corrected,output_cosine,0.942531168460846
0.7,4,9,local_corrected,output_relative_rmse,0.34091855585575104
0.7,4,9,full_sparse,self_mass,0.019198517315089703
0.7,4,9,full_sparse,output_mse,0.027776525355875492
0.7,4,9,full_sparse,output_mae,0.11847929656505585
0.7,4,9,full_sparse,output_cosine,0.9474219381809235
0.7,4,9,full_sparse,output_relative_rmse,0.32798419892787933
0.7,4,9,full_corrected,self_mass,0.010065521113574505
0.7,4,9,full_corrected,output_mse,0.028638719581067562
0.7,4,9,full_corrected,output_mae,0.12030791491270065
0.7,4,9,full_corrected,output_cosine,0.9468933045864105
0.7,4,9,full_corrected,output_relative_rmse,0.333088681101799
0.7,4,10,dense,self_mass,0.00395107502117753
0.7,4,10,dense,output_mse,0.0
0.7,4,10,dense,output_mae,0.0
0.7,4,10,dense,output_cosine,1.0
0.7,4,10,dense,output_relative_rmse,0.0
0.7,4,10,local_sparse,self_mass,0.007076996378600597
0.7,4,10,local_sparse,output_mse,0.004017941886559129
0.7,4,10,local_sparse,output_mae,0.048727747052907944
0.7,4,10,local_sparse,output_cosine,0.9794977903366089
0.7,4,10,local_sparse,output_relative_rmse,0.21892444044351578
0.7,4,10,local_corrected,self_mass,0.003644662327133119
0.7,4,10,local_corrected,output_mse,0.003999276552349329
0.7,4,10,local_corrected,output_mae,0.04871106520295143
0.7,4,10,local_corrected,output_cosine,0.9793779850006104
0.7,4,10,local_corrected,output_relative_rmse,0.2185375839471817
0.7,4,10,full_sparse,self_mass,0.006871185498312116
0.7,4,10,full_sparse,output_mse,0.0020536243682727218
0.7,4,10,full_sparse,output_mae,0.03596103563904762
0.7,4,10,full_sparse,output_cosine,0.9865290522575378
0.7,4,10,full_sparse,output_relative_rmse,0.1590769663453102
0.7,4,10,full_corrected,self_mass,0.0037623399402946234
0.7,4,10,full_corrected,output_mse,0.001926638069562614
0.7,4,10,full_corrected,output_mae,0.03483034297823906
0.7,4,10,full_corrected,output_cosine,0.9871944785118103
0.7,4,10,full_corrected,output_relative_rmse,0.15450124442577362
0.7,4,11,dense,self_mass,0.01139768399298191
0.7,4,11,dense,output_mse,0.0
0.7,4,11,dense,output_mae,0.0
0.7,4,11,dense,output_cosine,1.0
0.7,4,11,dense,output_relative_rmse,0.0
0.7,4,11,local_sparse,self_mass,0.02143522072583437
0.7,4,11,local_sparse,output_mse,0.005757912993431091
0.7,4,11,local_sparse,output_mae,0.0573053490370512
0.7,4,11,local_sparse,output_cosine,0.977573424577713
0.7,4,11,local_sparse,output_relative_rmse,0.2075667381286621
0.7,4,11,local_corrected,self_mass,0.011011172086000443
0.7,4,11,local_corrected,output_mse,0.005839037010446191
0.7,4,11,local_corrected,output_mae,0.05743765830993652
0.7,4,11,local_corrected,output_cosine,0.9772390127182007
0.7,4,11,local_corrected,output_relative_rmse,0.20876311510801315
0.7,4,11,full_sparse,self_mass,0.02115376479923725
0.7,4,11,full_sparse,output_mse,0.0055572534911334515
0.7,4,11,full_sparse,output_mae,0.05663086846470833
0.7,4,11,full_sparse,output_cosine,0.9794309735298157
0.7,4,11,full_sparse,output_relative_rmse,0.2040819376707077
0.7,4,11,full_corrected,self_mass,0.011301018297672272
0.7,4,11,full_corrected,output_mse,0.005880071548745036
0.7,4,11,full_corrected,output_mae,0.05851261876523495
0.7,4,11,full_corrected,output_cosine,0.9784121513366699
0.7,4,11,full_corrected,output_relative_rmse,0.2100197598338127
0.7,5,0,dense,self_mass,0.01649488043040037
0.7,5,0,dense,output_mse,0.0
0.7,5,0,dense,output_mae,0.0
0.7,5,0,dense,output_cosine,1.0
0.7,5,0,dense,output_relative_rmse,0.0
0.7,5,0,local_sparse,self_mass,0.030354944989085197
0.7,5,0,local_sparse,output_mse,0.006907325005158782
0.7,5,0,local_sparse,output_mae,0.06094606593251228
0.7,5,0,local_sparse,output_cosine,0.9890524744987488
0.7,5,0,local_sparse,output_relative_rmse,0.14731593430042267
0.7,5,0,local_corrected,self_mass,0.01671337429434061
0.7,5,0,local_corrected,output_mse,0.006987119093537331
0.7,5,0,local_corrected,output_mae,0.06118125841021538
0.7,5,0,local_corrected,output_cosine,0.9888689517974854
0.7,5,0,local_corrected,output_relative_rmse,0.14791284501552582
0.7,5,0,full_sparse,self_mass,0.029365270398557186
0.7,5,0,full_sparse,output_mse,0.008909233380109072
0.7,5,0,full_sparse,output_mae,0.06931791454553604
0.7,5,0,full_sparse,output_cosine,0.9859536290168762
0.7,5,0,full_sparse,output_relative_rmse,0.1681305095553398
0.7,5,0,full_corrected,self_mass,0.016629718244075775
0.7,5,0,full_corrected,output_mse,0.010305415373295546
0.7,5,0,full_corrected,output_mae,0.07368537038564682
0.7,5,0,full_corrected,output_cosine,0.9845960736274719
0.7,5,0,full_corrected,output_relative_rmse,0.18071629106998444
0.7,5,1,dense,self_mass,0.004939407808706164
0.7,5,1,dense,output_mse,0.0
0.7,5,1,dense,output_mae,0.0
0.7,5,1,dense,output_cosine,1.0
0.7,5,1,dense,output_relative_rmse,0.0
0.7,5,1,local_sparse,self_mass,0.009106903802603483
0.7,5,1,local_sparse,output_mse,0.0038400505436584353
0.7,5,1,local_sparse,output_mae,0.05002883821725845
0.7,5,1,local_sparse,output_cosine,0.9776623547077179
0.7,5,1,local_sparse,output_relative_rmse,0.21066923439502716
0.7,5,1,local_corrected,self_mass,0.004592934972606599
0.7,5,1,local_corrected,output_mse,0.003876242320984602
0.7,5,1,local_corrected,output_mae,0.050234220921993256
0.7,5,1,local_corrected,output_cosine,0.9775446057319641
0.7,5,1,local_corrected,output_relative_rmse,0.2115519940853119
0.7,5,1,full_sparse,self_mass,0.009304678998887539
0.7,5,1,full_sparse,output_mse,0.002906732843257487
0.7,5,1,full_sparse,output_mae,0.0422623660415411
0.7,5,1,full_sparse,output_cosine,0.9822466969490051
0.7,5,1,full_sparse,output_relative_rmse,0.1811327487230301
0.7,5,1,full_corrected,self_mass,0.004684447310864925
0.7,5,1,full_corrected,output_mse,0.0035406333627179265
0.7,5,1,full_corrected,output_mae,0.046444978564977646
0.7,5,1,full_corrected,output_cosine,0.9792821109294891
0.7,5,1,full_corrected,output_relative_rmse,0.1977643370628357
0.7,5,2,dense,self_mass,0.008983091451227665
0.7,5,2,dense,output_mse,0.0
0.7,5,2,dense,output_mae,0.0
0.7,5,2,dense,output_cosine,1.0
0.7,5,2,dense,output_relative_rmse,0.0
0.7,5,2,local_sparse,self_mass,0.017047355882823467
0.7,5,2,local_sparse,output_mse,0.004937296966090798
0.7,5,2,local_sparse,output_mae,0.0546789076179266
0.7,5,2,local_sparse,output_cosine,0.9746308326721191
0.7,5,2,local_sparse,output_relative_rmse,0.20404760539531708
0.7,5,2,local_corrected,self_mass,0.008700967766344547
0.7,5,2,local_corrected,output_mse,0.004976855241693556
0.7,5,2,local_corrected,output_mae,0.05491889268159866
0.7,5,2,local_corrected,output_cosine,0.9743694365024567
0.7,5,2,local_corrected,output_relative_rmse,0.20500081032514572
0.7,5,2,full_sparse,self_mass,0.017141399905085564
0.7,5,2,full_sparse,output_mse,0.004502670839428902
0.7,5,2,full_sparse,output_mae,0.051538098603487015
0.7,5,2,full_sparse,output_cosine,0.9796548783779144
0.7,5,2,full_sparse,output_relative_rmse,0.1931132823228836
0.7,5,2,full_corrected,self_mass,0.00902866618707776
0.7,5,2,full_corrected,output_mse,0.004920626059174538
0.7,5,2,full_corrected,output_mae,0.053499940782785416
0.7,5,2,full_corrected,output_cosine,0.9782593846321106
0.7,5,2,full_corrected,output_relative_rmse,0.20131397247314453
0.7,5,3,dense,self_mass,0.006117438897490501
0.7,5,3,dense,output_mse,0.0
0.7,5,3,dense,output_mae,0.0
0.7,5,3,dense,output_cosine,1.0
0.7,5,3,dense,output_relative_rmse,0.0
0.7,5,3,local_sparse,self_mass,0.011700700037181377
0.7,5,3,local_sparse,output_mse,0.006041575688868761
0.7,5,3,local_sparse,output_mae,0.06178423389792442
0.7,5,3,local_sparse,output_cosine,0.9751164317131042
0.7,5,3,local_sparse,output_relative_rmse,0.21959500014781952
0.7,5,3,local_corrected,self_mass,0.005943855037912726
0.7,5,3,local_corrected,output_mse,0.006019299384206533
0.7,5,3,local_corrected,output_mae,0.06172028183937073
0.7,5,3,local_corrected,output_cosine,0.9751808941364288
0.7,5,3,local_corrected,output_relative_rmse,0.21933342516422272
0.7,5,3,full_sparse,self_mass,0.011571747250854969
0.7,5,3,full_sparse,output_mse,0.0043175703613087535
0.7,5,3,full_sparse,output_mae,0.0511622279882431
0.7,5,3,full_sparse,output_cosine,0.9823848605155945
0.7,5,3,full_sparse,output_relative_rmse,0.18700820952653885
0.7,5,3,full_corrected,self_mass,0.006052856566384435
0.7,5,3,full_corrected,output_mse,0.004799020243808627
0.7,5,3,full_corrected,output_mae,0.05431582033634186
0.7,5,3,full_corrected,output_cosine,0.9801177680492401
0.7,5,3,full_corrected,output_relative_rmse,0.19720540195703506
0.7,5,4,dense,self_mass,0.030270148068666458
0.7,5,4,dense,output_mse,0.0
0.7,5,4,dense,output_mae,0.0
0.7,5,4,dense,output_cosine,1.0
0.7,5,4,dense,output_relative_rmse,0.0
0.7,5,4,local_sparse,self_mass,0.058581091463565826
0.7,5,4,local_sparse,output_mse,0.02102496661245823
0.7,5,4,local_sparse,output_mae,0.10792510211467743
0.7,5,4,local_sparse,output_cosine,0.9641428887844086
0.7,5,4,local_sparse,output_relative_rmse,0.26503928005695343
0.7,5,4,local_corrected,self_mass,0.031837113201618195
0.7,5,4,local_corrected,output_mse,0.022011330351233482
0.7,5,4,local_corrected,output_mae,0.10989559441804886
0.7,5,4,local_corrected,output_cosine,0.9629965424537659
0.7,5,4,local_corrected,output_relative_rmse,0.2711873948574066
0.7,5,4,full_sparse,self_mass,0.060253579169511795
0.7,5,4,full_sparse,output_mse,0.019307936541736126
0.7,5,4,full_sparse,output_mae,0.10424402356147766
0.7,5,4,full_sparse,output_cosine,0.9673716723918915
0.7,5,4,full_sparse,output_relative_rmse,0.253731369972229
0.7,5,4,full_corrected,self_mass,0.034824032336473465
0.7,5,4,full_corrected,output_mse,0.02144833654165268
0.7,5,4,full_corrected,output_mae,0.10951590538024902
0.7,5,4,full_corrected,output_cosine,0.9654755890369415
0.7,5,4,full_corrected,output_relative_rmse,0.26762351393699646
0.7,5,5,dense,self_mass,0.025403546169400215
0.7,5,5,dense,output_mse,0.0
0.7,5,5,dense,output_mae,0.0
0.7,5,5,dense,output_cosine,1.0
0.7,5,5,dense,output_relative_rmse,0.0
0.7,5,5,local_sparse,self_mass,0.04556979052722454
0.7,5,5,local_sparse,output_mse,0.005463121924549341
0.7,5,5,local_sparse,output_mae,0.05442305840551853
0.7,5,5,local_sparse,output_cosine,0.9920015633106232
0.7,5,5,local_sparse,output_relative_rmse,0.12352972105145454
0.7,5,5,local_corrected,self_mass,0.02431801799684763
0.7,5,5,local_corrected,output_mse,0.005762850632891059
0.7,5,5,local_corrected,output_mae,0.05540013127028942
0.7,5,5,local_corrected,output_cosine,0.9917195439338684
0.7,5,5,local_corrected,output_relative_rmse,0.12689372152090073
0.7,5,5,full_sparse,self_mass,0.04562891647219658
0.7,5,5,full_sparse,output_mse,0.007821566658094525
0.7,5,5,full_sparse,output_mae,0.06386866420507431
0.7,5,5,full_sparse,output_cosine,0.9871764183044434
0.7,5,5,full_sparse,output_relative_rmse,0.1479513794183731
0.7,5,5,full_corrected,self_mass,0.025357087142765522
0.7,5,5,full_corrected,output_mse,0.008359641768038273
0.7,5,5,full_corrected,output_mae,0.06587721779942513
0.7,5,5,full_corrected,output_cosine,0.9864098727703094
0.7,5,5,full_corrected,output_relative_rmse,0.15298393368721008
0.7,5,6,dense,self_mass,0.014792130794376135
0.7,5,6,dense,output_mse,0.0
0.7,5,6,dense,output_mae,0.0
0.7,5,6,dense,output_cosine,1.0
0.7,5,6,dense,output_relative_rmse,0.0
0.7,5,6,local_sparse,self_mass,0.027709316462278366
0.7,5,6,local_sparse,output_mse,0.01578252576291561
0.7,5,6,local_sparse,output_mae,0.09329179301857948
0.7,5,6,local_sparse,output_cosine,0.9720050394535065
0.7,5,6,local_sparse,output_relative_rmse,0.230166994035244
0.7,5,6,local_corrected,self_mass,0.014176468830555677
0.7,5,6,local_corrected,output_mse,0.015987668186426163
0.7,5,6,local_corrected,output_mae,0.09403291344642639
0.7,5,6,local_corrected,output_cosine,0.971514880657196
0.7,5,6,local_corrected,output_relative_rmse,0.23164645582437515
0.7,5,6,full_sparse,self_mass,0.028580492362380028
0.7,5,6,full_sparse,output_mse,0.01492733834311366
0.7,5,6,full_sparse,output_mae,0.09274060651659966
0.7,5,6,full_sparse,output_cosine,0.9733361005783081
0.7,5,6,full_sparse,output_relative_rmse,0.22405411303043365
0.7,5,6,full_corrected,self_mass,0.014665993396192789
0.7,5,6,full_corrected,output_mse,0.016244979109615088
0.7,5,6,full_corrected,output_mae,0.0961570143699646
0.7,5,6,full_corrected,output_cosine,0.9724112153053284
0.7,5,6,full_corrected,output_relative_rmse,0.23369229584932327
0.7,5,7,dense,self_mass,0.01906599011272192
0.7,5,7,dense,output_mse,0.0
0.7,5,7,dense,output_mae,0.0
0.7,5,7,dense,output_cosine,1.0
0.7,5,7,dense,output_relative_rmse,0.0
0.7,5,7,local_sparse,self_mass,0.03731062263250351
0.7,5,7,local_sparse,output_mse,0.011646307073533535
0.7,5,7,local_sparse,output_mae,0.07962523028254509
0.7,5,7,local_sparse,output_cosine,0.972451388835907
0.7,5,7,local_sparse,output_relative_rmse,0.23036928474903107
0.7,5,7,local_corrected,self_mass,0.019174300134181976
0.7,5,7,local_corrected,output_mse,0.011701036710292101
0.7,5,7,local_corrected,output_mae,0.07989854738116264
0.7,5,7,local_corrected,output_cosine,0.9718989729881287
0.7,5,7,local_corrected,output_relative_rmse,0.23090919107198715
0.7,5,7,full_sparse,self_mass,0.03620043583214283
0.7,5,7,full_sparse,output_mse,0.009205318987369537
0.7,5,7,full_sparse,output_mae,0.07240468636155128
0.7,5,7,full_sparse,output_cosine,0.9788446426391602
0.7,5,7,full_sparse,output_relative_rmse,0.2060636356472969
0.7,5,7,full_corrected,self_mass,0.018673833925276995
0.7,5,7,full_corrected,output_mse,0.010506448335945606
0.7,5,7,full_corrected,output_mae,0.0772118791937828
0.7,5,7,full_corrected,output_cosine,0.9766193628311157
0.7,5,7,full_corrected,output_relative_rmse,0.22024105489253998
0.7,5,8,dense,self_mass,0.031191767193377018
0.7,5,8,dense,output_mse,0.0
0.7,5,8,dense,output_mae,0.0
0.7,5,8,dense,output_cosine,1.0
0.7,5,8,dense,output_relative_rmse,0.0
0.7,5,8,local_sparse,self_mass,0.05509532243013382
0.7,5,8,local_sparse,output_mse,0.006877286825329065
0.7,5,8,local_sparse,output_mae,0.0648372545838356
0.7,5,8,local_sparse,output_cosine,0.9808508157730103
0.7,5,8,local_sparse,output_relative_rmse,0.18814654648303986
0.7,5,8,local_corrected,self_mass,0.02891996782273054
0.7,5,8,local_corrected,output_mse,0.007228012662380934
0.7,5,8,local_corrected,output_mae,0.06628664582967758
0.7,5,8,local_corrected,output_cosine,0.9795535504817963
0.7,5,8,local_corrected,output_relative_rmse,0.19269593060016632
0.7,5,8,full_sparse,self_mass,0.05509677156805992
0.7,5,8,full_sparse,output_mse,0.007057755254209042
0.7,5,8,full_sparse,output_mae,0.06553327292203903
0.7,5,8,full_sparse,output_cosine,0.980530858039856
0.7,5,8,full_sparse,output_relative_rmse,0.19082501530647278
0.7,5,8,full_corrected,self_mass,0.029681436717510223
0.7,5,8,full_corrected,output_mse,0.007678510854020715
0.7,5,8,full_corrected,output_mae,0.06818564608693123
0.7,5,8,full_corrected,output_cosine,0.9793199896812439
0.7,5,8,full_corrected,output_relative_rmse,0.1990332081913948
0.7,5,9,dense,self_mass,0.013171242084354162
0.7,5,9,dense,output_mse,0.0
0.7,5,9,dense,output_mae,0.0
0.7,5,9,dense,output_cosine,1.0
0.7,5,9,dense,output_relative_rmse,0.0
0.7,5,9,local_sparse,self_mass,0.024388783611357212
0.7,5,9,local_sparse,output_mse,0.022974636405706406
0.7,5,9,local_sparse,output_mae,0.11081381514668465
0.7,5,9,local_sparse,output_cosine,0.9772864878177643
0.7,5,9,local_sparse,output_relative_rmse,0.21635321527719498
0.7,5,9,local_corrected,self_mass,0.01337819965556264
0.7,5,9,local_corrected,output_mse,0.02320377714931965
0.7,5,9,local_corrected,output_mae,0.1111455149948597
0.7,5,9,local_corrected,output_cosine,0.976952463388443
0.7,5,9,local_corrected,output_relative_rmse,0.21744178980588913
0.7,5,9,full_sparse,self_mass,0.02336161583662033
0.7,5,9,full_sparse,output_mse,0.028308195993304253
0.7,5,9,full_sparse,output_mae,0.12143203988671303
0.7,5,9,full_sparse,output_cosine,0.9727503061294556
0.7,5,9,full_sparse,output_relative_rmse,0.240133598446846
0.7,5,9,full_corrected,self_mass,0.013177317101508379
0.7,5,9,full_corrected,output_mse,0.031430626288056374
0.7,5,9,full_corrected,output_mae,0.12762101739645004
0.7,5,9,full_corrected,output_cosine,0.971055418252945
0.7,5,9,full_corrected,output_relative_rmse,0.25298619270324707
0.7,5,10,dense,self_mass,0.012828989885747433
0.7,5,10,dense,output_mse,0.0
0.7,5,10,dense,output_mae,0.0
0.7,5,10,dense,output_cosine,1.0
0.7,5,10,dense,output_relative_rmse,0.0
0.7,5,10,local_sparse,self_mass,0.025061404332518578
0.7,5,10,local_sparse,output_mse,0.007844375912100077
0.7,5,10,local_sparse,output_mae,0.0679483637213707
0.7,5,10,local_sparse,output_cosine,0.9608285129070282
0.7,5,10,local_sparse,output_relative_rmse,0.28223006427288055
0.7,5,10,local_corrected,self_mass,0.012844761833548546
0.7,5,10,local_corrected,output_mse,0.007926245220005512
0.7,5,10,local_corrected,output_mae,0.06813612952828407
0.7,5,10,local_corrected,output_cosine,0.9602175951004028
0.7,5,10,local_corrected,output_relative_rmse,0.28363826870918274
0.7,5,10,full_sparse,self_mass,0.024423368275165558
0.7,5,10,full_sparse,output_mse,0.007204968947917223
0.7,5,10,full_sparse,output_mae,0.06540599092841148
0.7,5,10,full_sparse,output_cosine,0.9628754258155823
0.7,5,10,full_sparse,output_relative_rmse,0.2724652588367462
0.7,5,10,full_corrected,self_mass,0.012963496148586273
0.7,5,10,full_corrected,output_mse,0.00781788513995707
0.7,5,10,full_corrected,output_mae,0.06768175959587097
0.7,5,10,full_corrected,output_cosine,0.9614602625370026
0.7,5,10,full_corrected,output_relative_rmse,0.2837788015604019
0.7,5,11,dense,self_mass,0.008455265313386917
0.7,5,11,dense,output_mse,0.0
0.7,5,11,dense,output_mae,0.0
0.7,5,11,dense,output_cosine,1.0
0.7,5,11,dense,output_relative_rmse,0.0
0.7,5,11,local_sparse,self_mass,0.015963551588356495
0.7,5,11,local_sparse,output_mse,0.005050783045589924
0.7,5,11,local_sparse,output_mae,0.05598241463303566
0.7,5,11,local_sparse,output_cosine,0.9746842384338379
0.7,5,11,local_sparse,output_relative_rmse,0.23677467554807663
0.7,5,11,local_corrected,self_mass,0.008143634768202901
0.7,5,11,local_corrected,output_mse,0.005039557348936796
0.7,5,11,local_corrected,output_mae,0.05592753365635872
0.7,5,11,local_corrected,output_cosine,0.9743350744247437
0.7,5,11,local_corrected,output_relative_rmse,0.23670198023319244
0.7,5,11,full_sparse,self_mass,0.015846689231693745
0.7,5,11,full_sparse,output_mse,0.003736404934898019
0.7,5,11,full_sparse,output_mae,0.04714993201196194
0.7,5,11,full_sparse,output_cosine,0.9801263511180878
0.7,5,11,full_sparse,output_relative_rmse,0.20037052035331726
0.7,5,11,full_corrected,self_mass,0.008258663350716233
0.7,5,11,full_corrected,output_mse,0.004375495598651469
0.7,5,11,full_corrected,output_mae,0.0508218128234148
0.7,5,11,full_corrected,output_cosine,0.9772903621196747
0.7,5,11,full_corrected,output_relative_rmse,0.21721938997507095
0.7,6,0,dense,self_mass,0.014520119410008192
0.7,6,0,dense,output_mse,0.0
0.7,6,0,dense,output_mae,0.0
0.7,6,0,dense,output_cosine,1.0
0.7,6,0,dense,output_relative_rmse,0.0
0.7,6,0,local_sparse,self_mass,0.02758079580962658
0.7,6,0,local_sparse,output_mse,0.011821333318948746
0.7,6,0,local_sparse,output_mae,0.07893580198287964
0.7,6,0,local_sparse,output_cosine,0.9733151495456696
0.7,6,0,local_sparse,output_relative_rmse,0.2461559697985649
0.7,6,0,local_corrected,self_mass,0.014358882792294025
0.7,6,0,local_corrected,output_mse,0.012044339906424284
0.7,6,0,local_corrected,output_mae,0.07928283885121346
0.7,6,0,local_corrected,output_cosine,0.9727782011032104
0.7,6,0,local_corrected,output_relative_rmse,0.24827387928962708
0.7,6,0,full_sparse,self_mass,0.027988355606794357
0.7,6,0,full_sparse,output_mse,0.012265138328075409
0.7,6,0,full_sparse,output_mae,0.07988136261701584
0.7,6,0,full_sparse,output_cosine,0.9732276797294617
0.7,6,0,full_sparse,output_relative_rmse,0.25196732580661774
0.7,6,0,full_corrected,self_mass,0.015368109568953514
0.7,6,0,full_corrected,output_mse,0.013746712356805801
0.7,6,0,full_corrected,output_mae,0.08447008952498436
0.7,6,0,full_corrected,output_cosine,0.9708978533744812
0.7,6,0,full_corrected,output_relative_rmse,0.2666995972394943
0.7,6,1,dense,self_mass,0.017927021719515324
0.7,6,1,dense,output_mse,0.0
0.7,6,1,dense,output_mae,0.0
0.7,6,1,dense,output_cosine,1.0
0.7,6,1,dense,output_relative_rmse,0.0
0.7,6,1,local_sparse,self_mass,0.03456208109855652
0.7,6,1,local_sparse,output_mse,0.006406971253454685
0.7,6,1,local_sparse,output_mae,0.060517556965351105
0.7,6,1,local_sparse,output_cosine,0.9810613989830017
0.7,6,1,local_sparse,output_relative_rmse,0.18382476270198822
0.7,6,1,local_corrected,self_mass,0.017759970389306545
0.7,6,1,local_corrected,output_mse,0.00663795368745923
0.7,6,1,local_corrected,output_mae,0.06153157725930214
0.7,6,1,local_corrected,output_cosine,0.9803473055362701
0.7,6,1,local_corrected,output_relative_rmse,0.1871100515127182
0.7,6,1,full_sparse,self_mass,0.03568987362086773
0.7,6,1,full_sparse,output_mse,0.0057184703182429075
0.7,6,1,full_sparse,output_mae,0.0567287802696228
0.7,6,1,full_sparse,output_cosine,0.984737902879715
0.7,6,1,full_sparse,output_relative_rmse,0.17377124726772308
0.7,6,1,full_corrected,self_mass,0.018786747474223375
0.7,6,1,full_corrected,output_mse,0.006138231605291367
0.7,6,1,full_corrected,output_mae,0.05907692387700081
0.7,6,1,full_corrected,output_cosine,0.9838489890098572
0.7,6,1,full_corrected,output_relative_rmse,0.18003366142511368
0.7,6,2,dense,self_mass,0.0128139927983284
0.7,6,2,dense,output_mse,0.0
0.7,6,2,dense,output_mae,0.0
0.7,6,2,dense,output_cosine,1.0
0.7,6,2,dense,output_relative_rmse,0.0
0.7,6,2,local_sparse,self_mass,0.025035059079527855
0.7,6,2,local_sparse,output_mse,0.010145508451387286
0.7,6,2,local_sparse,output_mae,0.07552190124988556
0.7,6,2,local_sparse,output_cosine,0.9844322502613068
0.7,6,2,local_sparse,output_relative_rmse,0.16625367105007172
0.7,6,2,local_corrected,self_mass,0.013098088093101978
0.7,6,2,local_corrected,output_mse,0.010297874920070171
0.7,6,2,local_corrected,output_mae,0.07606559619307518
0.7,6,2,local_corrected,output_cosine,0.9843025803565979
0.7,6,2,local_corrected,output_relative_rmse,0.16734201461076736
0.7,6,2,full_sparse,self_mass,0.02418556995689869
0.7,6,2,full_sparse,output_mse,0.010972342919558287
0.7,6,2,full_sparse,output_mae,0.07821659743785858
0.7,6,2,full_sparse,output_cosine,0.9832376837730408
0.7,6,2,full_sparse,output_relative_rmse,0.17478081583976746
0.7,6,2,full_corrected,self_mass,0.013612082228064537
0.7,6,2,full_corrected,output_mse,0.011779491789638996
0.7,6,2,full_corrected,output_mae,0.0813526064157486
0.7,6,2,full_corrected,output_cosine,0.9822232723236084
0.7,6,2,full_corrected,output_relative_rmse,0.18101608753204346
0.7,6,3,dense,self_mass,0.01218870235607028
0.7,6,3,dense,output_mse,0.0
0.7,6,3,dense,output_mae,0.0
0.7,6,3,dense,output_cosine,1.0
0.7,6,3,dense,output_relative_rmse,0.0
0.7,6,3,local_sparse,self_mass,0.02244003489613533
0.7,6,3,local_sparse,output_mse,0.01367702754214406
0.7,6,3,local_sparse,output_mae,0.08589044213294983
0.7,6,3,local_sparse,output_cosine,0.9483405351638794
0.7,6,3,local_sparse,output_relative_rmse,0.3199770152568817
0.7,6,3,local_corrected,self_mass,0.011679490096867085
0.7,6,3,local_corrected,output_mse,0.013689872343093157
0.7,6,3,local_corrected,output_mae,0.0856093280017376
0.7,6,3,local_corrected,output_cosine,0.9478319585323334
0.7,6,3,local_corrected,output_relative_rmse,0.31996607780456543
0.7,6,3,full_sparse,self_mass,0.022102750837802887
0.7,6,3,full_sparse,output_mse,0.00746074179187417
0.7,6,3,full_sparse,output_mae,0.06414309330284595
0.7,6,3,full_sparse,output_cosine,0.973392516374588
0.7,6,3,full_sparse,output_relative_rmse,0.24446772783994675
0.7,6,3,full_corrected,self_mass,0.011794153600931168
0.7,6,3,full_corrected,output_mse,0.008226231671869755
0.7,6,3,full_corrected,output_mae,0.06746479496359825
0.7,6,3,full_corrected,output_cosine,0.9711295366287231
0.7,6,3,full_corrected,output_relative_rmse,0.25718627870082855
0.7,6,4,dense,self_mass,0.004787756712175906
0.7,6,4,dense,output_mse,0.0
0.7,6,4,dense,output_mae,0.0
0.7,6,4,dense,output_cosine,1.0
0.7,6,4,dense,output_relative_rmse,0.0
0.7,6,4,local_sparse,self_mass,0.009090603096410632
0.7,6,4,local_sparse,output_mse,0.007419308880344033
0.7,6,4,local_sparse,output_mae,0.06727221980690956
0.7,6,4,local_sparse,output_cosine,0.9782306551933289
0.7,6,4,local_sparse,output_relative_rmse,0.19744529575109482
0.7,6,4,local_corrected,self_mass,0.004576458130031824
0.7,6,4,local_corrected,output_mse,0.007532225456088781
0.7,6,4,local_corrected,output_mae,0.06783747673034668
0.7,6,4,local_corrected,output_cosine,0.9779369235038757
0.7,6,4,local_corrected,output_relative_rmse,0.19890184700489044
0.7,6,4,full_sparse,self_mass,0.009204214438796043
0.7,6,4,full_sparse,output_mse,0.006016392260789871
0.7,6,4,full_sparse,output_mae,0.05892810598015785
0.7,6,4,full_sparse,output_cosine,0.9836966097354889
0.7,6,4,full_sparse,output_relative_rmse,0.17858768999576569
0.7,6,4,full_corrected,self_mass,0.004516922519542277
0.7,6,4,full_corrected,output_mse,0.006825690157711506
0.7,6,4,full_corrected,output_mae,0.06322833336889744
0.7,6,4,full_corrected,output_cosine,0.9810056686401367
0.7,6,4,full_corrected,output_relative_rmse,0.19005387276411057
0.7,6,5,dense,self_mass,0.0018408511532470584
0.7,6,5,dense,output_mse,0.0
0.7,6,5,dense,output_mae,0.0
0.7,6,5,dense,output_cosine,1.0
0.7,6,5,dense,output_relative_rmse,0.0
0.7,6,5,local_sparse,self_mass,0.003556958632543683
0.7,6,5,local_sparse,output_mse,0.01124190166592598
0.7,6,5,local_sparse,output_mae,0.08103691041469574
0.7,6,5,local_sparse,output_cosine,0.9647685289382935
0.7,6,5,local_sparse,output_relative_rmse,0.2685198113322258
0.7,6,5,local_corrected,self_mass,0.0017863918910734355
0.7,6,5,local_corrected,output_mse,0.01126697426661849
0.7,6,5,local_corrected,output_mae,0.08109088987112045
0.7,6,5,local_corrected,output_cosine,0.9646898508071899
0.7,6,5,local_corrected,output_relative_rmse,0.26881875842809677
0.7,6,5,full_sparse,self_mass,0.003479860257357359
0.7,6,5,full_sparse,output_mse,0.009370272047817707
0.7,6,5,full_sparse,output_mae,0.07389724627137184
0.7,6,5,full_sparse,output_cosine,0.9723080396652222
0.7,6,5,full_sparse,output_relative_rmse,0.24510926753282547
0.7,6,5,full_corrected,self_mass,0.0018174881115555763
0.7,6,5,full_corrected,output_mse,0.010387609247118235
0.7,6,5,full_corrected,output_mae,0.07797348871827126
0.7,6,5,full_corrected,output_cosine,0.970061331987381
0.7,6,5,full_corrected,output_relative_rmse,0.25807907432317734
0.7,6,6,dense,self_mass,0.006487560225650668
0.7,6,6,dense,output_mse,0.0
0.7,6,6,dense,output_mae,0.0
0.7,6,6,dense,output_cosine,1.0
0.7,6,6,dense,output_relative_rmse,0.0
0.7,6,6,local_sparse,self_mass,0.012262898497283459
0.7,6,6,local_sparse,output_mse,0.004908775677904487
0.7,6,6,local_sparse,output_mae,0.054999493062496185
0.7,6,6,local_sparse,output_cosine,0.9798529148101807
0.7,6,6,local_sparse,output_relative_rmse,0.20030271261930466
0.7,6,6,local_corrected,self_mass,0.006248129298910499
0.7,6,6,local_corrected,output_mse,0.004958293400704861
0.7,6,6,local_corrected,output_mae,0.05519505776464939
0.7,6,6,local_corrected,output_cosine,0.9796484112739563
0.7,6,6,local_corrected,output_relative_rmse,0.20106732845306396
0.7,6,6,full_sparse,self_mass,0.012174379080533981
0.7,6,6,full_sparse,output_mse,0.004249047371558845
0.7,6,6,full_sparse,output_mae,0.05020531453192234
0.7,6,6,full_sparse,output_cosine,0.980751097202301
0.7,6,6,full_sparse,output_relative_rmse,0.19028118252754211
0.7,6,6,full_corrected,self_mass,0.006296064238995314
0.7,6,6,full_corrected,output_mse,0.004843499744310975
0.7,6,6,full_corrected,output_mae,0.05363970994949341
0.7,6,6,full_corrected,output_cosine,0.977926641702652
0.7,6,6,full_corrected,output_relative_rmse,0.20329391211271286
0.7,6,7,dense,self_mass,0.010710184462368488
0.7,6,7,dense,output_mse,0.0
0.7,6,7,dense,output_mae,0.0
0.7,6,7,dense,output_cosine,1.0
0.7,6,7,dense,output_relative_rmse,0.0
0.7,6,7,local_sparse,self_mass,0.019506008364260197
0.7,6,7,local_sparse,output_mse,0.00546372658573091
0.7,6,7,local_sparse,output_mae,0.05670391023159027
0.7,6,7,local_sparse,output_cosine,0.9872937202453613
0.7,6,7,local_sparse,output_relative_rmse,0.14613891392946243
0.7,6,7,local_corrected,self_mass,0.010140332393348217
0.7,6,7,local_corrected,output_mse,0.005575782619416714
0.7,6,7,local_corrected,output_mae,0.057189250364899635
0.7,6,7,local_corrected,output_cosine,0.9870051741600037
0.7,6,7,local_corrected,output_relative_rmse,0.1476045399904251
0.7,6,7,full_sparse,self_mass,0.01948409527540207
0.7,6,7,full_sparse,output_mse,0.00768945412710309
0.7,6,7,full_sparse,output_mae,0.06467434205114841
0.7,6,7,full_sparse,output_cosine,0.9818307459354401
0.7,6,7,full_sparse,output_relative_rmse,0.1732410490512848
0.7,6,7,full_corrected,self_mass,0.010414701886475086
0.7,6,7,full_corrected,output_mse,0.008401616010814905
0.7,6,7,full_corrected,output_mae,0.06761643663048744
0.7,6,7,full_corrected,output_cosine,0.9809553027153015
0.7,6,7,full_corrected,output_relative_rmse,0.18135427683591843
0.7,6,8,dense,self_mass,0.02751280553638935
0.7,6,8,dense,output_mse,0.0
0.7,6,8,dense,output_mae,0.0
0.7,6,8,dense,output_cosine,1.0
0.7,6,8,dense,output_relative_rmse,0.0
0.7,6,8,local_sparse,self_mass,0.053198544308543205
0.7,6,8,local_sparse,output_mse,0.0069417208433151245
0.7,6,8,local_sparse,output_mae,0.06273994967341423
0.7,6,8,local_sparse,output_cosine,0.9859178066253662
0.7,6,8,local_sparse,output_relative_rmse,0.16052167117595673
0.7,6,8,local_corrected,self_mass,0.02815166674554348
0.7,6,8,local_corrected,output_mse,0.006786293815821409
0.7,6,8,local_corrected,output_mae,0.06142854690551758
0.7,6,8,local_corrected,output_cosine,0.9864314198493958
0.7,6,8,local_corrected,output_relative_rmse,0.15853320807218552
0.7,6,8,full_sparse,self_mass,0.051641762256622314
0.7,6,8,full_sparse,output_mse,0.007945684250444174
0.7,6,8,full_sparse,output_mae,0.0659903921186924
0.7,6,8,full_sparse,output_cosine,0.9836481809616089
0.7,6,8,full_sparse,output_relative_rmse,0.1720692291855812
0.7,6,8,full_corrected,self_mass,0.028714577667415142
0.7,6,8,full_corrected,output_mse,0.008840583730489016
0.7,6,8,full_corrected,output_mae,0.06965099088847637
0.7,6,8,full_corrected,output_cosine,0.9822028875350952
0.7,6,8,full_corrected,output_relative_rmse,0.18138550221920013
0.7,6,9,dense,self_mass,0.003581108758226037
0.7,6,9,dense,output_mse,0.0
0.7,6,9,dense,output_mae,0.0
0.7,6,9,dense,output_cosine,1.0
0.7,6,9,dense,output_relative_rmse,0.0
0.7,6,9,local_sparse,self_mass,0.006830907426774502
0.7,6,9,local_sparse,output_mse,0.019523414317518473
0.7,6,9,local_sparse,output_mae,0.09545253589749336
0.7,6,9,local_sparse,output_cosine,0.9549146890640259
0.7,6,9,local_sparse,output_relative_rmse,0.2829562872648239
0.7,6,9,local_corrected,self_mass,0.003444735426455736
0.7,6,9,local_corrected,output_mse,0.019553723745048046
0.7,6,9,local_corrected,output_mae,0.09557897970080376
0.7,6,9,local_corrected,output_cosine,0.9548403024673462
0.7,6,9,local_corrected,output_relative_rmse,0.28314653784036636
0.7,6,9,full_sparse,self_mass,0.006942088482901454
0.7,6,9,full_sparse,output_mse,0.009575631469488144
0.7,6,9,full_sparse,output_mae,0.07412425056099892
0.7,6,9,full_sparse,output_cosine,0.9768497943878174
0.7,6,9,full_sparse,output_relative_rmse,0.20860770344734192
0.7,6,9,full_corrected,self_mass,0.003535075578838587
0.7,6,9,full_corrected,output_mse,0.009677563328295946
0.7,6,9,full_corrected,output_mae,0.07532928511500359
0.7,6,9,full_corrected,output_cosine,0.9762873649597168
0.7,6,9,full_corrected,output_relative_rmse,0.21047645062208176
0.7,6,10,dense,self_mass,0.02514410763978958
0.7,6,10,dense,output_mse,0.0
0.7,6,10,dense,output_mae,0.0
0.7,6,10,dense,output_cosine,1.0
0.7,6,10,dense,output_relative_rmse,0.0
0.7,6,10,local_sparse,self_mass,0.045219216495752335
0.7,6,10,local_sparse,output_mse,0.005858816206455231
0.7,6,10,local_sparse,output_mae,0.059489889070391655
0.7,6,10,local_sparse,output_cosine,0.9848065376281738
0.7,6,10,local_sparse,output_relative_rmse,0.16577289998531342
0.7,6,10,local_corrected,self_mass,0.023508260026574135
0.7,6,10,local_corrected,output_mse,0.0061883036978542805
0.7,6,10,local_corrected,output_mae,0.06092933565378189
0.7,6,10,local_corrected,output_cosine,0.9839295446872711
0.7,6,10,local_corrected,output_relative_rmse,0.1703646257519722
0.7,6,10,full_sparse,self_mass,0.04500594176352024
0.7,6,10,full_sparse,output_mse,0.006232120795175433
0.7,6,10,full_sparse,output_mae,0.06054622679948807
0.7,6,10,full_sparse,output_cosine,0.9838321805000305
0.7,6,10,full_sparse,output_relative_rmse,0.17097412049770355
0.7,6,10,full_corrected,self_mass,0.024279181845486164
0.7,6,10,full_corrected,output_mse,0.006926232483237982
0.7,6,10,full_corrected,output_mae,0.06411393731832504
0.7,6,10,full_corrected,output_cosine,0.9821898639202118
0.7,6,10,full_corrected,output_relative_rmse,0.1802324280142784
0.7,6,11,dense,self_mass,0.007324657402932644
0.7,6,11,dense,output_mse,0.0
0.7,6,11,dense,output_mae,0.0
0.7,6,11,dense,output_cosine,1.0
0.7,6,11,dense,output_relative_rmse,0.0
0.7,6,11,local_sparse,self_mass,0.0146759576164186
0.7,6,11,local_sparse,output_mse,0.011609012261033058
0.7,6,11,local_sparse,output_mae,0.07637527957558632
0.7,6,11,local_sparse,output_cosine,0.9844938516616821
0.7,6,11,local_sparse,output_relative_rmse,0.17663107812404633
0.7,6,11,local_corrected,self_mass,0.0075650932267308235
0.7,6,11,local_corrected,output_mse,0.01176308048889041
0.7,6,11,local_corrected,output_mae,0.07694804295897484
0.7,6,11,local_corrected,output_cosine,0.9842633306980133
0.7,6,11,local_corrected,output_relative_rmse,0.1777031272649765
0.7,6,11,full_sparse,self_mass,0.014357377775013447
0.7,6,11,full_sparse,output_mse,0.01440998911857605
0.7,6,11,full_sparse,output_mae,0.08546825498342514
0.7,6,11,full_sparse,output_cosine,0.9797635674476624
0.7,6,11,full_sparse,output_relative_rmse,0.19791150093078613
0.7,6,11,full_corrected,self_mass,0.007563981926068664
0.7,6,11,full_corrected,output_mse,0.015571605414152145
0.7,6,11,full_corrected,output_mae,0.09006055817008018
0.7,6,11,full_corrected,output_cosine,0.9780685305595398
0.7,6,11,full_corrected,output_relative_rmse,0.20620757341384888
0.7,7,0,dense,self_mass,0.015133135952055454
0.7,7,0,dense,output_mse,0.0
0.7,7,0,dense,output_mae,0.0
0.7,7,0,dense,output_cosine,1.0
0.7,7,0,dense,output_relative_rmse,0.0
0.7,7,0,local_sparse,self_mass,0.029311904683709145
0.7,7,0,local_sparse,output_mse,0.004327930044382811
0.7,7,0,local_sparse,output_mae,0.05057686194777489
0.7,7,0,local_sparse,output_cosine,0.9851640462875366
0.7,7,0,local_sparse,output_relative_rmse,0.15345045924186707
0.7,7,0,local_corrected,self_mass,0.015211396850645542
0.7,7,0,local_corrected,output_mse,0.004203347489237785
0.7,7,0,local_corrected,output_mae,0.049825625494122505
0.7,7,0,local_corrected,output_cosine,0.9855038225650787
0.7,7,0,local_corrected,output_relative_rmse,0.15110474079847336
0.7,7,0,full_sparse,self_mass,0.029072212055325508
0.7,7,0,full_sparse,output_mse,0.004934605676680803
0.7,7,0,full_sparse,output_mae,0.054122164845466614
0.7,7,0,full_sparse,output_cosine,0.987036794424057
0.7,7,0,full_sparse,output_relative_rmse,0.1637408658862114
0.7,7,0,full_corrected,self_mass,0.015689038205891848
0.7,7,0,full_corrected,output_mse,0.005397669621743262
0.7,7,0,full_corrected,output_mae,0.05642867833375931
0.7,7,0,full_corrected,output_cosine,0.9863936007022858
0.7,7,0,full_corrected,output_relative_rmse,0.1709965467453003
0.7,7,1,dense,self_mass,0.011990006547421217
0.7,7,1,dense,output_mse,0.0
0.7,7,1,dense,output_mae,0.0
0.7,7,1,dense,output_cosine,1.0
0.7,7,1,dense,output_relative_rmse,0.0
0.7,7,1,local_sparse,self_mass,0.021477051079273224
0.7,7,1,local_sparse,output_mse,0.005383900133892894
0.7,7,1,local_sparse,output_mae,0.05721215158700943
0.7,7,1,local_sparse,output_cosine,0.9857169985771179
0.7,7,1,local_sparse,output_relative_rmse,0.17127462476491928
0.7,7,1,local_corrected,self_mass,0.011253243312239647
0.7,7,1,local_corrected,output_mse,0.005397246219217777
0.7,7,1,local_corrected,output_mae,0.0573006235063076
0.7,7,1,local_corrected,output_cosine,0.9855585396289825
0.7,7,1,local_corrected,output_relative_rmse,0.1715385764837265
0.7,7,1,full_sparse,self_mass,0.02107194811105728
0.7,7,1,full_sparse,output_mse,0.00773594481870532
0.7,7,1,full_sparse,output_mae,0.062480710446834564
0.7,7,1,full_sparse,output_cosine,0.9778285920619965
0.7,7,1,full_sparse,output_relative_rmse,0.20564282685518265
0.7,7,1,full_corrected,self_mass,0.011302235070616007
0.7,7,1,full_corrected,output_mse,0.00921727530658245
0.7,7,1,full_corrected,output_mae,0.06913057714700699
0.7,7,1,full_corrected,output_cosine,0.9750471115112305
0.7,7,1,full_corrected,output_relative_rmse,0.22418374568223953
0.7,7,2,dense,self_mass,0.004682121332734823
0.7,7,2,dense,output_mse,0.0
0.7,7,2,dense,output_mae,0.0
0.7,7,2,dense,output_cosine,1.0
0.7,7,2,dense,output_relative_rmse,0.0
0.7,7,2,local_sparse,self_mass,0.009341146796941757
0.7,7,2,local_sparse,output_mse,0.006404253770597279
0.7,7,2,local_sparse,output_mae,0.05915089696645737
0.7,7,2,local_sparse,output_cosine,0.9696913361549377
0.7,7,2,local_sparse,output_relative_rmse,0.2196272611618042
0.7,7,2,local_corrected,self_mass,0.004691500682383776
0.7,7,2,local_corrected,output_mse,0.006457232171669602
0.7,7,2,local_corrected,output_mae,0.05941842123866081
0.7,7,2,local_corrected,output_cosine,0.9695340096950531
0.7,7,2,local_corrected,output_relative_rmse,0.2208978682756424
0.7,7,2,full_sparse,self_mass,0.00958629185333848
0.7,7,2,full_sparse,output_mse,0.005187313770875335
0.7,7,2,full_sparse,output_mae,0.05496552959084511
0.7,7,2,full_sparse,output_cosine,0.9789855778217316
0.7,7,2,full_sparse,output_relative_rmse,0.20445388555526733
0.7,7,2,full_corrected,self_mass,0.004795682150870562
0.7,7,2,full_corrected,output_mse,0.00576266273856163
0.7,7,2,full_corrected,output_mae,0.05730067938566208
0.7,7,2,full_corrected,output_cosine,0.9776119887828827
0.7,7,2,full_corrected,output_relative_rmse,0.21626372635364532
0.7,7,3,dense,self_mass,0.01516666542738676
0.7,7,3,dense,output_mse,0.0
0.7,7,3,dense,output_mae,0.0
0.7,7,3,dense,output_cosine,1.0
0.7,7,3,dense,output_relative_rmse,0.0
0.7,7,3,local_sparse,self_mass,0.032257964834570885
0.7,7,3,local_sparse,output_mse,0.015736246947199106
0.7,7,3,local_sparse,output_mae,0.09271474927663803
0.7,7,3,local_sparse,output_cosine,0.9758398532867432
0.7,7,3,local_sparse,output_relative_rmse,0.21968691051006317
0.7,7,3,local_corrected,self_mass,0.016737970523536205
0.7,7,3,local_corrected,output_mse,0.01625694939866662
0.7,7,3,local_corrected,output_mae,0.09385950118303299
0.7,7,3,local_corrected,output_cosine,0.9748923480510712
0.7,7,3,local_corrected,output_relative_rmse,0.22331400960683823
0.7,7,3,full_sparse,self_mass,0.032122887670993805
0.7,7,3,full_sparse,output_mse,0.015818918123841286
0.7,7,3,full_sparse,output_mae,0.0959448330104351
0.7,7,3,full_sparse,output_cosine,0.975737988948822
0.7,7,3,full_sparse,output_relative_rmse,0.22089315205812454
0.7,7,3,full_corrected,self_mass,0.016897805966436863
0.7,7,3,full_corrected,output_mse,0.017541518434882164
0.7,7,3,full_corrected,output_mae,0.10073176398873329
0.7,7,3,full_corrected,output_cosine,0.973838210105896
0.7,7,3,full_corrected,output_relative_rmse,0.232661634683609
0.7,7,4,dense,self_mass,0.005957854446023703
0.7,7,4,dense,output_mse,0.0
0.7,7,4,dense,output_mae,0.0
0.7,7,4,dense,output_cosine,1.0
0.7,7,4,dense,output_relative_rmse,0.0
0.7,7,4,local_sparse,self_mass,0.010715721640735865
0.7,7,4,local_sparse,output_mse,0.003476229147054255
0.7,7,4,local_sparse,output_mae,0.04556533135473728
0.7,7,4,local_sparse,output_cosine,0.9874026477336884
0.7,7,4,local_sparse,output_relative_rmse,0.14874372631311417
0.7,7,4,local_corrected,self_mass,0.005484693683683872
0.7,7,4,local_corrected,output_mse,0.003524329629726708
0.7,7,4,local_corrected,output_mae,0.045880308374762535
0.7,7,4,local_corrected,output_cosine,0.9872494339942932
0.7,7,4,local_corrected,output_relative_rmse,0.14969274401664734
0.7,7,4,full_sparse,self_mass,0.010874927043914795
0.7,7,4,full_sparse,output_mse,0.004406906897202134
0.7,7,4,full_sparse,output_mae,0.050228431820869446
0.7,7,4,full_sparse,output_cosine,0.9863284230232239
0.7,7,4,full_sparse,output_relative_rmse,0.16616474837064743
0.7,7,4,full_corrected,self_mass,0.005748453084379435
0.7,7,4,full_corrected,output_mse,0.0049333153292536736
0.7,7,4,full_corrected,output_mae,0.05330226756632328
0.7,7,4,full_corrected,output_cosine,0.9850655496120453
0.7,7,4,full_corrected,output_relative_rmse,0.1772906333208084
0.7,7,5,dense,self_mass,0.006834286730736494
0.7,7,5,dense,output_mse,0.0
0.7,7,5,dense,output_mae,0.0
0.7,7,5,dense,output_cosine,1.0
0.7,7,5,dense,output_relative_rmse,0.0
0.7,7,5,local_sparse,self_mass,0.012269396800547838
0.7,7,5,local_sparse,output_mse,0.007259640609845519
0.7,7,5,local_sparse,output_mae,0.06527247652411461
0.7,7,5,local_sparse,output_cosine,0.982844889163971
0.7,7,5,local_sparse,output_relative_rmse,0.20264843851327896
0.7,7,5,local_corrected,self_mass,0.006329122697934508
0.7,7,5,local_corrected,output_mse,0.007354122353717685
0.7,7,5,local_corrected,output_mae,0.06571007892489433
0.7,7,5,local_corrected,output_cosine,0.9826186001300812
0.7,7,5,local_corrected,output_relative_rmse,0.20405526459217072
0.7,7,5,full_sparse,self_mass,0.012660793494433165
0.7,7,5,full_sparse,output_mse,0.004595603793859482
0.7,7,5,full_sparse,output_mae,0.05209527909755707
0.7,7,5,full_sparse,output_cosine,0.988565593957901
0.7,7,5,full_sparse,output_relative_rmse,0.16349930316209793
0.7,7,5,full_corrected,self_mass,0.006685261847451329
0.7,7,5,full_corrected,output_mse,0.005701260874047875
0.7,7,5,full_corrected,output_mae,0.058637602254748344
0.7,7,5,full_corrected,output_cosine,0.9869736433029175
0.7,7,5,full_corrected,output_relative_rmse,0.18186838179826736
0.7,7,6,dense,self_mass,0.0010321548325009644
0.7,7,6,dense,output_mse,0.0
0.7,7,6,dense,output_mae,0.0
0.7,7,6,dense,output_cosine,1.0
0.7,7,6,dense,output_relative_rmse,0.0
0.7,7,6,local_sparse,self_mass,0.0019744872697629035
0.7,7,6,local_sparse,output_mse,0.003951132879592478
0.7,7,6,local_sparse,output_mae,0.04870937578380108
0.7,7,6,local_sparse,output_cosine,0.9866994917392731
0.7,7,6,local_sparse,output_relative_rmse,0.15951144695281982
0.7,7,6,local_corrected,self_mass,0.0009857232798822224
0.7,7,6,local_corrected,output_mse,0.0039564494509249926
0.7,7,6,local_corrected,output_mae,0.04873472452163696
0.7,7,6,local_corrected,output_cosine,0.9867001175880432
0.7,7,6,local_corrected,output_relative_rmse,0.15959396213293076
0.7,7,6,full_sparse,self_mass,0.0019513238221406937
0.7,7,6,full_sparse,output_mse,0.004282259149476886
0.7,7,6,full_sparse,output_mae,0.05058690346777439
0.7,7,6,full_sparse,output_cosine,0.9858196675777435
0.7,7,6,full_sparse,output_relative_rmse,0.1700419783592224
0.7,7,6,full_corrected,self_mass,0.0009014446113724262
0.7,7,6,full_corrected,output_mse,0.005020776065066457
0.7,7,6,full_corrected,output_mae,0.05467347800731659
0.7,7,6,full_corrected,output_cosine,0.9841480553150177
0.7,7,6,full_corrected,output_relative_rmse,0.18424824625253677
0.7,7,7,dense,self_mass,0.006837831344455481
0.7,7,7,dense,output_mse,0.0
0.7,7,7,dense,output_mae,0.0
0.7,7,7,dense,output_cosine,1.0
0.7,7,7,dense,output_relative_rmse,0.0
0.7,7,7,local_sparse,self_mass,0.012850425206124783
0.7,7,7,local_sparse,output_mse,0.0050047943368554115
0.7,7,7,local_sparse,output_mae,0.0540329497307539
0.7,7,7,local_sparse,output_cosine,0.977532148361206
0.7,7,7,local_sparse,output_relative_rmse,0.20913302153348923
0.7,7,7,local_corrected,self_mass,0.006542579270899296
0.7,7,7,local_corrected,output_mse,0.005123429233208299
0.7,7,7,local_corrected,output_mae,0.05456341803073883
0.7,7,7,local_corrected,output_cosine,0.9768779873847961
0.7,7,7,local_corrected,output_relative_rmse,0.21160664409399033
0.7,7,7,full_sparse,self_mass,0.013034348376095295
0.7,7,7,full_sparse,output_mse,0.00545413582585752
0.7,7,7,full_sparse,output_mae,0.055553777143359184
0.7,7,7,full_sparse,output_cosine,0.9755149781703949
0.7,7,7,full_sparse,output_relative_rmse,0.21914274990558624
0.7,7,7,full_corrected,self_mass,0.0069550874177366495
0.7,7,7,full_corrected,output_mse,0.006396717857569456
0.7,7,7,full_corrected,output_mae,0.05974342301487923
0.7,7,7,full_corrected,output_cosine,0.9736277461051941
0.7,7,7,full_corrected,output_relative_rmse,0.2371382862329483
0.7,7,8,dense,self_mass,0.017294395714998245
0.7,7,8,dense,output_mse,0.0
0.7,7,8,dense,output_mae,0.0
0.7,7,8,dense,output_cosine,1.0
0.7,7,8,dense,output_relative_rmse,0.0
0.7,7,8,local_sparse,self_mass,0.030160062946379185
0.7,7,8,local_sparse,output_mse,0.007875962881371379
0.7,7,8,local_sparse,output_mae,0.06245489418506622
0.7,7,8,local_sparse,output_cosine,0.981908917427063
0.7,7,8,local_sparse,output_relative_rmse,0.19056588411331177
0.7,7,8,local_corrected,self_mass,0.015612103044986725
0.7,7,8,local_corrected,output_mse,0.008316950872540474
0.7,7,8,local_corrected,output_mae,0.06405176594853401
0.7,7,8,local_corrected,output_cosine,0.9808290898799896
0.7,7,8,local_corrected,output_relative_rmse,0.19574110954999924
0.7,7,8,full_sparse,self_mass,0.03139371983706951
0.7,7,8,full_sparse,output_mse,0.007175542647019029
0.7,7,8,full_sparse,output_mae,0.06292083114385605
0.7,7,8,full_sparse,output_cosine,0.9807581603527069
0.7,7,8,full_sparse,output_relative_rmse,0.18461225181818008
0.7,7,8,full_corrected,self_mass,0.016915536485612392
0.7,7,8,full_corrected,output_mse,0.007941083051264286
0.7,7,8,full_corrected,output_mae,0.06609215959906578
0.7,7,8,full_corrected,output_cosine,0.9793286621570587
0.7,7,8,full_corrected,output_relative_rmse,0.19416996091604233
0.7,7,9,dense,self_mass,0.002545578172430396
0.7,7,9,dense,output_mse,0.0
0.7,7,9,dense,output_mae,0.0
0.7,7,9,dense,output_cosine,1.0
0.7,7,9,dense,output_relative_rmse,0.0
0.7,7,9,local_sparse,self_mass,0.004978924756869674
0.7,7,9,local_sparse,output_mse,0.006674290169030428
0.7,7,9,local_sparse,output_mae,0.06312932446599007
0.7,7,9,local_sparse,output_cosine,0.9749184548854828
0.7,7,9,local_sparse,output_relative_rmse,0.21573353558778763
0.7,7,9,local_corrected,self_mass,0.002490126993507147
0.7,7,9,local_corrected,output_mse,0.006726040970534086
0.7,7,9,local_corrected,output_mae,0.06339509040117264
0.7,7,9,local_corrected,output_cosine,0.9747176170349121
0.7,7,9,local_corrected,output_relative_rmse,0.21661730855703354
0.7,7,9,full_sparse,self_mass,0.005369063466787338
0.7,7,9,full_sparse,output_mse,0.004160937387496233
0.7,7,9,full_sparse,output_mae,0.05050473101437092
0.7,7,9,full_sparse,output_cosine,0.9838935434818268
0.7,7,9,full_sparse,output_relative_rmse,0.1783587634563446
0.7,7,9,full_corrected,self_mass,0.002680999110452831
0.7,7,9,full_corrected,output_mse,0.004632454365491867
0.7,7,9,full_corrected,output_mae,0.05302487127482891
0.7,7,9,full_corrected,output_cosine,0.9821743965148926
0.7,7,9,full_corrected,output_relative_rmse,0.18706784397363663
0.7,7,10,dense,self_mass,0.01820883620530367
0.7,7,10,dense,output_mse,0.0
0.7,7,10,dense,output_mae,0.0
0.7,7,10,dense,output_cosine,1.0
0.7,7,10,dense,output_relative_rmse,0.0
0.7,7,10,local_sparse,self_mass,0.034947000443935394
0.7,7,10,local_sparse,output_mse,0.023151871748268604
0.7,7,10,local_sparse,output_mae,0.10844786837697029
0.7,7,10,local_sparse,output_cosine,0.9694786071777344
0.7,7,10,local_sparse,output_relative_rmse,0.24542401731014252
0.7,7,10,local_corrected,self_mass,0.018602089025080204
0.7,7,10,local_corrected,output_mse,0.023401914164423943
0.7,7,10,local_corrected,output_mae,0.10958291962742805
0.7,7,10,local_corrected,output_cosine,0.9690355658531189
0.7,7,10,local_corrected,output_relative_rmse,0.24685260653495789
0.7,7,10,full_sparse,self_mass,0.03488173149526119
0.7,7,10,full_sparse,output_mse,0.02148151397705078
0.7,7,10,full_sparse,output_mae,0.10863083600997925
0.7,7,10,full_sparse,output_cosine,0.9730580151081085
0.7,7,10,full_sparse,output_relative_rmse,0.23650513589382172
0.7,7,10,full_corrected,self_mass,0.018721895292401314
0.7,7,10,full_corrected,output_mse,0.024052231572568417
0.7,7,10,full_corrected,output_mae,0.11467338725924492
0.7,7,10,full_corrected,output_cosine,0.9713701903820038
0.7,7,10,full_corrected,output_relative_rmse,0.25022196024656296
0.7,7,11,dense,self_mass,0.003454886027611792
0.7,7,11,dense,output_mse,0.0
0.7,7,11,dense,output_mae,0.0
0.7,7,11,dense,output_cosine,1.0
0.7,7,11,dense,output_relative_rmse,0.0
0.7,7,11,local_sparse,self_mass,0.006228708429262042
0.7,7,11,local_sparse,output_mse,0.005006791558116674
0.7,7,11,local_sparse,output_mae,0.05470968969166279
0.7,7,11,local_sparse,output_cosine,0.9881804883480072
0.7,7,11,local_sparse,output_relative_rmse,0.16598061472177505
0.7,7,11,local_corrected,self_mass,0.0032443193485960364
0.7,7,11,local_corrected,output_mse,0.005058724666014314
0.7,7,11,local_corrected,output_mae,0.055045394226908684
0.7,7,11,local_corrected,output_cosine,0.9880189299583435
0.7,7,11,local_corrected,output_relative_rmse,0.16681510210037231
0.7,7,11,full_sparse,self_mass,0.006483557866886258
0.7,7,11,full_sparse,output_mse,0.006002980517223477
0.7,7,11,full_sparse,output_mae,0.05795677378773689
0.7,7,11,full_sparse,output_cosine,0.9848799407482147
0.7,7,11,full_sparse,output_relative_rmse,0.18091854453086853
0.7,7,11,full_corrected,self_mass,0.0033820620737969875
0.7,7,11,full_corrected,output_mse,0.007415935397148132
0.7,7,11,full_corrected,output_mae,0.0641104057431221
0.7,7,11,full_corrected,output_cosine,0.9829547703266144
0.7,7,11,full_corrected,output_relative_rmse,0.20076875388622284
0.7,8,0,dense,self_mass,0.019186589866876602
0.7,8,0,dense,output_mse,0.0
0.7,8,0,dense,output_mae,0.0
0.7,8,0,dense,output_cosine,1.0
0.7,8,0,dense,output_relative_rmse,0.0
0.7,8,0,local_sparse,self_mass,0.037057068198919296
0.7,8,0,local_sparse,output_mse,0.008411320857703686
0.7,8,0,local_sparse,output_mae,0.07020066305994987
0.7,8,0,local_sparse,output_cosine,0.9794009327888489
0.7,8,0,local_sparse,output_relative_rmse,0.18494533002376556
0.7,8,0,local_corrected,self_mass,0.019358272198587656
0.7,8,0,local_corrected,output_mse,0.008824985940009356
0.7,8,0,local_corrected,output_mae,0.07145940512418747
0.7,8,0,local_corrected,output_cosine,0.9786978960037231
0.7,8,0,local_corrected,output_relative_rmse,0.1892760619521141
0.7,8,0,full_sparse,self_mass,0.03700249269604683
0.7,8,0,full_sparse,output_mse,0.01049253111705184
0.7,8,0,full_sparse,output_mae,0.07753755152225494
0.7,8,0,full_sparse,output_cosine,0.9729374945163727
0.7,8,0,full_sparse,output_relative_rmse,0.20689582079648972
0.7,8,0,full_corrected,self_mass,0.01985124498605728
0.7,8,0,full_corrected,output_mse,0.011811712756752968
0.7,8,0,full_corrected,output_mae,0.08200721442699432
0.7,8,0,full_corrected,output_cosine,0.9705148339271545
0.7,8,0,full_corrected,output_relative_rmse,0.21934501081705093
0.7,8,1,dense,self_mass,0.012069304939359426
0.7,8,1,dense,output_mse,0.0
0.7,8,1,dense,output_mae,0.0
0.7,8,1,dense,output_cosine,1.0
0.7,8,1,dense,output_relative_rmse,0.0
0.7,8,1,local_sparse,self_mass,0.022932784631848335
0.7,8,1,local_sparse,output_mse,0.005599702941253781
0.7,8,1,local_sparse,output_mae,0.05800754763185978
0.7,8,1,local_sparse,output_cosine,0.9837058186531067
0.7,8,1,local_sparse,output_relative_rmse,0.18040310591459274
0.7,8,1,local_corrected,self_mass,0.011728754732757807
0.7,8,1,local_corrected,output_mse,0.005709514720365405
0.7,8,1,local_corrected,output_mae,0.05844188667833805
0.7,8,1,local_corrected,output_cosine,0.9832944869995117
0.7,8,1,local_corrected,output_relative_rmse,0.1821952983736992
0.7,8,1,full_sparse,self_mass,0.0232548825442791
0.7,8,1,full_sparse,output_mse,0.006046646274626255
0.7,8,1,full_sparse,output_mae,0.06024724245071411
0.7,8,1,full_sparse,output_cosine,0.9836603403091431
0.7,8,1,full_sparse,output_relative_rmse,0.1876382976770401
0.7,8,1,full_corrected,self_mass,0.01175686065107584
0.7,8,1,full_corrected,output_mse,0.006945659872144461
0.7,8,1,full_corrected,output_mae,0.0644325315952301
0.7,8,1,full_corrected,output_cosine,0.98192298412323
0.7,8,1,full_corrected,output_relative_rmse,0.20119905471801758
0.7,8,2,dense,self_mass,0.005798165453597903
0.7,8,2,dense,output_mse,0.0
0.7,8,2,dense,output_mae,0.0
0.7,8,2,dense,output_cosine,1.0
0.7,8,2,dense,output_relative_rmse,0.0
0.7,8,2,local_sparse,self_mass,0.010624258778989315
0.7,8,2,local_sparse,output_mse,0.009343677666038275
0.7,8,2,local_sparse,output_mae,0.07191478833556175
0.7,8,2,local_sparse,output_cosine,0.9785767793655396
0.7,8,2,local_sparse,output_relative_rmse,0.20579183101654053
0.7,8,2,local_corrected,self_mass,0.005398941691964865
0.7,8,2,local_corrected,output_mse,0.009385560173541307
0.7,8,2,local_corrected,output_mae,0.07209896668791771
0.7,8,2,local_corrected,output_cosine,0.9785131216049194
0.7,8,2,local_corrected,output_relative_rmse,0.2062496617436409
0.7,8,2,full_sparse,self_mass,0.010403433348983526
0.7,8,2,full_sparse,output_mse,0.010715359821915627
0.7,8,2,full_sparse,output_mae,0.07397220656275749
0.7,8,2,full_sparse,output_cosine,0.9764287769794464
0.7,8,2,full_sparse,output_relative_rmse,0.21749341487884521
0.7,8,2,full_corrected,self_mass,0.005491878371685743
0.7,8,2,full_corrected,output_mse,0.011780040338635445
0.7,8,2,full_corrected,output_mae,0.07729745656251907
0.7,8,2,full_corrected,output_cosine,0.9751989245414734
0.7,8,2,full_corrected,output_relative_rmse,0.22824086248874664
0.7,8,3,dense,self_mass,0.017984315752983093
0.7,8,3,dense,output_mse,0.0
0.7,8,3,dense,output_mae,0.0
0.7,8,3,dense,output_cosine,1.0
0.7,8,3,dense,output_relative_rmse,0.0
0.7,8,3,local_sparse,self_mass,0.040355343371629715
0.7,8,3,local_sparse,output_mse,0.024432146921753883
0.7,8,3,local_sparse,output_mae,0.1141209825873375
0.7,8,3,local_sparse,output_cosine,0.9672710001468658
0.7,8,3,local_sparse,output_relative_rmse,0.2577526792883873
0.7,8,3,local_corrected,self_mass,0.02152949757874012
0.7,8,3,local_corrected,output_mse,0.025295053608715534
0.7,8,3,local_corrected,output_mae,0.11549310386180878
0.7,8,3,local_corrected,output_cosine,0.966019332408905
0.7,8,3,local_corrected,output_relative_rmse,0.26217181980609894
0.7,8,3,full_sparse,self_mass,0.040273260325193405
0.7,8,3,full_sparse,output_mse,0.023280061781406403
0.7,8,3,full_sparse,output_mae,0.11132233217358589
0.7,8,3,full_sparse,output_cosine,0.9689107537269592
0.7,8,3,full_sparse,output_relative_rmse,0.25162555277347565
0.7,8,3,full_corrected,self_mass,0.022629467770457268
0.7,8,3,full_corrected,output_mse,0.02552748005837202
0.7,8,3,full_corrected,output_mae,0.1166597492992878
0.7,8,3,full_corrected,output_cosine,0.9665431976318359
0.7,8,3,full_corrected,output_relative_rmse,0.2635471597313881
0.7,8,4,dense,self_mass,0.0030624496284872293
0.7,8,4,dense,output_mse,0.0
0.7,8,4,dense,output_mae,0.0
0.7,8,4,dense,output_cosine,1.0
0.7,8,4,dense,output_relative_rmse,0.0
0.7,8,4,local_sparse,self_mass,0.005492041818797588
0.7,8,4,local_sparse,output_mse,0.0061057929415255785
0.7,8,4,local_sparse,output_mae,0.06135714054107666
0.7,8,4,local_sparse,output_cosine,0.9785557985305786
0.7,8,4,local_sparse,output_relative_rmse,0.21828026324510574
0.7,8,4,local_corrected,self_mass,0.002783633768558502
0.7,8,4,local_corrected,output_mse,0.006075224140658975
0.7,8,4,local_corrected,output_mae,0.061181945726275444
0.7,8,4,local_corrected,output_cosine,0.9785900712013245
0.7,8,4,local_corrected,output_relative_rmse,0.2176714763045311
0.7,8,4,full_sparse,self_mass,0.005579350283369422
0.7,8,4,full_sparse,output_mse,0.004451647866517305
0.7,8,4,full_sparse,output_mae,0.052239926531910896
0.7,8,4,full_sparse,output_cosine,0.9829553365707397
0.7,8,4,full_sparse,output_relative_rmse,0.18823441118001938
0.7,8,4,full_corrected,self_mass,0.0028359293937683105
0.7,8,4,full_corrected,output_mse,0.005115875042974949
0.7,8,4,full_corrected,output_mae,0.05574765242636204
0.7,8,4,full_corrected,output_cosine,0.9810438752174377
0.7,8,4,full_corrected,output_relative_rmse,0.2017659991979599
0.7,8,5,dense,self_mass,0.008460605517029762
0.7,8,5,dense,output_mse,0.0
0.7,8,5,dense,output_mae,0.0
0.7,8,5,dense,output_cosine,1.0
0.7,8,5,dense,output_relative_rmse,0.0
0.7,8,5,local_sparse,self_mass,0.016762633807957172
0.7,8,5,local_sparse,output_mse,0.004383065737783909
0.7,8,5,local_sparse,output_mae,0.05128294415771961
0.7,8,5,local_sparse,output_cosine,0.9741016626358032
0.7,8,5,local_sparse,output_relative_rmse,0.22491802275180817
0.7,8,5,local_corrected,self_mass,0.008513216394931078
0.7,8,5,local_corrected,output_mse,0.004439464071765542
0.7,8,5,local_corrected,output_mae,0.0516323447227478
0.7,8,5,local_corrected,output_cosine,0.9736255407333374
0.7,8,5,local_corrected,output_relative_rmse,0.22644706070423126
0.7,8,5,full_sparse,self_mass,0.017124938778579235
0.7,8,5,full_sparse,output_mse,0.003542100195772946
0.7,8,5,full_sparse,output_mae,0.04615701921284199
0.7,8,5,full_sparse,output_cosine,0.9798988103866577
0.7,8,5,full_sparse,output_relative_rmse,0.202510766685009
0.7,8,5,full_corrected,self_mass,0.008882511407136917
0.7,8,5,full_corrected,output_mse,0.004182244185358286
0.7,8,5,full_corrected,output_mae,0.05021817423403263
0.7,8,5,full_corrected,output_cosine,0.976331502199173
0.7,8,5,full_corrected,output_relative_rmse,0.22106469422578812
0.7,8,6,dense,self_mass,0.022296680137515068
0.7,8,6,dense,output_mse,0.0
0.7,8,6,dense,output_mae,0.0
0.7,8,6,dense,output_cosine,1.0
0.7,8,6,dense,output_relative_rmse,0.0
0.7,8,6,local_sparse,self_mass,0.0432344414293766
0.7,8,6,local_sparse,output_mse,0.01712797675281763
0.7,8,6,local_sparse,output_mae,0.09734710305929184
0.7,8,6,local_sparse,output_cosine,0.9693729877471924
0.7,8,6,local_sparse,output_relative_rmse,0.2535606399178505
0.7,8,6,local_corrected,self_mass,0.022706842981278896
0.7,8,6,local_corrected,output_mse,0.01775163598358631
0.7,8,6,local_corrected,output_mae,0.09906531125307083
0.7,8,6,local_corrected,output_cosine,0.9680800437927246
0.7,8,6,local_corrected,output_relative_rmse,0.2581547871232033
0.7,8,6,full_sparse,self_mass,0.04365146532654762
0.7,8,6,full_sparse,output_mse,0.016951918601989746
0.7,8,6,full_sparse,output_mae,0.09583548083901405
0.7,8,6,full_sparse,output_cosine,0.9711721241474152
0.7,8,6,full_sparse,output_relative_rmse,0.25146425515413284
0.7,8,6,full_corrected,self_mass,0.023347935639321804
0.7,8,6,full_corrected,output_mse,0.01874241791665554
0.7,8,6,full_corrected,output_mae,0.10131892934441566
0.7,8,6,full_corrected,output_cosine,0.9687839150428772
0.7,8,6,full_corrected,output_relative_rmse,0.2645616829395294
0.7,8,7,dense,self_mass,0.030369024723768234
0.7,8,7,dense,output_mse,0.0
0.7,8,7,dense,output_mae,0.0
0.7,8,7,dense,output_cosine,1.0
0.7,8,7,dense,output_relative_rmse,0.0
0.7,8,7,local_sparse,self_mass,0.05530330538749695
0.7,8,7,local_sparse,output_mse,0.008253083564341068
0.7,8,7,local_sparse,output_mae,0.06771784648299217
0.7,8,7,local_sparse,output_cosine,0.9851071238517761
0.7,8,7,local_sparse,output_relative_rmse,0.17800652235746384
0.7,8,7,local_corrected,self_mass,0.029775112867355347
0.7,8,7,local_corrected,output_mse,0.008954012766480446
0.7,8,7,local_corrected,output_mae,0.06967810355126858
0.7,8,7,local_corrected,output_cosine,0.9838672876358032
0.7,8,7,local_corrected,output_relative_rmse,0.1853206306695938
0.7,8,7,full_sparse,self_mass,0.05664879456162453
0.7,8,7,full_sparse,output_mse,0.008959936443716288
0.7,8,7,full_sparse,output_mae,0.06920138001441956
0.7,8,7,full_sparse,output_cosine,0.9837271571159363
0.7,8,7,full_sparse,output_relative_rmse,0.18706464767456055
0.7,8,7,full_corrected,self_mass,0.031181253492832184
0.7,8,7,full_corrected,output_mse,0.010822990909218788
0.7,8,7,full_corrected,output_mae,0.07452411949634552
0.7,8,7,full_corrected,output_cosine,0.981957197189331
0.7,8,7,full_corrected,output_relative_rmse,0.20568586140871048
0.7,8,8,dense,self_mass,0.009423854760825634
0.7,8,8,dense,output_mse,0.0
0.7,8,8,dense,output_mae,0.0
0.7,8,8,dense,output_cosine,1.0
0.7,8,8,dense,output_relative_rmse,0.0
0.7,8,8,local_sparse,self_mass,0.01776096224784851
0.7,8,8,local_sparse,output_mse,0.00522061123047024
0.7,8,8,local_sparse,output_mae,0.05400914140045643
0.7,8,8,local_sparse,output_cosine,0.9817626476287842
0.7,8,8,local_sparse,output_relative_rmse,0.19532644748687744
0.7,8,8,local_corrected,self_mass,0.009118683636188507
0.7,8,8,local_corrected,output_mse,0.005285569932311773
0.7,8,8,local_corrected,output_mae,0.05435999110341072
0.7,8,8,local_corrected,output_cosine,0.9815629422664642
0.7,8,8,local_corrected,output_relative_rmse,0.1968698725104332
0.7,8,8,full_sparse,self_mass,0.017748530954122543
0.7,8,8,full_sparse,output_mse,0.006193203618749976
0.7,8,8,full_sparse,output_mae,0.05902709439396858
0.7,8,8,full_sparse,output_cosine,0.9794014394283295
0.7,8,8,full_sparse,output_relative_rmse,0.21501528471708298
0.7,8,8,full_corrected,self_mass,0.00932539813220501
0.7,8,8,full_corrected,output_mse,0.006779080023989081
0.7,8,8,full_corrected,output_mae,0.06183687597513199
0.7,8,8,full_corrected,output_cosine,0.9774685502052307
0.7,8,8,full_corrected,output_relative_rmse,0.22560977935791016
0.7,8,9,dense,self_mass,0.011276862118393183
0.7,8,9,dense,output_mse,0.0
0.7,8,9,dense,output_mae,0.0
0.7,8,9,dense,output_cosine,1.0
0.7,8,9,dense,output_relative_rmse,0.0
0.7,8,9,local_sparse,self_mass,0.02101679239422083
0.7,8,9,local_sparse,output_mse,0.007143779657781124
0.7,8,9,local_sparse,output_mae,0.06292480230331421
0.7,8,9,local_sparse,output_cosine,0.9889838397502899
0.7,8,9,local_sparse,output_relative_rmse,0.14436864852905273
0.7,8,9,local_corrected,self_mass,0.011093489825725555
0.7,8,9,local_corrected,output_mse,0.00730591407045722
0.7,8,9,local_corrected,output_mae,0.06355048343539238
0.7,8,9,local_corrected,output_cosine,0.9888203144073486
0.7,8,9,local_corrected,output_relative_rmse,0.14609499275684357
0.7,8,9,full_sparse,self_mass,0.02015522215515375
0.7,8,9,full_sparse,output_mse,0.011489089112728834
0.7,8,9,full_sparse,output_mae,0.07916302606463432
0.7,8,9,full_sparse,output_cosine,0.9826681613922119
0.7,8,9,full_sparse,output_relative_rmse,0.18555732816457748
0.7,8,9,full_corrected,self_mass,0.011078492272645235
0.7,8,9,full_corrected,output_mse,0.013308332301676273
0.7,8,9,full_corrected,output_mae,0.08591323345899582
0.7,8,9,full_corrected,output_cosine,0.9811691343784332
0.7,8,9,full_corrected,output_relative_rmse,0.19906669110059738
0.7,8,10,dense,self_mass,0.001267247658688575
0.7,8,10,dense,output_mse,0.0
0.7,8,10,dense,output_mae,0.0
0.7,8,10,dense,output_cosine,1.0
0.7,8,10,dense,output_relative_rmse,0.0
0.7,8,10,local_sparse,self_mass,0.002495846711099148
0.7,8,10,local_sparse,output_mse,0.005432173842564225
0.7,8,10,local_sparse,output_mae,0.05942271277308464
0.7,8,10,local_sparse,output_cosine,0.976766049861908
0.7,8,10,local_sparse,output_relative_rmse,0.21871185302734375
0.7,8,10,local_corrected,self_mass,0.001246561878360808
0.7,8,10,local_corrected,output_mse,0.005467195063829422
0.7,8,10,local_corrected,output_mae,0.05961766466498375
0.7,8,10,local_corrected,output_cosine,0.9766318500041962
0.7,8,10,local_corrected,output_relative_rmse,0.21941307187080383
0.7,8,10,full_sparse,self_mass,0.002477522357366979
0.7,8,10,full_sparse,output_mse,0.004378191661089659
0.7,8,10,full_sparse,output_mae,0.051226235926151276
0.7,8,10,full_sparse,output_cosine,0.9810583293437958
0.7,8,10,full_sparse,output_relative_rmse,0.19566305726766586
0.7,8,10,full_corrected,self_mass,0.001158924656920135
0.7,8,10,full_corrected,output_mse,0.005286496132612228
0.7,8,10,full_corrected,output_mae,0.056470729410648346
0.7,8,10,full_corrected,output_cosine,0.9780861735343933
0.7,8,10,full_corrected,output_relative_rmse,0.214829720556736
0.7,8,11,dense,self_mass,0.019550868310034275
0.7,8,11,dense,output_mse,0.0
0.7,8,11,dense,output_mae,0.0
0.7,8,11,dense,output_cosine,1.0
0.7,8,11,dense,output_relative_rmse,0.0
0.7,8,11,local_sparse,self_mass,0.03701239451766014
0.7,8,11,local_sparse,output_mse,0.009366158861666918
0.7,8,11,local_sparse,output_mae,0.06810173764824867
0.7,8,11,local_sparse,output_cosine,0.9789855480194092
0.7,8,11,local_sparse,output_relative_rmse,0.20226168632507324
0.7,8,11,local_corrected,self_mass,0.019475288689136505
0.7,8,11,local_corrected,output_mse,0.009454819606617093
0.7,8,11,local_corrected,output_mae,0.06838500872254372
0.7,8,11,local_corrected,output_cosine,0.9787381887435913
0.7,8,11,local_corrected,output_relative_rmse,0.20388057082891464
0.7,8,11,full_sparse,self_mass,0.036468684673309326
0.7,8,11,full_sparse,output_mse,0.010249644983559847
0.7,8,11,full_sparse,output_mae,0.0731794610619545
0.7,8,11,full_sparse,output_cosine,0.9773001968860626
0.7,8,11,full_sparse,output_relative_rmse,0.21859405934810638
0.7,8,11,full_corrected,self_mass,0.019925507716834545
0.7,8,11,full_corrected,output_mse,0.012057664804160595
0.7,8,11,full_corrected,output_mae,0.07949382811784744
0.7,8,11,full_corrected,output_cosine,0.9739887714385986
0.7,8,11,full_corrected,output_relative_rmse,0.2371678426861763
