sample_id,t,route_repeat,mode,fm_mse,dense_prediction_mse
0,0.05,0,dense,1.0472471714019775,0.0
1,0.05,0,dense,0.9923117160797119,0.0
2,0.05,0,dense,0.909449577331543,0.0
3,0.05,0,dense,1.1204206943511963,0.0
0,0.05,0,full_sparse,1.0481212139129639,0.001988447504118085
1,0.05,0,full_sparse,0.9931880235671997,0.0029605859890580177
2,0.05,0,full_sparse,0.9155669212341309,0.005731775425374508
3,0.05,0,full_sparse,1.1186044216156006,0.0018452494405210018
0,0.05,0,full_corrected,1.0480806827545166,0.0019124146783724427
1,0.05,0,full_corrected,0.992900013923645,0.002874116413295269
2,0.05,0,full_corrected,0.9162542819976807,0.005673800595104694
3,0.05,0,full_corrected,1.118600845336914,0.00180902355350554
0,0.05,1,dense,1.0472471714019775,0.0
1,0.05,1,dense,0.9923117160797119,0.0
2,0.05,1,dense,0.909449577331543,0.0
3,0.05,1,dense,1.1204206943511963,0.0
0,0.05,1,full_sparse,1.0476070642471313,0.00180665566585958
1,0.05,1,full_sparse,0.9946072101593018,0.003209109650924802
2,0.05,1,full_sparse,0.9139041900634766,0.005099480506032705
3,0.05,1,full_sparse,1.1176825761795044,0.0019528733100742102
0,0.05,1,full_corrected,1.0476328134536743,0.001746747293509543
1,0.05,1,full_corrected,0.9944216012954712,0.003081617411226034
2,0.05,1,full_corrected,0.9136254787445068,0.004959834273904562
3,0.05,1,full_corrected,1.1176888942718506,0.0019592130556702614
0,0.15,0,dense,1.0269131660461426,0.0
1,0.15,0,dense,0.8381596803665161,0.0
2,0.15,0,dense,0.7317198514938354,0.0
3,0.15,0,dense,1.0676472187042236,0.0
0,0.15,0,full_sparse,1.0300467014312744,0.007409410551190376
1,0.15,0,full_sparse,0.841102123260498,0.007456701248884201
2,0.15,0,full_sparse,0.7367651462554932,0.008991125971078873
3,0.15,0,full_sparse,1.0649025440216064,0.006077989935874939
0,0.15,0,full_corrected,1.0306611061096191,0.007000258192420006
1,0.15,0,full_corrected,0.840973436832428,0.007067050784826279
2,0.15,0,full_corrected,0.7373838424682617,0.008754817768931389
3,0.15,0,full_corrected,1.0651521682739258,0.005957611836493015
0,0.15,1,dense,1.0269131660461426,0.0
1,0.15,1,dense,0.8381596803665161,0.0
2,0.15,1,dense,0.7317198514938354,0.0
3,0.15,1,dense,1.0676472187042236,0.0
0,0.15,1,full_sparse,1.0289889574050903,0.007546097040176392
1,0.15,1,full_sparse,0.8414338231086731,0.008139794692397118
2,0.15,1,full_sparse,0.7351260185241699,0.00947335921227932
3,0.15,1,full_sparse,1.0677098035812378,0.006686124950647354
0,0.15,1,full_corrected,1.0298850536346436,0.007263207342475653
1,0.15,1,full_corrected,0.8414404988288879,0.007757664658129215
2,0.15,1,full_corrected,0.734861433506012,0.00909142941236496
3,0.15,1,full_corrected,1.0678843259811401,0.00664560729637742
0,0.3,0,dense,0.9862745404243469,0.0
1,0.3,0,dense,0.718845546245575,0.0
2,0.3,0,dense,0.5953978896141052,0.0
3,0.3,0,dense,1.0172593593597412,0.0
0,0.3,0,full_sparse,0.9914427995681763,0.010254406370222569
1,0.3,0,full_sparse,0.7196146845817566,0.007883930578827858
2,0.3,0,full_sparse,0.600305438041687,0.00887996144592762
3,0.3,0,full_sparse,1.012199878692627,0.009669548831880093
0,0.3,0,full_corrected,0.9928914308547974,0.009724323637783527
1,0.3,0,full_corrected,0.7206447124481201,0.0074659655801951885
2,0.3,0,full_corrected,0.6000389456748962,0.008526341989636421
3,0.3,0,full_corrected,1.0115792751312256,0.00949961505830288
0,0.3,1,dense,0.9862745404243469,0.0
1,0.3,1,dense,0.718845546245575,0.0
2,0.3,1,dense,0.5953978896141052,0.0
3,0.3,1,dense,1.0172593593597412,0.0
0,0.3,1,full_sparse,0.9891496896743774,0.008802320808172226
1,0.3,1,full_sparse,0.7227798700332642,0.010542972013354301
2,0.3,1,full_sparse,0.5999324917793274,0.010931652970612049
3,0.3,1,full_sparse,1.0265032052993774,0.010273994877934456
0,0.3,1,full_corrected,0.9903591871261597,0.008258662186563015
1,0.3,1,full_corrected,0.722942590713501,0.01014451589435339
2,0.3,1,full_corrected,0.5987929105758667,0.010254207998514175
3,0.3,1,full_corrected,1.0257940292358398,0.010535996407270432
0,0.5,0,dense,0.8731799125671387,0.0
1,0.5,0,dense,0.6822221875190735,0.0
2,0.5,0,dense,0.5016679763793945,0.0
3,0.5,0,dense,0.9608515501022339,0.0
0,0.5,0,full_sparse,0.8773425817489624,0.009160595014691353
1,0.5,0,full_sparse,0.6843268871307373,0.007504256442189217
2,0.5,0,full_sparse,0.5094917416572571,0.006839221343398094
3,0.5,0,full_sparse,0.9665971994400024,0.005788466893136501
0,0.5,0,full_corrected,0.8745150566101074,0.009375903755426407
1,0.5,0,full_corrected,0.6851397752761841,0.007320565637201071
2,0.5,0,full_corrected,0.5094915628433228,0.006603938993066549
3,0.5,0,full_corrected,0.9666587114334106,0.005869759246706963
0,0.5,1,dense,0.8731799125671387,0.0
1,0.5,1,dense,0.6822221875190735,0.0
2,0.5,1,dense,0.5016679763793945,0.0
3,0.5,1,dense,0.9608515501022339,0.0
0,0.5,1,full_sparse,0.8828611969947815,0.006949928589165211
1,0.5,1,full_sparse,0.6877867579460144,0.007832927629351616
2,0.5,1,full_sparse,0.5064257383346558,0.008733784779906273
3,0.5,1,full_sparse,0.9704780578613281,0.006081743165850639
0,0.5,1,full_corrected,0.8823435306549072,0.006857139058411121
1,0.5,1,full_corrected,0.6879159212112427,0.007516702637076378
2,0.5,1,full_corrected,0.5058668851852417,0.00813121348619461
3,0.5,1,full_corrected,0.9705266356468201,0.00613916153088212
0,0.7,0,dense,0.7057347297668457,0.0
1,0.7,0,dense,0.5899696946144104,0.0
2,0.7,0,dense,0.4721013903617859,0.0
3,0.7,0,dense,0.746406078338623,0.0
0,0.7,0,full_sparse,0.716422438621521,0.004224036820232868
1,0.7,0,full_sparse,0.5930596590042114,0.0027348913718014956
2,0.7,0,full_sparse,0.4681474566459656,0.004500053822994232
3,0.7,0,full_sparse,0.7562680244445801,0.0032329363748431206
0,0.7,0,full_corrected,0.7146111130714417,0.003689965233206749
1,0.7,0,full_corrected,0.5930635929107666,0.0025543044321238995
2,0.7,0,full_corrected,0.47029417753219604,0.004059731960296631
3,0.7,0,full_corrected,0.7567096948623657,0.0035177527461200953
0,0.7,1,dense,0.7057347297668457,0.0
1,0.7,1,dense,0.5899696946144104,0.0
2,0.7,1,dense,0.4721013903617859,0.0
3,0.7,1,dense,0.746406078338623,0.0
0,0.7,1,full_sparse,0.713589072227478,0.004066832829266787
1,0.7,1,full_sparse,0.5926175713539124,0.002401325386017561
2,0.7,1,full_sparse,0.45981183648109436,0.006210631690919399
3,0.7,1,full_sparse,0.7501755356788635,0.0023837245535105467
0,0.7,1,full_corrected,0.7126063108444214,0.0035761173348873854
1,0.7,1,full_corrected,0.5923365950584412,0.0022505423985421658
2,0.7,1,full_corrected,0.4621725082397461,0.005148586817085743
3,0.7,1,full_corrected,0.751152753829956,0.002734358888119459
0,0.85,0,dense,0.6012060046195984,0.0
1,0.85,0,dense,0.5193101167678833,0.0
2,0.85,0,dense,0.5570064783096313,0.0
3,0.85,0,dense,0.6192470788955688,0.0
0,0.85,0,full_sparse,0.6103342771530151,0.0027136262506246567
1,0.85,0,full_sparse,0.5194931030273438,0.002127704443410039
2,0.85,0,full_sparse,0.5542623400688171,0.003241642378270626
3,0.85,0,full_sparse,0.6203767657279968,0.001987018156796694
0,0.85,0,full_corrected,0.6105314493179321,0.00260542007163167
1,0.85,0,full_corrected,0.5194284915924072,0.001969157252460718
2,0.85,0,full_corrected,0.5550885200500488,0.002982083009555936
3,0.85,0,full_corrected,0.6209398508071899,0.0020426977425813675
0,0.85,1,dense,0.6012060046195984,0.0
1,0.85,1,dense,0.5193101167678833,0.0
2,0.85,1,dense,0.5570064783096313,0.0
3,0.85,1,dense,0.6192470788955688,0.0
0,0.85,1,full_sparse,0.6081183552742004,0.003387239295989275
1,0.85,1,full_sparse,0.5184441804885864,0.0021344188135117292
2,0.85,1,full_sparse,0.5540401339530945,0.005067180842161179
3,0.85,1,full_sparse,0.6190953850746155,0.0015527124051004648
0,0.85,1,full_corrected,0.6080532670021057,0.003256086027249694
1,0.85,1,full_corrected,0.5184609889984131,0.0020250550005584955
2,0.85,1,full_corrected,0.5543410181999207,0.004529445897787809
3,0.85,1,full_corrected,0.6196556091308594,0.001569554558955133
0,0.95,0,dense,0.47518569231033325,0.0
1,0.95,0,dense,0.4724177122116089,0.0
2,0.95,0,dense,0.7753029465675354,0.0
3,0.95,0,dense,0.7144637703895569,0.0
0,0.95,0,full_sparse,0.4921608865261078,0.005926669109612703
1,0.95,0,full_sparse,0.47497761249542236,0.0011753434082493186
2,0.95,0,full_sparse,0.790706992149353,0.0017961288103833795
3,0.95,0,full_sparse,0.7169042825698853,0.00043268140871077776
0,0.95,0,full_corrected,0.49195200204849243,0.005882668308913708
1,0.95,0,full_corrected,0.4749690890312195,0.0011559799313545227
2,0.95,0,full_corrected,0.7902738451957703,0.0017540879780426621
3,0.95,0,full_corrected,0.7172530889511108,0.0004368797526694834
0,0.95,1,dense,0.47518569231033325,0.0
1,0.95,1,dense,0.4724177122116089,0.0
2,0.95,1,dense,0.7753029465675354,0.0
3,0.95,1,dense,0.7144637703895569,0.0
0,0.95,1,full_sparse,0.4947713613510132,0.006380216218531132
1,0.95,1,full_sparse,0.4742439389228821,0.0012089884839951992
2,0.95,1,full_sparse,0.7932116985321045,0.002171379281207919
3,0.95,1,full_sparse,0.7162278890609741,0.00043880054727196693
0,0.95,1,full_corrected,0.4946197271347046,0.00634322315454483
1,0.95,1,full_corrected,0.47421300411224365,0.0011872643372043967
2,0.95,1,full_corrected,0.7927847504615784,0.0021202578209340572
3,0.95,1,full_corrected,0.7166112661361694,0.0004433749127201736
4,0.05,0,dense,1.019235610961914,0.0
5,0.05,0,dense,1.048699975013733,0.0
6,0.05,0,dense,1.0640723705291748,0.0
7,0.05,0,dense,1.0340533256530762,0.0
4,0.05,0,full_sparse,1.020901083946228,0.002520259702578187
5,0.05,0,full_sparse,1.0516612529754639,0.0040545291267335415
6,0.05,0,full_sparse,1.0672950744628906,0.0019051091512665153
7,0.05,0,full_sparse,1.0330157279968262,0.002333720214664936
4,0.05,0,full_corrected,1.0211260318756104,0.002485203556716442
5,0.05,0,full_corrected,1.0519109964370728,0.003920580726116896
6,0.05,0,full_corrected,1.067187786102295,0.0019043083302676678
7,0.05,0,full_corrected,1.0327024459838867,0.002209811005741358
4,0.05,1,dense,1.019235610961914,0.0
5,0.05,1,dense,1.048699975013733,0.0
6,0.05,1,dense,1.0640723705291748,0.0
7,0.05,1,dense,1.0340533256530762,0.0
4,0.05,1,full_sparse,1.0192699432373047,0.0028529269620776176
5,0.05,1,full_sparse,1.0522725582122803,0.004262557253241539
6,0.05,1,full_sparse,1.0687717199325562,0.002065514214336872
7,0.05,1,full_sparse,1.0346482992172241,0.0023116415832191706
4,0.05,1,full_corrected,1.019234299659729,0.0027911460492759943
5,0.05,1,full_corrected,1.0526094436645508,0.0041922531090676785
6,0.05,1,full_corrected,1.068859577178955,0.00204038480296731
7,0.05,1,full_corrected,1.0343527793884277,0.0022142003290355206
4,0.15,0,dense,0.9129547476768494,0.0
5,0.15,0,dense,0.9460204839706421,0.0
6,0.15,0,dense,1.057474136352539,0.0
7,0.15,0,dense,0.9573962688446045,0.0
4,0.15,0,full_sparse,0.9150633811950684,0.005776480305939913
5,0.15,0,full_sparse,0.9528076648712158,0.00917882565408945
6,0.15,0,full_sparse,1.060405969619751,0.007359713315963745
7,0.15,0,full_sparse,0.9549087285995483,0.007091633044183254
4,0.15,0,full_corrected,0.9155123233795166,0.0056774551048874855
5,0.15,0,full_corrected,0.9535341858863831,0.008916785940527916
6,0.15,0,full_corrected,1.0606403350830078,0.007218741346150637
7,0.15,0,full_corrected,0.9553453922271729,0.006676987279206514
4,0.15,1,dense,0.9129547476768494,0.0
5,0.15,1,dense,0.9460204839706421,0.0
6,0.15,1,dense,1.057474136352539,0.0
7,0.15,1,dense,0.9573962688446045,0.0
4,0.15,1,full_sparse,0.9156851768493652,0.006185798440128565
5,0.15,1,full_sparse,0.9537043571472168,0.01167487446218729
6,0.15,1,full_sparse,1.0614240169525146,0.007449766155332327
7,0.15,1,full_sparse,0.9527937173843384,0.006841128692030907
4,0.15,1,full_corrected,0.9160873889923096,0.006029576063156128
5,0.15,1,full_corrected,0.9539127349853516,0.011467325501143932
6,0.15,1,full_corrected,1.0620197057724,0.0073518999852240086
7,0.15,1,full_corrected,0.9528756141662598,0.00645078020170331
4,0.3,0,dense,0.8335144519805908,0.0
5,0.3,0,dense,0.8718260526657104,0.0
6,0.3,0,dense,1.0768040418624878,0.0
7,0.3,0,dense,0.8817052841186523,0.0
4,0.3,0,full_sparse,0.8347926139831543,0.006757964380085468
5,0.3,0,full_sparse,0.8835560083389282,0.01116674393415451
6,0.3,0,full_sparse,1.0777897834777832,0.008622621186077595
7,0.3,0,full_sparse,0.8871334195137024,0.0072080641984939575
4,0.3,0,full_corrected,0.8354363441467285,0.0064160265028476715
5,0.3,0,full_corrected,0.8851142525672913,0.010778719559311867
6,0.3,0,full_corrected,1.0786333084106445,0.008388985879719257
7,0.3,0,full_corrected,0.8867936134338379,0.00685776025056839
4,0.3,1,dense,0.8335144519805908,0.0
5,0.3,1,dense,0.8718260526657104,0.0
6,0.3,1,dense,1.0768040418624878,0.0
7,0.3,1,dense,0.8817052841186523,0.0
4,0.3,1,full_sparse,0.8346434831619263,0.006515070796012878
5,0.3,1,full_sparse,0.8824353218078613,0.014880035072565079
6,0.3,1,full_sparse,1.0804967880249023,0.008954733610153198
7,0.3,1,full_sparse,0.8864760398864746,0.006784629542380571
4,0.3,1,full_corrected,0.8348497748374939,0.006216980051249266
5,0.3,1,full_corrected,0.8814432621002197,0.014746015891432762
6,0.3,1,full_corrected,1.0820856094360352,0.009049398824572563
7,0.3,1,full_corrected,0.8860529661178589,0.0063570234924554825
4,0.5,0,dense,0.8110208511352539,0.0
5,0.5,0,dense,0.9560753107070923,0.0
6,0.5,0,dense,1.02957284450531,0.0
7,0.5,0,dense,0.7771067023277283,0.0
4,0.5,0,full_sparse,0.8155789375305176,0.005070974119007587
5,0.5,0,full_sparse,0.9556055068969727,0.006201121024787426
6,0.5,0,full_sparse,1.0277608633041382,0.003377486951649189
7,0.5,0,full_sparse,0.771915078163147,0.00511742290109396
4,0.5,0,full_corrected,0.8151616454124451,0.005011015571653843
5,0.5,0,full_corrected,0.9570261240005493,0.006512023508548737
6,0.5,0,full_corrected,1.0285804271697998,0.0033644528593868017
7,0.5,0,full_corrected,0.7717097997665405,0.0049224430695176125
4,0.5,1,dense,0.8110208511352539,0.0
5,0.5,1,dense,0.9560753107070923,0.0
6,0.5,1,dense,1.02957284450531,0.0
7,0.5,1,dense,0.7771067023277283,0.0
4,0.5,1,full_sparse,0.8145390748977661,0.005076013971120119
5,0.5,1,full_sparse,0.9581209421157837,0.006674239877611399
6,0.5,1,full_sparse,1.02248215675354,0.004172017797827721
7,0.5,1,full_sparse,0.773567795753479,0.003719855332747102
4,0.5,1,full_corrected,0.8145694136619568,0.0048566656187176704
5,0.5,1,full_corrected,0.9598857164382935,0.006398670841008425
6,0.5,1,full_corrected,1.0233794450759888,0.004166164435446262
7,0.5,1,full_corrected,0.7730417847633362,0.0035455222241580486
4,0.7,0,dense,0.7765629291534424,0.0
5,0.7,0,dense,0.8510920405387878,0.0
6,0.7,0,dense,0.7976315021514893,0.0
7,0.7,0,dense,0.6273435354232788,0.0
4,0.7,0,full_sparse,0.7828036546707153,0.0029073162004351616
5,0.7,0,full_sparse,0.8507803678512573,0.0026513426564633846
6,0.7,0,full_sparse,0.7903876900672913,0.0010637941304594278
7,0.7,0,full_sparse,0.6330851912498474,0.003272214438766241
4,0.7,0,full_corrected,0.78328537940979,0.002778633963316679
5,0.7,0,full_corrected,0.8508439064025879,0.002419441007077694
6,0.7,0,full_corrected,0.7909145355224609,0.0010800741147249937
7,0.7,0,full_corrected,0.6324125528335571,0.002946946071460843
4,0.7,1,dense,0.7765629291534424,0.0
5,0.7,1,dense,0.8510920405387878,0.0
6,0.7,1,dense,0.7976315021514893,0.0
7,0.7,1,dense,0.6273435354232788,0.0
4,0.7,1,full_sparse,0.7832255363464355,0.0037846474442631006
5,0.7,1,full_sparse,0.848815381526947,0.002218998270109296
6,0.7,1,full_sparse,0.7905792593955994,0.0015645998064428568
7,0.7,1,full_sparse,0.6268911361694336,0.0020716595463454723
4,0.7,1,full_corrected,0.7839665412902832,0.0037382340524345636
5,0.7,1,full_corrected,0.8487353920936584,0.0018574337009340525
6,0.7,1,full_corrected,0.7909922003746033,0.0015023833839222789
7,0.7,1,full_corrected,0.6267204284667969,0.001889360835775733
4,0.85,0,dense,0.82938551902771,0.0
5,0.85,0,dense,0.7092890739440918,0.0
6,0.85,0,dense,0.6391931772232056,0.0
7,0.85,0,dense,0.7255855798721313,0.0
4,0.85,0,full_sparse,0.816769540309906,0.001981412759050727
5,0.85,0,full_sparse,0.7162566184997559,0.0012309513986110687
6,0.85,0,full_sparse,0.6405842900276184,0.0007221223786473274
7,0.85,0,full_sparse,0.7129467725753784,0.0012017586268484592
4,0.85,0,full_corrected,0.8165843486785889,0.0019339839927852154
5,0.85,0,full_corrected,0.7161575555801392,0.0012125559151172638
6,0.85,0,full_corrected,0.6406301856040955,0.0007127608405426145
7,0.85,0,full_corrected,0.7131503820419312,0.0011671597603708506
4,0.85,1,dense,0.82938551902771,0.0
5,0.85,1,dense,0.7092890739440918,0.0
6,0.85,1,dense,0.6391931772232056,0.0
7,0.85,1,dense,0.7255855798721313,0.0
4,0.85,1,full_sparse,0.8192856907844543,0.0025746640749275684
5,0.85,1,full_sparse,0.7129614353179932,0.0010128375142812729
6,0.85,1,full_sparse,0.641148567199707,0.0006321648834273219
7,0.85,1,full_sparse,0.7109014987945557,0.0012986152432858944
4,0.85,1,full_corrected,0.8191098570823669,0.0025722146965563297
5,0.85,1,full_corrected,0.7126755714416504,0.001000917167402804
6,0.85,1,full_corrected,0.6412359476089478,0.0006119564059190452
7,0.85,1,full_corrected,0.7111563682556152,0.001260404009371996
4,0.95,0,dense,1.033905267715454,0.0
5,0.95,0,dense,0.6049915552139282,0.0
6,0.95,0,dense,0.5817288160324097,0.0
7,0.95,0,dense,0.6121994256973267,0.0
4,0.95,0,full_sparse,1.0071841478347778,0.002254242543131113
5,0.95,0,full_sparse,0.6087169647216797,0.0006739211967214942
6,0.95,0,full_sparse,0.5830923318862915,0.0024251295253634453
7,0.95,0,full_sparse,0.621442973613739,0.0016736309044063091
4,0.95,0,full_corrected,1.007283329963684,0.0022302414290606976
5,0.95,0,full_corrected,0.6086746454238892,0.0006671117735095322
6,0.95,0,full_corrected,0.58320552110672,0.0024088320787996054
7,0.95,0,full_corrected,0.621484637260437,0.0016603709664195776
4,0.95,1,dense,1.033905267715454,0.0
5,0.95,1,dense,0.6049915552139282,0.0
6,0.95,1,dense,0.5817288160324097,0.0
7,0.95,1,dense,0.6121994256973267,0.0
4,0.95,1,full_sparse,1.0090599060058594,0.0019494574517011642
5,0.95,1,full_sparse,0.6073495745658875,0.0005584916798397899
6,0.95,1,full_sparse,0.5806581974029541,0.0022663662675768137
7,0.95,1,full_sparse,0.622699499130249,0.0014735320582985878
4,0.95,1,full_corrected,1.009178638458252,0.001926138298586011
5,0.95,1,full_corrected,0.6072985529899597,0.0005513984942808747
6,0.95,1,full_corrected,0.580784022808075,0.0022442080080509186
7,0.95,1,full_corrected,0.6227613687515259,0.0014623012393712997
8,0.05,0,dense,1.0224015712738037,0.0
9,0.05,0,dense,1.0343012809753418,0.0
10,0.05,0,dense,0.9771864414215088,0.0
11,0.05,0,dense,0.993699848651886,0.0
8,0.05,0,full_sparse,1.0224665403366089,0.0028659868985414505
9,0.05,0,full_sparse,1.0420836210250854,0.004892994184046984
10,0.05,0,full_sparse,0.9800724387168884,0.005045432597398758
11,0.05,0,full_sparse,0.9995565414428711,0.004497472662478685
8,0.05,0,full_corrected,1.0228252410888672,0.0028379959985613823
9,0.05,0,full_corrected,1.042213797569275,0.004868632182478905
10,0.05,0,full_corrected,0.9800998568534851,0.0050490135326981544
11,0.05,0,full_corrected,0.9995423555374146,0.0044882893562316895
8,0.05,1,dense,1.0224015712738037,0.0
9,0.05,1,dense,1.0343012809753418,0.0
10,0.05,1,dense,0.9771864414215088,0.0
11,0.05,1,dense,0.993699848651886,0.0
8,0.05,1,full_sparse,1.0225390195846558,0.002892365213483572
9,0.05,1,full_sparse,1.038651704788208,0.004789871163666248
10,0.05,1,full_sparse,0.980495810508728,0.0049557164311409
11,0.05,1,full_sparse,0.9972049593925476,0.004378202836960554
8,0.05,1,full_corrected,1.023104190826416,0.0028493283316493034
9,0.05,1,full_corrected,1.0390582084655762,0.004776528105139732
10,0.05,1,full_corrected,0.9802868366241455,0.0049820551648736
11,0.05,1,full_corrected,0.997500479221344,0.004344445653259754
8,0.15,0,dense,0.9275460243225098,0.0
9,0.15,0,dense,0.9240725040435791,0.0
10,0.15,0,dense,0.8533132076263428,0.0
11,0.15,0,dense,0.9103743433952332,0.0
8,0.15,0,full_sparse,0.9271702766418457,0.008291579782962799
9,0.15,0,full_sparse,0.9294905066490173,0.00996481068432331
10,0.15,0,full_sparse,0.8609777092933655,0.011778187938034534
11,0.15,0,full_sparse,0.9217514991760254,0.010706419125199318
8,0.15,0,full_corrected,0.9273684024810791,0.008265309035778046
9,0.15,0,full_corrected,0.9299861788749695,0.0099829426035285
10,0.15,0,full_corrected,0.860895037651062,0.011840153485536575
11,0.15,0,full_corrected,0.9208266735076904,0.010382433421909809
8,0.15,1,dense,0.9275460243225098,0.0
9,0.15,1,dense,0.9240725040435791,0.0
10,0.15,1,dense,0.8533132076263428,0.0
11,0.15,1,dense,0.9103743433952332,0.0
8,0.15,1,full_sparse,0.9291757941246033,0.0079532191157341
9,0.15,1,full_sparse,0.9299725294113159,0.009989440441131592
10,0.15,1,full_sparse,0.8622868061065674,0.010708032175898552
11,0.15,1,full_sparse,0.9192676544189453,0.010353263467550278
8,0.15,1,full_corrected,0.9293166399002075,0.007735345512628555
9,0.15,1,full_corrected,0.9309362173080444,0.010014010593295097
10,0.15,1,full_corrected,0.8623235821723938,0.010804429650306702
11,0.15,1,full_corrected,0.9196552634239197,0.010163307189941406
8,0.3,0,dense,0.8354637622833252,0.0
9,0.3,0,dense,0.9211069941520691,0.0
10,0.3,0,dense,0.8441505432128906,0.0
11,0.3,0,dense,0.9222488403320312,0.0
8,0.3,0,full_sparse,0.8394693732261658,0.00879782997071743
9,0.3,0,full_sparse,0.918165922164917,0.009543074294924736
10,0.3,0,full_sparse,0.8497596383094788,0.013424022123217583
11,0.3,0,full_sparse,0.9238153696060181,0.0122185368090868
8,0.3,0,full_corrected,0.8396062850952148,0.008708298206329346
9,0.3,0,full_corrected,0.9180238246917725,0.009349428117275238
10,0.3,0,full_corrected,0.8510482311248779,0.01347663439810276
11,0.3,0,full_corrected,0.9235186576843262,0.011554623022675514
8,0.3,1,dense,0.8354637622833252,0.0
9,0.3,1,dense,0.9211069941520691,0.0
10,0.3,1,dense,0.8441505432128906,0.0
11,0.3,1,dense,0.9222488403320312,0.0
8,0.3,1,full_sparse,0.8417217135429382,0.008150022476911545
9,0.3,1,full_sparse,0.9177809953689575,0.010136149823665619
10,0.3,1,full_sparse,0.8505151867866516,0.011000001803040504
11,0.3,1,full_sparse,0.9305092096328735,0.013708104379475117
8,0.3,1,full_corrected,0.8415876626968384,0.007961374707520008
9,0.3,1,full_corrected,0.9178164005279541,0.009986836463212967
10,0.3,1,full_corrected,0.8512773513793945,0.010908041149377823
11,0.3,1,full_corrected,0.9309316277503967,0.013331839814782143
8,0.5,0,dense,0.7264293432235718,0.0
9,0.5,0,dense,0.842678964138031,0.0
10,0.5,0,dense,0.9361425638198853,0.0
11,0.5,0,dense,0.8590573072433472,0.0
8,0.5,0,full_sparse,0.7243107557296753,0.007175613194704056
9,0.5,0,full_sparse,0.8420063853263855,0.005137980915606022
10,0.5,0,full_sparse,0.9267793893814087,0.0056866807863116264
11,0.5,0,full_sparse,0.8768669366836548,0.011172683909535408
8,0.5,0,full_corrected,0.7243043184280396,0.006993000395596027
9,0.5,0,full_corrected,0.8408640623092651,0.005049609579145908
10,0.5,0,full_corrected,0.925982654094696,0.0053628478199243546
11,0.5,0,full_corrected,0.876257061958313,0.010642833076417446
8,0.5,1,dense,0.7264293432235718,0.0
9,0.5,1,dense,0.842678964138031,0.0
10,0.5,1,dense,0.9361425638198853,0.0
11,0.5,1,dense,0.8590573072433472,0.0
8,0.5,1,full_sparse,0.7272800207138062,0.0059684887528419495
9,0.5,1,full_sparse,0.8460965156555176,0.005074433516710997
10,0.5,1,full_sparse,0.9302605986595154,0.006524235010147095
11,0.5,1,full_sparse,0.8644834756851196,0.00894552655518055
8,0.5,1,full_corrected,0.7277528643608093,0.005834859795868397
9,0.5,1,full_corrected,0.8459707498550415,0.004847441799938679
10,0.5,1,full_corrected,0.9304468631744385,0.0061784652061760426
11,0.5,1,full_corrected,0.8635201454162598,0.008889194577932358
8,0.7,0,dense,0.6234703063964844,0.0
9,0.7,0,dense,0.6933949589729309,0.0
10,0.7,0,dense,0.8561296463012695,0.0
11,0.7,0,dense,0.7552988529205322,0.0
8,0.7,0,full_sparse,0.628119170665741,0.004312700591981411
9,0.7,0,full_sparse,0.6930908560752869,0.001592740067280829
10,0.7,0,full_sparse,0.8590155839920044,0.0029806969687342644
11,0.7,0,full_sparse,0.7564597725868225,0.0020717750303447247
8,0.7,0,full_corrected,0.6283233165740967,0.004047469701617956
9,0.7,0,full_corrected,0.6930876970291138,0.0015742236282676458
10,0.7,0,full_corrected,0.8585448265075684,0.0028621843084692955
11,0.7,0,full_corrected,0.7565641403198242,0.0020126018207520247
8,0.7,1,dense,0.6234703063964844,0.0
9,0.7,1,dense,0.6933949589729309,0.0
10,0.7,1,dense,0.8561296463012695,0.0
11,0.7,1,dense,0.7552988529205322,0.0
8,0.7,1,full_sparse,0.6246695518493652,0.0046560452319681644
9,0.7,1,full_sparse,0.6949018239974976,0.001620803726837039
10,0.7,1,full_sparse,0.8566731214523315,0.002301921136677265
11,0.7,1,full_sparse,0.7555356621742249,0.0021683108061552048
8,0.7,1,full_corrected,0.6246985197067261,0.004390167072415352
9,0.7,1,full_corrected,0.6950860023498535,0.0015836104284971952
10,0.7,1,full_corrected,0.8556734919548035,0.0020926008000969887
11,0.7,1,full_corrected,0.7553019523620605,0.0022443379275500774
8,0.85,0,dense,0.5894138813018799,0.0
9,0.85,0,dense,0.5792399644851685,0.0
10,0.85,0,dense,0.7592406272888184,0.0
11,0.85,0,dense,0.6068987846374512,0.0
8,0.85,0,full_sparse,0.597463846206665,0.002989507745951414
9,0.85,0,full_sparse,0.5808667540550232,0.0015988880768418312
10,0.85,0,full_sparse,0.7622931003570557,0.001325961435213685
11,0.85,0,full_sparse,0.6078235507011414,0.0009989144746214151
8,0.85,0,full_corrected,0.5976298451423645,0.00296361418440938
9,0.85,0,full_corrected,0.5808696150779724,0.0014830597210675478
10,0.85,0,full_corrected,0.7625511288642883,0.001315913861617446
11,0.85,0,full_corrected,0.6082008481025696,0.0009649957064539194
8,0.85,1,dense,0.5894138813018799,0.0
9,0.85,1,dense,0.5792399644851685,0.0
10,0.85,1,dense,0.7592406272888184,0.0
11,0.85,1,dense,0.6068987846374512,0.0
8,0.85,1,full_sparse,0.5915220379829407,0.0024362883996218443
9,0.85,1,full_sparse,0.5791447162628174,0.0021624411456286907
10,0.85,1,full_sparse,0.7634029388427734,0.0016590880695730448
11,0.85,1,full_sparse,0.6072414517402649,0.0011352372821420431
8,0.85,1,full_corrected,0.5915091633796692,0.002341148443520069
9,0.85,1,full_corrected,0.5792123079299927,0.0020544761791825294
10,0.85,1,full_corrected,0.763658881187439,0.0016403805930167437
11,0.85,1,full_corrected,0.6073976755142212,0.0010907795513048768
8,0.95,0,dense,0.755853533744812,0.0
9,0.95,0,dense,0.5326856374740601,0.0
10,0.95,0,dense,0.6469907760620117,0.0
11,0.95,0,dense,0.5210345387458801,0.0
8,0.95,0,full_sparse,0.7726351022720337,0.0027979824226349592
9,0.95,0,full_sparse,0.5311193466186523,0.001225244952365756
10,0.95,0,full_sparse,0.6507357358932495,0.001528803026303649
11,0.95,0,full_sparse,0.5211395621299744,0.0012758106458932161
8,0.95,0,full_corrected,0.7726494669914246,0.0027656767051666975
9,0.95,0,full_corrected,0.5311757326126099,0.00120869732927531
10,0.95,0,full_corrected,0.6507566571235657,0.0015172110870480537
11,0.95,0,full_corrected,0.5210683345794678,0.0012676188489422202
8,0.95,1,dense,0.755853533744812,0.0
9,0.95,1,dense,0.5326856374740601,0.0
10,0.95,1,dense,0.6469907760620117,0.0
11,0.95,1,dense,0.5210345387458801,0.0
8,0.95,1,full_sparse,0.7728489637374878,0.0029262020252645016
9,0.95,1,full_sparse,0.5307681560516357,0.001423362409695983
10,0.95,1,full_sparse,0.6510215997695923,0.0018796548247337341
11,0.95,1,full_sparse,0.5216697454452515,0.0014072672929614782
8,0.95,1,full_corrected,0.772868812084198,0.002892720978707075
9,0.95,1,full_corrected,0.5308167338371277,0.0014103474095463753
10,0.95,1,full_corrected,0.651044487953186,0.0018680552020668983
11,0.95,1,full_corrected,0.5216143131256104,0.0013973857276141644
12,0.05,0,dense,1.0084571838378906,0.0
13,0.05,0,dense,1.0170074701309204,0.0
14,0.05,0,dense,0.9491270780563354,0.0
15,0.05,0,dense,1.0539286136627197,0.0
12,0.05,0,full_sparse,1.0113781690597534,0.0027128865476697683
13,0.05,0,full_sparse,1.019615650177002,0.0030393798369914293
14,0.05,0,full_sparse,0.9539024829864502,0.00361522170715034
15,0.05,0,full_sparse,1.0585299730300903,0.003145813476294279
12,0.05,0,full_corrected,1.011277437210083,0.0026195449754595757
13,0.05,0,full_corrected,1.0194222927093506,0.0029524399433285
14,0.05,0,full_corrected,0.9538249969482422,0.0035920017398893833
15,0.05,0,full_corrected,1.0581121444702148,0.0030927781481295824
12,0.05,1,dense,1.0084571838378906,0.0
13,0.05,1,dense,1.0170074701309204,0.0
14,0.05,1,dense,0.9491270780563354,0.0
15,0.05,1,dense,1.0539286136627197,0.0
12,0.05,1,full_sparse,1.0092438459396362,0.00255536288022995
13,0.05,1,full_sparse,1.0195021629333496,0.0028263269923627377
14,0.05,1,full_sparse,0.9535274505615234,0.0038648254703730345
15,0.05,1,full_sparse,1.0557260513305664,0.003190338844433427
12,0.05,1,full_corrected,1.00889253616333,0.0025187472347170115
13,0.05,1,full_corrected,1.0193156003952026,0.0027301565278321505
14,0.05,1,full_corrected,0.9534378051757812,0.003844945225864649
15,0.05,1,full_corrected,1.0553208589553833,0.0031756297685205936
12,0.15,0,dense,0.914932131767273,0.0
13,0.15,0,dense,0.9254200458526611,0.0
14,0.15,0,dense,0.790671706199646,0.0
15,0.15,0,dense,1.0235540866851807,0.0
12,0.15,0,full_sparse,0.9199115037918091,0.007837451994419098
13,0.15,0,full_sparse,0.9333283305168152,0.009459782391786575
14,0.15,0,full_sparse,0.7995790243148804,0.007788103073835373
15,0.15,0,full_sparse,1.0356159210205078,0.009930922649800777
12,0.15,0,full_corrected,0.919696569442749,0.007543017156422138
13,0.15,0,full_corrected,0.9340981841087341,0.009271027520298958
14,0.15,0,full_corrected,0.7990492582321167,0.007692810148000717
15,0.15,0,full_corrected,1.0350775718688965,0.009797876700758934
12,0.15,1,dense,0.914932131767273,0.0
13,0.15,1,dense,0.9254200458526611,0.0
14,0.15,1,dense,0.790671706199646,0.0
15,0.15,1,dense,1.0235540866851807,0.0
12,0.15,1,full_sparse,0.9170545339584351,0.0070180026814341545
13,0.15,1,full_sparse,0.9298416376113892,0.008523492142558098
14,0.15,1,full_sparse,0.8018807172775269,0.008402081206440926
15,0.15,1,full_sparse,1.0317926406860352,0.009386113844811916
12,0.15,1,full_corrected,0.9166069030761719,0.00678703747689724
13,0.15,1,full_corrected,0.9308401942253113,0.00829465501010418
14,0.15,1,full_corrected,0.8014993667602539,0.008461354300379753
15,0.15,1,full_corrected,1.031402587890625,0.00926787219941616
12,0.3,0,dense,0.800248384475708,0.0
13,0.3,0,dense,0.8533464670181274,0.0
14,0.3,0,dense,0.7480481863021851,0.0
15,0.3,0,dense,1.070440649986267,0.0
12,0.3,0,full_sparse,0.8013069033622742,0.008603254333138466
13,0.3,0,full_sparse,0.859147310256958,0.010298781096935272
14,0.3,0,full_sparse,0.756587028503418,0.008596175350248814
15,0.3,0,full_sparse,1.0735604763031006,0.011594986543059349
12,0.3,0,full_corrected,0.8008022904396057,0.008637292310595512
13,0.3,0,full_corrected,0.8598551750183105,0.01011462789028883
14,0.3,0,full_corrected,0.7553846836090088,0.00849225465208292
15,0.3,0,full_corrected,1.074055552482605,0.01136714220046997
12,0.3,1,dense,0.800248384475708,0.0
13,0.3,1,dense,0.8533464670181274,0.0
14,0.3,1,dense,0.7480481863021851,0.0
15,0.3,1,dense,1.070440649986267,0.0
12,0.3,1,full_sparse,0.8012354373931885,0.008725214749574661
13,0.3,1,full_sparse,0.8560547828674316,0.009931639768183231
14,0.3,1,full_sparse,0.7572805881500244,0.009437339380383492
15,0.3,1,full_sparse,1.0759861469268799,0.010595755651593208
12,0.3,1,full_corrected,0.800136148929596,0.0080248499289155
13,0.3,1,full_corrected,0.8576874732971191,0.009575659409165382
14,0.3,1,full_corrected,0.7553983926773071,0.009281234815716743
15,0.3,1,full_corrected,1.0766072273254395,0.010402089916169643
12,0.5,0,dense,0.6914370059967041,0.0
13,0.5,0,dense,0.7510949373245239,0.0
14,0.5,0,dense,0.7109482288360596,0.0
15,0.5,0,dense,1.0415759086608887,0.0
12,0.5,0,full_sparse,0.6966428756713867,0.006908280774950981
13,0.5,0,full_sparse,0.7474144101142883,0.00730051239952445
14,0.5,0,full_sparse,0.7150572538375854,0.007306461222469807
15,0.5,0,full_sparse,1.0492875576019287,0.00474943732842803
12,0.5,0,full_corrected,0.6968212127685547,0.007093225605785847
13,0.5,0,full_corrected,0.7471656799316406,0.007191614247858524
14,0.5,0,full_corrected,0.7125733494758606,0.006980308797210455
15,0.5,0,full_corrected,1.0493347644805908,0.004729546140879393
12,0.5,1,dense,0.6914370059967041,0.0
13,0.5,1,dense,0.7510949373245239,0.0
14,0.5,1,dense,0.7109482288360596,0.0
15,0.5,1,dense,1.0415759086608887,0.0
12,0.5,1,full_sparse,0.6972748637199402,0.007216854020953178
13,0.5,1,full_sparse,0.748302161693573,0.005884431768208742
14,0.5,1,full_sparse,0.7207372188568115,0.007506283465772867
15,0.5,1,full_sparse,1.0495469570159912,0.004195845685899258
12,0.5,1,full_corrected,0.6936641931533813,0.006482677534222603
13,0.5,1,full_corrected,0.7487805485725403,0.005970707628875971
14,0.5,1,full_corrected,0.7193252444267273,0.007092474494129419
15,0.5,1,full_corrected,1.0500411987304688,0.00419692974537611
12,0.7,0,dense,0.545139491558075,0.0
13,0.7,0,dense,0.5715290904045105,0.0
14,0.7,0,dense,0.6953600645065308,0.0
15,0.7,0,dense,0.7842758893966675,0.0
12,0.7,0,full_sparse,0.5448837876319885,0.0024783103726804256
13,0.7,0,full_sparse,0.571563720703125,0.002005288377404213
14,0.7,0,full_sparse,0.6861764788627625,0.0019342419691383839
15,0.7,0,full_sparse,0.7876935005187988,0.001790262758731842
12,0.7,0,full_corrected,0.5430595874786377,0.0025146668776869774
13,0.7,0,full_corrected,0.5711116790771484,0.0021601952612400055
14,0.7,0,full_corrected,0.6860933303833008,0.0018414794467389584
15,0.7,0,full_corrected,0.787742555141449,0.0018316919449716806
12,0.7,1,dense,0.545139491558075,0.0
13,0.7,1,dense,0.5715290904045105,0.0
14,0.7,1,dense,0.6953600645065308,0.0
15,0.7,1,dense,0.7842758893966675,0.0
12,0.7,1,full_sparse,0.552603006362915,0.0034157908521592617
13,0.7,1,full_sparse,0.5751675367355347,0.0014153888914734125
14,0.7,1,full_sparse,0.6896700859069824,0.0022511191200464964
15,0.7,1,full_sparse,0.784575343132019,0.0017891356255859137
12,0.7,1,full_corrected,0.5508359670639038,0.003093403298407793
13,0.7,1,full_corrected,0.5744795799255371,0.0013267104513943195
14,0.7,1,full_corrected,0.6898953318595886,0.002156018279492855
15,0.7,1,full_corrected,0.7844647765159607,0.0018537139985710382
12,0.85,0,dense,0.5162172317504883,0.0
13,0.85,0,dense,0.47806721925735474,0.0
14,0.85,0,dense,0.6901226043701172,0.0
15,0.85,0,dense,0.6129941940307617,0.0
12,0.85,0,full_sparse,0.5119522213935852,0.00211660866625607
13,0.85,0,full_sparse,0.4819583594799042,0.0011721476912498474
14,0.85,0,full_sparse,0.6860602498054504,0.002480450551956892
15,0.85,0,full_sparse,0.6136901378631592,0.0006287097930908203
12,0.85,0,full_corrected,0.5120432376861572,0.002055181423202157
13,0.85,0,full_corrected,0.48192018270492554,0.0011437020730227232
14,0.85,0,full_corrected,0.6861004829406738,0.0024564408231526613
15,0.85,0,full_corrected,0.6137075424194336,0.000620136153884232
12,0.85,1,dense,0.5162172317504883,0.0
13,0.85,1,dense,0.47806721925735474,0.0
14,0.85,1,dense,0.6901226043701172,0.0
15,0.85,1,dense,0.6129941940307617,0.0
12,0.85,1,full_sparse,0.5115364789962769,0.0021412235219031572
13,0.85,1,full_sparse,0.4826103150844574,0.001095580286346376
14,0.85,1,full_sparse,0.6853213310241699,0.0023173531517386436
15,0.85,1,full_sparse,0.6147236824035645,0.0006355780642479658
12,0.85,1,full_corrected,0.5115989446640015,0.0020881174132227898
13,0.85,1,full_corrected,0.482634574174881,0.0010740378638729453
14,0.85,1,full_corrected,0.6854451894760132,0.0022953287698328495
15,0.85,1,full_corrected,0.6147352457046509,0.0006246425909921527
12,0.95,0,dense,0.48211920261383057,0.0
13,0.95,0,dense,0.4388154149055481,0.0
14,0.95,0,dense,0.8901830911636353,0.0
15,0.95,0,dense,0.5119203925132751,0.0
12,0.95,0,full_sparse,0.4676966071128845,0.002289488213136792
13,0.95,0,full_sparse,0.45157110691070557,0.0019789570942521095
14,0.95,0,full_sparse,0.846713125705719,0.0029539598617702723
15,0.95,0,full_sparse,0.5141749978065491,0.0005242781480774283
12,0.95,0,full_corrected,0.4676426351070404,0.0022674906067550182
13,0.95,0,full_corrected,0.4515339136123657,0.0019668738823384047
14,0.95,0,full_corrected,0.8466005325317383,0.0029549291357398033
15,0.95,0,full_corrected,0.5141708850860596,0.0005214554839767516
12,0.95,1,dense,0.48211920261383057,0.0
13,0.95,1,dense,0.4388154149055481,0.0
14,0.95,1,dense,0.8901830911636353,0.0
15,0.95,1,dense,0.5119203925132751,0.0
12,0.95,1,full_sparse,0.4668703079223633,0.002303748158738017
13,0.95,1,full_sparse,0.4520643353462219,0.00195561652071774
14,0.95,1,full_sparse,0.8495669364929199,0.0027370736934244633
15,0.95,1,full_sparse,0.513954758644104,0.0005664124037139118
12,0.95,1,full_corrected,0.46681883931159973,0.0022889794781804085
13,0.95,1,full_corrected,0.4520415663719177,0.001945062424056232
14,0.95,1,full_corrected,0.8494471311569214,0.0027390513569116592
15,0.95,1,full_corrected,0.5139465928077698,0.0005629112711176276
16,0.05,0,dense,0.973839521408081,0.0
17,0.05,0,dense,1.0564930438995361,0.0
18,0.05,0,dense,1.0507240295410156,0.0
19,0.05,0,dense,0.9788962602615356,0.0
16,0.05,0,full_sparse,0.9749518036842346,0.005204315297305584
17,0.05,0,full_sparse,1.059816598892212,0.001890932209789753
18,0.05,0,full_sparse,1.0516343116760254,0.0015970384702086449
19,0.05,0,full_sparse,0.9780497550964355,0.0036304458044469357
16,0.05,0,full_corrected,0.9749032258987427,0.0051685506477952
17,0.05,0,full_corrected,1.0593383312225342,0.0018292423337697983
18,0.05,0,full_corrected,1.051804780960083,0.00156110106036067
19,0.05,0,full_corrected,0.9784321188926697,0.003478315658867359
16,0.05,1,dense,0.973839521408081,0.0
17,0.05,1,dense,1.0564930438995361,0.0
18,0.05,1,dense,1.0507240295410156,0.0
19,0.05,1,dense,0.9788962602615356,0.0
16,0.05,1,full_sparse,0.9749462604522705,0.005030611529946327
17,0.05,1,full_sparse,1.0591373443603516,0.0015921643935143948
18,0.05,1,full_sparse,1.0508923530578613,0.0017941269325092435
19,0.05,1,full_sparse,0.9780800938606262,0.003397552529349923
16,0.05,1,full_corrected,0.975180447101593,0.005065654404461384
17,0.05,1,full_corrected,1.0587921142578125,0.001545716542750597
18,0.05,1,full_corrected,1.0511046648025513,0.0017848286079242826
19,0.05,1,full_corrected,0.9786639213562012,0.0033048316836357117
16,0.15,0,dense,0.7760082483291626,0.0
17,0.15,0,dense,1.0781575441360474,0.0
18,0.15,0,dense,1.0583820343017578,0.0
19,0.15,0,dense,0.7719730138778687,0.0
16,0.15,0,full_sparse,0.7752025127410889,0.009575688280165195
17,0.15,0,full_sparse,1.0860062837600708,0.00819687731564045
18,0.15,0,full_sparse,1.0574638843536377,0.006290169432759285
19,0.15,0,full_sparse,0.7714800834655762,0.007273552939295769
16,0.15,0,full_corrected,0.7756484746932983,0.009468814358115196
17,0.15,0,full_corrected,1.0858467817306519,0.007783519569784403
18,0.15,0,full_corrected,1.0577757358551025,0.006199228577315807
19,0.15,0,full_corrected,0.771828293800354,0.006939227692782879
16,0.15,1,dense,0.7760082483291626,0.0
17,0.15,1,dense,1.0781575441360474,0.0
18,0.15,1,dense,1.0583820343017578,0.0
19,0.15,1,dense,0.7719730138778687,0.0
16,0.15,1,full_sparse,0.7768354415893555,0.009385560639202595
17,0.15,1,full_sparse,1.0818281173706055,0.007491801865398884
18,0.15,1,full_sparse,1.0601203441619873,0.00667957030236721
19,0.15,1,full_sparse,0.7730735540390015,0.0063619776628911495
16,0.15,1,full_corrected,0.7776997089385986,0.00933030154556036
17,0.15,1,full_corrected,1.081042766571045,0.0071845101192593575
18,0.15,1,full_corrected,1.0607221126556396,0.006651288364082575
19,0.15,1,full_corrected,0.7733643054962158,0.006200981326401234
16,0.3,0,dense,0.6321660280227661,0.0
17,0.3,0,dense,1.1089510917663574,0.0
18,0.3,0,dense,0.9957652688026428,0.0
19,0.3,0,dense,0.6264662742614746,0.0
16,0.3,0,full_sparse,0.6337730884552002,0.009473561309278011
17,0.3,0,full_sparse,1.1097122430801392,0.01077568344771862
18,0.3,0,full_sparse,0.9919999241828918,0.00845496915280819
19,0.3,0,full_sparse,0.637871503829956,0.008962735533714294
16,0.3,0,full_corrected,0.6339589953422546,0.00930442102253437
17,0.3,0,full_corrected,1.1108791828155518,0.010427301749587059
18,0.3,0,full_corrected,0.9914150238037109,0.008201831951737404
19,0.3,0,full_corrected,0.6382281184196472,0.00859573669731617
16,0.3,1,dense,0.6321660280227661,0.0
17,0.3,1,dense,1.1089510917663574,0.0
18,0.3,1,dense,0.9957652688026428,0.0
19,0.3,1,dense,0.6264662742614746,0.0
16,0.3,1,full_sparse,0.6337823867797852,0.01035475917160511
17,0.3,1,full_sparse,1.106892704963684,0.010300654917955399
18,0.3,1,full_sparse,0.9956947565078735,0.00871946569532156
19,0.3,1,full_sparse,0.6316013336181641,0.007283137179911137
16,0.3,1,full_corrected,0.6330580711364746,0.00990765355527401
17,0.3,1,full_corrected,1.1072323322296143,0.009839643724262714
18,0.3,1,full_corrected,0.995794951915741,0.008586235344409943
19,0.3,1,full_corrected,0.6321084499359131,0.006984895560890436
16,0.5,0,dense,0.6174412965774536,0.0
17,0.5,0,dense,1.0798622369766235,0.0
18,0.5,0,dense,0.8236290812492371,0.0
19,0.5,0,dense,0.5615885257720947,0.0
16,0.5,0,full_sparse,0.6180838346481323,0.007398170884698629
17,0.5,0,full_sparse,1.077897310256958,0.003802371909841895
18,0.5,0,full_sparse,0.8213598728179932,0.004995863419026136
19,0.5,0,full_sparse,0.5659132599830627,0.005055266432464123
16,0.5,0,full_corrected,0.6191117763519287,0.006944227963685989
17,0.5,0,full_corrected,1.0787999629974365,0.0040636514313519
18,0.5,0,full_corrected,0.8199177384376526,0.0048089586198329926
19,0.5,0,full_corrected,0.5654624104499817,0.00491688959300518
16,0.5,1,dense,0.6174412965774536,0.0
17,0.5,1,dense,1.0798622369766235,0.0
18,0.5,1,dense,0.8236290812492371,0.0
19,0.5,1,dense,0.5615885257720947,0.0
16,0.5,1,full_sparse,0.619472324848175,0.009440895169973373
17,0.5,1,full_sparse,1.077036738395691,0.004723445512354374
18,0.5,1,full_sparse,0.8252138495445251,0.005776267498731613
19,0.5,1,full_sparse,0.5589030385017395,0.004847199656069279
16,0.5,1,full_corrected,0.6201562881469727,0.008860296569764614
17,0.5,1,full_corrected,1.0775370597839355,0.004832037724554539
18,0.5,1,full_corrected,0.8243612051010132,0.005690626800060272
19,0.5,1,full_corrected,0.5584442615509033,0.004817405715584755
16,0.7,0,dense,0.6568788290023804,0.0
17,0.7,0,dense,0.923149824142456,0.0
18,0.7,0,dense,0.7288690805435181,0.0
19,0.7,0,dense,0.4733755588531494,0.0
16,0.7,0,full_sparse,0.6596524715423584,0.0027168146334588528
17,0.7,0,full_sparse,0.9150357246398926,0.0014364485396072268
18,0.7,0,full_sparse,0.7242131233215332,0.003099752590060234
19,0.7,0,full_sparse,0.47177302837371826,0.0036471993662416935
16,0.7,0,full_corrected,0.6595542430877686,0.0027430658228695393
17,0.7,0,full_corrected,0.9152843952178955,0.001458671409636736
18,0.7,0,full_corrected,0.7232125997543335,0.0030273515731096268
19,0.7,0,full_corrected,0.4710005521774292,0.0034624915570020676
16,0.7,1,dense,0.6568788290023804,0.0
17,0.7,1,dense,0.923149824142456,0.0
18,0.7,1,dense,0.7288690805435181,0.0
19,0.7,1,dense,0.4733755588531494,0.0
16,0.7,1,full_sparse,0.6576244831085205,0.003495990065857768
17,0.7,1,full_sparse,0.9134612679481506,0.00152582919690758
18,0.7,1,full_sparse,0.7229486703872681,0.0034815724939107895
19,0.7,1,full_sparse,0.4685523509979248,0.0033252867870032787
16,0.7,1,full_corrected,0.6577003598213196,0.003577232826501131
17,0.7,1,full_corrected,0.91375732421875,0.00155568215996027
18,0.7,1,full_corrected,0.7224141955375671,0.0033419961109757423
19,0.7,1,full_corrected,0.46775659918785095,0.003358292393386364
16,0.85,0,dense,0.6922471523284912,0.0
17,0.85,0,dense,0.8191056847572327,0.0
18,0.85,0,dense,0.7359091639518738,0.0
19,0.85,0,dense,0.48093268275260925,0.0
16,0.85,0,full_sparse,0.6956546902656555,0.0017246948555111885
17,0.85,0,full_sparse,0.8139878511428833,0.0013610828900709748
18,0.85,0,full_sparse,0.731514573097229,0.002709041815251112
19,0.85,0,full_sparse,0.4763469994068146,0.002440151060000062
16,0.85,0,full_corrected,0.6955205202102661,0.0016452977433800697
17,0.85,0,full_corrected,0.8143054246902466,0.0013306476175785065
18,0.85,0,full_corrected,0.7303813099861145,0.0025565680116415024
19,0.85,0,full_corrected,0.47654685378074646,0.0022710254415869713
16,0.85,1,dense,0.6922471523284912,0.0
17,0.85,1,dense,0.8191056847572327,0.0
18,0.85,1,dense,0.7359091639518738,0.0
19,0.85,1,dense,0.48093268275260925,0.0
16,0.85,1,full_sparse,0.6949125528335571,0.001819235272705555
17,0.85,1,full_sparse,0.8135764002799988,0.0013472052523866296
18,0.85,1,full_sparse,0.7276739478111267,0.0026724496856331825
19,0.85,1,full_sparse,0.47403839230537415,0.0025510983541607857
16,0.85,1,full_corrected,0.6948177814483643,0.0017472825711593032
17,0.85,1,full_corrected,0.8138760328292847,0.0013240936677902937
18,0.85,1,full_corrected,0.7265259623527527,0.0026183445006608963
19,0.85,1,full_corrected,0.4744761884212494,0.002363631734624505
16,0.95,0,dense,0.8435527086257935,0.0
17,0.95,0,dense,0.7483874559402466,0.0
18,0.95,0,dense,0.9197857975959778,0.0
19,0.95,0,dense,0.6191769242286682,0.0
16,0.95,0,full_sparse,0.8402127027511597,0.0011375935282558203
17,0.95,0,full_sparse,0.7541910409927368,0.0018660584464669228
18,0.95,0,full_sparse,0.9168627858161926,0.0011956531088799238
19,0.95,0,full_sparse,0.6110778450965881,0.002061407780274749
16,0.95,0,full_corrected,0.840181291103363,0.001130749937146902
17,0.95,0,full_corrected,0.7542424201965332,0.0018498951103538275
18,0.95,0,full_corrected,0.9165974855422974,0.001179489423520863
19,0.95,0,full_corrected,0.6111873388290405,0.001975172897800803
16,0.95,1,dense,0.8435527086257935,0.0
17,0.95,1,dense,0.7483874559402466,0.0
18,0.95,1,dense,0.9197857975959778,0.0
19,0.95,1,dense,0.6191769242286682,0.0
16,0.95,1,full_sparse,0.8412516713142395,0.0009016756666824222
17,0.95,1,full_sparse,0.754384458065033,0.002046123845502734
18,0.95,1,full_sparse,0.9155173301696777,0.0010697644902393222
19,0.95,1,full_sparse,0.608683705329895,0.002207302488386631
16,0.95,1,full_corrected,0.8412972092628479,0.0008940698462538421
17,0.95,1,full_corrected,0.7544402480125427,0.002032594522461295
18,0.95,1,full_corrected,0.9152126908302307,0.0010502749355509877
19,0.95,1,full_corrected,0.6087378263473511,0.002132775727659464
20,0.05,0,dense,0.7738103866577148,0.0
21,0.05,0,dense,1.0763570070266724,0.0
22,0.05,0,dense,1.0425879955291748,0.0
23,0.05,0,dense,0.9588781595230103,0.0
20,0.05,0,full_sparse,0.7770883440971375,0.002791064325720072
21,0.05,0,full_sparse,1.0771905183792114,0.0013975967885926366
22,0.05,0,full_sparse,1.0421751737594604,0.0017664787592366338
23,0.05,0,full_sparse,0.9595612287521362,0.006051871459931135
20,0.05,0,full_corrected,0.777410626411438,0.002762994496151805
21,0.05,0,full_corrected,1.0770981311798096,0.0013765805633738637
22,0.05,0,full_corrected,1.0423240661621094,0.0017747931415215135
23,0.05,0,full_corrected,0.9593631029129028,0.005915691144764423
20,0.05,1,dense,0.7738103866577148,0.0
21,0.05,1,dense,1.0763570070266724,0.0
22,0.05,1,dense,1.0425879955291748,0.0
23,0.05,1,dense,0.9588781595230103,0.0
20,0.05,1,full_sparse,0.776220440864563,0.00244355876930058
21,0.05,1,full_sparse,1.0764975547790527,0.0013747140765190125
22,0.05,1,full_sparse,1.044057846069336,0.0020518458914011717
23,0.05,1,full_sparse,0.9609261155128479,0.0058994474820792675
20,0.05,1,full_corrected,0.7765530943870544,0.0024239644408226013
21,0.05,1,full_corrected,1.0764496326446533,0.0013518970226868987
22,0.05,1,full_corrected,1.0441628694534302,0.002071735914796591
23,0.05,1,full_corrected,0.960957407951355,0.005740269087255001
20,0.15,0,dense,0.7024204730987549,0.0
21,0.15,0,dense,1.0682519674301147,0.0
22,0.15,0,dense,1.0309903621673584,0.0
23,0.15,0,dense,0.7318294644355774,0.0
20,0.15,0,full_sparse,0.7071914672851562,0.005558419972658157
21,0.15,0,full_sparse,1.0700767040252686,0.004431607201695442
22,0.15,0,full_sparse,1.032381296157837,0.006052030250430107
23,0.15,0,full_sparse,0.740747332572937,0.014283275231719017
20,0.15,0,full_corrected,0.7072904109954834,0.0055686398409307
21,0.15,0,full_corrected,1.0701401233673096,0.00432442594319582
22,0.15,0,full_corrected,1.0330674648284912,0.006245738361030817
23,0.15,0,full_corrected,0.7403141260147095,0.013757001608610153
20,0.15,1,dense,0.7024204730987549,0.0
21,0.15,1,dense,1.0682519674301147,0.0
22,0.15,1,dense,1.0309903621673584,0.0
23,0.15,1,dense,0.7318294644355774,0.0
20,0.15,1,full_sparse,0.7081777453422546,0.004919784143567085
21,0.15,1,full_sparse,1.0692063570022583,0.004598774015903473
22,0.15,1,full_sparse,1.035239577293396,0.007280717603862286
23,0.15,1,full_sparse,0.7436174154281616,0.012918609194457531
20,0.15,1,full_corrected,0.707929253578186,0.004872385412454605
21,0.15,1,full_corrected,1.0691759586334229,0.00451003760099411
22,0.15,1,full_corrected,1.0357248783111572,0.00720840273424983
23,0.15,1,full_corrected,0.7431873083114624,0.012284960597753525
20,0.3,0,dense,0.6804721355438232,0.0
21,0.3,0,dense,1.0388706922531128,0.0
22,0.3,0,dense,1.0013097524642944,0.0
23,0.3,0,dense,0.5705262422561646,0.0
20,0.3,0,full_sparse,0.6855097413063049,0.00624665804207325
21,0.3,0,full_sparse,1.034273624420166,0.0042768800631165504
22,0.3,0,full_sparse,1.0025686025619507,0.00807604007422924
23,0.3,0,full_sparse,0.5781218409538269,0.014272339642047882
20,0.3,0,full_corrected,0.6861687898635864,0.006108276546001434
21,0.3,0,full_corrected,1.034245491027832,0.00414647813886404
22,0.3,0,full_corrected,1.0026251077651978,0.008323983289301395
23,0.3,0,full_corrected,0.5783340930938721,0.013717873021960258
20,0.3,1,dense,0.6804721355438232,0.0
21,0.3,1,dense,1.0388706922531128,0.0
22,0.3,1,dense,1.0013097524642944,0.0
23,0.3,1,dense,0.5705262422561646,0.0
20,0.3,1,full_sparse,0.6877655982971191,0.0053057121112942696
21,0.3,1,full_sparse,1.0347912311553955,0.0051584308966994286
22,0.3,1,full_sparse,1.0039691925048828,0.007951410487294197
23,0.3,1,full_sparse,0.5759555101394653,0.013512209057807922
20,0.3,1,full_corrected,0.687605619430542,0.004971169866621494
21,0.3,1,full_corrected,1.034918189048767,0.005026637110859156
22,0.3,1,full_corrected,1.0033657550811768,0.008081953972578049
23,0.3,1,full_corrected,0.5756425261497498,0.01316921692341566
20,0.5,0,dense,0.6830847859382629,0.0
21,0.5,0,dense,0.9173233509063721,0.0
22,0.5,0,dense,1.010056734085083,0.0
23,0.5,0,dense,0.5830718874931335,0.0
20,0.5,0,full_sparse,0.6856247186660767,0.0029632479418069124
21,0.5,0,full_sparse,0.9178749918937683,0.0015062467427924275
22,0.5,0,full_sparse,1.0084067583084106,0.0036161858588457108
23,0.5,0,full_sparse,0.5988662242889404,0.014274410903453827
20,0.5,0,full_corrected,0.6859766840934753,0.0028736689127981663
21,0.5,0,full_corrected,0.9182988405227661,0.0015203296206891537
22,0.5,0,full_corrected,1.0094795227050781,0.004008131567388773
23,0.5,0,full_corrected,0.6000336408615112,0.013784083537757397
20,0.5,1,dense,0.6830847859382629,0.0
21,0.5,1,dense,0.9173233509063721,0.0
22,0.5,1,dense,1.010056734085083,0.0
23,0.5,1,dense,0.5830718874931335,0.0
20,0.5,1,full_sparse,0.6864497065544128,0.002830313518643379
21,0.5,1,full_sparse,0.9205614328384399,0.0017119531985372305
22,0.5,1,full_sparse,1.0115240812301636,0.0038431785069406033
23,0.5,1,full_sparse,0.5941261053085327,0.013007519766688347
20,0.5,1,full_corrected,0.6871827244758606,0.0029260984156280756
21,0.5,1,full_corrected,0.9209234714508057,0.0017573495861142874
22,0.5,1,full_corrected,1.01256263256073,0.0040746936574578285
23,0.5,1,full_corrected,0.5941187143325806,0.012683752924203873
20,0.7,0,dense,0.6347507238388062,0.0
21,0.7,0,dense,0.6980518102645874,0.0
22,0.7,0,dense,0.8306517601013184,0.0
23,0.7,0,dense,0.7008427381515503,0.0
20,0.7,0,full_sparse,0.6336538791656494,0.002839773427695036
21,0.7,0,full_sparse,0.6940288543701172,0.0011817977065220475
22,0.7,0,full_sparse,0.8275058269500732,0.0019878759048879147
23,0.7,0,full_sparse,0.7040043473243713,0.009849049150943756
20,0.7,0,full_corrected,0.6337127685546875,0.0025723809376358986
21,0.7,0,full_corrected,0.6942421793937683,0.0012093402910977602
22,0.7,0,full_corrected,0.8276733160018921,0.002092530485242605
23,0.7,0,full_corrected,0.7038280367851257,0.0099772484973073
20,0.7,1,dense,0.6347507238388062,0.0
21,0.7,1,dense,0.6980518102645874,0.0
22,0.7,1,dense,0.8306517601013184,0.0
23,0.7,1,dense,0.7008427381515503,0.0
20,0.7,1,full_sparse,0.632535994052887,0.0028652327600866556
21,0.7,1,full_sparse,0.6935869455337524,0.0010506466496735811
22,0.7,1,full_sparse,0.8285195827484131,0.0018818688113242388
23,0.7,1,full_sparse,0.7069029211997986,0.006308397278189659
20,0.7,1,full_corrected,0.6321138143539429,0.0029512096662074327
21,0.7,1,full_corrected,0.6936912536621094,0.0010549151338636875
22,0.7,1,full_corrected,0.8286283016204834,0.0018277098424732685
23,0.7,1,full_corrected,0.7067709565162659,0.006264522671699524
20,0.85,0,dense,0.6812743544578552,0.0
21,0.85,0,dense,0.5562146902084351,0.0
22,0.85,0,dense,0.6639916896820068,0.0
23,0.85,0,dense,0.846276044845581,0.0
20,0.85,0,full_sparse,0.6659029722213745,0.004028688184916973
21,0.85,0,full_sparse,0.5453829765319824,0.0008910843171179295
22,0.85,0,full_sparse,0.6612865924835205,0.0029836311005055904
23,0.85,0,full_sparse,0.8423007726669312,0.0029310882091522217
20,0.85,0,full_corrected,0.6653239727020264,0.0039034374058246613
21,0.85,0,full_corrected,0.545415997505188,0.0008833041647449136
22,0.85,0,full_corrected,0.6613076329231262,0.0029890972655266523
23,0.85,0,full_corrected,0.8420441746711731,0.002931182039901614
20,0.85,1,dense,0.6812743544578552,0.0
21,0.85,1,dense,0.5562146902084351,0.0
22,0.85,1,dense,0.6639916896820068,0.0
23,0.85,1,dense,0.846276044845581,0.0
20,0.85,1,full_sparse,0.6659468412399292,0.003856099210679531
21,0.85,1,full_sparse,0.5451995134353638,0.0009419161360710859
22,0.85,1,full_sparse,0.6605260372161865,0.0031787953339517117
23,0.85,1,full_sparse,0.8380887508392334,0.002847451251000166
20,0.85,1,full_corrected,0.6654444336891174,0.0037169756833463907
21,0.85,1,full_corrected,0.5452286005020142,0.0009309703018516302
22,0.85,1,full_corrected,0.6605252027511597,0.00317300483584404
23,0.85,1,full_corrected,0.8377043604850769,0.002850679447874427
20,0.95,0,dense,0.7411925792694092,0.0
21,0.95,0,dense,0.49704915285110474,0.0
22,0.95,0,dense,0.6076005101203918,0.0
23,0.95,0,dense,0.8037513494491577,0.0
20,0.95,0,full_sparse,0.7655330300331116,0.005017739720642567
21,0.95,0,full_sparse,0.49074751138687134,0.00030534950201399624
22,0.95,0,full_sparse,0.6101723909378052,0.007061628624796867
23,0.95,0,full_sparse,0.7959120273590088,0.0015789502067491412
20,0.95,0,full_corrected,0.7649871706962585,0.004919067956507206
21,0.95,0,full_corrected,0.4907475709915161,0.0003043213509954512
22,0.95,0,full_corrected,0.6101590991020203,0.007060372270643711
23,0.95,0,full_corrected,0.7959494590759277,0.001575817121192813
20,0.95,1,dense,0.7411925792694092,0.0
21,0.95,1,dense,0.49704915285110474,0.0
22,0.95,1,dense,0.6076005101203918,0.0
23,0.95,1,dense,0.8037513494491577,0.0
20,0.95,1,full_sparse,0.7645395398139954,0.005759881809353828
21,0.95,1,full_sparse,0.49022647738456726,0.00034945071092806756
22,0.95,1,full_sparse,0.610073447227478,0.006804300472140312
23,0.95,1,full_sparse,0.7945234775543213,0.0018242327496409416
20,0.95,1,full_corrected,0.7640043497085571,0.00565628707408905
21,0.95,1,full_corrected,0.4902248978614807,0.000348804984241724
22,0.95,1,full_corrected,0.6100720167160034,0.006803939118981361
23,0.95,1,full_corrected,0.7945871353149414,0.0018236460164189339
24,0.05,0,dense,0.960877537727356,0.0
25,0.05,0,dense,1.0658783912658691,0.0
26,0.05,0,dense,1.1215249300003052,0.0
27,0.05,0,dense,1.0232396125793457,0.0
24,0.05,0,full_sparse,0.9679086804389954,0.0050610126927495
25,0.05,0,full_sparse,1.0687382221221924,0.0026802541688084602
26,0.05,0,full_sparse,1.1215521097183228,0.001787304412573576
27,0.05,0,full_sparse,1.0267302989959717,0.004261277616024017
24,0.05,0,full_corrected,0.9675416350364685,0.004970289301127195
25,0.05,0,full_corrected,1.0686156749725342,0.0026611951179802418
26,0.05,0,full_corrected,1.121316909790039,0.001732471864670515
27,0.05,0,full_corrected,1.0272308588027954,0.004192512482404709
24,0.05,1,dense,0.960877537727356,0.0
25,0.05,1,dense,1.0658783912658691,0.0
26,0.05,1,dense,1.1215249300003052,0.0
27,0.05,1,dense,1.0232396125793457,0.0
24,0.05,1,full_sparse,0.9688133597373962,0.005242791958153248
25,0.05,1,full_sparse,1.0673778057098389,0.003153503406792879
26,0.05,1,full_sparse,1.1214425563812256,0.001761564170010388
27,0.05,1,full_sparse,1.025559425354004,0.00390477292239666
24,0.05,1,full_corrected,0.9687479138374329,0.005078096874058247
25,0.05,1,full_corrected,1.0675129890441895,0.0030446324963122606
26,0.05,1,full_corrected,1.1211705207824707,0.0017385187093168497
27,0.05,1,full_corrected,1.0258764028549194,0.0038473166059702635
24,0.15,0,dense,0.8063450455665588,0.0
25,0.15,0,dense,1.0309786796569824,0.0
26,0.15,0,dense,1.141316533088684,0.0
27,0.15,0,dense,0.9177823066711426,0.0
24,0.15,0,full_sparse,0.8132246732711792,0.009730909019708633
25,0.15,0,full_sparse,1.02811861038208,0.008113138377666473
26,0.15,0,full_sparse,1.144956350326538,0.006795784458518028
27,0.15,0,full_sparse,0.925654947757721,0.0094582699239254
24,0.15,0,full_corrected,0.8128308653831482,0.009569976478815079
25,0.15,0,full_corrected,1.0277256965637207,0.007822392508387566
26,0.15,0,full_corrected,1.1447383165359497,0.006693272851407528
27,0.15,0,full_corrected,0.92613685131073,0.009063415229320526
24,0.15,1,dense,0.8063450455665588,0.0
25,0.15,1,dense,1.0309786796569824,0.0
26,0.15,1,dense,1.141316533088684,0.0
27,0.15,1,dense,0.9177823066711426,0.0
24,0.15,1,full_sparse,0.8072409629821777,0.00932295061647892
25,0.15,1,full_sparse,1.0348745584487915,0.010321889072656631
26,0.15,1,full_sparse,1.1407830715179443,0.006735873408615589
27,0.15,1,full_sparse,0.9227832555770874,0.008680209517478943
24,0.15,1,full_corrected,0.8070744872093201,0.00909070111811161
25,0.15,1,full_corrected,1.035102128982544,0.010010350495576859
26,0.15,1,full_corrected,1.140626311302185,0.006714427378028631
27,0.15,1,full_corrected,0.9232585430145264,0.008393822237849236
24,0.3,0,dense,0.723270058631897,0.0
25,0.3,0,dense,0.9742752313613892,0.0
26,0.3,0,dense,1.1086452007293701,0.0
27,0.3,0,dense,0.8333325386047363,0.0
24,0.3,0,full_sparse,0.7304697036743164,0.011719604954123497
25,0.3,0,full_sparse,0.9759998917579651,0.008190160617232323
26,0.3,0,full_sparse,1.1123385429382324,0.010289210826158524
27,0.3,0,full_sparse,0.8409371376037598,0.011456786654889584
24,0.3,0,full_corrected,0.7305165529251099,0.011416465044021606
25,0.3,0,full_corrected,0.9756779670715332,0.008085586130619049
26,0.3,0,full_corrected,1.1133650541305542,0.010463641956448555
27,0.3,0,full_corrected,0.8418068289756775,0.011068077757954597
24,0.3,1,dense,0.723270058631897,0.0
25,0.3,1,dense,0.9742752313613892,0.0
26,0.3,1,dense,1.1086452007293701,0.0
27,0.3,1,dense,0.8333325386047363,0.0
24,0.3,1,full_sparse,0.7224834561347961,0.009602280333638191
25,0.3,1,full_sparse,0.9891429543495178,0.012488783337175846
26,0.3,1,full_sparse,1.1110661029815674,0.007648378144949675
27,0.3,1,full_sparse,0.8370932936668396,0.011204337701201439
24,0.3,1,full_corrected,0.7228418588638306,0.009385074488818645
25,0.3,1,full_corrected,0.9897792339324951,0.012431299313902855
26,0.3,1,full_corrected,1.1111265420913696,0.00745039526373148
27,0.3,1,full_corrected,0.8378005027770996,0.010946623049676418
24,0.5,0,dense,0.7096105217933655,0.0
25,0.5,0,dense,0.8781795501708984,0.0
26,0.5,0,dense,1.0247406959533691,0.0
27,0.5,0,dense,0.7668925523757935,0.0
24,0.5,0,full_sparse,0.7224823236465454,0.010281970724463463
25,0.5,0,full_sparse,0.886458158493042,0.005986121483147144
26,0.5,0,full_sparse,1.0221257209777832,0.00536108436062932
27,0.5,0,full_sparse,0.7664355635643005,0.008143270388245583
24,0.5,0,full_corrected,0.7225330471992493,0.009882102720439434
25,0.5,0,full_corrected,0.8866010904312134,0.005878535099327564
26,0.5,0,full_corrected,1.021327257156372,0.005031975917518139
27,0.5,0,full_corrected,0.7672144174575806,0.007939097471535206
24,0.5,1,dense,0.7096105217933655,0.0
25,0.5,1,dense,0.8781795501708984,0.0
26,0.5,1,dense,1.0247406959533691,0.0
27,0.5,1,dense,0.7668925523757935,0.0
24,0.5,1,full_sparse,0.7110168933868408,0.008273637853562832
25,0.5,1,full_sparse,0.8822954893112183,0.005918664857745171
26,0.5,1,full_sparse,1.0263861417770386,0.0048790741711854935
27,0.5,1,full_sparse,0.7660211324691772,0.007199500687420368
24,0.5,1,full_corrected,0.7114435434341431,0.007791381794959307
25,0.5,1,full_corrected,0.8828248977661133,0.006163344252854586
26,0.5,1,full_corrected,1.0263307094573975,0.00461974460631609
27,0.5,1,full_corrected,0.7664028406143188,0.0067612240090966225
24,0.7,0,dense,0.6814425587654114,0.0
25,0.7,0,dense,0.7754841446876526,0.0
26,0.7,0,dense,0.8436160683631897,0.0
27,0.7,0,dense,0.6853129863739014,0.0
24,0.7,0,full_sparse,0.6763993501663208,0.0036496573593467474
25,0.7,0,full_sparse,0.7705321311950684,0.0021195081062614918
26,0.7,0,full_sparse,0.844437837600708,0.001972964033484459
27,0.7,0,full_sparse,0.6820601224899292,0.0034826789051294327
24,0.7,0,full_corrected,0.6771140098571777,0.0038846330717206
25,0.7,0,full_corrected,0.7704657912254333,0.00209433538839221
26,0.7,0,full_corrected,0.8440347909927368,0.001955234445631504
27,0.7,0,full_corrected,0.682458758354187,0.003230399452149868
24,0.7,1,dense,0.6814425587654114,0.0
25,0.7,1,dense,0.7754841446876526,0.0
26,0.7,1,dense,0.8436160683631897,0.0
27,0.7,1,dense,0.6853129863739014,0.0
24,0.7,1,full_sparse,0.6830887198448181,0.004699421115219593
25,0.7,1,full_sparse,0.763634443283081,0.0029199267737567425
26,0.7,1,full_sparse,0.8476215600967407,0.0019137351773679256
27,0.7,1,full_sparse,0.6823630332946777,0.003970708232372999
24,0.7,1,full_corrected,0.6841794848442078,0.0042459676042199135
25,0.7,1,full_corrected,0.7632550001144409,0.002954268828034401
26,0.7,1,full_corrected,0.8477121591567993,0.0018774403724819422
27,0.7,1,full_corrected,0.6820898056030273,0.00363178551197052
24,0.85,0,dense,0.6038123965263367,0.0
25,0.85,0,dense,0.7379459142684937,0.0
26,0.85,0,dense,0.7555157542228699,0.0
27,0.85,0,dense,0.6759063005447388,0.0
24,0.85,0,full_sparse,0.5997664928436279,0.001812296686694026
25,0.85,0,full_sparse,0.7382107377052307,0.001801364473067224
26,0.85,0,full_sparse,0.7453162670135498,0.002086222404614091
27,0.85,0,full_sparse,0.6666043996810913,0.0016781168524175882
24,0.85,0,full_corrected,0.6003937721252441,0.0016989060677587986
25,0.85,0,full_corrected,0.7376824617385864,0.0016803862527012825
26,0.85,0,full_corrected,0.7453352212905884,0.002061285078525543
27,0.85,0,full_corrected,0.6666755676269531,0.0016541099175810814
24,0.85,1,dense,0.6038123965263367,0.0
25,0.85,1,dense,0.7379459142684937,0.0
26,0.85,1,dense,0.7555157542228699,0.0
27,0.85,1,dense,0.6759063005447388,0.0
24,0.85,1,full_sparse,0.600940465927124,0.001468462636694312
25,0.85,1,full_sparse,0.7375401854515076,0.00183775438927114
26,0.85,1,full_sparse,0.7480906248092651,0.0016462411731481552
27,0.85,1,full_sparse,0.6689980626106262,0.001519464422017336
24,0.85,1,full_corrected,0.6013753414154053,0.0013856153236702085
25,0.85,1,full_corrected,0.7370508909225464,0.0017599336570128798
26,0.85,1,full_corrected,0.7485655546188354,0.0016150244046002626
27,0.85,1,full_corrected,0.6691775321960449,0.001515920041128993
24,0.95,0,dense,0.6964101791381836,0.0
25,0.95,0,dense,0.711715579032898,0.0
26,0.95,0,dense,0.6772006154060364,0.0
27,0.95,0,dense,0.6320905685424805,0.0
24,0.95,0,full_sparse,0.713414192199707,0.001015951856970787
25,0.95,0,full_sparse,0.7372423410415649,0.002432127483189106
26,0.95,0,full_sparse,0.6638764142990112,0.0018419710686430335
27,0.95,0,full_sparse,0.630721390247345,0.0012014020467177033
24,0.95,0,full_corrected,0.7133374214172363,0.0009896645788103342
25,0.95,0,full_corrected,0.7370052337646484,0.0024125762283802032
26,0.95,0,full_corrected,0.663972020149231,0.0018178615719079971
27,0.95,0,full_corrected,0.630757749080658,0.0011736545711755753
24,0.95,1,dense,0.6964101791381836,0.0
25,0.95,1,dense,0.711715579032898,0.0
26,0.95,1,dense,0.6772006154060364,0.0
27,0.95,1,dense,0.6320905685424805,0.0
24,0.95,1,full_sparse,0.7093562483787537,0.0009402926079928875
25,0.95,1,full_sparse,0.7454442381858826,0.00369345024228096
26,0.95,1,full_sparse,0.6628513932228088,0.0019143123645335436
27,0.95,1,full_sparse,0.6303054690361023,0.001213166629895568
24,0.95,1,full_corrected,0.7092292308807373,0.0009124504867941141
25,0.95,1,full_corrected,0.7451893091201782,0.0036581316962838173
26,0.95,1,full_corrected,0.6629606485366821,0.0018891380168497562
27,0.95,1,full_corrected,0.630308985710144,0.0011928975582122803
28,0.05,0,dense,1.0158441066741943,0.0
29,0.05,0,dense,0.8847224712371826,0.0
30,0.05,0,dense,0.9818584322929382,0.0
31,0.05,0,dense,1.0464882850646973,0.0
28,0.05,0,full_sparse,1.0177979469299316,0.002531635109335184
29,0.05,0,full_sparse,0.8876891136169434,0.0039687142707407475
30,0.05,0,full_sparse,0.988115668296814,0.004049629904329777
31,0.05,0,full_sparse,1.0503711700439453,0.0030246214009821415
28,0.05,0,full_corrected,1.0181522369384766,0.0024831732735037804
29,0.05,0,full_corrected,0.8871831893920898,0.0038747675716876984
30,0.05,0,full_corrected,0.9874725341796875,0.003942428156733513
31,0.05,0,full_corrected,1.0502219200134277,0.002965766005218029
28,0.05,1,dense,1.0158441066741943,0.0
29,0.05,1,dense,0.8847224712371826,0.0
30,0.05,1,dense,0.9818584322929382,0.0
31,0.05,1,dense,1.0464882850646973,0.0
28,0.05,1,full_sparse,1.0164780616760254,0.0027860659174621105
29,0.05,1,full_sparse,0.8889322280883789,0.00427333265542984
30,0.05,1,full_sparse,0.9881033897399902,0.0035523218102753162
31,0.05,1,full_sparse,1.0496256351470947,0.003355905180796981
28,0.05,1,full_corrected,1.0169000625610352,0.0027123154141008854
29,0.05,1,full_corrected,0.8883202075958252,0.0041145752184093
30,0.05,1,full_corrected,0.987667441368103,0.0034960026387125254
31,0.05,1,full_corrected,1.0492193698883057,0.0032777152955532074
28,0.15,0,dense,0.9385267496109009,0.0
29,0.15,0,dense,0.704045295715332,0.0
30,0.15,0,dense,0.8328595161437988,0.0
31,0.15,0,dense,0.9078932404518127,0.0
28,0.15,0,full_sparse,0.9424116611480713,0.007927240803837776
29,0.15,0,full_sparse,0.7088011503219604,0.009328152984380722
30,0.15,0,full_sparse,0.8414638638496399,0.008973325602710247
31,0.15,0,full_sparse,0.9164390563964844,0.008113045245409012
28,0.15,0,full_corrected,0.9426591396331787,0.00774933397769928
29,0.15,0,full_corrected,0.7088510990142822,0.009046579711139202
30,0.15,0,full_corrected,0.8414960503578186,0.008735833689570427
31,0.15,0,full_corrected,0.9161533117294312,0.007870526053011417
28,0.15,1,dense,0.9385267496109009,0.0
29,0.15,1,dense,0.704045295715332,0.0
30,0.15,1,dense,0.8328595161437988,0.0
31,0.15,1,dense,0.9078932404518127,0.0
28,0.15,1,full_sparse,0.9377607107162476,0.008321274071931839
29,0.15,1,full_sparse,0.7118109464645386,0.009508192539215088
30,0.15,1,full_sparse,0.8372982740402222,0.008587531745433807
31,0.15,1,full_sparse,0.9138755798339844,0.008496860042214394
28,0.15,1,full_corrected,0.9385907649993896,0.008132824674248695
29,0.15,1,full_corrected,0.7116271257400513,0.009075824171304703
30,0.15,1,full_corrected,0.8372411131858826,0.00841885432600975
31,0.15,1,full_corrected,0.9129636883735657,0.008088848553597927
28,0.3,0,dense,0.8858029842376709,0.0
29,0.3,0,dense,0.6215640902519226,0.0
30,0.3,0,dense,0.7206387519836426,0.0
31,0.3,0,dense,0.8016641736030579,0.0
28,0.3,0,full_sparse,0.8814572095870972,0.00818323902785778
29,0.3,0,full_sparse,0.6264268159866333,0.013001983053982258
30,0.3,0,full_sparse,0.7249665260314941,0.01061411201953888
31,0.3,0,full_sparse,0.8074824810028076,0.010075965896248817
28,0.3,0,full_corrected,0.8815125823020935,0.007810775190591812
29,0.3,0,full_corrected,0.6272655129432678,0.01265234686434269
30,0.3,0,full_corrected,0.7252275943756104,0.010315786115825176
31,0.3,0,full_corrected,0.8075637221336365,0.009646319784224033
28,0.3,1,dense,0.8858029842376709,0.0
29,0.3,1,dense,0.6215640902519226,0.0
30,0.3,1,dense,0.7206387519836426,0.0
31,0.3,1,dense,0.8016641736030579,0.0
28,0.3,1,full_sparse,0.8840818405151367,0.007549929432570934
29,0.3,1,full_sparse,0.6280510425567627,0.011255176737904549
30,0.3,1,full_sparse,0.7224962115287781,0.009891369380056858
31,0.3,1,full_sparse,0.8025403022766113,0.010729746893048286
28,0.3,1,full_corrected,0.8845163583755493,0.007330014370381832
29,0.3,1,full_corrected,0.6285199522972107,0.010558524169027805
30,0.3,1,full_corrected,0.7229056358337402,0.009825141169130802
31,0.3,1,full_corrected,0.8018286824226379,0.009971564635634422
28,0.5,0,dense,0.82903653383255,0.0
29,0.5,0,dense,0.6529945135116577,0.0
30,0.5,0,dense,0.6529701948165894,0.0
31,0.5,0,dense,0.6863195896148682,0.0
28,0.5,0,full_sparse,0.8239107131958008,0.004519604612141848
29,0.5,0,full_sparse,0.6513091325759888,0.00662754662334919
30,0.5,0,full_sparse,0.65230393409729,0.011292487382888794
31,0.5,0,full_sparse,0.6883090734481812,0.006718490272760391
28,0.5,0,full_corrected,0.8246722221374512,0.004657682962715626
29,0.5,0,full_corrected,0.6509727239608765,0.005932430271059275
30,0.5,0,full_corrected,0.6516392230987549,0.011267561465501785
31,0.5,0,full_corrected,0.6876183748245239,0.006708405911922455
28,0.5,1,dense,0.82903653383255,0.0
29,0.5,1,dense,0.6529945135116577,0.0
30,0.5,1,dense,0.6529701948165894,0.0
31,0.5,1,dense,0.6863195896148682,0.0
28,0.5,1,full_sparse,0.8226339817047119,0.005288255400955677
29,0.5,1,full_sparse,0.653735339641571,0.0065668984316289425
30,0.5,1,full_sparse,0.6572799682617188,0.01340409368276596
31,0.5,1,full_sparse,0.6946456432342529,0.007854245603084564
28,0.5,1,full_corrected,0.8242732286453247,0.005232460796833038
29,0.5,1,full_corrected,0.6539950370788574,0.006109621841460466
30,0.5,1,full_corrected,0.6564866304397583,0.0131971575319767
31,0.5,1,full_corrected,0.6941500902175903,0.007424759678542614
28,0.7,0,dense,0.700092077255249,0.0
29,0.7,0,dense,0.5844969153404236,0.0
30,0.7,0,dense,0.6677727699279785,0.0
31,0.7,0,dense,0.5628612637519836,0.0
28,0.7,0,full_sparse,0.702406644821167,0.002655474003404379
29,0.7,0,full_sparse,0.576295018196106,0.002150990767404437
30,0.7,0,full_sparse,0.6761170625686646,0.002389616798609495
31,0.7,0,full_sparse,0.559281587600708,0.0027617886662483215
28,0.7,0,full_corrected,0.7029725313186646,0.0025505227968096733
29,0.7,0,full_corrected,0.5761603116989136,0.002230512909591198
30,0.7,0,full_corrected,0.6758715510368347,0.002440975047647953
31,0.7,0,full_corrected,0.5591906309127808,0.002751590684056282
28,0.7,1,dense,0.700092077255249,0.0
29,0.7,1,dense,0.5844969153404236,0.0
30,0.7,1,dense,0.6677727699279785,0.0
31,0.7,1,dense,0.5628612637519836,0.0
28,0.7,1,full_sparse,0.7006535530090332,0.002742587123066187
29,0.7,1,full_sparse,0.5728359222412109,0.002628330374136567
30,0.7,1,full_sparse,0.673917829990387,0.0023744176141917706
31,0.7,1,full_sparse,0.5611383318901062,0.0016005047364160419
28,0.7,1,full_corrected,0.7014150619506836,0.002616761950775981
29,0.7,1,full_corrected,0.5729095339775085,0.0025699941907078028
30,0.7,1,full_corrected,0.673501193523407,0.0023577711544930935
31,0.7,1,full_corrected,0.561403751373291,0.0015715190675109625
28,0.85,0,dense,0.6069746017456055,0.0
29,0.85,0,dense,0.5180090665817261,0.0
30,0.85,0,dense,0.656372606754303,0.0
31,0.85,0,dense,0.45706266164779663,0.0
28,0.85,0,full_sparse,0.6062626838684082,0.0010673492215573788
29,0.85,0,full_sparse,0.5073180198669434,0.0011997183319181204
30,0.85,0,full_sparse,0.6577610969543457,0.0012965630739927292
31,0.85,0,full_sparse,0.4514429569244385,0.0011062981793656945
28,0.85,0,full_corrected,0.6062990427017212,0.0010343496687710285
29,0.85,0,full_corrected,0.5073931813240051,0.0011886201100423932
30,0.85,0,full_corrected,0.6576929688453674,0.0012731601018458605
31,0.85,0,full_corrected,0.4514792561531067,0.001081422669813037
28,0.85,1,dense,0.6069746017456055,0.0
29,0.85,1,dense,0.5180090665817261,0.0
30,0.85,1,dense,0.656372606754303,0.0
31,0.85,1,dense,0.45706266164779663,0.0
28,0.85,1,full_sparse,0.6058564186096191,0.0011514081852510571
29,0.85,1,full_sparse,0.503919780254364,0.0013292388757690787
30,0.85,1,full_sparse,0.6560806035995483,0.001266254112124443
31,0.85,1,full_sparse,0.4520100951194763,0.0008696495206095278
28,0.85,1,full_corrected,0.6058399677276611,0.001102113863453269
29,0.85,1,full_corrected,0.5039101839065552,0.0013257086975499988
30,0.85,1,full_corrected,0.6560120582580566,0.001246405066922307
31,0.85,1,full_corrected,0.4520437717437744,0.0008459839154966176
28,0.95,0,dense,0.6722348928451538,0.0
29,0.95,0,dense,0.5607022047042847,0.0
30,0.95,0,dense,0.5933089256286621,0.0
31,0.95,0,dense,0.42175960540771484,0.0
28,0.95,0,full_sparse,0.6697705388069153,0.0007234790828078985
29,0.95,0,full_sparse,0.5545068383216858,0.0011257611913606524
30,0.95,0,full_sparse,0.5959463119506836,0.0006974535062909126
31,0.95,0,full_sparse,0.4143815040588379,0.0007753173122182488
28,0.95,0,full_corrected,0.6699309349060059,0.0007119454676285386
29,0.95,0,full_corrected,0.5545082092285156,0.0011047751177102327
30,0.95,0,full_corrected,0.5959678292274475,0.0006945445202291012
31,0.95,0,full_corrected,0.41437584161758423,0.0007714447565376759
28,0.95,1,dense,0.6722348928451538,0.0
29,0.95,1,dense,0.5607022047042847,0.0
30,0.95,1,dense,0.5933089256286621,0.0
31,0.95,1,dense,0.42175960540771484,0.0
28,0.95,1,full_sparse,0.6680083274841309,0.0008502321434207261
29,0.95,1,full_sparse,0.5523275136947632,0.0012580272741615772
30,0.95,1,full_sparse,0.5963602066040039,0.0006893462268635631
31,0.95,1,full_sparse,0.415465384721756,0.0006849693600088358
28,0.95,1,full_corrected,0.6680585145950317,0.0008386202389374375
29,0.95,1,full_corrected,0.5523223876953125,0.0012386390008032322
30,0.95,1,full_corrected,0.5963926315307617,0.0006858630804345012
31,0.95,1,full_corrected,0.4154621958732605,0.0006806799210608006
32,0.05,0,dense,0.9574745297431946,0.0
33,0.05,0,dense,1.030537724494934,0.0
34,0.05,0,dense,1.0112967491149902,0.0
35,0.05,0,dense,1.0597035884857178,0.0
32,0.05,0,full_sparse,0.9582651853561401,0.0031266610603779554
33,0.05,0,full_sparse,1.0311393737792969,0.0025606220588088036
34,0.05,0,full_sparse,1.014675259590149,0.002944495063275099
35,0.05,0,full_sparse,1.0616934299468994,0.0023824006784707308
32,0.05,0,full_corrected,0.9584528207778931,0.0031145792454481125
33,0.05,0,full_corrected,1.0314229726791382,0.00252399779856205
34,0.05,0,full_corrected,1.0148965120315552,0.002836983883753419
35,0.05,0,full_corrected,1.0613492727279663,0.002329455688595772
32,0.05,1,dense,0.9574745297431946,0.0
33,0.05,1,dense,1.030537724494934,0.0
34,0.05,1,dense,1.0112967491149902,0.0
35,0.05,1,dense,1.0597035884857178,0.0
32,0.05,1,full_sparse,0.9559481143951416,0.0031912405975162983
33,0.05,1,full_sparse,1.0295666456222534,0.0025756326504051685
34,0.05,1,full_sparse,1.0144038200378418,0.0030501135624945164
35,0.05,1,full_sparse,1.063218593597412,0.0027201143093407154
32,0.05,1,full_corrected,0.9562289714813232,0.0030876535456627607
33,0.05,1,full_corrected,1.0295305252075195,0.0025673876516520977
34,0.05,1,full_corrected,1.014656901359558,0.0029727090150117874
35,0.05,1,full_corrected,1.06290864944458,0.002628023037686944
32,0.15,0,dense,0.8749516606330872,0.0
33,0.15,0,dense,0.9252385497093201,0.0
34,0.15,0,dense,0.9534119367599487,0.0
35,0.15,0,dense,1.0536073446273804,0.0
32,0.15,0,full_sparse,0.8745201230049133,0.007943317294120789
33,0.15,0,full_sparse,0.9244879484176636,0.006983640603721142
34,0.15,0,full_sparse,0.9615354537963867,0.009136080741882324
35,0.15,0,full_sparse,1.0617684125900269,0.009271198883652687
32,0.15,0,full_corrected,0.8754910230636597,0.007775711826980114
33,0.15,0,full_corrected,0.9254481196403503,0.006758482661098242
34,0.15,0,full_corrected,0.9611477255821228,0.00885061826556921
35,0.15,0,full_corrected,1.0619218349456787,0.009040728211402893
32,0.15,1,dense,0.8749516606330872,0.0
33,0.15,1,dense,0.9252385497093201,0.0
34,0.15,1,dense,0.9534119367599487,0.0
35,0.15,1,dense,1.0536073446273804,0.0
32,0.15,1,full_sparse,0.872539758682251,0.007779070641845465
33,0.15,1,full_sparse,0.9260895848274231,0.006071515381336212
34,0.15,1,full_sparse,0.9635809063911438,0.00912182591855526
35,0.15,1,full_sparse,1.0631153583526611,0.011344991624355316
32,0.15,1,full_corrected,0.873226523399353,0.007573303766548634
33,0.15,1,full_corrected,0.9268946647644043,0.005996583960950375
34,0.15,1,full_corrected,0.9631471633911133,0.008861582726240158
35,0.15,1,full_corrected,1.0631030797958374,0.01083910372108221
32,0.3,0,dense,0.7987157106399536,0.0
33,0.3,0,dense,0.862725555896759,0.0
34,0.3,0,dense,0.974385142326355,0.0
35,0.3,0,dense,1.0704035758972168,0.0
32,0.3,0,full_sparse,0.8025472164154053,0.008779470808804035
33,0.3,0,full_sparse,0.863865852355957,0.008189328946173191
34,0.3,0,full_sparse,0.9777439832687378,0.011553933843970299
35,0.3,0,full_sparse,1.0673222541809082,0.006163559854030609
32,0.3,0,full_corrected,0.8045795559883118,0.008448401466012001
33,0.3,0,full_corrected,0.8654908537864685,0.007928144186735153
34,0.3,0,full_corrected,0.9778534173965454,0.011011062189936638
35,0.3,0,full_corrected,1.0661054849624634,0.006313275545835495
32,0.3,1,dense,0.7987157106399536,0.0
33,0.3,1,dense,0.862725555896759,0.0
34,0.3,1,dense,0.974385142326355,0.0
35,0.3,1,dense,1.0704035758972168,0.0
32,0.3,1,full_sparse,0.8048911094665527,0.008321440778672695
33,0.3,1,full_sparse,0.8621559143066406,0.0062775276601314545
34,0.3,1,full_sparse,0.9775009751319885,0.009488124400377274
35,0.3,1,full_sparse,1.0766725540161133,0.00713771115988493
32,0.3,1,full_corrected,0.8066096901893616,0.008073877543210983
33,0.3,1,full_corrected,0.8635612726211548,0.006129153538495302
34,0.3,1,full_corrected,0.9770386815071106,0.009084968827664852
35,0.3,1,full_corrected,1.0756466388702393,0.007193382829427719
32,0.5,0,dense,0.7322887182235718,0.0
33,0.5,0,dense,0.7847058176994324,0.0
34,0.5,0,dense,0.9977182149887085,0.0
35,0.5,0,dense,0.9078857898712158,0.0
32,0.5,0,full_sparse,0.7373890280723572,0.005830133333802223
33,0.5,0,full_sparse,0.7911670207977295,0.006245264783501625
34,0.5,0,full_sparse,1.0042258501052856,0.008770415559411049
35,0.5,0,full_sparse,0.9092850685119629,0.0027638026513159275
32,0.5,0,full_corrected,0.7373743653297424,0.005677032750099897
33,0.5,0,full_corrected,0.7919696569442749,0.006218654569238424
34,0.5,0,full_corrected,1.0043962001800537,0.008086731657385826
35,0.5,0,full_corrected,0.909048318862915,0.0028746791649609804
32,0.5,1,dense,0.7322887182235718,0.0
33,0.5,1,dense,0.7847058176994324,0.0
34,0.5,1,dense,0.9977182149887085,0.0
35,0.5,1,dense,0.9078857898712158,0.0
32,0.5,1,full_sparse,0.7398891448974609,0.006920080631971359
33,0.5,1,full_sparse,0.7869991064071655,0.005152622237801552
34,0.5,1,full_sparse,1.0080037117004395,0.008960643783211708
35,0.5,1,full_sparse,0.910342812538147,0.003103040624409914
32,0.5,1,full_corrected,0.739865779876709,0.006650595925748348
33,0.5,1,full_corrected,0.787419855594635,0.004984400235116482
34,0.5,1,full_corrected,1.0086841583251953,0.008967794477939606
35,0.5,1,full_corrected,0.9102224707603455,0.0032675208058208227
32,0.7,0,dense,0.7422993183135986,0.0
33,0.7,0,dense,0.6544396877288818,0.0
34,0.7,0,dense,0.9047396779060364,0.0
35,0.7,0,dense,0.6212871074676514,0.0
32,0.7,0,full_sparse,0.7498090863227844,0.004422071389853954
33,0.7,0,full_sparse,0.6597439050674438,0.0030525499023497105
34,0.7,0,full_sparse,0.9068779945373535,0.0016840784810483456
35,0.7,0,full_sparse,0.6217225790023804,0.0011486425064504147
32,0.7,0,full_corrected,0.748654305934906,0.004211989231407642
33,0.7,0,full_corrected,0.6590889692306519,0.0031336790416389704
34,0.7,0,full_corrected,0.9070842266082764,0.001713341916911304
35,0.7,0,full_corrected,0.6216694116592407,0.0011337280739098787
32,0.7,1,dense,0.7422993183135986,0.0
33,0.7,1,dense,0.6544396877288818,0.0
34,0.7,1,dense,0.9047396779060364,0.0
35,0.7,1,dense,0.6212871074676514,0.0
32,0.7,1,full_sparse,0.7555779218673706,0.0038029574789106846
33,0.7,1,full_sparse,0.6575390696525574,0.0032502119429409504
34,0.7,1,full_sparse,0.9068939685821533,0.002114248462021351
35,0.7,1,full_sparse,0.6217122673988342,0.001226538559421897
32,0.7,1,full_corrected,0.7543584108352661,0.0035782023333013058
33,0.7,1,full_corrected,0.6567211151123047,0.003393889172002673
34,0.7,1,full_corrected,0.9070219993591309,0.0019792411476373672
35,0.7,1,full_corrected,0.6216611862182617,0.0012347588781267405
32,0.85,0,dense,0.777645468711853,0.0
33,0.85,0,dense,0.5898691415786743,0.0
34,0.85,0,dense,0.7807781100273132,0.0
35,0.85,0,dense,0.47611165046691895,0.0
32,0.85,0,full_sparse,0.7712361216545105,0.002319274703040719
33,0.85,0,full_sparse,0.6024115681648254,0.0026330072432756424
34,0.85,0,full_sparse,0.7814562320709229,0.0008867695578373969
35,0.85,0,full_sparse,0.4789091944694519,0.001603948068805039
32,0.85,0,full_corrected,0.771511435508728,0.002182252937927842
33,0.85,0,full_corrected,0.6025314331054688,0.002539060078561306
34,0.85,0,full_corrected,0.7813642024993896,0.0008807050762698054
35,0.85,0,full_corrected,0.47893571853637695,0.001581704244017601
32,0.85,1,dense,0.777645468711853,0.0
33,0.85,1,dense,0.5898691415786743,0.0
34,0.85,1,dense,0.7807781100273132,0.0
35,0.85,1,dense,0.47611165046691895,0.0
32,0.85,1,full_sparse,0.7759184241294861,0.0024544529151171446
33,0.85,1,full_sparse,0.5994139909744263,0.0028170207515358925
34,0.85,1,full_sparse,0.7805072069168091,0.0009191689314320683
35,0.85,1,full_sparse,0.4790571331977844,0.0015149170067161322
32,0.85,1,full_corrected,0.7762205600738525,0.0023046645801514387
33,0.85,1,full_corrected,0.5993762612342834,0.002736531663686037
34,0.85,1,full_corrected,0.7803687453269958,0.0008866643183864653
35,0.85,1,full_corrected,0.4790845811367035,0.0014910942409187555
32,0.95,0,dense,0.778023898601532,0.0
33,0.95,0,dense,0.7163760662078857,0.0
34,0.95,0,dense,0.7100757360458374,0.0
35,0.95,0,dense,0.4893762469291687,0.0
32,0.95,0,full_sparse,0.769811749458313,0.001814872957766056
33,0.95,0,full_sparse,0.7489433288574219,0.0034930994734168053
34,0.95,0,full_sparse,0.7066376805305481,0.0008865014533512294
35,0.95,0,full_sparse,0.4898890256881714,0.0008379797800444067
32,0.95,0,full_corrected,0.7698244452476501,0.0018033492378890514
33,0.95,0,full_corrected,0.7489858269691467,0.003425254952162504
34,0.95,0,full_corrected,0.7067492008209229,0.0008756367606110871
35,0.95,0,full_corrected,0.48999160528182983,0.0008253146661445498
32,0.95,1,dense,0.778023898601532,0.0
33,0.95,1,dense,0.7163760662078857,0.0
34,0.95,1,dense,0.7100757360458374,0.0
35,0.95,1,dense,0.4893762469291687,0.0
32,0.95,1,full_sparse,0.7710018157958984,0.001588452490977943
33,0.95,1,full_sparse,0.7567422986030579,0.0048825908452272415
34,0.95,1,full_sparse,0.7065141201019287,0.0008929083705879748
35,0.95,1,full_sparse,0.4902288317680359,0.0008050976321101189
32,0.95,1,full_corrected,0.7710099220275879,0.001580174546688795
33,0.95,1,full_corrected,0.7566908597946167,0.004787297919392586
34,0.95,1,full_corrected,0.7066515684127808,0.0008783133234828711
35,0.95,1,full_corrected,0.49033188819885254,0.0007930902065709233
36,0.05,0,dense,1.0031894445419312,0.0
37,0.05,0,dense,0.9599790573120117,0.0
38,0.05,0,dense,0.9512448310852051,0.0
39,0.05,0,dense,1.0441889762878418,0.0
36,0.05,0,full_sparse,1.0053744316101074,0.0031795937102288008
37,0.05,0,full_sparse,0.959598183631897,0.003829261753708124
38,0.05,0,full_sparse,0.9548624753952026,0.0031682755798101425
39,0.05,0,full_sparse,1.046787977218628,0.0029945431742817163
36,0.05,0,full_corrected,1.0057013034820557,0.0031837462447583675
37,0.05,0,full_corrected,0.9600815773010254,0.0037683723494410515
38,0.05,0,full_corrected,0.9545536041259766,0.003121783258393407
39,0.05,0,full_corrected,1.0471124649047852,0.002954715397208929
36,0.05,1,dense,1.0031894445419312,0.0
37,0.05,1,dense,0.9599790573120117,0.0
38,0.05,1,dense,0.9512448310852051,0.0
39,0.05,1,dense,1.0441889762878418,0.0
36,0.05,1,full_sparse,1.0046085119247437,0.003095031948760152
37,0.05,1,full_sparse,0.9599833488464355,0.003553565591573715
38,0.05,1,full_sparse,0.9543067216873169,0.0032500573433935642
39,0.05,1,full_sparse,1.0482995510101318,0.0033643010538071394
36,0.05,1,full_corrected,1.004589319229126,0.0030261119827628136
37,0.05,1,full_corrected,0.9604131579399109,0.003429061733186245
38,0.05,1,full_corrected,0.954218864440918,0.0032394127920269966
39,0.05,1,full_corrected,1.0487109422683716,0.00336480257101357
36,0.15,0,dense,0.9189575910568237,0.0
37,0.15,0,dense,0.8628543019294739,0.0
38,0.15,0,dense,0.8587700128555298,0.0
39,0.15,0,dense,1.0048948526382446,0.0
36,0.15,0,full_sparse,0.9243595600128174,0.009087277576327324
37,0.15,0,full_sparse,0.8659172058105469,0.00976500567048788
38,0.15,0,full_sparse,0.869597852230072,0.008175695315003395
39,0.15,0,full_sparse,1.0093307495117188,0.007781732827425003
36,0.15,0,full_corrected,0.9247873425483704,0.008878007531166077
37,0.15,0,full_corrected,0.8669906854629517,0.009673355147242546
38,0.15,0,full_corrected,0.8691114187240601,0.007969925180077553
39,0.15,0,full_corrected,1.0103931427001953,0.0075979819521307945
36,0.15,1,dense,0.9189575910568237,0.0
37,0.15,1,dense,0.8628543019294739,0.0
38,0.15,1,dense,0.8587700128555298,0.0
39,0.15,1,dense,1.0048948526382446,0.0
36,0.15,1,full_sparse,0.9194560647010803,0.009312460198998451
37,0.15,1,full_sparse,0.8632844090461731,0.009539403021335602
38,0.15,1,full_sparse,0.8691282272338867,0.008527681231498718
39,0.15,1,full_sparse,1.0095088481903076,0.007849817164242268
36,0.15,1,full_corrected,0.9196908473968506,0.009131532162427902
37,0.15,1,full_corrected,0.8643289804458618,0.009290477260947227
38,0.15,1,full_corrected,0.8689160943031311,0.008398033678531647
39,0.15,1,full_corrected,1.0099666118621826,0.0077851698733866215
36,0.3,0,dense,0.8653244972229004,0.0
37,0.3,0,dense,0.8099828958511353,0.0
38,0.3,0,dense,0.7849224805831909,0.0
39,0.3,0,dense,0.8989841938018799,0.0
36,0.3,0,full_sparse,0.8681632876396179,0.009382053278386593
37,0.3,0,full_sparse,0.8196619153022766,0.012544660829007626
38,0.3,0,full_sparse,0.7836544513702393,0.00953168049454689
39,0.3,0,full_sparse,0.901119589805603,0.007973836734890938
36,0.3,0,full_corrected,0.8679630756378174,0.009218394756317139
37,0.3,0,full_corrected,0.820603609085083,0.012485822662711143
38,0.3,0,full_corrected,0.7839335799217224,0.009077091701328754
39,0.3,0,full_corrected,0.9013271331787109,0.007674871943891048
36,0.3,1,dense,0.8653244972229004,0.0
37,0.3,1,dense,0.8099828958511353,0.0
38,0.3,1,dense,0.7849224805831909,0.0
39,0.3,1,dense,0.8989841938018799,0.0
36,0.3,1,full_sparse,0.871326744556427,0.01009337231516838
37,0.3,1,full_sparse,0.8136634826660156,0.012113427743315697
38,0.3,1,full_sparse,0.7900540828704834,0.009117495268583298
39,0.3,1,full_sparse,0.9040390849113464,0.007471493445336819
36,0.3,1,full_corrected,0.8712173700332642,0.010020367801189423
37,0.3,1,full_corrected,0.8141359090805054,0.011867932975292206
38,0.3,1,full_corrected,0.7912061214447021,0.008912947028875351
39,0.3,1,full_corrected,0.9046660661697388,0.007401592098176479
36,0.5,0,dense,0.8548464179039001,0.0
37,0.5,0,dense,0.8792881965637207,0.0
38,0.5,0,dense,0.7474851012229919,0.0
39,0.5,0,dense,0.7332123517990112,0.0
36,0.5,0,full_sparse,0.8487644195556641,0.004435860551893711
37,0.5,0,full_sparse,0.8808197975158691,0.009079353883862495
38,0.5,0,full_sparse,0.750212550163269,0.006966000888496637
39,0.5,0,full_sparse,0.7280569076538086,0.005356010049581528
36,0.5,0,full_corrected,0.8497381210327148,0.004473964683711529
37,0.5,0,full_corrected,0.8798925280570984,0.008923958986997604
38,0.5,0,full_corrected,0.750366747379303,0.007047850638628006
39,0.5,0,full_corrected,0.7280199527740479,0.00524810841307044
36,0.5,1,dense,0.8548464179039001,0.0
37,0.5,1,dense,0.8792881965637207,0.0
38,0.5,1,dense,0.7474851012229919,0.0
39,0.5,1,dense,0.7332123517990112,0.0
36,0.5,1,full_sparse,0.8442966938018799,0.005319084506481886
37,0.5,1,full_sparse,0.8828478455543518,0.010905589908361435
38,0.5,1,full_sparse,0.7504812479019165,0.005811790935695171
39,0.5,1,full_sparse,0.7312785983085632,0.004223794676363468
36,0.5,1,full_corrected,0.844874918460846,0.005437175743281841
37,0.5,1,full_corrected,0.8820216655731201,0.011168243363499641
38,0.5,1,full_corrected,0.75067138671875,0.005660434253513813
39,0.5,1,full_corrected,0.7310909032821655,0.004264683462679386
36,0.7,0,dense,0.7251002788543701,0.0
37,0.7,0,dense,0.8251383304595947,0.0
38,0.7,0,dense,0.7271255254745483,0.0
39,0.7,0,dense,0.586620569229126,0.0
36,0.7,0,full_sparse,0.7210221290588379,0.0014056438812986016
37,0.7,0,full_sparse,0.8298511505126953,0.004411021713167429
38,0.7,0,full_sparse,0.7225009799003601,0.002326741348952055
39,0.7,0,full_sparse,0.5854638814926147,0.004408965818583965
36,0.7,0,full_corrected,0.7210367918014526,0.0014774167211726308
37,0.7,0,full_corrected,0.8297363519668579,0.004275892395526171
38,0.7,0,full_corrected,0.7227088212966919,0.0022839149460196495
39,0.7,0,full_corrected,0.5874327421188354,0.004489762708544731
36,0.7,1,dense,0.7251002788543701,0.0
37,0.7,1,dense,0.8251383304595947,0.0
38,0.7,1,dense,0.7271255254745483,0.0
39,0.7,1,dense,0.586620569229126,0.0
36,0.7,1,full_sparse,0.7225240468978882,0.0012776427902281284
37,0.7,1,full_sparse,0.8258662819862366,0.0038342082407325506
38,0.7,1,full_sparse,0.7234987616539001,0.0022900388576090336
39,0.7,1,full_sparse,0.5853418111801147,0.0038902261294424534
36,0.7,1,full_corrected,0.722460925579071,0.001324559678323567
37,0.7,1,full_corrected,0.8252905607223511,0.003647072007879615
38,0.7,1,full_corrected,0.7237340211868286,0.00217337254434824
39,0.7,1,full_corrected,0.5868381857872009,0.0037553757429122925
36,0.85,0,dense,0.5890446901321411,0.0
37,0.85,0,dense,0.8581381440162659,0.0
38,0.85,0,dense,0.8437125086784363,0.0
39,0.85,0,dense,0.5758281946182251,0.0
36,0.85,0,full_sparse,0.5862672328948975,0.001092095859348774
37,0.85,0,full_sparse,0.8533891439437866,0.002161913551390171
38,0.85,0,full_sparse,0.839099109172821,0.0007931730942800641
39,0.85,0,full_sparse,0.575075626373291,0.004379779566079378
36,0.85,0,full_corrected,0.5861865878105164,0.0010619389358907938
37,0.85,0,full_corrected,0.8522840738296509,0.00207220739684999
38,0.85,0,full_corrected,0.839185893535614,0.0007654653745703399
39,0.85,0,full_corrected,0.5770780444145203,0.004003555979579687
36,0.85,1,dense,0.5890446901321411,0.0
37,0.85,1,dense,0.8581381440162659,0.0
38,0.85,1,dense,0.8437125086784363,0.0
39,0.85,1,dense,0.5758281946182251,0.0
36,0.85,1,full_sparse,0.5850875377655029,0.0010527153499424458
37,0.85,1,full_sparse,0.849345326423645,0.0018959625158458948
38,0.85,1,full_sparse,0.8379276990890503,0.0008633310790173709
39,0.85,1,full_sparse,0.5770959854125977,0.003962661139667034
36,0.85,1,full_corrected,0.5849815011024475,0.0010201474651694298
37,0.85,1,full_corrected,0.8482015132904053,0.0018024161690846086
38,0.85,1,full_corrected,0.837844967842102,0.0008425019914284348
39,0.85,1,full_corrected,0.5790489315986633,0.003638151567429304
36,0.95,0,dense,0.5515900254249573,0.0
37,0.95,0,dense,0.7581574320793152,0.0
38,0.95,0,dense,0.9771162271499634,0.0
39,0.95,0,dense,0.6656899452209473,0.0
36,0.95,0,full_sparse,0.5468712449073792,0.0007364312768913805
37,0.95,0,full_sparse,0.7590551972389221,0.0006109215319156647
38,0.95,0,full_sparse,0.9840219020843506,0.0005160053842701018
39,0.95,0,full_sparse,0.6619830131530762,0.0028644087724387646
36,0.95,0,full_corrected,0.546923041343689,0.0007279166602529585
37,0.95,0,full_corrected,0.7590392231941223,0.0006017066771164536
38,0.95,0,full_corrected,0.9839531183242798,0.0005064356373623013
39,0.95,0,full_corrected,0.6615651845932007,0.002749035134911537
36,0.95,1,dense,0.5515900254249573,0.0
37,0.95,1,dense,0.7581574320793152,0.0
38,0.95,1,dense,0.9771162271499634,0.0
39,0.95,1,dense,0.6656899452209473,0.0
36,0.95,1,full_sparse,0.5477432608604431,0.0007563602994196117
37,0.95,1,full_sparse,0.7582858204841614,0.0005424496484920382
38,0.95,1,full_sparse,0.9844930171966553,0.0004865094379056245
39,0.95,1,full_sparse,0.6604421138763428,0.00247199391014874
36,0.95,1,full_corrected,0.5477904677391052,0.0007468577241525054
37,0.95,1,full_corrected,0.7582947015762329,0.0005377494380809367
38,0.95,1,full_corrected,0.9844344854354858,0.000477892579510808
39,0.95,1,full_corrected,0.6599364280700684,0.002386956475675106
40,0.05,0,dense,1.0266159772872925,0.0
41,0.05,0,dense,1.0029640197753906,0.0
42,0.05,0,dense,0.9023545980453491,0.0
43,0.05,0,dense,1.0067564249038696,0.0
40,0.05,0,full_sparse,1.0237972736358643,0.0036927249748259783
41,0.05,0,full_sparse,1.0049744844436646,0.003952742554247379
42,0.05,0,full_sparse,0.9077134132385254,0.0071833995170891285
43,0.05,0,full_sparse,1.0136874914169312,0.004980714060366154
40,0.05,0,full_corrected,1.023937463760376,0.0036396244540810585
41,0.05,0,full_corrected,1.004882574081421,0.0038423326332122087
42,0.05,0,full_corrected,0.908240795135498,0.007047609426081181
43,0.05,0,full_corrected,1.0140376091003418,0.004885674454271793
40,0.05,1,dense,1.0266159772872925,0.0
41,0.05,1,dense,1.0029640197753906,0.0
42,0.05,1,dense,0.9023545980453491,0.0
43,0.05,1,dense,1.0067564249038696,0.0
40,0.05,1,full_sparse,1.0242509841918945,0.004675094969570637
41,0.05,1,full_sparse,1.0038447380065918,0.004090968519449234
42,0.05,1,full_sparse,0.9079235792160034,0.0072786989621818066
43,0.05,1,full_sparse,1.0114152431488037,0.004767018835991621
40,0.05,1,full_corrected,1.0245041847229004,0.004688615445047617
41,0.05,1,full_corrected,1.0040652751922607,0.0039850869216024876
42,0.05,1,full_corrected,0.9083302021026611,0.007153242360800505
43,0.05,1,full_corrected,1.0121897459030151,0.004652800504118204
40,0.15,0,dense,0.9030892848968506,0.0
41,0.15,0,dense,0.851210355758667,0.0
42,0.15,0,dense,0.7359864115715027,0.0
43,0.15,0,dense,0.903354287147522,0.0
40,0.15,0,full_sparse,0.9035149216651917,0.010276639834046364
41,0.15,0,full_sparse,0.8561611175537109,0.009838609956204891
42,0.15,0,full_sparse,0.7463022470474243,0.014263172633945942
43,0.15,0,full_sparse,0.9129952788352966,0.011685566045343876
40,0.15,0,full_corrected,0.9044061899185181,0.009928787127137184
41,0.15,0,full_corrected,0.8564023971557617,0.009596454910933971
42,0.15,0,full_corrected,0.7466236352920532,0.013878592289984226
43,0.15,0,full_corrected,0.9139412641525269,0.011307577602565289
40,0.15,1,dense,0.9030892848968506,0.0
41,0.15,1,dense,0.851210355758667,0.0
42,0.15,1,dense,0.7359864115715027,0.0
43,0.15,1,dense,0.903354287147522,0.0
40,0.15,1,full_sparse,0.9039568901062012,0.012502269819378853
41,0.15,1,full_sparse,0.8616634607315063,0.009789349511265755
42,0.15,1,full_sparse,0.7480957508087158,0.015347883105278015
43,0.15,1,full_sparse,0.910921573638916,0.010073838755488396
40,0.15,1,full_corrected,0.9048565626144409,0.012360610999166965
41,0.15,1,full_corrected,0.8619556427001953,0.009619771502912045
42,0.15,1,full_corrected,0.7489488124847412,0.014824507758021355
43,0.15,1,full_corrected,0.9118614196777344,0.00971636176109314
40,0.3,0,dense,0.8786579370498657,0.0
41,0.3,0,dense,0.7236738204956055,0.0
42,0.3,0,dense,0.6654285192489624,0.0
43,0.3,0,dense,0.8867702484130859,0.0
40,0.3,0,full_sparse,0.8814542293548584,0.011132895946502686
41,0.3,0,full_sparse,0.7299540042877197,0.010619517415761948
42,0.3,0,full_sparse,0.6751202940940857,0.01656428351998329
43,0.3,0,full_sparse,0.8957310914993286,0.013830462470650673
40,0.3,0,full_corrected,0.8828408122062683,0.011829732917249203
41,0.3,0,full_corrected,0.7301314473152161,0.01045355387032032
42,0.3,0,full_corrected,0.6744844913482666,0.01624361053109169
43,0.3,0,full_corrected,0.8970508575439453,0.013367838226258755
40,0.3,1,dense,0.8786579370498657,0.0
41,0.3,1,dense,0.7236738204956055,0.0
42,0.3,1,dense,0.6654285192489624,0.0
43,0.3,1,dense,0.8867702484130859,0.0
40,0.3,1,full_sparse,0.8908963799476624,0.01370304636657238
41,0.3,1,full_sparse,0.7299604415893555,0.009455982595682144
42,0.3,1,full_sparse,0.677973210811615,0.016287479549646378
43,0.3,1,full_sparse,0.8873321413993835,0.010928583331406116
40,0.3,1,full_corrected,0.8900043964385986,0.013330794870853424
41,0.3,1,full_corrected,0.730127215385437,0.009326491504907608
42,0.3,1,full_corrected,0.6785004734992981,0.015831148251891136
43,0.3,1,full_corrected,0.8873314261436462,0.010884848423302174
40,0.5,0,dense,0.8857253789901733,0.0
41,0.5,0,dense,0.569243311882019,0.0
42,0.5,0,dense,0.6600121259689331,0.0
43,0.5,0,dense,0.9220890998840332,0.0
40,0.5,0,full_sparse,0.8875756859779358,0.006632293574512005
41,0.5,0,full_sparse,0.5740121603012085,0.009412364102900028
42,0.5,0,full_sparse,0.6705135107040405,0.0161319337785244
43,0.5,0,full_sparse,0.9343273639678955,0.009014453738927841
40,0.5,0,full_corrected,0.8888968229293823,0.006596271879971027
41,0.5,0,full_corrected,0.5743285417556763,0.009108348749577999
42,0.5,0,full_corrected,0.6716588139533997,0.016052275896072388
43,0.5,0,full_corrected,0.9348486661911011,0.009080864489078522
40,0.5,1,dense,0.8857253789901733,0.0
41,0.5,1,dense,0.569243311882019,0.0
42,0.5,1,dense,0.6600121259689331,0.0
43,0.5,1,dense,0.9220890998840332,0.0
40,0.5,1,full_sparse,0.895949125289917,0.009820310398936272
41,0.5,1,full_sparse,0.575718879699707,0.00915462151169777
42,0.5,1,full_sparse,0.6759671568870544,0.018044449388980865
43,0.5,1,full_sparse,0.9305214881896973,0.007387596182525158
40,0.5,1,full_corrected,0.8958210349082947,0.009189492091536522
41,0.5,1,full_corrected,0.5774372220039368,0.009440879337489605
42,0.5,1,full_corrected,0.6763114333152771,0.017322063446044922
43,0.5,1,full_corrected,0.931086540222168,0.007159254513680935
40,0.7,0,dense,0.7355873584747314,0.0
41,0.7,0,dense,0.5205322504043579,0.0
42,0.7,0,dense,0.6562583446502686,0.0
43,0.7,0,dense,0.816304087638855,0.0
40,0.7,0,full_sparse,0.7374382019042969,0.0014720105100423098
41,0.7,0,full_sparse,0.517290472984314,0.005288619548082352
42,0.7,0,full_sparse,0.6674704551696777,0.00961913913488388
43,0.7,0,full_sparse,0.8225878477096558,0.0029968421440571547
40,0.7,0,full_corrected,0.7383712530136108,0.0014093820936977863
41,0.7,0,full_corrected,0.5173707008361816,0.004974996671080589
42,0.7,0,full_corrected,0.6668959259986877,0.00920848362147808
43,0.7,0,full_corrected,0.823204517364502,0.0031063552014529705
40,0.7,1,dense,0.7355873584747314,0.0
41,0.7,1,dense,0.5205322504043579,0.0
42,0.7,1,dense,0.6562583446502686,0.0
43,0.7,1,dense,0.816304087638855,0.0
40,0.7,1,full_sparse,0.7309569120407104,0.0023269655648618937
41,0.7,1,full_sparse,0.5273412466049194,0.004115380812436342
42,0.7,1,full_sparse,0.6767159700393677,0.013101157732307911
43,0.7,1,full_sparse,0.823562502861023,0.003111631376668811
40,0.7,1,full_corrected,0.7317243814468384,0.0020249001681804657
41,0.7,1,full_corrected,0.5281342267990112,0.0039923181757330894
42,0.7,1,full_corrected,0.6758078336715698,0.012558488175272942
43,0.7,1,full_corrected,0.8239130973815918,0.003070351667702198
40,0.85,0,dense,0.6069508790969849,0.0
41,0.85,0,dense,0.6091827750205994,0.0
42,0.85,0,dense,0.6244077682495117,0.0
43,0.85,0,dense,0.7023597955703735,0.0
40,0.85,0,full_sparse,0.6020951867103577,0.0012981866020709276
41,0.85,0,full_sparse,0.6067965626716614,0.0006899195141158998
42,0.85,0,full_sparse,0.6259927153587341,0.0050504859536886215
43,0.85,0,full_sparse,0.708814263343811,0.0014930437318980694
40,0.85,0,full_corrected,0.6032018661499023,0.0011518424144014716
41,0.85,0,full_corrected,0.6062076091766357,0.0006644983659498394
42,0.85,0,full_corrected,0.6257994771003723,0.004691611975431442
43,0.85,0,full_corrected,0.7093217968940735,0.0015078817959874868
40,0.85,1,dense,0.6069508790969849,0.0
41,0.85,1,dense,0.6091827750205994,0.0
42,0.85,1,dense,0.6244077682495117,0.0
43,0.85,1,dense,0.7023597955703735,0.0
40,0.85,1,full_sparse,0.5957691073417664,0.0021516906563192606
41,0.85,1,full_sparse,0.605998158454895,0.0006867744959890842
42,0.85,1,full_sparse,0.6304702162742615,0.007026337087154388
43,0.85,1,full_sparse,0.7122817635536194,0.0015571082476526499
40,0.85,1,full_corrected,0.5967172384262085,0.0018365911673754454
41,0.85,1,full_corrected,0.6053571701049805,0.0006684085819870234
42,0.85,1,full_corrected,0.6301302909851074,0.006640664767473936
43,0.85,1,full_corrected,0.7126951217651367,0.0015577699523419142
40,0.95,0,dense,0.6273788809776306,0.0
41,0.95,0,dense,0.5978567004203796,0.0
42,0.95,0,dense,0.5977874398231506,0.0
43,0.95,0,dense,0.6741343140602112,0.0
40,0.95,0,full_sparse,0.622523844242096,0.0007037097821012139
41,0.95,0,full_sparse,0.6062597036361694,0.00035274092806503177
42,0.95,0,full_sparse,0.5985913276672363,0.0027426602318882942
43,0.95,0,full_sparse,0.6560065746307373,0.0013883381616324186
40,0.95,0,full_corrected,0.6230134963989258,0.0006903919856995344
41,0.95,0,full_corrected,0.6061199903488159,0.0003465409390628338
42,0.95,0,full_corrected,0.5982669591903687,0.0026767230592668056
43,0.95,0,full_corrected,0.6566746234893799,0.0013403509510681033
40,0.95,1,dense,0.6273788809776306,0.0
41,0.95,1,dense,0.5978567004203796,0.0
42,0.95,1,dense,0.5977874398231506,0.0
43,0.95,1,dense,0.6741343140602112,0.0
40,0.95,1,full_sparse,0.6184954643249512,0.0008290691766887903
41,0.95,1,full_sparse,0.6068300008773804,0.000343334540957585
42,0.95,1,full_sparse,0.6023982763290405,0.0031304461881518364
43,0.95,1,full_sparse,0.6608803272247314,0.001138824038207531
40,0.95,1,full_corrected,0.6189494132995605,0.000797320157289505
41,0.95,1,full_corrected,0.606687605381012,0.00033733356394805014
42,0.95,1,full_corrected,0.6020470261573792,0.003046545200049877
43,0.95,1,full_corrected,0.6616277694702148,0.001099807326681912
44,0.05,0,dense,1.0644409656524658,0.0
45,0.05,0,dense,1.0021309852600098,0.0
46,0.05,0,dense,0.9439874887466431,0.0
47,0.05,0,dense,1.0324419736862183,0.0
44,0.05,0,full_sparse,1.0664209127426147,0.002068945672363043
45,0.05,0,full_sparse,1.0054851770401,0.003547350876033306
46,0.05,0,full_sparse,0.946489691734314,0.004095280542969704
47,0.05,0,full_sparse,1.033341407775879,0.0013109894935041666
44,0.05,0,full_corrected,1.0664570331573486,0.0020339805632829666
45,0.05,0,full_corrected,1.0057811737060547,0.0034851771779358387
46,0.05,0,full_corrected,0.9460418820381165,0.004000228829681873
47,0.05,0,full_corrected,1.0334585905075073,0.001291837776079774
44,0.05,1,dense,1.0644409656524658,0.0
45,0.05,1,dense,1.0021309852600098,0.0
46,0.05,1,dense,0.9439874887466431,0.0
47,0.05,1,dense,1.0324419736862183,0.0
44,0.05,1,full_sparse,1.0663728713989258,0.002238314598798752
45,0.05,1,full_sparse,1.0057499408721924,0.004124352242797613
46,0.05,1,full_sparse,0.9444872140884399,0.004121305420994759
47,0.05,1,full_sparse,1.0333752632141113,0.0012887482298538089
44,0.05,1,full_corrected,1.066216230392456,0.002252761274576187
45,0.05,1,full_corrected,1.0060677528381348,0.004041946958750486
46,0.05,1,full_corrected,0.9441723823547363,0.00405183294788003
47,0.05,1,full_corrected,1.0333006381988525,0.0012601970229297876
44,0.15,0,dense,1.070265293121338,0.0
45,0.15,0,dense,0.9007140398025513,0.0
46,0.15,0,dense,0.7953894138336182,0.0
47,0.15,0,dense,0.9761276841163635,0.0
44,0.15,0,full_sparse,1.0724444389343262,0.006858724635094404
45,0.15,0,full_sparse,0.9075019359588623,0.010761156678199768
46,0.15,0,full_sparse,0.798555850982666,0.006540344562381506
47,0.15,0,full_sparse,0.979056715965271,0.004900580272078514
44,0.15,0,full_corrected,1.0733001232147217,0.006739769596606493
45,0.15,0,full_corrected,0.9080973267555237,0.010549897328019142
46,0.15,0,full_corrected,0.7981839179992676,0.006327458657324314
47,0.15,0,full_corrected,0.9792112112045288,0.004773358348757029
44,0.15,1,dense,1.070265293121338,0.0
45,0.15,1,dense,0.9007140398025513,0.0
46,0.15,1,dense,0.7953894138336182,0.0
47,0.15,1,dense,0.9761276841163635,0.0
44,0.15,1,full_sparse,1.0721499919891357,0.007140537723898888
45,0.15,1,full_sparse,0.9063762426376343,0.012033198028802872
46,0.15,1,full_sparse,0.7985719442367554,0.007073916960507631
47,0.15,1,full_sparse,0.9767988324165344,0.005092914216220379
44,0.15,1,full_corrected,1.0730311870574951,0.007262348663061857
45,0.15,1,full_corrected,0.9069579839706421,0.011713745072484016
46,0.15,1,full_corrected,0.7981966137886047,0.006839442998170853
47,0.15,1,full_corrected,0.9768518805503845,0.005084234289824963
44,0.3,0,dense,1.0797944068908691,0.0
45,0.3,0,dense,0.8746668696403503,0.0
46,0.3,0,dense,0.7230689525604248,0.0
47,0.3,0,dense,0.8725837469100952,0.0
44,0.3,0,full_sparse,1.0768191814422607,0.007318551652133465
45,0.3,0,full_sparse,0.8755936622619629,0.012381881475448608
46,0.3,0,full_sparse,0.7246068716049194,0.007489434443414211
47,0.3,0,full_sparse,0.8669003248214722,0.007350859232246876
44,0.3,0,full_corrected,1.0772569179534912,0.007008069194853306
45,0.3,0,full_corrected,0.8776547908782959,0.012059490196406841
46,0.3,0,full_corrected,0.724408745765686,0.007139736786484718
47,0.3,0,full_corrected,0.8680899739265442,0.007171171717345715
44,0.3,1,dense,1.0797944068908691,0.0
45,0.3,1,dense,0.8746668696403503,0.0
46,0.3,1,dense,0.7230689525604248,0.0
47,0.3,1,dense,0.8725837469100952,0.0
44,0.3,1,full_sparse,1.0803263187408447,0.007786172907799482
45,0.3,1,full_sparse,0.8761836886405945,0.014272411353886127
46,0.3,1,full_sparse,0.7267316579818726,0.007824995554983616
47,0.3,1,full_sparse,0.8724242448806763,0.007613843772560358
44,0.3,1,full_corrected,1.0810394287109375,0.007878185249865055
45,0.3,1,full_corrected,0.878190279006958,0.013857693411409855
46,0.3,1,full_corrected,0.7262760400772095,0.007444450166076422
47,0.3,1,full_corrected,0.8732187151908875,0.007504057139158249
44,0.5,0,dense,0.9674709439277649,0.0
45,0.5,0,dense,0.8851150870323181,0.0
46,0.5,0,dense,0.6742936372756958,0.0
47,0.5,0,dense,0.7260560989379883,0.0
44,0.5,0,full_sparse,0.9647824764251709,0.002581997774541378
45,0.5,0,full_sparse,0.8870148062705994,0.007962042465806007
46,0.5,0,full_sparse,0.670698881149292,0.006634480319917202
47,0.5,0,full_sparse,0.729434609413147,0.00642351433634758
44,0.5,0,full_corrected,0.964550256729126,0.002681801561266184
45,0.5,0,full_corrected,0.8877829313278198,0.007587231695652008
46,0.5,0,full_corrected,0.6708602905273438,0.006521440111100674
47,0.5,0,full_corrected,0.7306135892868042,0.006448909640312195
44,0.5,1,dense,0.9674709439277649,0.0
45,0.5,1,dense,0.8851150870323181,0.0
46,0.5,1,dense,0.6742936372756958,0.0
47,0.5,1,dense,0.7260560989379883,0.0
44,0.5,1,full_sparse,0.9643439054489136,0.003558414289727807
45,0.5,1,full_sparse,0.8918085098266602,0.010975439101457596
46,0.5,1,full_sparse,0.6686007380485535,0.004332197830080986
47,0.5,1,full_sparse,0.7305326461791992,0.005924722645431757
44,0.5,1,full_corrected,0.9639084339141846,0.003462785854935646
45,0.5,1,full_corrected,0.8924388885498047,0.010224048048257828
46,0.5,1,full_corrected,0.66873699426651,0.004104342777282
47,0.5,1,full_corrected,0.7314927577972412,0.0056723360903561115
44,0.7,0,dense,0.7367279529571533,0.0
45,0.7,0,dense,0.7769988775253296,0.0
46,0.7,0,dense,0.5863876342773438,0.0
47,0.7,0,dense,0.6412785053253174,0.0
44,0.7,0,full_sparse,0.7383526563644409,0.0011731651611626148
45,0.7,0,full_sparse,0.7694969177246094,0.0018919933354482055
46,0.7,0,full_sparse,0.5823367834091187,0.002118760021403432
47,0.7,0,full_sparse,0.6394602656364441,0.0021097599528729916
44,0.7,0,full_corrected,0.7382889986038208,0.0011476920917630196
45,0.7,0,full_corrected,0.7687745690345764,0.0018353896448388696
46,0.7,0,full_corrected,0.5823541283607483,0.0019621243700385094
47,0.7,0,full_corrected,0.640423595905304,0.002162306336686015
44,0.7,1,dense,0.7367279529571533,0.0
45,0.7,1,dense,0.7769988775253296,0.0
46,0.7,1,dense,0.5863876342773438,0.0
47,0.7,1,dense,0.6412785053253174,0.0
44,0.7,1,full_sparse,0.7378420829772949,0.0012168220710009336
45,0.7,1,full_sparse,0.7760674953460693,0.0016516087343916297
46,0.7,1,full_sparse,0.5835685729980469,0.0019443747587502003
47,0.7,1,full_sparse,0.6419481635093689,0.0018678545020520687
44,0.7,1,full_corrected,0.73775315284729,0.0011964903678745031
45,0.7,1,full_corrected,0.7759573459625244,0.0016189387533813715
46,0.7,1,full_corrected,0.5836067795753479,0.0019097414333373308
47,0.7,1,full_corrected,0.6429795026779175,0.001744306180626154
44,0.85,0,dense,0.5824542045593262,0.0
45,0.85,0,dense,0.7498630881309509,0.0
46,0.85,0,dense,0.5089949369430542,0.0
47,0.85,0,dense,0.5685348510742188,0.0
44,0.85,0,full_sparse,0.5753859281539917,0.0027667812537401915
45,0.85,0,full_sparse,0.7429102659225464,0.0004360424936749041
46,0.85,0,full_sparse,0.5073517560958862,0.0012541395844891667
47,0.85,0,full_sparse,0.564417839050293,0.0013554448960348964
44,0.85,0,full_corrected,0.5752924680709839,0.002709433902055025
45,0.85,0,full_corrected,0.7430857419967651,0.0004315927217248827
46,0.85,0,full_corrected,0.5074481964111328,0.001247979118488729
47,0.85,0,full_corrected,0.5646727085113525,0.0012806339655071497
44,0.85,1,dense,0.5824542045593262,0.0
45,0.85,1,dense,0.7498630881309509,0.0
46,0.85,1,dense,0.5089949369430542,0.0
47,0.85,1,dense,0.5685348510742188,0.0
44,0.85,1,full_sparse,0.5774412155151367,0.002554546110332012
45,0.85,1,full_sparse,0.742143452167511,0.0004065355460625142
46,0.85,1,full_sparse,0.5082096457481384,0.0011923322454094887
47,0.85,1,full_sparse,0.5634285807609558,0.0014487267471849918
44,0.85,1,full_corrected,0.577391505241394,0.0024999589659273624
45,0.85,1,full_corrected,0.742195188999176,0.0004081877414137125
46,0.85,1,full_corrected,0.5083516836166382,0.0011763034854084253
47,0.85,1,full_corrected,0.5638411045074463,0.0013873891439288855
44,0.95,0,dense,0.5305508375167847,0.0
45,0.95,0,dense,0.7261661291122437,0.0
46,0.95,0,dense,0.5463282465934753,0.0
47,0.95,0,dense,0.6690220832824707,0.0
44,0.95,0,full_sparse,0.4924657940864563,0.008256196975708008
45,0.95,0,full_sparse,0.7270522713661194,0.00037146994145587087
46,0.95,0,full_sparse,0.535312831401825,0.0019031226402148604
47,0.95,0,full_sparse,0.6642018556594849,0.0018698755884543061
44,0.95,0,full_corrected,0.4924456775188446,0.008242981508374214
45,0.95,0,full_corrected,0.7270792722702026,0.0003705516573973
46,0.95,0,full_corrected,0.5351415276527405,0.001900800853036344
47,0.95,0,full_corrected,0.6642741560935974,0.0018604421056807041
44,0.95,1,dense,0.5305508375167847,0.0
45,0.95,1,dense,0.7261661291122437,0.0
46,0.95,1,dense,0.5463282465934753,0.0
47,0.95,1,dense,0.6690220832824707,0.0
44,0.95,1,full_sparse,0.4920927882194519,0.008358032442629337
45,0.95,1,full_sparse,0.7282305955886841,0.00035110246972180903
46,0.95,1,full_sparse,0.5336533784866333,0.002077392302453518
47,0.95,1,full_sparse,0.6624717712402344,0.0016831217799335718
44,0.95,1,full_corrected,0.4920727610588074,0.008343122899532318
45,0.95,1,full_corrected,0.7282662987709045,0.00035016366746276617
46,0.95,1,full_corrected,0.5334625840187073,0.0020783927757292986
47,0.95,1,full_corrected,0.6625404953956604,0.0016731801442801952
48,0.05,0,dense,1.0676922798156738,0.0
49,0.05,0,dense,0.9147286415100098,0.0
50,0.05,0,dense,1.0160279273986816,0.0
51,0.05,0,dense,0.9963055849075317,0.0
48,0.05,0,full_sparse,1.0653306245803833,0.0016283021541312337
49,0.05,0,full_sparse,0.9169597625732422,0.003618288319557905
50,0.05,0,full_sparse,1.0176690816879272,0.002587656257674098
51,0.05,0,full_sparse,0.9992299675941467,0.0035570296458899975
48,0.05,0,full_corrected,1.065511703491211,0.0015688750427216291
49,0.05,0,full_corrected,0.9164818525314331,0.003504602238535881
50,0.05,0,full_corrected,1.0175998210906982,0.0025369650684297085
51,0.05,0,full_corrected,0.9992852807044983,0.0035577956587076187
48,0.05,1,dense,1.0676922798156738,0.0
49,0.05,1,dense,0.9147286415100098,0.0
50,0.05,1,dense,1.0160279273986816,0.0
51,0.05,1,dense,0.9963055849075317,0.0
48,0.05,1,full_sparse,1.0669958591461182,0.0014022680697962642
49,0.05,1,full_sparse,0.9186229705810547,0.003745108610019088
50,0.05,1,full_sparse,1.0154342651367188,0.0023852139711380005
51,0.05,1,full_sparse,0.9992826581001282,0.003397044725716114
48,0.05,1,full_corrected,1.0670721530914307,0.0013489520642906427
49,0.05,1,full_corrected,0.918091356754303,0.0037181773222982883
50,0.05,1,full_corrected,1.0154824256896973,0.0023445680271834135
51,0.05,1,full_corrected,0.9994933009147644,0.003373984480276704
48,0.15,0,dense,1.0575969219207764,0.0
49,0.15,0,dense,0.7802939414978027,0.0
50,0.15,0,dense,0.9145982265472412,0.0
51,0.15,0,dense,0.9248208403587341,0.0
48,0.15,0,full_sparse,1.0550258159637451,0.006242787465453148
49,0.15,0,full_sparse,0.7899737358093262,0.007476754020899534
50,0.15,0,full_sparse,0.9188600778579712,0.005694068968296051
51,0.15,0,full_sparse,0.9258453845977783,0.009738420136272907
48,0.15,0,full_corrected,1.0550967454910278,0.005993753671646118
49,0.15,0,full_corrected,0.7888674736022949,0.007024446502327919
50,0.15,0,full_corrected,0.9189546704292297,0.005585015285760164
51,0.15,0,full_corrected,0.9257172346115112,0.00941302441060543
48,0.15,1,dense,1.0575969219207764,0.0
49,0.15,1,dense,0.7802939414978027,0.0
50,0.15,1,dense,0.9145982265472412,0.0
51,0.15,1,dense,0.9248208403587341,0.0
48,0.15,1,full_sparse,1.060166835784912,0.005508247762918472
49,0.15,1,full_sparse,0.7894107103347778,0.007704727817326784
50,0.15,1,full_sparse,0.9144746661186218,0.005256181582808495
51,0.15,1,full_sparse,0.931411862373352,0.010125407949090004
48,0.15,1,full_corrected,1.0603435039520264,0.0052253431640565395
49,0.15,1,full_corrected,0.7888703942298889,0.007356512360274792
50,0.15,1,full_corrected,0.9144740104675293,0.005168345756828785
51,0.15,1,full_corrected,0.9320668578147888,0.009921062737703323
48,0.3,0,dense,0.9822724461555481,0.0
49,0.3,0,dense,0.7069718837738037,0.0
50,0.3,0,dense,0.7885545492172241,0.0
51,0.3,0,dense,0.889055609703064,0.0
48,0.3,0,full_sparse,0.9863218069076538,0.007657666224986315
49,0.3,0,full_sparse,0.7113349437713623,0.00785357691347599
50,0.3,0,full_sparse,0.7869513034820557,0.006629627197980881
51,0.3,0,full_sparse,0.8897258043289185,0.01129516027867794
48,0.3,0,full_corrected,0.9862015843391418,0.0074630542658269405
49,0.3,0,full_corrected,0.7113579511642456,0.007115609478205442
50,0.3,0,full_corrected,0.7869904041290283,0.006576589308679104
51,0.3,0,full_corrected,0.8885533809661865,0.010951884090900421
48,0.3,1,dense,0.9822724461555481,0.0
49,0.3,1,dense,0.7069718837738037,0.0
50,0.3,1,dense,0.7885545492172241,0.0
51,0.3,1,dense,0.889055609703064,0.0
48,0.3,1,full_sparse,0.9872027635574341,0.006734495982527733
49,0.3,1,full_sparse,0.7134156227111816,0.008026011288166046
50,0.3,1,full_sparse,0.7867095470428467,0.0053451331332325935
51,0.3,1,full_sparse,0.8991411924362183,0.013641783967614174
48,0.3,1,full_corrected,0.9869566559791565,0.006463485769927502
49,0.3,1,full_corrected,0.7140622138977051,0.007544699590653181
50,0.3,1,full_corrected,0.7869964241981506,0.005154789891093969
51,0.3,1,full_corrected,0.8997378945350647,0.013441730290651321
48,0.5,0,dense,0.7832902669906616,0.0
49,0.5,0,dense,0.690984845161438,0.0
50,0.5,0,dense,0.6364821195602417,0.0
51,0.5,0,dense,0.8593721389770508,0.0
48,0.5,0,full_sparse,0.7870907783508301,0.005213465541601181
49,0.5,0,full_sparse,0.6926608085632324,0.004107251763343811
50,0.5,0,full_sparse,0.6378173828125,0.006003906484693289
51,0.5,0,full_sparse,0.8662303686141968,0.008186922408640385
48,0.5,0,full_corrected,0.787114143371582,0.004990304354578257
49,0.5,0,full_corrected,0.6924114227294922,0.0037728329189121723
50,0.5,0,full_corrected,0.6382675170898438,0.006100375205278397
51,0.5,0,full_corrected,0.8668678402900696,0.008239157497882843
48,0.5,1,dense,0.7832902669906616,0.0
49,0.5,1,dense,0.690984845161438,0.0
50,0.5,1,dense,0.6364821195602417,0.0
51,0.5,1,dense,0.8593721389770508,0.0
48,0.5,1,full_sparse,0.7850654125213623,0.004350100643932819
49,0.5,1,full_sparse,0.6906238198280334,0.00553710525855422
50,0.5,1,full_sparse,0.6337127685546875,0.0046527269296348095
51,0.5,1,full_sparse,0.881481945514679,0.010854315012693405
48,0.5,1,full_corrected,0.7850267887115479,0.0040204995311796665
49,0.5,1,full_corrected,0.6905520558357239,0.005302158650010824
50,0.5,1,full_corrected,0.6338810920715332,0.004703872837126255
51,0.5,1,full_corrected,0.883249044418335,0.011004099622368813
48,0.7,0,dense,0.5555341839790344,0.0
49,0.7,0,dense,0.6075297594070435,0.0
50,0.7,0,dense,0.578291654586792,0.0
51,0.7,0,dense,0.7667603492736816,0.0
48,0.7,0,full_sparse,0.5621761083602905,0.0027253651060163975
49,0.7,0,full_sparse,0.6069046258926392,0.002760104602202773
50,0.7,0,full_sparse,0.5791447162628174,0.005261617247015238
51,0.7,0,full_sparse,0.7638930082321167,0.0029842928051948547
48,0.7,0,full_corrected,0.5622071027755737,0.0025254213251173496
49,0.7,0,full_corrected,0.6068677306175232,0.002550097880885005
50,0.7,0,full_corrected,0.5794325470924377,0.005169835407286882
51,0.7,0,full_corrected,0.7636212110519409,0.0028964891098439693
48,0.7,1,dense,0.5555341839790344,0.0
49,0.7,1,dense,0.6075297594070435,0.0
50,0.7,1,dense,0.578291654586792,0.0
51,0.7,1,dense,0.7667603492736816,0.0
48,0.7,1,full_sparse,0.5584068298339844,0.0016423480119556189
49,0.7,1,full_sparse,0.6039578914642334,0.0030020831618458033
50,0.7,1,full_sparse,0.5773226022720337,0.0052247303538024426
51,0.7,1,full_sparse,0.7605310678482056,0.0026799754705280066
48,0.7,1,full_corrected,0.5584019422531128,0.0014813237357884645
49,0.7,1,full_corrected,0.6038297414779663,0.0027829897589981556
50,0.7,1,full_corrected,0.577704906463623,0.005129141733050346
51,0.7,1,full_corrected,0.760215163230896,0.002721959725022316
48,0.85,0,dense,0.47112372517585754,0.0
49,0.85,0,dense,0.5312076807022095,0.0
50,0.85,0,dense,0.6417705416679382,0.0
51,0.85,0,dense,0.6637685894966125,0.0
48,0.85,0,full_sparse,0.479347288608551,0.001358662499114871
49,0.85,0,full_sparse,0.5263267755508423,0.0028330516070127487
50,0.85,0,full_sparse,0.6257349848747253,0.004615342244505882
51,0.85,0,full_sparse,0.6619729399681091,0.0020580696873366833
48,0.85,0,full_corrected,0.47926416993141174,0.0013432006817311049
49,0.85,0,full_corrected,0.5257043838500977,0.0026860926300287247
50,0.85,0,full_corrected,0.6263267993927002,0.004542071372270584
51,0.85,0,full_corrected,0.6623114347457886,0.002012963406741619
48,0.85,1,dense,0.47112372517585754,0.0
49,0.85,1,dense,0.5312076807022095,0.0
50,0.85,1,dense,0.6417705416679382,0.0
51,0.85,1,dense,0.6637685894966125,0.0
48,0.85,1,full_sparse,0.4801182150840759,0.0012557088630273938
49,0.85,1,full_sparse,0.5269883275032043,0.0023836304899305105
50,0.85,1,full_sparse,0.6262524127960205,0.005236757919192314
51,0.85,1,full_sparse,0.6662914752960205,0.0023873220197856426
48,0.85,1,full_corrected,0.48004165291786194,0.0012419655686244369
49,0.85,1,full_corrected,0.5263255834579468,0.0022249561734497547
50,0.85,1,full_corrected,0.6269124746322632,0.005130068864673376
51,0.85,1,full_corrected,0.6666897535324097,0.0023551774211227894
48,0.95,0,dense,0.42728763818740845,0.0
49,0.95,0,dense,0.6328697204589844,0.0
50,0.95,0,dense,0.765540599822998,0.0
51,0.95,0,dense,0.5877737998962402,0.0
48,0.95,0,full_sparse,0.43814408779144287,0.001960942056030035
49,0.95,0,full_sparse,0.6274668574333191,0.001275863265618682
50,0.95,0,full_sparse,0.7337431907653809,0.003536646720021963
51,0.95,0,full_sparse,0.5956861972808838,0.001980348490178585
48,0.95,0,full_corrected,0.4381232261657715,0.001946335076354444
49,0.95,0,full_corrected,0.6272381544113159,0.0012681522639468312
50,0.95,0,full_corrected,0.7338587641716003,0.0035176482051610947
51,0.95,0,full_corrected,0.5956196784973145,0.001957824919372797
48,0.95,1,dense,0.42728763818740845,0.0
49,0.95,1,dense,0.6328697204589844,0.0
50,0.95,1,dense,0.765540599822998,0.0
51,0.95,1,dense,0.5877737998962402,0.0
48,0.95,1,full_sparse,0.44005417823791504,0.002011379459872842
49,0.95,1,full_sparse,0.6314557790756226,0.0012190982233732939
50,0.95,1,full_sparse,0.7353994846343994,0.0037018496077507734
51,0.95,1,full_sparse,0.5968372821807861,0.002176667330786586
48,0.95,1,full_corrected,0.44005686044692993,0.001998335588723421
49,0.95,1,full_corrected,0.6312470436096191,0.001208287081681192
50,0.95,1,full_corrected,0.7355167865753174,0.0036837526131421328
51,0.95,1,full_corrected,0.5967727303504944,0.002155573107302189
52,0.05,0,dense,1.030740737915039,0.0
53,0.05,0,dense,0.9996223449707031,0.0
54,0.05,0,dense,1.0774340629577637,0.0
55,0.05,0,dense,0.9721331596374512,0.0
52,0.05,0,full_sparse,1.033827781677246,0.0031161049846559763
53,0.05,0,full_sparse,1.0006048679351807,0.002472770167514682
54,0.05,0,full_sparse,1.0771316289901733,0.0015331393806263804
55,0.05,0,full_sparse,0.9752623438835144,0.004882770590484142
52,0.05,0,full_corrected,1.033759593963623,0.0030888128094375134
53,0.05,0,full_corrected,1.0008612871170044,0.0024233597796410322
54,0.05,0,full_corrected,1.0772497653961182,0.001492803916335106
55,0.05,0,full_corrected,0.9751842021942139,0.004811919294297695
52,0.05,1,dense,1.030740737915039,0.0
53,0.05,1,dense,0.9996223449707031,0.0
54,0.05,1,dense,1.0774340629577637,0.0
55,0.05,1,dense,0.9721331596374512,0.0
52,0.05,1,full_sparse,1.0326614379882812,0.0029285519849509
53,0.05,1,full_sparse,0.9997444152832031,0.002402380807325244
54,0.05,1,full_sparse,1.078227162361145,0.0015572485281154513
55,0.05,1,full_sparse,0.9725498557090759,0.004632354713976383
52,0.05,1,full_corrected,1.0324366092681885,0.0028779306448996067
53,0.05,1,full_corrected,1.0000485181808472,0.002395262476056814
54,0.05,1,full_corrected,1.0781248807907104,0.0015076891286298633
55,0.05,1,full_corrected,0.97249436378479,0.004625148605555296
52,0.15,0,dense,0.9404862523078918,0.0
53,0.15,0,dense,0.8750625848770142,0.0
54,0.15,0,dense,1.085893154144287,0.0
55,0.15,0,dense,0.837809681892395,0.0
52,0.15,0,full_sparse,0.9475847482681274,0.008605568669736385
53,0.15,0,full_sparse,0.8833931088447571,0.005002511665225029
54,0.15,0,full_sparse,1.088464379310608,0.005892057437449694
55,0.15,0,full_sparse,0.8461421728134155,0.012897315435111523
52,0.15,0,full_corrected,0.9470028877258301,0.008239572867751122
53,0.15,0,full_corrected,0.8833708763122559,0.00482387188822031
54,0.15,0,full_corrected,1.088501214981079,0.005754862446337938
55,0.15,0,full_corrected,0.8479932546615601,0.012589691206812859
52,0.15,1,dense,0.9404862523078918,0.0
53,0.15,1,dense,0.8750625848770142,0.0
54,0.15,1,dense,1.085893154144287,0.0
55,0.15,1,dense,0.837809681892395,0.0
52,0.15,1,full_sparse,0.945365309715271,0.008736209943890572
53,0.15,1,full_sparse,0.8827182054519653,0.004870364908128977
54,0.15,1,full_sparse,1.0900863409042358,0.006106160115450621
55,0.15,1,full_sparse,0.8392937779426575,0.012109841220080853
52,0.15,1,full_corrected,0.9450925588607788,0.00848716963082552
53,0.15,1,full_corrected,0.882476270198822,0.0045974887907505035
54,0.15,1,full_corrected,1.090113639831543,0.005933582782745361
55,0.15,1,full_corrected,0.8403360843658447,0.011973658576607704
52,0.3,0,dense,0.8744522333145142,0.0
53,0.3,0,dense,0.7779466509819031,0.0
54,0.3,0,dense,1.0478595495224,0.0
55,0.3,0,dense,0.7952038645744324,0.0
52,0.3,0,full_sparse,0.8810403943061829,0.009040527045726776
53,0.3,0,full_sparse,0.7826995849609375,0.0047536734491586685
54,0.3,0,full_sparse,1.055403232574463,0.006969837937504053
55,0.3,0,full_sparse,0.8011561632156372,0.016366804018616676
52,0.3,0,full_corrected,0.8795122504234314,0.008636179380118847
53,0.3,0,full_corrected,0.7823904752731323,0.004655409604310989
54,0.3,0,full_corrected,1.056056022644043,0.006999126635491848
55,0.3,0,full_corrected,0.8027193546295166,0.015894295647740364
52,0.3,1,dense,0.8744522333145142,0.0
53,0.3,1,dense,0.7779466509819031,0.0
54,0.3,1,dense,1.0478595495224,0.0
55,0.3,1,dense,0.7952038645744324,0.0
52,0.3,1,full_sparse,0.8813158869743347,0.00811227597296238
53,0.3,1,full_sparse,0.7807786464691162,0.0045046815648674965
54,0.3,1,full_sparse,1.0513091087341309,0.007142411079257727
55,0.3,1,full_sparse,0.7960859537124634,0.015376197174191475
52,0.3,1,full_corrected,0.8799936175346375,0.007885945029556751
53,0.3,1,full_corrected,0.7801918387413025,0.004312427714467049
54,0.3,1,full_corrected,1.0516091585159302,0.007131342776119709
55,0.3,1,full_corrected,0.7969164252281189,0.015223231166601181
52,0.5,0,dense,0.7363030314445496,0.0
53,0.5,0,dense,0.6728023886680603,0.0
54,0.5,0,dense,0.9070801734924316,0.0
55,0.5,0,dense,0.7678601145744324,0.0
52,0.5,0,full_sparse,0.7524412870407104,0.008519066497683525
53,0.5,0,full_sparse,0.6754426956176758,0.003534965682774782
54,0.5,0,full_sparse,0.9109320044517517,0.005258801393210888
55,0.5,0,full_sparse,0.7720627784729004,0.009573955088853836
52,0.5,0,full_corrected,0.751550018787384,0.007937944494187832
53,0.5,0,full_corrected,0.6758564114570618,0.003505031345412135
54,0.5,0,full_corrected,0.9120804667472839,0.0060399724170565605
55,0.5,0,full_corrected,0.7727631330490112,0.009257953613996506
52,0.5,1,dense,0.7363030314445496,0.0
53,0.5,1,dense,0.6728023886680603,0.0
54,0.5,1,dense,0.9070801734924316,0.0
55,0.5,1,dense,0.7678601145744324,0.0
52,0.5,1,full_sparse,0.7522366046905518,0.007903127931058407
53,0.5,1,full_sparse,0.6730935573577881,0.0034558873157948256
54,0.5,1,full_sparse,0.9099017381668091,0.003750304225832224
55,0.5,1,full_sparse,0.7750184535980225,0.009801953099668026
52,0.5,1,full_corrected,0.7518145442008972,0.007962936535477638
53,0.5,1,full_corrected,0.6732069253921509,0.0032789227552711964
54,0.5,1,full_corrected,0.9096095561981201,0.003757813014090061
55,0.5,1,full_corrected,0.7760711908340454,0.009548419155180454
52,0.7,0,dense,0.5720224380493164,0.0
53,0.7,0,dense,0.5940830707550049,0.0
54,0.7,0,dense,0.7008609771728516,0.0
55,0.7,0,dense,0.7288717031478882,0.0
52,0.7,0,full_sparse,0.5772748589515686,0.002537380438297987
53,0.7,0,full_sparse,0.5847524404525757,0.003039871109649539
54,0.7,0,full_sparse,0.6951509714126587,0.0019021185580641031
55,0.7,0,full_sparse,0.719676673412323,0.007901033386588097
52,0.7,0,full_corrected,0.5767223834991455,0.002205266384407878
53,0.7,0,full_corrected,0.5854089260101318,0.002829417120665312
54,0.7,0,full_corrected,0.6951560974121094,0.002015403239056468
55,0.7,0,full_corrected,0.7197204828262329,0.007290647365152836
52,0.7,1,dense,0.5720224380493164,0.0
53,0.7,1,dense,0.5940830707550049,0.0
54,0.7,1,dense,0.7008609771728516,0.0
55,0.7,1,dense,0.7288717031478882,0.0
52,0.7,1,full_sparse,0.579810619354248,0.0029107737354934216
53,0.7,1,full_sparse,0.5866541266441345,0.002741436939686537
54,0.7,1,full_sparse,0.6972180604934692,0.0015010854694992304
55,0.7,1,full_sparse,0.7313944697380066,0.005597017705440521
52,0.7,1,full_corrected,0.5793963074684143,0.002763435710221529
53,0.7,1,full_corrected,0.5871605277061462,0.002558636013418436
54,0.7,1,full_corrected,0.6971494555473328,0.001475583529099822
55,0.7,1,full_corrected,0.7330443263053894,0.0054166847839951515
52,0.85,0,dense,0.519237756729126,0.0
53,0.85,0,dense,0.5560657382011414,0.0
54,0.85,0,dense,0.5953208804130554,0.0
55,0.85,0,dense,0.7157657146453857,0.0
52,0.85,0,full_sparse,0.5211399793624878,0.0015727587742730975
53,0.85,0,full_sparse,0.5567678213119507,0.002234038431197405
54,0.85,0,full_sparse,0.5890212059020996,0.0022242823615670204
55,0.85,0,full_sparse,0.7217461466789246,0.004187662620097399
52,0.85,0,full_corrected,0.5206040143966675,0.0015489333309233189
53,0.85,0,full_corrected,0.556088924407959,0.002167806029319763
54,0.85,0,full_corrected,0.5892553925514221,0.0021767958533018827
55,0.85,0,full_corrected,0.7215768694877625,0.00402699364349246
52,0.85,1,dense,0.519237756729126,0.0
53,0.85,1,dense,0.5560657382011414,0.0
54,0.85,1,dense,0.5953208804130554,0.0
55,0.85,1,dense,0.7157657146453857,0.0
52,0.85,1,full_sparse,0.5219721794128418,0.001743415486998856
53,0.85,1,full_sparse,0.5542697906494141,0.0019432439003139734
54,0.85,1,full_sparse,0.5882363319396973,0.0025670172180980444
55,0.85,1,full_sparse,0.7184918522834778,0.007311310153454542
52,0.85,1,full_corrected,0.5213744640350342,0.0017261810135096312
53,0.85,1,full_corrected,0.5535084009170532,0.0018809707835316658
54,0.85,1,full_corrected,0.588442325592041,0.0024677461478859186
55,0.85,1,full_corrected,0.7171725034713745,0.006906706839799881
52,0.95,0,dense,0.49111175537109375,0.0
53,0.95,0,dense,0.7121522426605225,0.0
54,0.95,0,dense,0.5962634086608887,0.0
55,0.95,0,dense,0.8675413131713867,0.0
52,0.95,0,full_sparse,0.48817235231399536,0.0013307930203154683
53,0.95,0,full_sparse,0.719969630241394,0.001452926779165864
54,0.95,0,full_sparse,0.573587954044342,0.0030301883816719055
55,0.95,0,full_sparse,0.863280177116394,0.003985417541116476
52,0.95,0,full_corrected,0.48807480931282043,0.001315936679020524
53,0.95,0,full_corrected,0.719835638999939,0.0014347605174407363
54,0.95,0,full_corrected,0.5736556053161621,0.003015456022694707
55,0.95,0,full_corrected,0.8632180690765381,0.003941455855965614
52,0.95,1,dense,0.49111175537109375,0.0
53,0.95,1,dense,0.7121522426605225,0.0
54,0.95,1,dense,0.5962634086608887,0.0
55,0.95,1,dense,0.8675413131713867,0.0
52,0.95,1,full_sparse,0.4882088601589203,0.0013622816186398268
53,0.95,1,full_sparse,0.7181912660598755,0.001435696380212903
54,0.95,1,full_sparse,0.5740488767623901,0.002931479597464204
55,0.95,1,full_sparse,0.8689031004905701,0.0030497489497065544
52,0.95,1,full_corrected,0.48811742663383484,0.0013454225845634937
53,0.95,1,full_corrected,0.7180362343788147,0.0014176140539348125
54,0.95,1,full_corrected,0.5741256475448608,0.00290500046685338
55,0.95,1,full_corrected,0.8688699007034302,0.0030153505504131317
56,0.05,0,dense,1.004594087600708,0.0
57,0.05,0,dense,1.047276258468628,0.0
58,0.05,0,dense,1.0488841533660889,0.0
59,0.05,0,dense,1.067617416381836,0.0
56,0.05,0,full_sparse,1.0061641931533813,0.004015067592263222
57,0.05,0,full_sparse,1.0503273010253906,0.0014566335594281554
58,0.05,0,full_sparse,1.0498369932174683,0.00272488035261631
59,0.05,0,full_sparse,1.0680431127548218,0.001260208897292614
56,0.05,0,full_corrected,1.006557583808899,0.003923638723790646
57,0.05,0,full_corrected,1.0503754615783691,0.0014276597648859024
58,0.05,0,full_corrected,1.049823522567749,0.002683938480913639
59,0.05,0,full_corrected,1.0678907632827759,0.0012405437882989645
56,0.05,1,dense,1.004594087600708,0.0
57,0.05,1,dense,1.047276258468628,0.0
58,0.05,1,dense,1.0488841533660889,0.0
59,0.05,1,dense,1.067617416381836,0.0
56,0.05,1,full_sparse,1.0066986083984375,0.0034307450987398624
57,0.05,1,full_sparse,1.0499629974365234,0.001386333373375237
58,0.05,1,full_sparse,1.0504229068756104,0.0029818471521139145
59,0.05,1,full_sparse,1.0686373710632324,0.0014249933883547783
56,0.05,1,full_corrected,1.0068023204803467,0.0033679683692753315
57,0.05,1,full_corrected,1.0501103401184082,0.0013493952574208379
58,0.05,1,full_corrected,1.050683617591858,0.0028992071747779846
59,0.05,1,full_corrected,1.068779468536377,0.0013738695997744799
56,0.15,0,dense,0.8563153743743896,0.0
57,0.15,0,dense,1.007828712463379,0.0
58,0.15,0,dense,0.992721676826477,0.0
59,0.15,0,dense,1.0362775325775146,0.0
56,0.15,0,full_sparse,0.8656116724014282,0.00787217728793621
57,0.15,0,full_sparse,1.0156567096710205,0.004947192035615444
58,0.15,0,full_sparse,0.9931517839431763,0.007795985788106918
59,0.15,0,full_sparse,1.0372326374053955,0.0045881327241659164
56,0.15,0,full_corrected,0.8663038611412048,0.007635238580405712
57,0.15,0,full_corrected,1.0154612064361572,0.004749875515699387
58,0.15,0,full_corrected,0.9935409426689148,0.007483300287276506
59,0.15,0,full_corrected,1.0377209186553955,0.004520480986684561
56,0.15,1,dense,0.8563153743743896,0.0
57,0.15,1,dense,1.007828712463379,0.0
58,0.15,1,dense,0.992721676826477,0.0
59,0.15,1,dense,1.0362775325775146,0.0
56,0.15,1,full_sparse,0.8636515140533447,0.007800684310495853
57,0.15,1,full_sparse,1.0119178295135498,0.004573393613100052
58,0.15,1,full_sparse,0.9967470169067383,0.009032076224684715
59,0.15,1,full_sparse,1.0352580547332764,0.005375927779823542
56,0.15,1,full_corrected,0.8638295531272888,0.007775179576128721
57,0.15,1,full_corrected,1.0119074583053589,0.004447001963853836
58,0.15,1,full_corrected,0.9976884722709656,0.008564535528421402
59,0.15,1,full_corrected,1.0359761714935303,0.0051706875674426556
56,0.3,0,dense,0.778328537940979,0.0
57,0.3,0,dense,0.9606260061264038,0.0
58,0.3,0,dense,0.9556573629379272,0.0
59,0.3,0,dense,0.9585798382759094,0.0
56,0.3,0,full_sparse,0.7786650657653809,0.006704789120703936
57,0.3,0,full_sparse,0.9657590985298157,0.007017097435891628
58,0.3,0,full_sparse,0.9609512090682983,0.008751953020691872
59,0.3,0,full_sparse,0.9616795778274536,0.005424915347248316
56,0.3,0,full_corrected,0.7793636322021484,0.006452855654060841
57,0.3,0,full_corrected,0.9654935002326965,0.00694174412637949
58,0.3,0,full_corrected,0.9612730741500854,0.008198387920856476
59,0.3,0,full_corrected,0.9625509977340698,0.0051615252159535885
56,0.3,1,dense,0.778328537940979,0.0
57,0.3,1,dense,0.9606260061264038,0.0
58,0.3,1,dense,0.9556573629379272,0.0
59,0.3,1,dense,0.9585798382759094,0.0
56,0.3,1,full_sparse,0.7757161855697632,0.007506450172513723
57,0.3,1,full_sparse,0.9650579690933228,0.006181876640766859
58,0.3,1,full_sparse,0.9639381170272827,0.011916344054043293
59,0.3,1,full_sparse,0.9576551914215088,0.00686514051631093
56,0.3,1,full_corrected,0.7763900756835938,0.007291522342711687
57,0.3,1,full_corrected,0.964698076248169,0.006142627913504839
58,0.3,1,full_corrected,0.9652163982391357,0.011457452550530434
59,0.3,1,full_corrected,0.9584693312644958,0.006734853610396385
56,0.5,0,dense,0.6966592669487,0.0
57,0.5,0,dense,0.9351434707641602,0.0
58,0.5,0,dense,0.9585137367248535,0.0
59,0.5,0,dense,0.8040944337844849,0.0
56,0.5,0,full_sparse,0.696628212928772,0.004179253242909908
57,0.5,0,full_sparse,0.9391628503799438,0.007190586067736149
58,0.5,0,full_sparse,0.9558878540992737,0.004638863727450371
59,0.5,0,full_sparse,0.8022632598876953,0.0031936895102262497
56,0.5,0,full_corrected,0.6963505744934082,0.00428574625402689
57,0.5,0,full_corrected,0.9391146898269653,0.007071265019476414
58,0.5,0,full_corrected,0.9568852782249451,0.0044518704526126385
59,0.5,0,full_corrected,0.8022150993347168,0.0029990575276315212
56,0.5,1,dense,0.6966592669487,0.0
57,0.5,1,dense,0.9351434707641602,0.0
58,0.5,1,dense,0.9585137367248535,0.0
59,0.5,1,dense,0.8040944337844849,0.0
56,0.5,1,full_sparse,0.694263219833374,0.005150233395397663
57,0.5,1,full_sparse,0.9385656118392944,0.0048827603459358215
58,0.5,1,full_sparse,0.956834614276886,0.006407835986465216
59,0.5,1,full_sparse,0.802955150604248,0.004442292265594006
56,0.5,1,full_corrected,0.694053590297699,0.0052773673087358475
57,0.5,1,full_corrected,0.9379950761795044,0.004689007997512817
58,0.5,1,full_corrected,0.9576481580734253,0.0062865265645086765
59,0.5,1,full_corrected,0.8030382394790649,0.004077413585036993
56,0.7,0,dense,0.6703721284866333,0.0
57,0.7,0,dense,0.7693215012550354,0.0
58,0.7,0,dense,0.7686384916305542,0.0
59,0.7,0,dense,0.6484751105308533,0.0
56,0.7,0,full_sparse,0.6700178980827332,0.003256542608141899
57,0.7,0,full_sparse,0.7734259366989136,0.001922325580380857
58,0.7,0,full_sparse,0.7671728134155273,0.0017724285135045648
59,0.7,0,full_sparse,0.6380704045295715,0.00208811042830348
56,0.7,0,full_corrected,0.6698517799377441,0.003241244936361909
57,0.7,0,full_corrected,0.7739301919937134,0.001945529249496758
58,0.7,0,full_corrected,0.7677633166313171,0.0017019914230331779
59,0.7,0,full_corrected,0.6388530731201172,0.0020869169384241104
56,0.7,1,dense,0.6703721284866333,0.0
57,0.7,1,dense,0.7693215012550354,0.0
58,0.7,1,dense,0.7686384916305542,0.0
59,0.7,1,dense,0.6484751105308533,0.0
56,0.7,1,full_sparse,0.6704946160316467,0.0030132473912090063
57,0.7,1,full_sparse,0.7749977707862854,0.0020299491006881
58,0.7,1,full_sparse,0.7671138048171997,0.001847636653110385
59,0.7,1,full_sparse,0.63691246509552,0.002353875432163477
56,0.7,1,full_corrected,0.6703163385391235,0.0029924847185611725
57,0.7,1,full_corrected,0.7749961614608765,0.002062660874798894
58,0.7,1,full_corrected,0.7678135633468628,0.0018540658056735992
59,0.7,1,full_corrected,0.6381632685661316,0.002326482906937599
56,0.85,0,dense,0.7902939319610596,0.0
57,0.85,0,dense,0.6644796133041382,0.0
58,0.85,0,dense,0.6443190574645996,0.0
59,0.85,0,dense,0.562180757522583,0.0
56,0.85,0,full_sparse,0.7889893651008606,0.002370496978983283
57,0.85,0,full_sparse,0.6709402203559875,0.0015525338239967823
58,0.85,0,full_sparse,0.6495800614356995,0.0020858892239630222
59,0.85,0,full_sparse,0.5529531240463257,0.0018578977324068546
56,0.85,0,full_corrected,0.7890094518661499,0.0022510180715471506
57,0.85,0,full_corrected,0.670982837677002,0.0015137549489736557
58,0.85,0,full_corrected,0.6489589810371399,0.0019082108046859503
59,0.85,0,full_corrected,0.5538917779922485,0.0017256466671824455
56,0.85,1,dense,0.7902939319610596,0.0
57,0.85,1,dense,0.6644796133041382,0.0
58,0.85,1,dense,0.6443190574645996,0.0
59,0.85,1,dense,0.562180757522583,0.0
56,0.85,1,full_sparse,0.7926211953163147,0.002957718912512064
57,0.85,1,full_sparse,0.6708552837371826,0.0016297800466418266
58,0.85,1,full_sparse,0.646079421043396,0.0014539689291268587
59,0.85,1,full_sparse,0.5530679225921631,0.0019924971275031567
56,0.85,1,full_corrected,0.7927243113517761,0.0028485471848398447
57,0.85,1,full_corrected,0.6708931922912598,0.0015968423103913665
58,0.85,1,full_corrected,0.6456350684165955,0.0013577300123870373
59,0.85,1,full_corrected,0.5542038679122925,0.0018487847410142422
56,0.95,0,dense,0.9560647010803223,0.0
57,0.95,0,dense,0.5635514259338379,0.0
58,0.95,0,dense,0.662804901599884,0.0
59,0.95,0,dense,0.5293751358985901,0.0
56,0.95,0,full_sparse,0.9657553434371948,0.006120112258940935
57,0.95,0,full_sparse,0.578551709651947,0.0015891825314611197
58,0.95,0,full_sparse,0.6517300605773926,0.0008940331172198057
59,0.95,0,full_sparse,0.5335586071014404,0.0015445881290361285
56,0.95,0,full_corrected,0.9658938050270081,0.006053134799003601
57,0.95,0,full_corrected,0.5784517526626587,0.0015725266421213746
58,0.95,0,full_corrected,0.6517341732978821,0.0008877315558493137
59,0.95,0,full_corrected,0.5334510207176208,0.0015253808815032244
56,0.95,1,dense,0.9560647010803223,0.0
57,0.95,1,dense,0.5635514259338379,0.0
58,0.95,1,dense,0.662804901599884,0.0
59,0.95,1,dense,0.5293751358985901,0.0
56,0.95,1,full_sparse,0.9664888381958008,0.005082542542368174
57,0.95,1,full_sparse,0.5763758420944214,0.0012505024205893278
58,0.95,1,full_sparse,0.651969313621521,0.000809885619673878
59,0.95,1,full_sparse,0.5326930284500122,0.0016058466862887144
56,0.95,1,full_corrected,0.9666407704353333,0.005022892728447914
57,0.95,1,full_corrected,0.5762658715248108,0.0012351823970675468
58,0.95,1,full_corrected,0.651989758014679,0.0008034735219553113
59,0.95,1,full_corrected,0.5325794219970703,0.0015889577334746718
60,0.05,0,dense,1.0793211460113525,0.0
61,0.05,0,dense,0.9808817505836487,0.0
62,0.05,0,dense,1.055775761604309,0.0
63,0.05,0,dense,0.9455365538597107,0.0
60,0.05,0,full_sparse,1.081183671951294,0.00235100369900465
61,0.05,0,full_sparse,0.9842391014099121,0.0031193173490464687
62,0.05,0,full_sparse,1.0567436218261719,0.001526241423562169
63,0.05,0,full_sparse,0.9493531584739685,0.005219009704887867
60,0.05,0,full_corrected,1.0812175273895264,0.002294430509209633
61,0.05,0,full_corrected,0.9838647246360779,0.003031295258551836
62,0.05,0,full_corrected,1.0567491054534912,0.001502585131675005
63,0.05,0,full_corrected,0.9489622712135315,0.0051631317473948
60,0.05,1,dense,1.0793211460113525,0.0
61,0.05,1,dense,0.9808817505836487,0.0
62,0.05,1,dense,1.055775761604309,0.0
63,0.05,1,dense,0.9455365538597107,0.0
60,0.05,1,full_sparse,1.0805795192718506,0.002209395170211792
61,0.05,1,full_sparse,0.9864481687545776,0.0033273454755544662
62,0.05,1,full_sparse,1.0543256998062134,0.001557700801640749
63,0.05,1,full_sparse,0.9496996402740479,0.005692736245691776
60,0.05,1,full_corrected,1.0808584690093994,0.0021728710271418095
61,0.05,1,full_corrected,0.9863083958625793,0.0032379417680203915
62,0.05,1,full_corrected,1.0542256832122803,0.0015334476483985782
63,0.05,1,full_corrected,0.9494791626930237,0.005768992938101292
60,0.15,0,dense,1.045770525932312,0.0
61,0.15,0,dense,0.857894778251648,0.0
62,0.15,0,dense,1.0837467908859253,0.0
63,0.15,0,dense,0.7946949601173401,0.0
60,0.15,0,full_sparse,1.0504010915756226,0.0077463192865252495
61,0.15,0,full_sparse,0.862389326095581,0.008784274570643902
62,0.15,0,full_sparse,1.0827157497406006,0.005989004857838154
63,0.15,0,full_sparse,0.8034764528274536,0.009311296045780182
60,0.15,0,full_corrected,1.051261067390442,0.007602099794894457
61,0.15,0,full_corrected,0.8634511232376099,0.008500887081027031
62,0.15,0,full_corrected,1.0830483436584473,0.005816042423248291
63,0.15,0,full_corrected,0.8027300834655762,0.009093917906284332
60,0.15,1,dense,1.045770525932312,0.0
61,0.15,1,dense,0.857894778251648,0.0
62,0.15,1,dense,1.0837467908859253,0.0
63,0.15,1,dense,0.7946949601173401,0.0
60,0.15,1,full_sparse,1.046107530593872,0.007399484980851412
61,0.15,1,full_sparse,0.8611303567886353,0.008560189977288246
62,0.15,1,full_sparse,1.0804224014282227,0.00660349428653717
63,0.15,1,full_sparse,0.806374192237854,0.01054934412240982
60,0.15,1,full_corrected,1.0471057891845703,0.007383718155324459
61,0.15,1,full_corrected,0.8618031740188599,0.008306280709803104
62,0.15,1,full_corrected,1.0804632902145386,0.006504193879663944
63,0.15,1,full_corrected,0.8062402606010437,0.010339681059122086
60,0.3,0,dense,0.9683630466461182,0.0
61,0.3,0,dense,0.7991442084312439,0.0
62,0.3,0,dense,1.0233381986618042,0.0
63,0.3,0,dense,0.7247796654701233,0.0
60,0.3,0,full_sparse,0.9719169735908508,0.009568115696310997
61,0.3,0,full_sparse,0.808790922164917,0.009656901471316814
62,0.3,0,full_sparse,1.0173616409301758,0.006662588566541672
63,0.3,0,full_sparse,0.734785795211792,0.009839937090873718
60,0.3,0,full_corrected,0.9723513722419739,0.009141005575656891
61,0.3,0,full_corrected,0.8091380596160889,0.009671060368418694
62,0.3,0,full_corrected,1.0181293487548828,0.006546746473759413
63,0.3,0,full_corrected,0.7345898151397705,0.009648099541664124
60,0.3,1,dense,0.9683630466461182,0.0
61,0.3,1,dense,0.7991442084312439,0.0
62,0.3,1,dense,1.0233381986618042,0.0
63,0.3,1,dense,0.7247796654701233,0.0
60,0.3,1,full_sparse,0.9658679962158203,0.009738540276885033
61,0.3,1,full_sparse,0.8099226951599121,0.010376760736107826
62,0.3,1,full_sparse,1.0194436311721802,0.007730742450803518
63,0.3,1,full_sparse,0.7334346175193787,0.010617347434163094
60,0.3,1,full_corrected,0.9669344425201416,0.009737100452184677
61,0.3,1,full_corrected,0.8108781576156616,0.01028443407267332
62,0.3,1,full_corrected,1.019787073135376,0.007431690581142902
63,0.3,1,full_corrected,0.7340826988220215,0.010368815623223782
60,0.5,0,dense,0.874942421913147,0.0
61,0.5,0,dense,0.7602205276489258,0.0
62,0.5,0,dense,0.8929485082626343,0.0
63,0.5,0,dense,0.7495807409286499,0.0
60,0.5,0,full_sparse,0.8778040409088135,0.010849757120013237
61,0.5,0,full_sparse,0.7622519731521606,0.005750310607254505
62,0.5,0,full_sparse,0.8904751539230347,0.00258452445268631
63,0.5,0,full_sparse,0.753174364566803,0.006704332772642374
60,0.5,0,full_corrected,0.8761438727378845,0.010889103636145592
61,0.5,0,full_corrected,0.7622088193893433,0.005410800687968731
62,0.5,0,full_corrected,0.8907860517501831,0.0025166107807308435
63,0.5,0,full_corrected,0.7531020641326904,0.006685716100037098
60,0.5,1,dense,0.874942421913147,0.0
61,0.5,1,dense,0.7602205276489258,0.0
62,0.5,1,dense,0.8929485082626343,0.0
63,0.5,1,dense,0.7495807409286499,0.0
60,0.5,1,full_sparse,0.866219162940979,0.01243359874933958
61,0.5,1,full_sparse,0.762673020362854,0.005199276842176914
62,0.5,1,full_sparse,0.889513373374939,0.0027204379439353943
63,0.5,1,full_sparse,0.7548900842666626,0.006179162301123142
60,0.5,1,full_corrected,0.8649275898933411,0.012663168832659721
61,0.5,1,full_corrected,0.7629120349884033,0.004862892907112837
62,0.5,1,full_corrected,0.8899983167648315,0.0027117591816931963
63,0.5,1,full_corrected,0.7548954486846924,0.0060911476612091064
60,0.7,0,dense,0.6915753483772278,0.0
61,0.7,0,dense,0.6040328741073608,0.0
62,0.7,0,dense,0.6559041142463684,0.0
63,0.7,0,dense,0.8453896641731262,0.0
60,0.7,0,full_sparse,0.6857497692108154,0.003919689450412989
61,0.7,0,full_sparse,0.599603533744812,0.0015373032074421644
62,0.7,0,full_sparse,0.655443012714386,0.0015064540784806013
63,0.7,0,full_sparse,0.8346444368362427,0.003568576881662011
60,0.7,0,full_corrected,0.6860640048980713,0.0037063551135361195
61,0.7,0,full_corrected,0.6005371809005737,0.001356105087324977
62,0.7,0,full_corrected,0.6550151109695435,0.0014007783029228449
63,0.7,0,full_corrected,0.8360109925270081,0.0038479212671518326
60,0.7,1,dense,0.6915753483772278,0.0
61,0.7,1,dense,0.6040328741073608,0.0
62,0.7,1,dense,0.6559041142463684,0.0
63,0.7,1,dense,0.8453896641731262,0.0
60,0.7,1,full_sparse,0.6849945783615112,0.005449703894555569
61,0.7,1,full_sparse,0.6019574403762817,0.0022037960588932037
62,0.7,1,full_sparse,0.6568719148635864,0.001510074594989419
63,0.7,1,full_sparse,0.8359904289245605,0.0030799023807048798
60,0.7,1,full_corrected,0.6855496168136597,0.005153982434421778
61,0.7,1,full_corrected,0.6030032634735107,0.001983475871384144
62,0.7,1,full_corrected,0.656647801399231,0.001438185223378241
63,0.7,1,full_corrected,0.8372499942779541,0.002962870057672262
60,0.85,0,dense,0.5511026382446289,0.0
61,0.85,0,dense,0.5122753381729126,0.0
62,0.85,0,dense,0.4934009909629822,0.0
63,0.85,0,dense,0.9994053840637207,0.0
60,0.85,0,full_sparse,0.5494568347930908,0.0023323199711740017
61,0.85,0,full_sparse,0.5178892612457275,0.0005409514415077865
62,0.85,0,full_sparse,0.49605488777160645,0.0016821322496980429
63,0.85,0,full_sparse,0.9823449850082397,0.005309984087944031
60,0.85,0,full_corrected,0.5487853288650513,0.002175728790462017
61,0.85,0,full_corrected,0.5175958871841431,0.00048482156125828624
62,0.85,0,full_corrected,0.49586793780326843,0.0016479722689837217
63,0.85,0,full_corrected,0.9825042486190796,0.005291879177093506
60,0.85,1,dense,0.5511026382446289,0.0
61,0.85,1,dense,0.5122753381729126,0.0
62,0.85,1,dense,0.4934009909629822,0.0
63,0.85,1,dense,0.9994053840637207,0.0
60,0.85,1,full_sparse,0.5514876842498779,0.0022423556074500084
61,0.85,1,full_sparse,0.52150958776474,0.0009759408421814442
62,0.85,1,full_sparse,0.4966281056404114,0.0018025989411398768
63,0.85,1,full_sparse,0.9855867624282837,0.003825829830020666
60,0.85,1,full_corrected,0.5506235957145691,0.002068297704681754
61,0.85,1,full_corrected,0.521298885345459,0.0009021403384394944
62,0.85,1,full_corrected,0.4965120553970337,0.0017658843426033854
63,0.85,1,full_corrected,0.9859790802001953,0.00379259348846972
60,0.95,0,dense,0.5513503551483154,0.0
61,0.95,0,dense,0.5426108241081238,0.0
62,0.95,0,dense,0.46320533752441406,0.0
63,0.95,0,dense,1.0220165252685547,0.0
60,0.95,0,full_sparse,0.5519495606422424,0.0018671919824555516
61,0.95,0,full_sparse,0.5443075895309448,0.0005392691818997264
62,0.95,0,full_sparse,0.46003812551498413,0.0012662872904911637
63,0.95,0,full_sparse,1.0039253234863281,0.0022364137694239616
60,0.95,0,full_corrected,0.5518686175346375,0.0018383610295131803
61,0.95,0,full_corrected,0.544323205947876,0.0005354585009627044
62,0.95,0,full_corrected,0.46006518602371216,0.0012451107613742352
63,0.95,0,full_corrected,1.0042665004730225,0.0022070305421948433
60,0.95,1,dense,0.5513503551483154,0.0
61,0.95,1,dense,0.5426108241081238,0.0
62,0.95,1,dense,0.46320533752441406,0.0
63,0.95,1,dense,1.0220165252685547,0.0
60,0.95,1,full_sparse,0.5522878766059875,0.0017714544665068388
61,0.95,1,full_sparse,0.5465782880783081,0.0005351269501261413
62,0.95,1,full_sparse,0.4587501287460327,0.0015227498952299356
63,0.95,1,full_sparse,1.0043573379516602,0.0020813471637666225
60,0.95,1,full_corrected,0.552183985710144,0.0017301526386290789
61,0.95,1,full_corrected,0.5466333627700806,0.0005316584138199687
62,0.95,1,full_corrected,0.458780437707901,0.0015012461226433516
63,0.95,1,full_corrected,1.004716157913208,0.0020510838367044926
64,0.05,0,dense,1.0400416851043701,0.0
65,0.05,0,dense,1.0558629035949707,0.0
66,0.05,0,dense,0.9992989301681519,0.0
67,0.05,0,dense,1.1030369997024536,0.0
64,0.05,0,full_sparse,1.0427546501159668,0.0027996948920190334
65,0.05,0,full_sparse,1.0559836626052856,0.003098937449976802
66,0.05,0,full_sparse,1.0004130601882935,0.0034203201066702604
67,0.05,0,full_sparse,1.1041144132614136,0.002050139708444476
64,0.05,0,full_corrected,1.0427206754684448,0.002746734768152237
65,0.05,0,full_corrected,1.0561803579330444,0.00303405849263072
66,0.05,0,full_corrected,1.0012264251708984,0.0034049777314066887
67,0.05,0,full_corrected,1.1043297052383423,0.002016567625105381
64,0.05,1,dense,1.0400416851043701,0.0
65,0.05,1,dense,1.0558629035949707,0.0
66,0.05,1,dense,0.9992989301681519,0.0
67,0.05,1,dense,1.1030369997024536,0.0
64,0.05,1,full_sparse,1.041730523109436,0.002640465507283807
65,0.05,1,full_sparse,1.0581655502319336,0.0030844586435705423
66,0.05,1,full_sparse,0.99956214427948,0.0032397303730249405
67,0.05,1,full_sparse,1.101455569267273,0.002047793474048376
64,0.05,1,full_corrected,1.0414777994155884,0.002609814051538706
65,0.05,1,full_corrected,1.0581438541412354,0.0030017979443073273
66,0.05,1,full_corrected,1.000106692314148,0.0032514347694814205
67,0.05,1,full_corrected,1.1016041040420532,0.0020030743908137083
64,0.15,0,dense,0.9709433317184448,0.0
65,0.15,0,dense,1.0106899738311768,0.0
66,0.15,0,dense,0.8768534660339355,0.0
67,0.15,0,dense,1.034606695175171,0.0
64,0.15,0,full_sparse,0.9766989350318909,0.008470923639833927
65,0.15,0,full_sparse,1.013081669807434,0.010964764282107353
66,0.15,0,full_sparse,0.880530834197998,0.009100575000047684
67,0.15,0,full_sparse,1.040326714515686,0.006267219316214323
64,0.15,0,full_corrected,0.9767704010009766,0.008261200971901417
65,0.15,0,full_corrected,1.0132222175598145,0.010849975049495697
66,0.15,0,full_corrected,0.8820751905441284,0.009119894355535507
67,0.15,0,full_corrected,1.0409940481185913,0.0060202814638614655
64,0.15,1,dense,0.9709433317184448,0.0
65,0.15,1,dense,1.0106899738311768,0.0
66,0.15,1,dense,0.8768534660339355,0.0
67,0.15,1,dense,1.034606695175171,0.0
64,0.15,1,full_sparse,0.9750852584838867,0.008428823202848434
65,0.15,1,full_sparse,1.0160119533538818,0.012017461471259594
66,0.15,1,full_sparse,0.8754004240036011,0.008095797151327133
67,0.15,1,full_sparse,1.0342539548873901,0.006780084688216448
64,0.15,1,full_corrected,0.9748902320861816,0.008261509239673615
65,0.15,1,full_corrected,1.015926480293274,0.01172400638461113
66,0.15,1,full_corrected,0.8762567043304443,0.00811419915407896
67,0.15,1,full_corrected,1.0345127582550049,0.00665012001991272
64,0.3,0,dense,0.917974591255188,0.0
65,0.3,0,dense,0.9516388177871704,0.0
66,0.3,0,dense,0.8134377002716064,0.0
67,0.3,0,dense,0.9088784456253052,0.0
64,0.3,0,full_sparse,0.9239876866340637,0.009182034991681576
65,0.3,0,full_sparse,0.9623444080352783,0.014138059690594673
66,0.3,0,full_sparse,0.8127294182777405,0.010263300500810146
67,0.3,0,full_sparse,0.9146547317504883,0.007778957486152649
64,0.3,0,full_corrected,0.92399001121521,0.008979177102446556
65,0.3,0,full_corrected,0.9624730348587036,0.01385507546365261
66,0.3,0,full_corrected,0.8136582374572754,0.010267241857945919
67,0.3,0,full_corrected,0.9152147769927979,0.007707508746534586
64,0.3,1,dense,0.917974591255188,0.0
65,0.3,1,dense,0.9516388177871704,0.0
66,0.3,1,dense,0.8134377002716064,0.0
67,0.3,1,dense,0.9088784456253052,0.0
64,0.3,1,full_sparse,0.923306405544281,0.00881139189004898
65,0.3,1,full_sparse,0.9602456092834473,0.015521195717155933
66,0.3,1,full_sparse,0.8189384341239929,0.009325585328042507
67,0.3,1,full_sparse,0.9154640436172485,0.007222149521112442
64,0.3,1,full_corrected,0.9241566061973572,0.008463109843432903
65,0.3,1,full_corrected,0.9587409496307373,0.015233596786856651
66,0.3,1,full_corrected,0.8204636573791504,0.009272092022001743
67,0.3,1,full_corrected,0.9157308340072632,0.00712710851803422
64,0.5,0,dense,0.8739179372787476,0.0
65,0.5,0,dense,0.9507796764373779,0.0
66,0.5,0,dense,0.6938421130180359,0.0
67,0.5,0,dense,0.7208272814750671,0.0
64,0.5,0,full_sparse,0.8699243068695068,0.00534080620855093
65,0.5,0,full_sparse,0.964134156703949,0.00857633538544178
66,0.5,0,full_sparse,0.7001525163650513,0.004951500799506903
67,0.5,0,full_sparse,0.7237685322761536,0.006183037534356117
64,0.5,0,full_corrected,0.8710373044013977,0.005349618848413229
65,0.5,0,full_corrected,0.9619506597518921,0.008051624521613121
66,0.5,0,full_corrected,0.7002537846565247,0.004928916692733765
67,0.5,0,full_corrected,0.7229340672492981,0.005683428142219782
64,0.5,1,dense,0.8739179372787476,0.0
65,0.5,1,dense,0.9507796764373779,0.0
66,0.5,1,dense,0.6938421130180359,0.0
67,0.5,1,dense,0.7208272814750671,0.0
64,0.5,1,full_sparse,0.8707417249679565,0.004759068600833416
65,0.5,1,full_sparse,0.9624556303024292,0.00882461667060852
66,0.5,1,full_sparse,0.6941575407981873,0.005279833450913429
67,0.5,1,full_sparse,0.7251482009887695,0.004778777714818716
64,0.5,1,full_corrected,0.8714025616645813,0.004702465143054724
65,0.5,1,full_corrected,0.9598292708396912,0.008312373422086239
66,0.5,1,full_corrected,0.6943286657333374,0.005260845180600882
67,0.5,1,full_corrected,0.7262017130851746,0.0047957440838217735
64,0.7,0,dense,0.7143092155456543,0.0
65,0.7,0,dense,0.7905387878417969,0.0
66,0.7,0,dense,0.5554505586624146,0.0
67,0.7,0,dense,0.5286842584609985,0.0
64,0.7,0,full_sparse,0.7157537937164307,0.00202724221162498
65,0.7,0,full_sparse,0.7940315008163452,0.0015387756284326315
66,0.7,0,full_sparse,0.5595498085021973,0.0014652134850621223
67,0.7,0,full_sparse,0.5354206562042236,0.002595126861706376
64,0.7,0,full_corrected,0.715854287147522,0.0020150074269622564
65,0.7,0,full_corrected,0.7936631441116333,0.0014135652454569936
66,0.7,0,full_corrected,0.5590426921844482,0.001369990292005241
67,0.7,0,full_corrected,0.5349571108818054,0.00241592014208436
64,0.7,1,dense,0.7143092155456543,0.0
65,0.7,1,dense,0.7905387878417969,0.0
66,0.7,1,dense,0.5554505586624146,0.0
67,0.7,1,dense,0.5286842584609985,0.0
64,0.7,1,full_sparse,0.7147502899169922,0.0018175530713051558
65,0.7,1,full_sparse,0.7968645095825195,0.0023280743043869734
66,0.7,1,full_sparse,0.5602460503578186,0.0015101947356015444
67,0.7,1,full_sparse,0.5364309549331665,0.0025293214712291956
64,0.7,1,full_corrected,0.7144235372543335,0.0018185246735811234
65,0.7,1,full_corrected,0.7965368032455444,0.002106333617120981
66,0.7,1,full_corrected,0.5598697662353516,0.001394178019836545
67,0.7,1,full_corrected,0.5358982086181641,0.0024166551884263754
64,0.85,0,dense,0.6327078342437744,0.0
65,0.85,0,dense,0.6391884088516235,0.0
66,0.85,0,dense,0.47434842586517334,0.0
67,0.85,0,dense,0.42937350273132324,0.0
64,0.85,0,full_sparse,0.6282885670661926,0.0027972483076155186
65,0.85,0,full_sparse,0.6359683275222778,0.0006648452254012227
66,0.85,0,full_sparse,0.4783434271812439,0.002848117146641016
67,0.85,0,full_sparse,0.4360520839691162,0.0027923271991312504
64,0.85,0,full_corrected,0.6279944181442261,0.0027304627001285553
65,0.85,0,full_corrected,0.6359338760375977,0.0006514167180284858
66,0.85,0,full_corrected,0.4783990979194641,0.002810849342495203
67,0.85,0,full_corrected,0.43592628836631775,0.002713107271119952
64,0.85,1,dense,0.6327078342437744,0.0
65,0.85,1,dense,0.6391884088516235,0.0
66,0.85,1,dense,0.47434842586517334,0.0
67,0.85,1,dense,0.42937350273132324,0.0
64,0.85,1,full_sparse,0.6341263055801392,0.002730275969952345
65,0.85,1,full_sparse,0.6362568140029907,0.0006650990108028054
66,0.85,1,full_sparse,0.48139673471450806,0.0032814592123031616
67,0.85,1,full_sparse,0.43729865550994873,0.002544454764574766
64,0.85,1,full_corrected,0.6336803436279297,0.0026256039272993803
65,0.85,1,full_corrected,0.6362230777740479,0.0006519389571622014
66,0.85,1,full_corrected,0.48127418756484985,0.003238316625356674
67,0.85,1,full_corrected,0.4374088644981384,0.002452858490869403
64,0.95,0,dense,0.5725770592689514,0.0
65,0.95,0,dense,0.5308786034584045,0.0
66,0.95,0,dense,0.4447801113128662,0.0
67,0.95,0,dense,0.4348600208759308,0.0
64,0.95,0,full_sparse,0.5650286674499512,0.004368870984762907
65,0.95,0,full_sparse,0.533743679523468,0.0004708623164333403
66,0.95,0,full_sparse,0.4648064970970154,0.006140262354165316
67,0.95,0,full_sparse,0.4464379549026489,0.0009539212333038449
64,0.95,0,full_corrected,0.5649668574333191,0.00433972105383873
65,0.95,0,full_corrected,0.533732533454895,0.00046826995094306767
66,0.95,0,full_corrected,0.46478337049484253,0.006097264122217894
67,0.95,0,full_corrected,0.4464285969734192,0.000948611181229353
64,0.95,1,dense,0.5725770592689514,0.0
65,0.95,1,dense,0.5308786034584045,0.0
66,0.95,1,dense,0.4447801113128662,0.0
67,0.95,1,dense,0.4348600208759308,0.0
64,0.95,1,full_sparse,0.5675510168075562,0.004339144565165043
65,0.95,1,full_sparse,0.5334600210189819,0.00041139748645946383
66,0.95,1,full_sparse,0.4669187664985657,0.006153463385999203
67,0.95,1,full_sparse,0.44732987880706787,0.0011122942669317126
64,0.95,1,full_corrected,0.5675243139266968,0.004315108060836792
65,0.95,1,full_corrected,0.5334535837173462,0.00040885491762310266
66,0.95,1,full_corrected,0.46691054105758667,0.006112497299909592
67,0.95,1,full_corrected,0.4473339915275574,0.0011070950422436
68,0.05,0,dense,0.9645830988883972,0.0
69,0.05,0,dense,1.0356839895248413,0.0
70,0.05,0,dense,1.0265536308288574,0.0
71,0.05,0,dense,0.9964417219161987,0.0
68,0.05,0,full_sparse,0.9656436443328857,0.0033581408206373453
69,0.05,0,full_sparse,1.038917064666748,0.0013885670341551304
70,0.05,0,full_sparse,1.026196837425232,0.002493035513907671
71,0.05,0,full_sparse,0.9997334480285645,0.005506541579961777
68,0.05,0,full_corrected,0.9650390148162842,0.003338013542816043
69,0.05,0,full_corrected,1.0387746095657349,0.0013855327852070332
70,0.05,0,full_corrected,1.026248812675476,0.0023969325702637434
71,0.05,0,full_corrected,0.9989151358604431,0.005365163087844849
68,0.05,1,dense,0.9645830988883972,0.0
69,0.05,1,dense,1.0356839895248413,0.0
70,0.05,1,dense,1.0265536308288574,0.0
71,0.05,1,dense,0.9964417219161987,0.0
68,0.05,1,full_sparse,0.9666908979415894,0.0032604571897536516
69,0.05,1,full_sparse,1.0390608310699463,0.0013243824942037463
70,0.05,1,full_sparse,1.0284925699234009,0.0022405008785426617
71,0.05,1,full_sparse,0.9989742040634155,0.005316474940627813
68,0.05,1,full_corrected,0.9661597609519958,0.003201493062078953
69,0.05,1,full_corrected,1.0387539863586426,0.0012851615902036428
70,0.05,1,full_corrected,1.0288976430892944,0.002168642822653055
71,0.05,1,full_corrected,0.9985287189483643,0.005174130201339722
68,0.15,0,dense,0.8510976433753967,0.0
69,0.15,0,dense,1.0349183082580566,0.0
70,0.15,0,dense,0.9691824913024902,0.0
71,0.15,0,dense,0.8440456390380859,0.0
68,0.15,0,full_sparse,0.856797993183136,0.008084028027951717
69,0.15,0,full_sparse,1.0360512733459473,0.004675684962421656
70,0.15,0,full_sparse,0.9700939655303955,0.008200960233807564
71,0.15,0,full_sparse,0.8524355888366699,0.012709518894553185
68,0.15,0,full_corrected,0.8568057417869568,0.00794246606528759
69,0.15,0,full_corrected,1.0358009338378906,0.004618098959326744
70,0.15,0,full_corrected,0.9700618982315063,0.007873681373894215
71,0.15,0,full_corrected,0.8512071371078491,0.012303494848310947
68,0.15,1,dense,0.8510976433753967,0.0
69,0.15,1,dense,1.0349183082580566,0.0
70,0.15,1,dense,0.9691824913024902,0.0
71,0.15,1,dense,0.8440456390380859,0.0
68,0.15,1,full_sparse,0.8535569310188293,0.007168642245233059
69,0.15,1,full_sparse,1.0383427143096924,0.004666903056204319
70,0.15,1,full_sparse,0.974126935005188,0.00823209248483181
71,0.15,1,full_sparse,0.8539879322052002,0.013146216049790382
68,0.15,1,full_corrected,0.8528487682342529,0.006943645421415567
69,0.15,1,full_corrected,1.0382838249206543,0.004508865065872669
70,0.15,1,full_corrected,0.9743866920471191,0.008041748777031898
71,0.15,1,full_corrected,0.8527517318725586,0.012732002884149551
68,0.3,0,dense,0.7575252652168274,0.0
69,0.3,0,dense,0.9940339922904968,0.0
70,0.3,0,dense,0.9498540163040161,0.0
71,0.3,0,dense,0.7415801286697388,0.0
68,0.3,0,full_sparse,0.7666722536087036,0.008672116324305534
69,0.3,0,full_sparse,0.9968176484107971,0.005682066082954407
70,0.3,0,full_sparse,0.9485312700271606,0.009393501095473766
71,0.3,0,full_sparse,0.7630437016487122,0.01502639427781105
68,0.3,0,full_corrected,0.7664152383804321,0.008310826495289803
69,0.3,0,full_corrected,0.9964741468429565,0.005514912307262421
70,0.3,0,full_corrected,0.948490560054779,0.009923659265041351
71,0.3,0,full_corrected,0.7632548213005066,0.015009360387921333
68,0.3,1,dense,0.7575252652168274,0.0
69,0.3,1,dense,0.9940339922904968,0.0
70,0.3,1,dense,0.9498540163040161,0.0
71,0.3,1,dense,0.7415801286697388,0.0
68,0.3,1,full_sparse,0.762456476688385,0.008791335858404636
69,0.3,1,full_sparse,0.9988348484039307,0.0054719578474760056
70,0.3,1,full_sparse,0.9497344493865967,0.008975716307759285
71,0.3,1,full_sparse,0.7576658129692078,0.01450722198933363
68,0.3,1,full_corrected,0.7619314789772034,0.00843803584575653
69,0.3,1,full_corrected,0.9987839460372925,0.0053271823562681675
70,0.3,1,full_corrected,0.949889063835144,0.008830441161990166
71,0.3,1,full_corrected,0.7580704689025879,0.014616855420172215
68,0.5,0,dense,0.6869915723800659,0.0
69,0.5,0,dense,0.9267419576644897,0.0
70,0.5,0,dense,0.8738384246826172,0.0
71,0.5,0,dense,0.7856615781784058,0.0
68,0.5,0,full_sparse,0.6906805038452148,0.007257127668708563
69,0.5,0,full_sparse,0.9238902926445007,0.003848243970423937
70,0.5,0,full_sparse,0.8696569800376892,0.00379558396525681
71,0.5,0,full_sparse,0.7994125485420227,0.009865675121545792
68,0.5,0,full_corrected,0.6902554631233215,0.007221774198114872
69,0.5,0,full_corrected,0.9237147569656372,0.0035518016666173935
70,0.5,0,full_corrected,0.8689576983451843,0.004322671797126532
71,0.5,0,full_corrected,0.8003097772598267,0.009825782850384712
68,0.5,1,dense,0.6869915723800659,0.0
69,0.5,1,dense,0.9267419576644897,0.0
70,0.5,1,dense,0.8738384246826172,0.0
71,0.5,1,dense,0.7856615781784058,0.0
68,0.5,1,full_sparse,0.6894409656524658,0.006856553256511688
69,0.5,1,full_sparse,0.9236063957214355,0.003636980429291725
70,0.5,1,full_sparse,0.8647379875183105,0.004974750801920891
71,0.5,1,full_sparse,0.7818275690078735,0.009861014783382416
68,0.5,1,full_corrected,0.6888291239738464,0.00670080678537488
69,0.5,1,full_corrected,0.9237594604492188,0.0034880293533205986
70,0.5,1,full_corrected,0.8657485246658325,0.00498421723023057
71,0.5,1,full_corrected,0.7822089791297913,0.009483570232987404
68,0.7,0,dense,0.6004101037979126,0.0
69,0.7,0,dense,0.7682940363883972,0.0
70,0.7,0,dense,0.6491571664810181,0.0
71,0.7,0,dense,0.6985855102539062,0.0
68,0.7,0,full_sparse,0.6000341176986694,0.005071631632745266
69,0.7,0,full_sparse,0.7696856260299683,0.0020432942546904087
70,0.7,0,full_sparse,0.6495868563652039,0.0010641971603035927
71,0.7,0,full_sparse,0.7042871713638306,0.0030199906323105097
68,0.7,0,full_corrected,0.599696934223175,0.0049879844300448895
69,0.7,0,full_corrected,0.7699100971221924,0.001916457898914814
70,0.7,0,full_corrected,0.6490198373794556,0.001105196075513959
71,0.7,0,full_corrected,0.703446090221405,0.002731448272243142
68,0.7,1,dense,0.6004101037979126,0.0
69,0.7,1,dense,0.7682940363883972,0.0
70,0.7,1,dense,0.6491571664810181,0.0
71,0.7,1,dense,0.6985855102539062,0.0
68,0.7,1,full_sparse,0.5976887345314026,0.005459070671349764
69,0.7,1,full_sparse,0.7676299810409546,0.0025211828760802746
70,0.7,1,full_sparse,0.6483273506164551,0.0012056677369400859
71,0.7,1,full_sparse,0.7020058035850525,0.0032996567897498608
68,0.7,1,full_corrected,0.5970632433891296,0.005278280936181545
69,0.7,1,full_corrected,0.7679511904716492,0.0024420665577054024
70,0.7,1,full_corrected,0.6478407382965088,0.0011227927170693874
71,0.7,1,full_corrected,0.7010853290557861,0.003017249284312129
68,0.85,0,dense,0.5221332311630249,0.0
69,0.85,0,dense,0.7070053219795227,0.0
70,0.85,0,dense,0.5172146558761597,0.0
71,0.85,0,dense,0.6564160585403442,0.0
68,0.85,0,full_sparse,0.5225372314453125,0.005825197324156761
69,0.85,0,full_sparse,0.7157307267189026,0.0023303476627916098
70,0.85,0,full_sparse,0.5168954730033875,0.001350694103166461
71,0.85,0,full_sparse,0.656370997428894,0.0016194350318983197
68,0.85,0,full_corrected,0.5222632884979248,0.005671195685863495
69,0.85,0,full_corrected,0.7154823541641235,0.0022631455212831497
70,0.85,0,full_corrected,0.5167357325553894,0.001325569930486381
71,0.85,0,full_corrected,0.6562983393669128,0.0016048131510615349
68,0.85,1,dense,0.5221332311630249,0.0
69,0.85,1,dense,0.7070053219795227,0.0
70,0.85,1,dense,0.5172146558761597,0.0
71,0.85,1,dense,0.6564160585403442,0.0
68,0.85,1,full_sparse,0.521324872970581,0.0047548189759254456
69,0.85,1,full_sparse,0.7127371430397034,0.0020029309671372175
70,0.85,1,full_sparse,0.5180125832557678,0.0011921797413378954
71,0.85,1,full_sparse,0.6529093980789185,0.001582897501066327
68,0.85,1,full_corrected,0.5212210416793823,0.0046107955276966095
69,0.85,1,full_corrected,0.7125296592712402,0.0019648028537631035
70,0.85,1,full_corrected,0.5178405046463013,0.0011481870897114277
71,0.85,1,full_corrected,0.6526904106140137,0.0015801708213984966
68,0.95,0,dense,0.5011508464813232,0.0
69,0.95,0,dense,0.673367977142334,0.0
70,0.95,0,dense,0.46783262491226196,0.0
71,0.95,0,dense,0.6115996837615967,0.0
68,0.95,0,full_sparse,0.5227717161178589,0.0027465885505080223
69,0.95,0,full_sparse,0.6620620489120483,0.0011633636895567179
70,0.95,0,full_sparse,0.4565168619155884,0.0018729546573013067
71,0.95,0,full_sparse,0.6105679273605347,0.004667958244681358
68,0.95,0,full_corrected,0.5225811004638672,0.002698278520256281
69,0.95,0,full_corrected,0.6618647575378418,0.001168417977169156
70,0.95,0,full_corrected,0.4564937353134155,0.001854301430284977
71,0.95,0,full_corrected,0.6104916334152222,0.004625079222023487
68,0.95,1,dense,0.5011508464813232,0.0
69,0.95,1,dense,0.673367977142334,0.0
70,0.95,1,dense,0.46783262491226196,0.0
71,0.95,1,dense,0.6115996837615967,0.0
68,0.95,1,full_sparse,0.5198970437049866,0.0022818739525973797
69,0.95,1,full_sparse,0.6629956960678101,0.0009016483090817928
70,0.95,1,full_sparse,0.4569483697414398,0.0020010690204799175
71,0.95,1,full_sparse,0.6111361384391785,0.0053924741223454475
68,0.95,1,full_corrected,0.5196400880813599,0.0022285219747573137
69,0.95,1,full_corrected,0.6628097295761108,0.0009055736009031534
70,0.95,1,full_corrected,0.4569285213947296,0.0019774758256971836
71,0.95,1,full_corrected,0.611086905002594,0.005346681922674179
72,0.05,0,dense,0.8935770988464355,0.0
73,0.05,0,dense,1.000353217124939,0.0
74,0.05,0,dense,0.9139283299446106,0.0
75,0.05,0,dense,0.8808016777038574,0.0
72,0.05,0,full_sparse,0.8956772685050964,0.006012300029397011
73,0.05,0,full_sparse,1.0048198699951172,0.004586322698742151
74,0.05,0,full_sparse,0.9140410423278809,0.005379043519496918
75,0.05,0,full_sparse,0.8777912259101868,0.004066659137606621
72,0.05,0,full_corrected,0.896048367023468,0.0059538958594202995
73,0.05,0,full_corrected,1.0044116973876953,0.004440757445991039
74,0.05,0,full_corrected,0.9140180945396423,0.0052678282372653484
75,0.05,0,full_corrected,0.8777496814727783,0.003953821025788784
72,0.05,1,dense,0.8935770988464355,0.0
73,0.05,1,dense,1.000353217124939,0.0
74,0.05,1,dense,0.9139283299446106,0.0
75,0.05,1,dense,0.8808016777038574,0.0
72,0.05,1,full_sparse,0.8951932787895203,0.006231285631656647
73,0.05,1,full_sparse,1.0016038417816162,0.004428049083799124
74,0.05,1,full_sparse,0.9154098033905029,0.0048754094168543816
75,0.05,1,full_sparse,0.8772193193435669,0.004015549086034298
72,0.05,1,full_corrected,0.8957908153533936,0.00618289690464735
73,0.05,1,full_corrected,1.0014698505401611,0.004364401567727327
74,0.05,1,full_corrected,0.9155552983283997,0.004757646471261978
75,0.05,1,full_corrected,0.87770676612854,0.003948626108467579
72,0.15,0,dense,0.6704870462417603,0.0
73,0.15,0,dense,0.8660396933555603,0.0
74,0.15,0,dense,0.6615664958953857,0.0
75,0.15,0,dense,0.6354881525039673,0.0
72,0.15,0,full_sparse,0.678270161151886,0.009951090440154076
73,0.15,0,full_sparse,0.8713005781173706,0.012566959485411644
74,0.15,0,full_sparse,0.6656506061553955,0.008807437494397163
75,0.15,0,full_sparse,0.635079562664032,0.0064399102702736855
72,0.15,0,full_corrected,0.6785134673118591,0.009573716670274734
73,0.15,0,full_corrected,0.8708419799804688,0.011986644938588142
74,0.15,0,full_corrected,0.665753960609436,0.008466759696602821
75,0.15,0,full_corrected,0.6355109214782715,0.00630419934168458
72,0.15,1,dense,0.6704870462417603,0.0
73,0.15,1,dense,0.8660396933555603,0.0
74,0.15,1,dense,0.6615664958953857,0.0
75,0.15,1,dense,0.6354881525039673,0.0
72,0.15,1,full_sparse,0.6732828617095947,0.010593432933092117
73,0.15,1,full_sparse,0.8692978620529175,0.011892721056938171
74,0.15,1,full_sparse,0.6659415364265442,0.008960059843957424
75,0.15,1,full_sparse,0.6359479427337646,0.006840993650257587
72,0.15,1,full_corrected,0.6740354299545288,0.01024300791323185
73,0.15,1,full_corrected,0.8697189688682556,0.011681893840432167
74,0.15,1,full_corrected,0.6663686037063599,0.008722661063075066
75,0.15,1,full_corrected,0.6364334225654602,0.006699231453239918
72,0.3,0,dense,0.5592939853668213,0.0
73,0.3,0,dense,0.777640700340271,0.0
74,0.3,0,dense,0.5059579610824585,0.0
75,0.3,0,dense,0.4868979752063751,0.0
72,0.3,0,full_sparse,0.5647954940795898,0.010627620853483677
73,0.3,0,full_sparse,0.7891905307769775,0.01700202003121376
74,0.3,0,full_sparse,0.5055625438690186,0.004699154756963253
75,0.3,0,full_sparse,0.49165961146354675,0.006945289205759764
72,0.3,0,full_corrected,0.5656595230102539,0.01023096963763237
73,0.3,0,full_corrected,0.7895523905754089,0.016549257561564445
74,0.3,0,full_corrected,0.5059285759925842,0.00441812863573432
75,0.3,0,full_corrected,0.49222755432128906,0.006876817904412746
72,0.3,1,dense,0.5592939853668213,0.0
73,0.3,1,dense,0.777640700340271,0.0
74,0.3,1,dense,0.5059579610824585,0.0
75,0.3,1,dense,0.4868979752063751,0.0
72,0.3,1,full_sparse,0.5640072822570801,0.012660062871873379
73,0.3,1,full_sparse,0.7871165871620178,0.015326722525060177
74,0.3,1,full_sparse,0.5069669485092163,0.00425300607457757
75,0.3,1,full_sparse,0.49127286672592163,0.00645814836025238
72,0.3,1,full_corrected,0.5647525191307068,0.01222985703498125
73,0.3,1,full_corrected,0.7878361940383911,0.015446316450834274
74,0.3,1,full_corrected,0.5073686838150024,0.004191663581877947
75,0.3,1,full_corrected,0.49202853441238403,0.006390155293047428
72,0.5,0,dense,0.553425669670105,0.0
73,0.5,0,dense,0.7729241847991943,0.0
74,0.5,0,dense,0.37381115555763245,0.0
75,0.5,0,dense,0.4300445020198822,0.0
72,0.5,0,full_sparse,0.5664560198783875,0.00884740985929966
73,0.5,0,full_sparse,0.7793094515800476,0.012627638876438141
74,0.5,0,full_sparse,0.36996614933013916,0.0029011107981204987
75,0.5,0,full_sparse,0.4367597699165344,0.0042357537895441055
72,0.5,0,full_corrected,0.5670204162597656,0.008972758427262306
73,0.5,0,full_corrected,0.7798111438751221,0.011873222887516022
74,0.5,0,full_corrected,0.37049028277397156,0.0027011618949472904
75,0.5,0,full_corrected,0.43657639622688293,0.00403180904686451
72,0.5,1,dense,0.553425669670105,0.0
73,0.5,1,dense,0.7729241847991943,0.0
74,0.5,1,dense,0.37381115555763245,0.0
75,0.5,1,dense,0.4300445020198822,0.0
72,0.5,1,full_sparse,0.5540717840194702,0.009342101402580738
73,0.5,1,full_sparse,0.7698962688446045,0.011522859334945679
74,0.5,1,full_sparse,0.37082237005233765,0.0032841432839632034
75,0.5,1,full_sparse,0.43790173530578613,0.004221349023282528
72,0.5,1,full_corrected,0.5533335208892822,0.009039183147251606
73,0.5,1,full_corrected,0.770006537437439,0.011564373970031738
74,0.5,1,full_corrected,0.3714331090450287,0.003060770221054554
75,0.5,1,full_corrected,0.43739426136016846,0.0040089720860123634
72,0.7,0,dense,0.6316059827804565,0.0
73,0.7,0,dense,0.7054427862167358,0.0
74,0.7,0,dense,0.29338711500167847,0.0
75,0.7,0,dense,0.3777695298194885,0.0
72,0.7,0,full_sparse,0.6274698972702026,0.004672657698392868
73,0.7,0,full_sparse,0.7090013027191162,0.003370762336999178
74,0.7,0,full_sparse,0.29720669984817505,0.0014024113770574331
75,0.7,0,full_sparse,0.37771981954574585,0.002150042448192835
72,0.7,0,full_corrected,0.6296466588973999,0.004699116572737694
73,0.7,0,full_corrected,0.7089590430259705,0.003101525828242302
74,0.7,0,full_corrected,0.29714977741241455,0.0013125012628734112
75,0.7,0,full_corrected,0.37751731276512146,0.002028962131589651
72,0.7,1,dense,0.6316059827804565,0.0
73,0.7,1,dense,0.7054427862167358,0.0
74,0.7,1,dense,0.29338711500167847,0.0
75,0.7,1,dense,0.3777695298194885,0.0
72,0.7,1,full_sparse,0.6354609131813049,0.005568576976656914
73,0.7,1,full_sparse,0.7122339010238647,0.003803590312600136
74,0.7,1,full_sparse,0.2988024353981018,0.0015919239958748221
75,0.7,1,full_sparse,0.37943553924560547,0.0033909683115780354
72,0.7,1,full_corrected,0.6365900635719299,0.0054449583403766155
73,0.7,1,full_corrected,0.7121614217758179,0.0035135417710989714
74,0.7,1,full_corrected,0.29867735505104065,0.0014738291501998901
75,0.7,1,full_corrected,0.37915411591529846,0.003222612664103508
72,0.85,0,dense,0.8532668352127075,0.0
73,0.85,0,dense,0.6059530973434448,0.0
74,0.85,0,dense,0.25170889496803284,0.0
75,0.85,0,dense,0.418937623500824,0.0
72,0.85,0,full_sparse,0.8459067344665527,0.002027044305577874
73,0.85,0,full_sparse,0.6065851449966431,0.001546284882351756
74,0.85,0,full_sparse,0.25099921226501465,0.001466741319745779
75,0.85,0,full_sparse,0.3998175263404846,0.002842352958396077
72,0.85,0,full_corrected,0.8464235067367554,0.001996380276978016
73,0.85,0,full_corrected,0.606695294380188,0.0014773488510400057
74,0.85,0,full_corrected,0.25077956914901733,0.0013888347893953323
75,0.85,0,full_corrected,0.40007078647613525,0.0026846984401345253
72,0.85,1,dense,0.8532668352127075,0.0
73,0.85,1,dense,0.6059530973434448,0.0
74,0.85,1,dense,0.25170889496803284,0.0
75,0.85,1,dense,0.418937623500824,0.0
72,0.85,1,full_sparse,0.8431448340415955,0.002556614577770233
73,0.85,1,full_sparse,0.6044045686721802,0.0013178200460970402
74,0.85,1,full_sparse,0.25327643752098083,0.00200981879606843
75,0.85,1,full_sparse,0.3994287848472595,0.0029015131294727325
72,0.85,1,full_corrected,0.8436955213546753,0.0024333707988262177
73,0.85,1,full_corrected,0.6045176982879639,0.001247755833901465
74,0.85,1,full_corrected,0.25259196758270264,0.0018420121632516384
75,0.85,1,full_corrected,0.3997178375720978,0.0027241648640483618
72,0.95,0,dense,0.8092692494392395,0.0
73,0.95,0,dense,0.5856583118438721,0.0
74,0.95,0,dense,0.43844687938690186,0.0
75,0.95,0,dense,0.4267340302467346,0.0
72,0.95,0,full_sparse,0.8012956380844116,0.0010618084343150258
73,0.95,0,full_sparse,0.5793642997741699,0.0013300565769895911
74,0.95,0,full_sparse,0.41287961602211,0.0017438316717743874
75,0.95,0,full_sparse,0.41339975595474243,0.0030107616912573576
72,0.95,0,full_corrected,0.8012977242469788,0.0010483887745067477
73,0.95,0,full_corrected,0.5793572068214417,0.0013151569291949272
74,0.95,0,full_corrected,0.41297435760498047,0.0017237233696505427
75,0.95,0,full_corrected,0.4134412109851837,0.0029745912179350853
72,0.95,1,dense,0.8092692494392395,0.0
73,0.95,1,dense,0.5856583118438721,0.0
74,0.95,1,dense,0.43844687938690186,0.0
75,0.95,1,dense,0.4267340302467346,0.0
72,0.95,1,full_sparse,0.802682638168335,0.0011595607502385974
73,0.95,1,full_sparse,0.5785595774650574,0.0011775295715779066
74,0.95,1,full_sparse,0.4119628965854645,0.0017321726772934198
75,0.95,1,full_sparse,0.41308605670928955,0.0026925273705273867
72,0.95,1,full_corrected,0.8027146458625793,0.0011420819209888577
73,0.95,1,full_corrected,0.5785714983940125,0.0011645742924883962
74,0.95,1,full_corrected,0.41204726696014404,0.0017089687753468752
75,0.95,1,full_corrected,0.41312679648399353,0.0026580295525491238
76,0.05,0,dense,0.9803045988082886,0.0
77,0.05,0,dense,0.48605477809906006,0.0
78,0.05,0,dense,0.9856245517730713,0.0
79,0.05,0,dense,0.9536712169647217,0.0
76,0.05,0,full_sparse,0.9847275614738464,0.004210196435451508
77,0.05,0,full_sparse,0.48815423250198364,0.005193919409066439
78,0.05,0,full_sparse,0.984290361404419,0.004059032537043095
79,0.05,0,full_sparse,0.9553772807121277,0.006504043471068144
76,0.05,0,full_corrected,0.9849256277084351,0.004177538678050041
77,0.05,0,full_corrected,0.4884294271469116,0.005230152979493141
78,0.05,0,full_corrected,0.9846783876419067,0.004066728986799717
79,0.05,0,full_corrected,0.9554402232170105,0.006436638534069061
76,0.05,1,dense,0.9803045988082886,0.0
77,0.05,1,dense,0.48605477809906006,0.0
78,0.05,1,dense,0.9856245517730713,0.0
79,0.05,1,dense,0.9536712169647217,0.0
76,0.05,1,full_sparse,0.9816598296165466,0.0044569410383701324
77,0.05,1,full_sparse,0.4867589473724365,0.005077356938272715
78,0.05,1,full_sparse,0.984434962272644,0.003912063781172037
79,0.05,1,full_sparse,0.956146776676178,0.006791676394641399
76,0.05,1,full_corrected,0.9818196296691895,0.0043015070259571075
77,0.05,1,full_corrected,0.4869399666786194,0.005149144679307938
78,0.05,1,full_corrected,0.984875500202179,0.003998556174337864
79,0.05,1,full_corrected,0.9561997652053833,0.0065572853200137615
76,0.15,0,dense,0.8132777214050293,0.0
77,0.15,0,dense,0.34280717372894287,0.0
78,0.15,0,dense,0.8374274373054504,0.0
79,0.15,0,dense,0.791178286075592,0.0
76,0.15,0,full_sparse,0.8222784996032715,0.009415038861334324
77,0.15,0,full_sparse,0.3480166494846344,0.006627826485782862
78,0.15,0,full_sparse,0.8362584114074707,0.008753567934036255
79,0.15,0,full_sparse,0.799683690071106,0.013867029920220375
76,0.15,0,full_corrected,0.8221302628517151,0.009293746203184128
77,0.15,0,full_corrected,0.347969651222229,0.00672125443816185
78,0.15,0,full_corrected,0.8366701006889343,0.00877353735268116
79,0.15,0,full_corrected,0.800553023815155,0.01372817624360323
76,0.15,1,dense,0.8132777214050293,0.0
77,0.15,1,dense,0.34280717372894287,0.0
78,0.15,1,dense,0.8374274373054504,0.0
79,0.15,1,dense,0.791178286075592,0.0
76,0.15,1,full_sparse,0.8185874819755554,0.009080219082534313
77,0.15,1,full_sparse,0.3467508554458618,0.006549184210598469
78,0.15,1,full_sparse,0.8353524208068848,0.009450762532651424
79,0.15,1,full_sparse,0.7979096174240112,0.01503690704703331
76,0.15,1,full_corrected,0.8186368346214294,0.008744306862354279
77,0.15,1,full_corrected,0.34659701585769653,0.006766466423869133
78,0.15,1,full_corrected,0.8361331224441528,0.009574640542268753
79,0.15,1,full_corrected,0.799124002456665,0.014547673054039478
76,0.3,0,dense,0.7347217202186584,0.0
77,0.3,0,dense,0.2866515517234802,0.0
78,0.3,0,dense,0.752699613571167,0.0
79,0.3,0,dense,0.7343354225158691,0.0
76,0.3,0,full_sparse,0.7332848310470581,0.011624542996287346
77,0.3,0,full_sparse,0.29248541593551636,0.0071907611563801765
78,0.3,0,full_sparse,0.7632842063903809,0.009067468345165253
79,0.3,0,full_sparse,0.7455500364303589,0.01578143984079361
76,0.3,0,full_corrected,0.7337005138397217,0.011541168205440044
77,0.3,0,full_corrected,0.2909631133079529,0.006670752540230751
78,0.3,0,full_corrected,0.7643275260925293,0.009618309326469898
79,0.3,0,full_corrected,0.7448851466178894,0.015225260518491268
76,0.3,1,dense,0.7347217202186584,0.0
77,0.3,1,dense,0.2866515517234802,0.0
78,0.3,1,dense,0.752699613571167,0.0
79,0.3,1,dense,0.7343354225158691,0.0
76,0.3,1,full_sparse,0.7396416068077087,0.010300891473889351
77,0.3,1,full_sparse,0.29077577590942383,0.005966393742710352
78,0.3,1,full_sparse,0.7628135681152344,0.009722081944346428
79,0.3,1,full_sparse,0.7498912811279297,0.01861957088112831
76,0.3,1,full_corrected,0.7404317855834961,0.010196898132562637
77,0.3,1,full_corrected,0.2901524305343628,0.006059043109416962
78,0.3,1,full_corrected,0.7632562518119812,0.009820569306612015
79,0.3,1,full_corrected,0.7505534291267395,0.01859496906399727
76,0.5,0,dense,0.6520979404449463,0.0
77,0.5,0,dense,0.28475257754325867,0.0
78,0.5,0,dense,0.7887148857116699,0.0
79,0.5,0,dense,0.7841821908950806,0.0
76,0.5,0,full_sparse,0.6608415246009827,0.009896458126604557
77,0.5,0,full_sparse,0.28734028339385986,0.0051859901286661625
78,0.5,0,full_sparse,0.7798742055892944,0.005267498083412647
79,0.5,0,full_sparse,0.7855678200721741,0.010965285822749138
76,0.5,0,full_corrected,0.6605026125907898,0.009534195065498352
77,0.5,0,full_corrected,0.28596147894859314,0.00491648493334651
78,0.5,0,full_corrected,0.7805722951889038,0.006116676144301891
79,0.5,0,full_corrected,0.7848969101905823,0.011032328009605408
76,0.5,1,dense,0.6520979404449463,0.0
77,0.5,1,dense,0.28475257754325867,0.0
78,0.5,1,dense,0.7887148857116699,0.0
79,0.5,1,dense,0.7841821908950806,0.0
76,0.5,1,full_sparse,0.6586742401123047,0.008540187031030655
77,0.5,1,full_sparse,0.2885499894618988,0.004460765048861504
78,0.5,1,full_sparse,0.7768847942352295,0.006021448411047459
79,0.5,1,full_sparse,0.7882122993469238,0.009812936186790466
76,0.5,1,full_corrected,0.6583576202392578,0.008316859602928162
77,0.5,1,full_corrected,0.28769588470458984,0.0042947400361299515
78,0.5,1,full_corrected,0.7774119973182678,0.005683522671461105
79,0.5,1,full_corrected,0.7875114679336548,0.009519669227302074
76,0.7,0,dense,0.6374885439872742,0.0
77,0.7,0,dense,0.33330845832824707,0.0
78,0.7,0,dense,0.7137330174446106,0.0
79,0.7,0,dense,0.7859048843383789,0.0
76,0.7,0,full_sparse,0.6338745355606079,0.003908173646777868
77,0.7,0,full_sparse,0.34103959798812866,0.003370084799826145
78,0.7,0,full_sparse,0.6982502341270447,0.0032273950055241585
79,0.7,0,full_sparse,0.7770984172821045,0.002782740630209446
76,0.7,0,full_corrected,0.6341906785964966,0.003831540234386921
77,0.7,0,full_corrected,0.3395364582538605,0.0031538214534521103
78,0.7,0,full_corrected,0.6995774507522583,0.0032130652107298374
79,0.7,0,full_corrected,0.7776447534561157,0.002568901050835848
76,0.7,1,dense,0.6374885439872742,0.0
77,0.7,1,dense,0.33330845832824707,0.0
78,0.7,1,dense,0.7137330174446106,0.0
79,0.7,1,dense,0.7859048843383789,0.0
76,0.7,1,full_sparse,0.6385321021080017,0.0034824253525584936
77,0.7,1,full_sparse,0.33565300703048706,0.0033389353193342686
78,0.7,1,full_sparse,0.6960481405258179,0.0035351356491446495
79,0.7,1,full_sparse,0.7779566645622253,0.0021563556510955095
76,0.7,1,full_corrected,0.638922929763794,0.003438532818108797
77,0.7,1,full_corrected,0.3339559733867645,0.0032512922771275043
78,0.7,1,full_corrected,0.697212815284729,0.0034699919633567333
79,0.7,1,full_corrected,0.7786705493927002,0.001959456829354167
76,0.85,0,dense,0.6346371173858643,0.0
77,0.85,0,dense,0.28661876916885376,0.0
78,0.85,0,dense,0.6602646112442017,0.0
79,0.85,0,dense,0.6460670232772827,0.0
76,0.85,0,full_sparse,0.6300430297851562,0.003380519337952137
77,0.85,0,full_sparse,0.30510976910591125,0.004650380462408066
78,0.85,0,full_sparse,0.6516187191009521,0.001089267898350954
79,0.85,0,full_sparse,0.6447321772575378,0.0006869171047583222
76,0.85,0,full_corrected,0.6297830939292908,0.0032843416556715965
77,0.85,0,full_corrected,0.30359122157096863,0.00426075654104352
78,0.85,0,full_corrected,0.6524061560630798,0.0009666703408583999
79,0.85,0,full_corrected,0.6449357867240906,0.0006643124506808817
76,0.85,1,dense,0.6346371173858643,0.0
77,0.85,1,dense,0.28661876916885376,0.0
78,0.85,1,dense,0.6602646112442017,0.0
79,0.85,1,dense,0.6460670232772827,0.0
76,0.85,1,full_sparse,0.6262193918228149,0.0036282939836382866
77,0.85,1,full_sparse,0.2975572347640991,0.0035304944030940533
78,0.85,1,full_sparse,0.6495751738548279,0.0012659933418035507
79,0.85,1,full_sparse,0.6445153951644897,0.0007192756747826934
76,0.85,1,full_corrected,0.6258548498153687,0.0034555778838694096
77,0.85,1,full_corrected,0.2960246801376343,0.0032871305011212826
78,0.85,1,full_corrected,0.6503679752349854,0.0011327937245368958
79,0.85,1,full_corrected,0.6446665525436401,0.0007024097139947116
76,0.95,0,dense,0.624289870262146,0.0
77,0.95,0,dense,0.7061642408370972,0.0
78,0.95,0,dense,0.8511404991149902,0.0
79,0.95,0,dense,0.5529556274414062,0.0
76,0.95,0,full_sparse,0.6317300200462341,0.0008577459957450628
77,0.95,0,full_sparse,0.7045782804489136,0.0003962730406783521
78,0.95,0,full_sparse,0.8280036449432373,0.0012142156483605504
79,0.95,0,full_sparse,0.5461941361427307,0.0012242912780493498
76,0.95,0,full_corrected,0.6316293478012085,0.0008393768221139908
77,0.95,0,full_corrected,0.704735517501831,0.0003920631716027856
78,0.95,0,full_corrected,0.8282775282859802,0.0011837295023724437
79,0.95,0,full_corrected,0.546227753162384,0.0012207910185679793
76,0.95,1,dense,0.624289870262146,0.0
77,0.95,1,dense,0.7061642408370972,0.0
78,0.95,1,dense,0.8511404991149902,0.0
79,0.95,1,dense,0.5529556274414062,0.0
76,0.95,1,full_sparse,0.6325892806053162,0.001062421826645732
77,0.95,1,full_sparse,0.7099913358688354,0.00044696955592371523
78,0.95,1,full_sparse,0.8365506529808044,0.0010384977795183659
79,0.95,1,full_sparse,0.5455447435379028,0.0012715315679088235
76,0.95,1,full_corrected,0.6325228214263916,0.0010344590991735458
77,0.95,1,full_corrected,0.7102035880088806,0.0004436961025930941
78,0.95,1,full_corrected,0.8367475271224976,0.0010138796642422676
79,0.95,1,full_corrected,0.5455654859542847,0.0012697326019406319
80,0.05,0,dense,0.9233955144882202,0.0
81,0.05,0,dense,0.6448678970336914,0.0
82,0.05,0,dense,1.0655877590179443,0.0
83,0.05,0,dense,1.0119532346725464,0.0
80,0.05,0,full_sparse,0.92716383934021,0.005531621165573597
81,0.05,0,full_sparse,0.646262526512146,0.0046317558735609055
82,0.05,0,full_sparse,1.066368818283081,0.0012304596602916718
83,0.05,0,full_sparse,1.0114752054214478,0.0029273545369505882
80,0.05,0,full_corrected,0.9271919131278992,0.005443471949547529
81,0.05,0,full_corrected,0.6463550329208374,0.004531893879175186
82,0.05,0,full_corrected,1.0660046339035034,0.0012180906487628818
83,0.05,0,full_corrected,1.0115163326263428,0.0028448395896703005
80,0.05,1,dense,0.9233955144882202,0.0
81,0.05,1,dense,0.6448678970336914,0.0
82,0.05,1,dense,1.0655877590179443,0.0
83,0.05,1,dense,1.0119532346725464,0.0
80,0.05,1,full_sparse,0.9275637865066528,0.005260966718196869
81,0.05,1,full_sparse,0.6456897258758545,0.0043129147961735725
82,0.05,1,full_sparse,1.065730333328247,0.0010259253904223442
83,0.05,1,full_sparse,1.012035846710205,0.003096700180321932
80,0.05,1,full_corrected,0.9275444149971008,0.005154237616807222
81,0.05,1,full_corrected,0.6459075808525085,0.004186171106994152
82,0.05,1,full_corrected,1.0656005144119263,0.0010121777886524796
83,0.05,1,full_corrected,1.0123097896575928,0.003020958509296179
80,0.15,0,dense,0.8047595620155334,0.0
81,0.15,0,dense,0.5015890002250671,0.0
82,0.15,0,dense,1.1360037326812744,0.0
83,0.15,0,dense,0.9226702451705933,0.0
80,0.15,0,full_sparse,0.8087820410728455,0.010719960555434227
81,0.15,0,full_sparse,0.5027872323989868,0.006747013423591852
82,0.15,0,full_sparse,1.1358866691589355,0.005635002627968788
83,0.15,0,full_sparse,0.9276419878005981,0.00816927757114172
80,0.15,0,full_corrected,0.8081912994384766,0.010249705985188484
81,0.15,0,full_corrected,0.5033119320869446,0.006583265960216522
82,0.15,0,full_corrected,1.1351368427276611,0.005480757914483547
83,0.15,0,full_corrected,0.9285637140274048,0.008035077713429928
80,0.15,1,dense,0.8047595620155334,0.0
81,0.15,1,dense,0.5015890002250671,0.0
82,0.15,1,dense,1.1360037326812744,0.0
83,0.15,1,dense,0.9226702451705933,0.0
80,0.15,1,full_sparse,0.8083062767982483,0.009686287492513657
81,0.15,1,full_sparse,0.503216028213501,0.0065757473930716515
82,0.15,1,full_sparse,1.13565993309021,0.004497022368013859
83,0.15,1,full_sparse,0.9284123182296753,0.007972391322255135
80,0.15,1,full_corrected,0.8080836534500122,0.00936836190521717
81,0.15,1,full_corrected,0.5036563873291016,0.006393014453351498
82,0.15,1,full_corrected,1.1354758739471436,0.004350979346781969
83,0.15,1,full_corrected,0.9297313690185547,0.007692400366067886
80,0.3,0,dense,0.7623557448387146,0.0
81,0.3,0,dense,0.4729505777359009,0.0
82,0.3,0,dense,1.1354213953018188,0.0
83,0.3,0,dense,0.887887179851532,0.0
80,0.3,0,full_sparse,0.7696854472160339,0.012368416413664818
81,0.3,0,full_sparse,0.47582268714904785,0.007872793823480606
82,0.3,0,full_sparse,1.1339213848114014,0.007785674184560776
83,0.3,0,full_sparse,0.8952373266220093,0.008721725083887577
80,0.3,0,full_corrected,0.7689785957336426,0.01150840986520052
81,0.3,0,full_corrected,0.4762405753135681,0.007879490032792091
82,0.3,0,full_corrected,1.1332969665527344,0.00765525596216321
83,0.3,0,full_corrected,0.8962745666503906,0.008476940914988518
80,0.3,1,dense,0.7623557448387146,0.0
81,0.3,1,dense,0.4729505777359009,0.0
82,0.3,1,dense,1.1354213953018188,0.0
83,0.3,1,dense,0.887887179851532,0.0
80,0.3,1,full_sparse,0.7656181454658508,0.012386834248900414
81,0.3,1,full_sparse,0.4751770496368408,0.008185263723134995
82,0.3,1,full_sparse,1.13580322265625,0.006313006393611431
83,0.3,1,full_sparse,0.8921720385551453,0.009699840098619461
80,0.3,1,full_corrected,0.7651935815811157,0.011593829840421677
81,0.3,1,full_corrected,0.4756205976009369,0.00853457860648632
82,0.3,1,full_corrected,1.1361764669418335,0.0062813893891870975
83,0.3,1,full_corrected,0.893397867679596,0.009588195011019707
80,0.5,0,dense,0.7644035816192627,0.0
81,0.5,0,dense,0.5649313926696777,0.0
82,0.5,0,dense,1.0020473003387451,0.0
83,0.5,0,dense,0.8349917531013489,0.0
80,0.5,0,full_sparse,0.7628593444824219,0.010337809100747108
81,0.5,0,full_sparse,0.56705242395401,0.007363739889115095
82,0.5,0,full_sparse,1.0058844089508057,0.0050409953109920025
83,0.5,0,full_sparse,0.8321756720542908,0.00503347534686327
80,0.5,0,full_corrected,0.7623987197875977,0.009868782013654709
81,0.5,0,full_corrected,0.5674796104431152,0.0073058120906353
82,0.5,0,full_corrected,1.0061883926391602,0.005136710125952959
83,0.5,0,full_corrected,0.8317177295684814,0.004854623228311539
80,0.5,1,dense,0.7644035816192627,0.0
81,0.5,1,dense,0.5649313926696777,0.0
82,0.5,1,dense,1.0020473003387451,0.0
83,0.5,1,dense,0.8349917531013489,0.0
80,0.5,1,full_sparse,0.7684893608093262,0.012389611452817917
81,0.5,1,full_sparse,0.5648410320281982,0.0065291873179376125
82,0.5,1,full_sparse,1.0061298608779907,0.003678041510283947
83,0.5,1,full_sparse,0.8378249406814575,0.00441401544958353
80,0.5,1,full_corrected,0.7678598165512085,0.01213223859667778
81,0.5,1,full_corrected,0.5640968084335327,0.006217459682375193
82,0.5,1,full_corrected,1.0068550109863281,0.003928034100681543
83,0.5,1,full_corrected,0.8379229307174683,0.004255476873368025
80,0.7,0,dense,0.7385683655738831,0.0
81,0.7,0,dense,0.5971623063087463,0.0
82,0.7,0,dense,0.8181617856025696,0.0
83,0.7,0,dense,0.6964341402053833,0.0
80,0.7,0,full_sparse,0.7391958236694336,0.005366604775190353
81,0.7,0,full_sparse,0.5855920314788818,0.010869773104786873
82,0.7,0,full_sparse,0.8131919503211975,0.0025427015498280525
83,0.7,0,full_sparse,0.6957163214683533,0.0016759622376412153
80,0.7,0,full_corrected,0.7393580079078674,0.0051443749107420444
81,0.7,0,full_corrected,0.5843886137008667,0.01094077154994011
82,0.7,0,full_corrected,0.8141907453536987,0.0025922434870153666
83,0.7,0,full_corrected,0.6959199905395508,0.0015381366247311234
80,0.7,1,dense,0.7385683655738831,0.0
81,0.7,1,dense,0.5971623063087463,0.0
82,0.7,1,dense,0.8181617856025696,0.0
83,0.7,1,dense,0.6964341402053833,0.0
80,0.7,1,full_sparse,0.7353239059448242,0.004889733158051968
81,0.7,1,full_sparse,0.5854132771492004,0.007424518931657076
82,0.7,1,full_sparse,0.8139982223510742,0.002330939518287778
83,0.7,1,full_sparse,0.6955361366271973,0.0015946761704981327
80,0.7,1,full_corrected,0.7356117963790894,0.004624904599040747
81,0.7,1,full_corrected,0.5830851197242737,0.0069618988782167435
82,0.7,1,full_corrected,0.8145875930786133,0.0023887204006314278
83,0.7,1,full_corrected,0.6959074139595032,0.0014773443108424544
80,0.85,0,dense,0.8845057487487793,0.0
81,0.85,0,dense,0.6287424564361572,0.0
82,0.85,0,dense,0.6524726748466492,0.0
83,0.85,0,dense,0.6597427725791931,0.0
80,0.85,0,full_sparse,0.8616646528244019,0.0026362331118434668
81,0.85,0,full_sparse,0.6338788866996765,0.004051377065479755
82,0.85,0,full_sparse,0.6460235714912415,0.0013076819013804197
83,0.85,0,full_sparse,0.6445097923278809,0.0016098343767225742
80,0.85,0,full_corrected,0.8616522550582886,0.002620861865580082
81,0.85,0,full_corrected,0.6334210634231567,0.003906969912350178
82,0.85,0,full_corrected,0.6467365026473999,0.001229732995852828
83,0.85,0,full_corrected,0.6445143818855286,0.0016159642254933715
80,0.85,1,dense,0.8845057487487793,0.0
81,0.85,1,dense,0.6287424564361572,0.0
82,0.85,1,dense,0.6524726748466492,0.0
83,0.85,1,dense,0.6597427725791931,0.0
80,0.85,1,full_sparse,0.87519770860672,0.0017980572301894426
81,0.85,1,full_sparse,0.6358065605163574,0.0038312289398163557
82,0.85,1,full_sparse,0.6448307037353516,0.0013560415245592594
83,0.85,1,full_sparse,0.6446695923805237,0.0016295586246997118
80,0.85,1,full_corrected,0.8756536245346069,0.0016507866093888879
81,0.85,1,full_corrected,0.6355685591697693,0.0036536846309900284
82,0.85,1,full_corrected,0.6454908847808838,0.001290511223487556
83,0.85,1,full_corrected,0.6446629762649536,0.0016454154392704368
80,0.95,0,dense,0.84208744764328,0.0
81,0.95,0,dense,0.7777925133705139,0.0
82,0.95,0,dense,0.8382304906845093,0.0
83,0.95,0,dense,0.6436113119125366,0.0
80,0.95,0,full_sparse,0.8251409530639648,0.0017646292690187693
81,0.95,0,full_sparse,0.8042564392089844,0.005362677853554487
82,0.95,0,full_sparse,0.8202501535415649,0.0008393359603360295
83,0.95,0,full_sparse,0.6377091407775879,0.001281145727261901
80,0.95,0,full_corrected,0.8254578113555908,0.001726738060824573
81,0.95,0,full_corrected,0.8042563199996948,0.005306658335030079
82,0.95,0,full_corrected,0.8201499581336975,0.0008325846865773201
83,0.95,0,full_corrected,0.6377472877502441,0.0012768947053700686
80,0.95,1,dense,0.84208744764328,0.0
81,0.95,1,dense,0.7777925133705139,0.0
82,0.95,1,dense,0.8382304906845093,0.0
83,0.95,1,dense,0.6436113119125366,0.0
80,0.95,1,full_sparse,0.8261356353759766,0.0014000043738633394
81,0.95,1,full_sparse,0.7996642589569092,0.005051899701356888
82,0.95,1,full_sparse,0.8152467012405396,0.0010577221401035786
83,0.95,1,full_sparse,0.6382918357849121,0.0013990926090627909
80,0.95,1,full_corrected,0.8264601230621338,0.0013607369037345052
81,0.95,1,full_corrected,0.7996566295623779,0.00501149520277977
82,0.95,1,full_corrected,0.8151096105575562,0.0010554161854088306
83,0.95,1,full_corrected,0.6383407115936279,0.0013957887422293425
84,0.05,0,dense,1.0143325328826904,0.0
85,0.05,0,dense,1.0227351188659668,0.0
86,0.05,0,dense,0.9302480220794678,0.0
87,0.05,0,dense,0.9996915459632874,0.0
84,0.05,0,full_sparse,1.0166864395141602,0.005178029183298349
85,0.05,0,full_sparse,1.0211181640625,0.0035057184286415577
86,0.05,0,full_sparse,0.9320400953292847,0.006010008975863457
87,0.05,0,full_sparse,0.9993128776550293,0.004251697566360235
84,0.05,0,full_corrected,1.0168776512145996,0.00513036735355854
85,0.05,0,full_corrected,1.021139144897461,0.003391547594219446
86,0.05,0,full_corrected,0.9319796562194824,0.005968533456325531
87,0.05,0,full_corrected,0.999504566192627,0.004155958071351051
84,0.05,1,dense,1.0143325328826904,0.0
85,0.05,1,dense,1.0227351188659668,0.0
86,0.05,1,dense,0.9302480220794678,0.0
87,0.05,1,dense,0.9996915459632874,0.0
84,0.05,1,full_sparse,1.0164109468460083,0.0060731880366802216
85,0.05,1,full_sparse,1.021451473236084,0.003113077487796545
86,0.05,1,full_sparse,0.9324215650558472,0.005845528561621904
87,0.05,1,full_sparse,0.9995867013931274,0.004332994110882282
84,0.05,1,full_corrected,1.0166444778442383,0.006067490205168724
85,0.05,1,full_corrected,1.0215998888015747,0.0030740879010409117
86,0.05,1,full_corrected,0.9324055314064026,0.005694094114005566
87,0.05,1,full_corrected,0.999675989151001,0.004222365096211433
84,0.15,0,dense,0.8966506123542786,0.0
85,0.15,0,dense,0.9280363321304321,0.0
86,0.15,0,dense,0.7442341446876526,0.0
87,0.15,0,dense,0.8626540899276733,0.0
84,0.15,0,full_sparse,0.9089614152908325,0.012634492479264736
85,0.15,0,full_sparse,0.9259341955184937,0.009311345405876637
86,0.15,0,full_sparse,0.7480297088623047,0.01092257909476757
87,0.15,0,full_sparse,0.8585987091064453,0.008722569793462753
84,0.15,0,full_corrected,0.9090882539749146,0.012434156611561775
85,0.15,0,full_corrected,0.9267204999923706,0.009029636159539223
86,0.15,0,full_corrected,0.7486532926559448,0.01073439046740532
87,0.15,0,full_corrected,0.859330952167511,0.00854982528835535
84,0.15,1,dense,0.8966506123542786,0.0
85,0.15,1,dense,0.9280363321304321,0.0
86,0.15,1,dense,0.7442341446876526,0.0
87,0.15,1,dense,0.8626540899276733,0.0
84,0.15,1,full_sparse,0.9088374972343445,0.013637738302350044
85,0.15,1,full_sparse,0.9273515343666077,0.007886594161391258
86,0.15,1,full_sparse,0.7491517066955566,0.010976765304803848
87,0.15,1,full_sparse,0.8606970310211182,0.009021950885653496
84,0.15,1,full_corrected,0.9090352654457092,0.013638494536280632
85,0.15,1,full_corrected,0.9281262755393982,0.007649700623005629
86,0.15,1,full_corrected,0.7497177124023438,0.010685492306947708
87,0.15,1,full_corrected,0.8613395094871521,0.008762719109654427
84,0.3,0,dense,0.8840932846069336,0.0
85,0.3,0,dense,0.8404188752174377,0.0
86,0.3,0,dense,0.6357576847076416,0.0
87,0.3,0,dense,0.7855144739151001,0.0
84,0.3,0,full_sparse,0.9088155627250671,0.017437441274523735
85,0.3,0,full_sparse,0.8453088402748108,0.011642001569271088
86,0.3,0,full_sparse,0.6357479095458984,0.010665565729141235
87,0.3,0,full_sparse,0.7856740355491638,0.010859368368983269
84,0.3,0,full_corrected,0.9096216559410095,0.0172507893294096
85,0.3,0,full_corrected,0.8457437753677368,0.011459751054644585
86,0.3,0,full_corrected,0.637122392654419,0.010524176061153412
87,0.3,0,full_corrected,0.7856417894363403,0.010826896876096725
84,0.3,1,dense,0.8840932846069336,0.0
85,0.3,1,dense,0.8404188752174377,0.0
86,0.3,1,dense,0.6357576847076416,0.0
87,0.3,1,dense,0.7855144739151001,0.0
84,0.3,1,full_sparse,0.8990286588668823,0.014209320768713951
85,0.3,1,full_sparse,0.8393107652664185,0.008760149590671062
86,0.3,1,full_sparse,0.6381290555000305,0.010637440718710423
87,0.3,1,full_sparse,0.788017988204956,0.011507481336593628
84,0.3,1,full_corrected,0.8989549875259399,0.013880827464163303
85,0.3,1,full_corrected,0.8407335877418518,0.008353752084076405
86,0.3,1,full_corrected,0.6398167014122009,0.010645367205142975
87,0.3,1,full_corrected,0.7880147695541382,0.011227598413825035
84,0.5,0,dense,0.9609753489494324,0.0
85,0.5,0,dense,0.7048864364624023,0.0
86,0.5,0,dense,0.6425831317901611,0.0
87,0.5,0,dense,0.730214536190033,0.0
84,0.5,0,full_sparse,0.9572506546974182,0.013046123087406158
85,0.5,0,full_sparse,0.7191472053527832,0.010468365624547005
86,0.5,0,full_sparse,0.646287202835083,0.00871396716684103
87,0.5,0,full_sparse,0.7335996031761169,0.009410726837813854
84,0.5,0,full_corrected,0.9581185579299927,0.013037607073783875
85,0.5,0,full_corrected,0.7192972302436829,0.010210098698735237
86,0.5,0,full_corrected,0.6469151973724365,0.008626781404018402
87,0.5,0,full_corrected,0.7342069149017334,0.00936770997941494
84,0.5,1,dense,0.9609753489494324,0.0
85,0.5,1,dense,0.7048864364624023,0.0
86,0.5,1,dense,0.6425831317901611,0.0
87,0.5,1,dense,0.730214536190033,0.0
84,0.5,1,full_sparse,0.9652652740478516,0.010174217633903027
85,0.5,1,full_sparse,0.7175494432449341,0.009656243957579136
86,0.5,1,full_sparse,0.6452162861824036,0.007193529978394508
87,0.5,1,full_sparse,0.7292881011962891,0.009880674071609974
84,0.5,1,full_corrected,0.9663372039794922,0.01030440628528595
85,0.5,1,full_corrected,0.7193094491958618,0.009968521073460579
86,0.5,1,full_corrected,0.6454237699508667,0.0069167278707027435
87,0.5,1,full_corrected,0.7301486134529114,0.009804260917007923
84,0.7,0,dense,0.7812106013298035,0.0
85,0.7,0,dense,0.8055710792541504,0.0
86,0.7,0,dense,0.6783726811408997,0.0
87,0.7,0,dense,0.6720161437988281,0.0
84,0.7,0,full_sparse,0.7892625331878662,0.011133394204080105
85,0.7,0,full_sparse,0.8073066473007202,0.004434350878000259
86,0.7,0,full_sparse,0.6738717555999756,0.0050384728237986565
87,0.7,0,full_sparse,0.6761285066604614,0.007770410738885403
84,0.7,0,full_corrected,0.7888012528419495,0.010497136041522026
85,0.7,0,full_corrected,0.8070037961006165,0.0041973101906478405
86,0.7,0,full_corrected,0.6735814809799194,0.004723392426967621
87,0.7,0,full_corrected,0.6765637397766113,0.007899945601820946
84,0.7,1,dense,0.7812106013298035,0.0
85,0.7,1,dense,0.8055710792541504,0.0
86,0.7,1,dense,0.6783726811408997,0.0
87,0.7,1,dense,0.6720161437988281,0.0
84,0.7,1,full_sparse,0.7898042798042297,0.009189777076244354
85,0.7,1,full_sparse,0.791379451751709,0.004248760640621185
86,0.7,1,full_sparse,0.6776517629623413,0.0033441458363085985
87,0.7,1,full_sparse,0.675514817237854,0.0077726528979837894
84,0.7,1,full_corrected,0.7897869944572449,0.008967350237071514
85,0.7,1,full_corrected,0.7904518842697144,0.004296697676181793
86,0.7,1,full_corrected,0.6779045462608337,0.0032599633559584618
87,0.7,1,full_corrected,0.6768935918807983,0.008068994618952274
84,0.85,0,dense,0.7414363026618958,0.0
85,0.85,0,dense,0.8414359092712402,0.0
86,0.85,0,dense,0.6614998579025269,0.0
87,0.85,0,dense,0.7074408531188965,0.0
84,0.85,0,full_sparse,0.7365191578865051,0.0006737173534929752
85,0.85,0,full_sparse,0.8139002919197083,0.0024540890008211136
86,0.85,0,full_sparse,0.6683589220046997,0.0028160670772194862
87,0.85,0,full_sparse,0.6973828077316284,0.006752124987542629
84,0.85,0,full_corrected,0.7365871667861938,0.0006722279358655214
85,0.85,0,full_corrected,0.8144171833992004,0.002313600154593587
86,0.85,0,full_corrected,0.6685856580734253,0.0027835723012685776
87,0.85,0,full_corrected,0.6988745927810669,0.006559274159371853
84,0.85,1,dense,0.7414363026618958,0.0
85,0.85,1,dense,0.8414359092712402,0.0
86,0.85,1,dense,0.6614998579025269,0.0
87,0.85,1,dense,0.7074408531188965,0.0
84,0.85,1,full_sparse,0.7367597818374634,0.0007499598432332277
85,0.85,1,full_sparse,0.8147926330566406,0.002293047960847616
86,0.85,1,full_sparse,0.6642124056816101,0.0023105069994926453
87,0.85,1,full_sparse,0.7081215381622314,0.007289948873221874
84,0.85,1,full_corrected,0.7368171215057373,0.0007449772674590349
85,0.85,1,full_corrected,0.815185546875,0.0021969140507280827
86,0.85,1,full_corrected,0.6642565727233887,0.0022550844587385654
87,0.85,1,full_corrected,0.7096576690673828,0.0071510812267661095
84,0.95,0,dense,0.6572681665420532,0.0
85,0.95,0,dense,0.7731351852416992,0.0
86,0.95,0,dense,0.7283593416213989,0.0
87,0.95,0,dense,1.0593986511230469,0.0
84,0.95,0,full_sparse,0.656359851360321,0.0002622451283968985
85,0.95,0,full_sparse,0.7603990435600281,0.0014451101887971163
86,0.95,0,full_sparse,0.7202392816543579,0.0009978844318538904
87,0.95,0,full_sparse,1.0647858381271362,0.001879415474832058
84,0.95,0,full_corrected,0.6563637852668762,0.0002609336515888572
85,0.95,0,full_corrected,0.7603429555892944,0.0014344390947371721
86,0.95,0,full_corrected,0.7204110622406006,0.0009786904556676745
87,0.95,0,full_corrected,1.0649609565734863,0.0017979471012949944
84,0.95,1,dense,0.6572681665420532,0.0
85,0.95,1,dense,0.7731351852416992,0.0
86,0.95,1,dense,0.7283593416213989,0.0
87,0.95,1,dense,1.0593986511230469,0.0
84,0.95,1,full_sparse,0.6568571329116821,0.00029313922277651727
85,0.95,1,full_sparse,0.7616841197013855,0.0014531873166561127
86,0.95,1,full_sparse,0.7210047245025635,0.0008890696335583925
87,0.95,1,full_sparse,1.0630629062652588,0.001980195753276348
84,0.95,1,full_corrected,0.6568586826324463,0.0002920053666457534
85,0.95,1,full_corrected,0.7616311311721802,0.0014424861874431372
86,0.95,1,full_corrected,0.7211744785308838,0.0008679878665134311
87,0.95,1,full_corrected,1.0631308555603027,0.0018893599044531584
88,0.05,0,dense,0.90074622631073,0.0
89,0.05,0,dense,0.923566460609436,0.0
90,0.05,0,dense,1.0413858890533447,0.0
91,0.05,0,dense,0.9286820888519287,0.0
88,0.05,0,full_sparse,0.904955267906189,0.00457152770832181
89,0.05,0,full_sparse,0.9232977032661438,0.005666551645845175
90,0.05,0,full_sparse,1.0402017831802368,0.0027370494790375233
91,0.05,0,full_sparse,0.9298148155212402,0.005485118366777897
88,0.05,0,full_corrected,0.9051389098167419,0.0045172423124313354
89,0.05,0,full_corrected,0.9242111444473267,0.005629455670714378
90,0.05,0,full_corrected,1.0406911373138428,0.002734525129199028
91,0.05,0,full_corrected,0.9299811124801636,0.005439435597509146
88,0.05,1,dense,0.90074622631073,0.0
89,0.05,1,dense,0.923566460609436,0.0
90,0.05,1,dense,1.0413858890533447,0.0
91,0.05,1,dense,0.9286820888519287,0.0
88,0.05,1,full_sparse,0.9040694832801819,0.004778877831995487
89,0.05,1,full_sparse,0.925014853477478,0.005622221156954765
90,0.05,1,full_sparse,1.0408223867416382,0.002833025995641947
91,0.05,1,full_sparse,0.9305593967437744,0.00522879883646965
88,0.05,1,full_corrected,0.904461145401001,0.004759864415973425
89,0.05,1,full_corrected,0.925940990447998,0.005495671182870865
90,0.05,1,full_corrected,1.0408128499984741,0.0027251385618001223
91,0.05,1,full_corrected,0.930597186088562,0.005178362131118774
88,0.15,0,dense,0.7255848050117493,0.0
89,0.15,0,dense,0.8067266941070557,0.0
90,0.15,0,dense,1.0085256099700928,0.0
91,0.15,0,dense,0.8014675378799438,0.0
88,0.15,0,full_sparse,0.7289730310440063,0.008081169798970222
89,0.15,0,full_sparse,0.8081256151199341,0.01189996488392353
90,0.15,0,full_sparse,1.009282112121582,0.007721561938524246
91,0.15,0,full_sparse,0.8052656650543213,0.010543899610638618
88,0.15,0,full_corrected,0.7297004461288452,0.007983367890119553
89,0.15,0,full_corrected,0.8086473941802979,0.011915629729628563
90,0.15,0,full_corrected,1.009749174118042,0.007482265122234821
91,0.15,0,full_corrected,0.805241048336029,0.01022210344672203
88,0.15,1,dense,0.7255848050117493,0.0
89,0.15,1,dense,0.8067266941070557,0.0
90,0.15,1,dense,1.0085256099700928,0.0
91,0.15,1,dense,0.8014675378799438,0.0
88,0.15,1,full_sparse,0.7304921746253967,0.008406269364058971
89,0.15,1,full_sparse,0.8103201389312744,0.011420313268899918
90,0.15,1,full_sparse,1.0102617740631104,0.007917093113064766
91,0.15,1,full_sparse,0.8089163303375244,0.010903986170887947
88,0.15,1,full_corrected,0.7311375141143799,0.008362023159861565
89,0.15,1,full_corrected,0.8108431100845337,0.011336024850606918
90,0.15,1,full_corrected,1.010380744934082,0.007613781839609146
91,0.15,1,full_corrected,0.8092620372772217,0.010511359199881554
88,0.3,0,dense,0.6670143008232117,0.0
89,0.3,0,dense,0.7678316235542297,0.0
90,0.3,0,dense,1.0011903047561646,0.0
91,0.3,0,dense,0.7901602983474731,0.0
88,0.3,0,full_sparse,0.6726846694946289,0.008073984645307064
89,0.3,0,full_sparse,0.7731334567070007,0.014481869526207447
90,0.3,0,full_sparse,0.9955756664276123,0.00910833291709423
91,0.3,0,full_sparse,0.7956603765487671,0.014009837061166763
88,0.3,0,full_corrected,0.672235369682312,0.007958143949508667
89,0.3,0,full_corrected,0.7727535963058472,0.014209909364581108
90,0.3,0,full_corrected,0.9976841807365417,0.008692894130945206
91,0.3,0,full_corrected,0.7955848574638367,0.013511408120393753
88,0.3,1,dense,0.6670143008232117,0.0
89,0.3,1,dense,0.7678316235542297,0.0
90,0.3,1,dense,1.0011903047561646,0.0
91,0.3,1,dense,0.7901602983474731,0.0
88,0.3,1,full_sparse,0.6732802391052246,0.007288279011845589
89,0.3,1,full_sparse,0.7732189893722534,0.01348450593650341
90,0.3,1,full_sparse,0.9951769113540649,0.009659888222813606
91,0.3,1,full_sparse,0.793421745300293,0.013990873470902443
88,0.3,1,full_corrected,0.673187792301178,0.007164740934967995
89,0.3,1,full_corrected,0.7731096744537354,0.01303875632584095
90,0.3,1,full_corrected,0.9968708157539368,0.00913725420832634
91,0.3,1,full_corrected,0.7938007116317749,0.013486623764038086
88,0.5,0,dense,0.7038184404373169,0.0
89,0.5,0,dense,0.8120518922805786,0.0
90,0.5,0,dense,0.9404402375221252,0.0
91,0.5,0,dense,0.8485563397407532,0.0
88,0.5,0,full_sparse,0.7151544094085693,0.009285517036914825
89,0.5,0,full_sparse,0.8138096928596497,0.011017978191375732
90,0.5,0,full_sparse,0.9316973686218262,0.0048355646431446075
91,0.5,0,full_sparse,0.8613967299461365,0.015089007094502449
88,0.5,0,full_corrected,0.7161108255386353,0.009088401682674885
89,0.5,0,full_corrected,0.8151058554649353,0.010776745155453682
90,0.5,0,full_corrected,0.9324392676353455,0.0047434428706765175
91,0.5,0,full_corrected,0.8601763844490051,0.013565059751272202
88,0.5,1,dense,0.7038184404373169,0.0
89,0.5,1,dense,0.8120518922805786,0.0
90,0.5,1,dense,0.9404402375221252,0.0
91,0.5,1,dense,0.8485563397407532,0.0
88,0.5,1,full_sparse,0.708303689956665,0.008099501952528954
89,0.5,1,full_sparse,0.8093203902244568,0.010173152200877666
90,0.5,1,full_sparse,0.9303491711616516,0.005562248639762402
91,0.5,1,full_sparse,0.8780270218849182,0.02132449485361576
88,0.5,1,full_corrected,0.7089656591415405,0.007813351228833199
89,0.5,1,full_corrected,0.8096434473991394,0.00978299230337143
90,0.5,1,full_corrected,0.9301024675369263,0.0051532527431845665
91,0.5,1,full_corrected,0.8794600367546082,0.02217038720846176
88,0.7,0,dense,0.7164954543113708,0.0
89,0.7,0,dense,0.7283700704574585,0.0
90,0.7,0,dense,0.7894348502159119,0.0
91,0.7,0,dense,0.7693639993667603,0.0
88,0.7,0,full_sparse,0.7089182138442993,0.0033184438943862915
89,0.7,0,full_sparse,0.7336191534996033,0.0018887938931584358
90,0.7,0,full_sparse,0.7805359363555908,0.003501380328088999
91,0.7,0,full_sparse,0.7729692459106445,0.003622801508754492
88,0.7,0,full_corrected,0.7093266844749451,0.003092327620834112
89,0.7,0,full_corrected,0.733802318572998,0.0018022841541096568
90,0.7,0,full_corrected,0.7818825244903564,0.0037271645851433277
91,0.7,0,full_corrected,0.77249675989151,0.003159250132739544
88,0.7,1,dense,0.7164954543113708,0.0
89,0.7,1,dense,0.7283700704574585,0.0
90,0.7,1,dense,0.7894348502159119,0.0
91,0.7,1,dense,0.7693639993667603,0.0
88,0.7,1,full_sparse,0.7127323150634766,0.0031328443437814713
89,0.7,1,full_sparse,0.7360141277313232,0.002452590735629201
90,0.7,1,full_sparse,0.7802309393882751,0.0026948116719722748
91,0.7,1,full_sparse,0.7726567387580872,0.0038771922700107098
88,0.7,1,full_corrected,0.7134220004081726,0.002994438400492072
89,0.7,1,full_corrected,0.736350417137146,0.0023916587233543396
90,0.7,1,full_corrected,0.7807973623275757,0.002706507220864296
91,0.7,1,full_corrected,0.7722987532615662,0.0035949163138866425
88,0.85,0,dense,0.7039893865585327,0.0
89,0.85,0,dense,0.5763572454452515,0.0
90,0.85,0,dense,0.7042199373245239,0.0
91,0.85,0,dense,0.6296768188476562,0.0
88,0.85,0,full_sparse,0.7013338208198547,0.00098097650334239
89,0.85,0,full_sparse,0.5893360376358032,0.002032586606219411
90,0.85,0,full_sparse,0.6947563886642456,0.0011554808588698506
91,0.85,0,full_sparse,0.6297643184661865,0.00229296344332397
88,0.85,0,full_corrected,0.7010307312011719,0.0009828314650803804
89,0.85,0,full_corrected,0.5896010398864746,0.002023060340434313
90,0.85,0,full_corrected,0.6948863863945007,0.0011360992211848497
91,0.85,0,full_corrected,0.6298841834068298,0.002185472985729575
88,0.85,1,dense,0.7039893865585327,0.0
89,0.85,1,dense,0.5763572454452515,0.0
90,0.85,1,dense,0.7042199373245239,0.0
91,0.85,1,dense,0.6296768188476562,0.0
88,0.85,1,full_sparse,0.7020093202590942,0.001039985567331314
89,0.85,1,full_sparse,0.590957760810852,0.002716013928875327
90,0.85,1,full_sparse,0.695396900177002,0.0011819771025329828
91,0.85,1,full_sparse,0.6317349076271057,0.002390303649008274
88,0.85,1,full_corrected,0.7014694809913635,0.0010305806063115597
89,0.85,1,full_corrected,0.5911641716957092,0.0027283448725938797
90,0.85,1,full_corrected,0.6954838633537292,0.0011631271336227655
91,0.85,1,full_corrected,0.6320120096206665,0.0022817065473645926
88,0.95,0,dense,0.7507444620132446,0.0
89,0.95,0,dense,0.4755985736846924,0.0
90,0.95,0,dense,0.6597887277603149,0.0
91,0.95,0,dense,0.6276283264160156,0.0
88,0.95,0,full_sparse,0.758526086807251,0.0007074495078995824
89,0.95,0,full_sparse,0.46987682580947876,0.0022089798003435135
90,0.95,0,full_sparse,0.6526634097099304,0.001083415700122714
91,0.95,0,full_sparse,0.6189396381378174,0.0022956961765885353
88,0.95,0,full_corrected,0.7584697604179382,0.0007026653038337827
89,0.95,0,full_corrected,0.4699486494064331,0.0021804822608828545
90,0.95,0,full_corrected,0.65269935131073,0.0010773991234600544
91,0.95,0,full_corrected,0.618888258934021,0.0022718936670571566
88,0.95,1,dense,0.7507444620132446,0.0
89,0.95,1,dense,0.4755985736846924,0.0
90,0.95,1,dense,0.6597887277603149,0.0
91,0.95,1,dense,0.6276283264160156,0.0
88,0.95,1,full_sparse,0.7588937282562256,0.0006591931451112032
89,0.95,1,full_sparse,0.47093987464904785,0.0027194407302886248
90,0.95,1,full_sparse,0.653472900390625,0.001077771303243935
91,0.95,1,full_sparse,0.6175514459609985,0.002633296186104417
88,0.95,1,full_corrected,0.758830189704895,0.0006528122466988862
89,0.95,1,full_corrected,0.4710221290588379,0.0026934004854410887
90,0.95,1,full_corrected,0.6535158157348633,0.0010714512318372726
91,0.95,1,full_corrected,0.6174615621566772,0.0026090354658663273
92,0.05,0,dense,1.0020744800567627,0.0
93,0.05,0,dense,0.9975067377090454,0.0
94,0.05,0,dense,1.0827687978744507,0.0
95,0.05,0,dense,0.9228904247283936,0.0
92,0.05,0,full_sparse,1.0032426118850708,0.0024260045029222965
93,0.05,0,full_sparse,0.9996169805526733,0.005127927288413048
94,0.05,0,full_sparse,1.0853145122528076,0.003436362836509943
95,0.05,0,full_sparse,0.9260784387588501,0.007086769212037325
92,0.05,0,full_corrected,1.0031213760375977,0.0023735021241009235
93,0.05,0,full_corrected,0.9999949932098389,0.0050496906042099
94,0.05,0,full_corrected,1.0850677490234375,0.003302444238215685
95,0.05,0,full_corrected,0.9258619546890259,0.007134345360100269
92,0.05,1,dense,1.0020744800567627,0.0
93,0.05,1,dense,0.9975067377090454,0.0
94,0.05,1,dense,1.0827687978744507,0.0
95,0.05,1,dense,0.9228904247283936,0.0
92,0.05,1,full_sparse,1.0031681060791016,0.002537377877160907
93,0.05,1,full_sparse,1.0012202262878418,0.005077610723674297
94,0.05,1,full_sparse,1.0874367952346802,0.0031243690755218267
95,0.05,1,full_sparse,0.925612211227417,0.006636819802224636
92,0.05,1,full_corrected,1.0028915405273438,0.002479265443980694
93,0.05,1,full_corrected,1.0014618635177612,0.005088876932859421
94,0.05,1,full_corrected,1.0867831707000732,0.00305040180683136
95,0.05,1,full_corrected,0.9253052473068237,0.006654888857156038
92,0.15,0,dense,0.9383628368377686,0.0
93,0.15,0,dense,0.8557295203208923,0.0
94,0.15,0,dense,0.9596387147903442,0.0
95,0.15,0,dense,0.7364209890365601,0.0
92,0.15,0,full_sparse,0.9405032396316528,0.006724799983203411
93,0.15,0,full_sparse,0.8682050108909607,0.013536243699491024
94,0.15,0,full_sparse,0.9608215093612671,0.008411207236349583
95,0.15,0,full_sparse,0.7448084354400635,0.0152333565056324
92,0.15,0,full_corrected,0.9407497644424438,0.006503934971988201
93,0.15,0,full_corrected,0.8689679503440857,0.01339333038777113
94,0.15,0,full_corrected,0.9604800939559937,0.007960728369653225
95,0.15,0,full_corrected,0.7458009719848633,0.014969965443015099
92,0.15,1,dense,0.9383628368377686,0.0
93,0.15,1,dense,0.8557295203208923,0.0
94,0.15,1,dense,0.9596387147903442,0.0
95,0.15,1,dense,0.7364209890365601,0.0
92,0.15,1,full_sparse,0.9411346912384033,0.0064999815076589584
93,0.15,1,full_sparse,0.8626206517219543,0.011089909821748734
94,0.15,1,full_sparse,0.9621654748916626,0.008487207815051079
95,0.15,1,full_sparse,0.7373389601707458,0.014669554308056831
92,0.15,1,full_corrected,0.9413362741470337,0.00623059319332242
93,0.15,1,full_corrected,0.8633058071136475,0.011063975282013416
94,0.15,1,full_corrected,0.9609494805335999,0.00800581369549036
95,0.15,1,full_corrected,0.7379502654075623,0.014480795711278915
92,0.3,0,dense,0.834713339805603,0.0
93,0.3,0,dense,0.763488233089447,0.0
94,0.3,0,dense,0.859818696975708,0.0
95,0.3,0,dense,0.6818536520004272,0.0
92,0.3,0,full_sparse,0.8422420024871826,0.006918712519109249
93,0.3,0,full_sparse,0.7749363780021667,0.013674676418304443
94,0.3,0,full_sparse,0.8588385581970215,0.009509673342108727
95,0.3,0,full_sparse,0.6890662908554077,0.019535157829523087
92,0.3,0,full_corrected,0.8418818116188049,0.0064168209210038185
93,0.3,0,full_corrected,0.7753553986549377,0.013515425845980644
94,0.3,0,full_corrected,0.8588905334472656,0.009172780439257622
95,0.3,0,full_corrected,0.6897623538970947,0.019051967188715935
92,0.3,1,dense,0.834713339805603,0.0
93,0.3,1,dense,0.763488233089447,0.0
94,0.3,1,dense,0.859818696975708,0.0
95,0.3,1,dense,0.6818536520004272,0.0
92,0.3,1,full_sparse,0.8368021845817566,0.00618745619431138
93,0.3,1,full_sparse,0.7730883955955505,0.013439595699310303
94,0.3,1,full_sparse,0.8605387806892395,0.010976934805512428
95,0.3,1,full_sparse,0.6919832229614258,0.01759328320622444
92,0.3,1,full_corrected,0.8360487222671509,0.005861481186002493
93,0.3,1,full_corrected,0.7726337313652039,0.013000896200537682
94,0.3,1,full_corrected,0.8606693744659424,0.010654794052243233
95,0.3,1,full_corrected,0.6936887502670288,0.017503295093774796
92,0.5,0,dense,0.6333773136138916,0.0
93,0.5,0,dense,0.8600612878799438,0.0
94,0.5,0,dense,0.7897849082946777,0.0
95,0.5,0,dense,0.8517992496490479,0.0
92,0.5,0,full_sparse,0.6379790306091309,0.0020207243505865335
93,0.5,0,full_sparse,0.8558464646339417,0.007435252889990807
94,0.5,0,full_sparse,0.7891430258750916,0.00808658730238676
95,0.5,0,full_sparse,0.8597607612609863,0.011825904250144958
92,0.5,0,full_corrected,0.6382108926773071,0.0020482740364968777
93,0.5,0,full_corrected,0.8571356534957886,0.007274734787642956
94,0.5,0,full_corrected,0.7906356453895569,0.007839817553758621
95,0.5,0,full_corrected,0.8607690334320068,0.011983757838606834
92,0.5,1,dense,0.6333773136138916,0.0
93,0.5,1,dense,0.8600612878799438,0.0
94,0.5,1,dense,0.7897849082946777,0.0
95,0.5,1,dense,0.8517992496490479,0.0
92,0.5,1,full_sparse,0.6376180052757263,0.002009044401347637
93,0.5,1,full_sparse,0.8618462681770325,0.008993806317448616
94,0.5,1,full_sparse,0.7967522740364075,0.010747076943516731
95,0.5,1,full_sparse,0.8607157468795776,0.01217514369636774
92,0.5,1,full_corrected,0.6378368139266968,0.0020290787797421217
93,0.5,1,full_corrected,0.8625655174255371,0.008846634067595005
94,0.5,1,full_corrected,0.7973024845123291,0.010256970301270485
95,0.5,1,full_corrected,0.8627549409866333,0.012553617358207703
92,0.7,0,dense,0.4364253282546997,0.0
93,0.7,0,dense,0.8092060089111328,0.0
94,0.7,0,dense,0.7880592346191406,0.0
95,0.7,0,dense,0.8066279292106628,0.0
92,0.7,0,full_sparse,0.44023236632347107,0.0013107563136145473
93,0.7,0,full_sparse,0.8157305717468262,0.0037270686589181423
94,0.7,0,full_sparse,0.7928956747055054,0.002376323565840721
95,0.7,0,full_sparse,0.8087095022201538,0.00288731069304049
92,0.7,0,full_corrected,0.4404396414756775,0.001312048640102148
93,0.7,0,full_corrected,0.8155220746994019,0.003929212223738432
94,0.7,0,full_corrected,0.7923497557640076,0.0022001841571182013
95,0.7,0,full_corrected,0.8085789680480957,0.0027526887133717537
92,0.7,1,dense,0.4364253282546997,0.0
93,0.7,1,dense,0.8092060089111328,0.0
94,0.7,1,dense,0.7880592346191406,0.0
95,0.7,1,dense,0.8066279292106628,0.0
92,0.7,1,full_sparse,0.4413115084171295,0.0015133516862988472
93,0.7,1,full_sparse,0.8178378343582153,0.003205022308975458
94,0.7,1,full_sparse,0.7862293720245361,0.0029591615311801434
95,0.7,1,full_sparse,0.8048800826072693,0.0033568141516298056
92,0.7,1,full_corrected,0.4415357708930969,0.0015470529906451702
93,0.7,1,full_corrected,0.8176842331886292,0.0032070516608655453
94,0.7,1,full_corrected,0.7845344543457031,0.002697216346859932
95,0.7,1,full_corrected,0.8058005571365356,0.0031612087041139603
92,0.85,0,dense,0.32297080755233765,0.0
93,0.85,0,dense,0.6946039795875549,0.0
94,0.85,0,dense,0.6826054453849792,0.0
95,0.85,0,dense,0.633393406867981,0.0
92,0.85,0,full_sparse,0.32909131050109863,0.0033401180990040302
93,0.85,0,full_sparse,0.6968355178833008,0.0014984423760324717
94,0.85,0,full_sparse,0.6848499774932861,0.0014270024839788675
95,0.85,0,full_sparse,0.6358565092086792,0.0014872709289193153
92,0.85,0,full_corrected,0.32912397384643555,0.0033309711143374443
93,0.85,0,full_corrected,0.6967874765396118,0.00148699467536062
94,0.85,0,full_corrected,0.6846649646759033,0.0014063906855881214
95,0.85,0,full_corrected,0.6361304521560669,0.0013384489575400949
92,0.85,1,dense,0.32297080755233765,0.0
93,0.85,1,dense,0.6946039795875549,0.0
94,0.85,1,dense,0.6826054453849792,0.0
95,0.85,1,dense,0.633393406867981,0.0
92,0.85,1,full_sparse,0.3296266794204712,0.003398965811356902
93,0.85,1,full_sparse,0.6957876682281494,0.0012691663578152657
94,0.85,1,full_sparse,0.6827866435050964,0.001515609328635037
95,0.85,1,full_sparse,0.6331452131271362,0.0014097997918725014
92,0.85,1,full_corrected,0.32968592643737793,0.0033988426439464092
93,0.85,1,full_corrected,0.6957359313964844,0.001258766045793891
94,0.85,1,full_corrected,0.6824089884757996,0.0014426744310185313
95,0.85,1,full_corrected,0.6334903836250305,0.0012967742513865232
92,0.95,0,dense,0.49561846256256104,0.0
93,0.95,0,dense,0.6493269205093384,0.0
94,0.95,0,dense,0.6964105367660522,0.0
95,0.95,0,dense,0.7030712366104126,0.0
92,0.95,0,full_sparse,0.5867563486099243,0.012950336560606956
93,0.95,0,full_sparse,0.6541998386383057,0.0006276918575167656
94,0.95,0,full_sparse,0.6885347366333008,0.0019130576401948929
95,0.95,0,full_sparse,0.6558895707130432,0.004139203578233719
92,0.95,0,full_corrected,0.587119460105896,0.013007012195885181
93,0.95,0,full_corrected,0.6541919112205505,0.0006241120863705873
94,0.95,0,full_corrected,0.6885666847229004,0.0019005874637514353
95,0.95,0,full_corrected,0.656429648399353,0.004030553158372641
92,0.95,1,dense,0.49561846256256104,0.0
93,0.95,1,dense,0.6493269205093384,0.0
94,0.95,1,dense,0.6964105367660522,0.0
95,0.95,1,dense,0.7030712366104126,0.0
92,0.95,1,full_sparse,0.5849400758743286,0.012387556955218315
93,0.95,1,full_sparse,0.6527091860771179,0.0006286166608333588
94,0.95,1,full_sparse,0.6878745555877686,0.001823697006329894
95,0.95,1,full_sparse,0.6571762561798096,0.0037998813204467297
92,0.95,1,full_corrected,0.5853356719017029,0.012451301328837872
93,0.95,1,full_corrected,0.6526961326599121,0.0006238266942091286
94,0.95,1,full_corrected,0.6878910064697266,0.001813648035749793
95,0.95,1,full_corrected,0.6577316522598267,0.003697363194078207
96,0.05,0,dense,1.0626492500305176,0.0
97,0.05,0,dense,1.058680534362793,0.0
98,0.05,0,dense,1.0098962783813477,0.0
99,0.05,0,dense,0.9182695746421814,0.0
96,0.05,0,full_sparse,1.0625483989715576,0.0025447485968470573
97,0.05,0,full_sparse,1.0594351291656494,0.0016918473411351442
98,0.05,0,full_sparse,1.0098462104797363,0.00303827365860343
99,0.05,0,full_sparse,0.9238351583480835,0.006839207373559475
96,0.05,0,full_corrected,1.0623282194137573,0.002512493636459112
97,0.05,0,full_corrected,1.0595543384552002,0.0016530972206965089
98,0.05,0,full_corrected,1.0099437236785889,0.0029440270736813545
99,0.05,0,full_corrected,0.923662543296814,0.006759474985301495
96,0.05,1,dense,1.0626492500305176,0.0
97,0.05,1,dense,1.058680534362793,0.0
98,0.05,1,dense,1.0098962783813477,0.0
99,0.05,1,dense,0.9182695746421814,0.0
96,0.05,1,full_sparse,1.0614111423492432,0.0025322106666862965
97,0.05,1,full_sparse,1.0587031841278076,0.00176176184322685
98,0.05,1,full_sparse,1.0083554983139038,0.002948662731796503
99,0.05,1,full_sparse,0.9211232662200928,0.007242106832563877
96,0.05,1,full_corrected,1.0613125562667847,0.002541288500651717
97,0.05,1,full_corrected,1.0586040019989014,0.0017056814394891262
98,0.05,1,full_corrected,1.0087337493896484,0.0028991710860282183
99,0.05,1,full_corrected,0.92130446434021,0.007148477248847485
96,0.15,0,dense,0.9604067802429199,0.0
97,0.15,0,dense,1.0662578344345093,0.0
98,0.15,0,dense,0.9445686340332031,0.0
99,0.15,0,dense,0.688031017780304,0.0
96,0.15,0,full_sparse,0.9602327346801758,0.007636927999556065
97,0.15,0,full_sparse,1.072635531425476,0.006520979106426239
98,0.15,0,full_sparse,0.9443975687026978,0.010261649265885353
99,0.15,0,full_sparse,0.6930303573608398,0.014348773285746574
96,0.15,0,full_corrected,0.9601959586143494,0.007462243549525738
97,0.15,0,full_corrected,1.0723007917404175,0.006383519619703293
98,0.15,0,full_corrected,0.9444769620895386,0.00990945752710104
99,0.15,0,full_corrected,0.6943683624267578,0.014204103499650955
96,0.15,1,dense,0.9604067802429199,0.0
97,0.15,1,dense,1.0662578344345093,0.0
98,0.15,1,dense,0.9445686340332031,0.0
99,0.15,1,dense,0.688031017780304,0.0
96,0.15,1,full_sparse,0.961238443851471,0.007879748940467834
97,0.15,1,full_sparse,1.0725202560424805,0.007269797381013632
98,0.15,1,full_sparse,0.9413876533508301,0.009940726682543755
99,0.15,1,full_sparse,0.6933485865592957,0.01514057070016861
96,0.15,1,full_corrected,0.9614561796188354,0.007794305682182312
97,0.15,1,full_corrected,1.0722472667694092,0.007159793749451637
98,0.15,1,full_corrected,0.9416053295135498,0.00961242988705635
99,0.15,1,full_corrected,0.6945531368255615,0.014889768324792385
96,0.3,0,dense,0.8852399587631226,0.0
97,0.3,0,dense,1.0473881959915161,0.0
98,0.3,0,dense,0.9444965124130249,0.0
99,0.3,0,dense,0.6407120227813721,0.0
96,0.3,0,full_sparse,0.8818844556808472,0.008515066467225552
97,0.3,0,full_sparse,1.05165696144104,0.008032968267798424
98,0.3,0,full_sparse,0.9390051364898682,0.011792591772973537
99,0.3,0,full_sparse,0.6536978483200073,0.01712167263031006
96,0.3,0,full_corrected,0.8820689916610718,0.008294403553009033
97,0.3,0,full_corrected,1.0513442754745483,0.007945812307298183
98,0.3,0,full_corrected,0.9401760697364807,0.011120596900582314
99,0.3,0,full_corrected,0.6554851531982422,0.017054913565516472
96,0.3,1,dense,0.8852399587631226,0.0
97,0.3,1,dense,1.0473881959915161,0.0
98,0.3,1,dense,0.9444965124130249,0.0
99,0.3,1,dense,0.6407120227813721,0.0
96,0.3,1,full_sparse,0.8868045806884766,0.008609026670455933
97,0.3,1,full_sparse,1.055103063583374,0.008962536230683327
98,0.3,1,full_sparse,0.9411612749099731,0.011524253524839878
99,0.3,1,full_sparse,0.6545170545578003,0.01767886057496071
96,0.3,1,full_corrected,0.8870973587036133,0.008222367614507675
97,0.3,1,full_corrected,1.055281162261963,0.008959883823990822
98,0.3,1,full_corrected,0.942133903503418,0.0111416419968009
99,0.3,1,full_corrected,0.6551381349563599,0.017489785328507423
96,0.5,0,dense,0.7785397171974182,0.0
97,0.5,0,dense,0.9244244694709778,0.0
98,0.5,0,dense,0.9691019654273987,0.0
99,0.5,0,dense,0.7394774556159973,0.0
96,0.5,0,full_sparse,0.7851459980010986,0.005240331869572401
97,0.5,0,full_sparse,0.9313818216323853,0.0036313810851424932
98,0.5,0,full_sparse,0.9696743488311768,0.007737362757325172
99,0.5,0,full_sparse,0.7418684959411621,0.018618134781718254
96,0.5,0,full_corrected,0.7837862372398376,0.005101942457258701
97,0.5,0,full_corrected,0.9314444065093994,0.003397872671484947
98,0.5,0,full_corrected,0.9695509672164917,0.007405772805213928
99,0.5,0,full_corrected,0.7437642812728882,0.01903490535914898
96,0.5,1,dense,0.7785397171974182,0.0
97,0.5,1,dense,0.9244244694709778,0.0
98,0.5,1,dense,0.9691019654273987,0.0
99,0.5,1,dense,0.7394774556159973,0.0
96,0.5,1,full_sparse,0.7827271223068237,0.005267382599413395
97,0.5,1,full_sparse,0.9269411563873291,0.003937091212719679
98,0.5,1,full_sparse,0.9721269011497498,0.004875739570707083
99,0.5,1,full_sparse,0.7517033815383911,0.020368026569485664
96,0.5,1,full_corrected,0.780896782875061,0.005226499401032925
97,0.5,1,full_corrected,0.9268949031829834,0.0037288693711161613
98,0.5,1,full_corrected,0.9734649062156677,0.0048683928325772285
99,0.5,1,full_corrected,0.7534289360046387,0.02048526331782341
96,0.7,0,dense,0.69410240650177,0.0
97,0.7,0,dense,0.702197790145874,0.0
98,0.7,0,dense,0.8526118993759155,0.0
99,0.7,0,dense,0.8035483360290527,0.0
96,0.7,0,full_sparse,0.6969814300537109,0.0023818849585950375
97,0.7,0,full_sparse,0.6959831714630127,0.0018081923481076956
98,0.7,0,full_sparse,0.8524497747421265,0.0020010743755847216
99,0.7,0,full_sparse,0.7901144027709961,0.001627091085538268
96,0.7,0,full_corrected,0.6959668397903442,0.002275587525218725
97,0.7,0,full_corrected,0.6962509155273438,0.0016514603048563004
98,0.7,0,full_corrected,0.8522005081176758,0.0020387943368405104
99,0.7,0,full_corrected,0.7889484167098999,0.0017406516708433628
96,0.7,1,dense,0.69410240650177,0.0
97,0.7,1,dense,0.702197790145874,0.0
98,0.7,1,dense,0.8526118993759155,0.0
99,0.7,1,dense,0.8035483360290527,0.0
96,0.7,1,full_sparse,0.7036659717559814,0.0032862182706594467
97,0.7,1,full_sparse,0.6980413198471069,0.001429801806807518
98,0.7,1,full_sparse,0.8549952507019043,0.001627738936804235
99,0.7,1,full_sparse,0.7897226810455322,0.0017554883379489183
96,0.7,1,full_corrected,0.702707052230835,0.003081957111135125
97,0.7,1,full_corrected,0.6983175277709961,0.001327121863141656
98,0.7,1,full_corrected,0.854860782623291,0.0016358259599655867
99,0.7,1,full_corrected,0.7885915040969849,0.0019317978294566274
96,0.85,0,dense,0.5951474905014038,0.0
97,0.85,0,dense,0.54481041431427,0.0
98,0.85,0,dense,0.7088463306427002,0.0
99,0.85,0,dense,0.6108832359313965,0.0
96,0.85,0,full_sparse,0.6005569696426392,0.001682583475485444
97,0.85,0,full_sparse,0.5436831712722778,0.0030303215608000755
98,0.85,0,full_sparse,0.7043997049331665,0.0008002097019925714
99,0.85,0,full_sparse,0.6084260940551758,0.0004177111550234258
96,0.85,0,full_corrected,0.6007023453712463,0.0015951211098581553
97,0.85,0,full_corrected,0.543796181678772,0.002946732100099325
98,0.85,0,full_corrected,0.7044035792350769,0.0008006526622921228
99,0.85,0,full_corrected,0.60849928855896,0.0004105450352653861
96,0.85,1,dense,0.5951474905014038,0.0
97,0.85,1,dense,0.54481041431427,0.0
98,0.85,1,dense,0.7088463306427002,0.0
99,0.85,1,dense,0.6108832359313965,0.0
96,0.85,1,full_sparse,0.5997161269187927,0.0017716295551508665
97,0.85,1,full_sparse,0.5443376302719116,0.0028129667043685913
98,0.85,1,full_sparse,0.7056485414505005,0.0007482704822905362
99,0.85,1,full_sparse,0.6089462637901306,0.00042111583752557635
96,0.85,1,full_corrected,0.5995233058929443,0.0016159475781023502
97,0.85,1,full_corrected,0.5445148348808289,0.002733060158789158
98,0.85,1,full_corrected,0.7056164741516113,0.0007541921222582459
99,0.85,1,full_corrected,0.6090356707572937,0.00041331874672323465
96,0.95,0,dense,0.9770830869674683,0.0
97,0.95,0,dense,0.4272851049900055,0.0
98,0.95,0,dense,0.6249428391456604,0.0
99,0.95,0,dense,0.5072111487388611,0.0
96,0.95,0,full_sparse,0.9252464175224304,0.00470302440226078
97,0.95,0,full_sparse,0.4391699433326721,0.004247918725013733
98,0.95,0,full_sparse,0.6223506927490234,0.0007486044196411967
99,0.95,0,full_sparse,0.5074872970581055,0.00014670478412881494
96,0.95,0,full_corrected,0.9255322217941284,0.004640293773263693
97,0.95,0,full_corrected,0.4391794800758362,0.004230378195643425
98,0.95,0,full_corrected,0.622412919998169,0.0007464855443686247
99,0.95,0,full_corrected,0.5075076222419739,0.0001457899052184075
96,0.95,1,dense,0.9770830869674683,0.0
97,0.95,1,dense,0.4272851049900055,0.0
98,0.95,1,dense,0.6249428391456604,0.0
99,0.95,1,dense,0.5072111487388611,0.0
96,0.95,1,full_sparse,0.9133902788162231,0.006121186539530754
97,0.95,1,full_sparse,0.43805402517318726,0.003703867085278034
98,0.95,1,full_sparse,0.6229313611984253,0.0008949084440246224
99,0.95,1,full_sparse,0.5071960687637329,0.0001638010289752856
96,0.95,1,full_corrected,0.9136816263198853,0.006047711241990328
97,0.95,1,full_corrected,0.4380631148815155,0.0036857668310403824
98,0.95,1,full_corrected,0.6229891777038574,0.0008956813253462315
99,0.95,1,full_corrected,0.5072161555290222,0.000163102347869426
100,0.05,0,dense,1.0389254093170166,0.0
101,0.05,0,dense,1.0597643852233887,0.0
102,0.05,0,dense,0.5761357545852661,0.0
103,0.05,0,dense,1.0669705867767334,0.0
100,0.05,0,full_sparse,1.0390287637710571,0.003338990267366171
101,0.05,0,full_sparse,1.0605711936950684,0.0012431145878508687
102,0.05,0,full_sparse,0.5786173939704895,0.005110922735184431
103,0.05,0,full_sparse,1.0672049522399902,0.0028745722956955433
100,0.05,0,full_corrected,1.0393980741500854,0.0032177986577153206
101,0.05,0,full_corrected,1.0605430603027344,0.0012251113075762987
102,0.05,0,full_corrected,0.5780479907989502,0.00507608987390995
103,0.05,0,full_corrected,1.0669848918914795,0.0028457241132855415
100,0.05,1,dense,1.0389254093170166,0.0
101,0.05,1,dense,1.0597643852233887,0.0
102,0.05,1,dense,0.5761357545852661,0.0
103,0.05,1,dense,1.0669705867767334,0.0
100,0.05,1,full_sparse,1.0384597778320312,0.003430485725402832
101,0.05,1,full_sparse,1.0611038208007812,0.0014464161358773708
102,0.05,1,full_sparse,0.5813723206520081,0.004868397023528814
103,0.05,1,full_sparse,1.0677279233932495,0.0026780436746776104
100,0.05,1,full_corrected,1.038556694984436,0.0032975105568766594
101,0.05,1,full_corrected,1.0609588623046875,0.001398394349962473
102,0.05,1,full_corrected,0.5808948874473572,0.004874373786151409
103,0.05,1,full_corrected,1.0679819583892822,0.0026591597124934196
100,0.15,0,dense,0.9226720333099365,0.0
101,0.15,0,dense,1.0380611419677734,0.0
102,0.15,0,dense,0.46124088764190674,0.0
103,0.15,0,dense,0.9686158895492554,0.0
100,0.15,0,full_sparse,0.9215129613876343,0.008976215496659279
101,0.15,0,full_sparse,1.0408434867858887,0.004805739037692547
102,0.15,0,full_sparse,0.4612717628479004,0.006158608943223953
103,0.15,0,full_sparse,0.9670095443725586,0.007941406220197678
100,0.15,0,full_corrected,0.9218382835388184,0.00868926104158163
101,0.15,0,full_corrected,1.041059970855713,0.004702075384557247
102,0.15,0,full_corrected,0.46116673946380615,0.006154406815767288
103,0.15,0,full_corrected,0.9670276641845703,0.00786503218114376
100,0.15,1,dense,0.9226720333099365,0.0
101,0.15,1,dense,1.0380611419677734,0.0
102,0.15,1,dense,0.46124088764190674,0.0
103,0.15,1,dense,0.9686158895492554,0.0
100,0.15,1,full_sparse,0.9221409559249878,0.009867530316114426
101,0.15,1,full_sparse,1.0407593250274658,0.005276387091726065
102,0.15,1,full_sparse,0.4645349085330963,0.005266156047582626
103,0.15,1,full_sparse,0.9679878354072571,0.007212146185338497
100,0.15,1,full_corrected,0.9222409129142761,0.009518548846244812
101,0.15,1,full_corrected,1.0409021377563477,0.005120319314301014
102,0.15,1,full_corrected,0.4645925462245941,0.0053665535524487495
103,0.15,1,full_corrected,0.9691268801689148,0.007086853962391615
100,0.3,0,dense,0.8047160506248474,0.0
101,0.3,0,dense,0.9291983246803284,0.0
102,0.3,0,dense,0.3960036039352417,0.0
103,0.3,0,dense,0.8949627876281738,0.0
100,0.3,0,full_sparse,0.8047913312911987,0.01282324455678463
101,0.3,0,full_sparse,0.933581531047821,0.005353214684873819
102,0.3,0,full_sparse,0.3963221311569214,0.004295704886317253
103,0.3,0,full_sparse,0.8973712921142578,0.010035349987447262
100,0.3,0,full_corrected,0.8042777180671692,0.01253548450767994
101,0.3,0,full_corrected,0.9334039688110352,0.005160931497812271
102,0.3,0,full_corrected,0.39614859223365784,0.004217809997498989
103,0.3,0,full_corrected,0.8979578018188477,0.009722242131829262
100,0.3,1,dense,0.8047160506248474,0.0
101,0.3,1,dense,0.9291983246803284,0.0
102,0.3,1,dense,0.3960036039352417,0.0
103,0.3,1,dense,0.8949627876281738,0.0
100,0.3,1,full_sparse,0.8032464981079102,0.015246014110744
101,0.3,1,full_sparse,0.9378834366798401,0.005868077743798494
102,0.3,1,full_sparse,0.3963494896888733,0.0037700184620916843
103,0.3,1,full_sparse,0.8943037390708923,0.00860324315726757
100,0.3,1,full_corrected,0.802660346031189,0.014582794159650803
101,0.3,1,full_corrected,0.9377521276473999,0.005668772850185633
102,0.3,1,full_corrected,0.39642465114593506,0.0037348284386098385
103,0.3,1,full_corrected,0.8949771523475647,0.00826499704271555
100,0.5,0,dense,0.7907249331474304,0.0
101,0.5,0,dense,0.7251734733581543,0.0
102,0.5,0,dense,0.34663623571395874,0.0
103,0.5,0,dense,0.8444079160690308,0.0
100,0.5,0,full_sparse,0.7984533905982971,0.01213504746556282
101,0.5,0,full_sparse,0.7263740301132202,0.0035959393717348576
102,0.5,0,full_sparse,0.35566404461860657,0.003850003704428673
103,0.5,0,full_sparse,0.8494421243667603,0.007745957002043724
100,0.5,0,full_corrected,0.7983829379081726,0.011832590214908123
101,0.5,0,full_corrected,0.7264612913131714,0.003509982954710722
102,0.5,0,full_corrected,0.3559236526489258,0.003945005591958761
103,0.5,0,full_corrected,0.8495393395423889,0.007376532070338726
100,0.5,1,dense,0.7907249331474304,0.0
101,0.5,1,dense,0.7251734733581543,0.0
102,0.5,1,dense,0.34663623571395874,0.0
103,0.5,1,dense,0.8444079160690308,0.0
100,0.5,1,full_sparse,0.7968879342079163,0.01286265254020691
101,0.5,1,full_sparse,0.7281900644302368,0.0044187577441334724
102,0.5,1,full_sparse,0.357250839471817,0.003626191057264805
103,0.5,1,full_sparse,0.8513751029968262,0.007322360295802355
100,0.5,1,full_corrected,0.7964051961898804,0.012398544698953629
101,0.5,1,full_corrected,0.7277349233627319,0.004224820528179407
102,0.5,1,full_corrected,0.3564170002937317,0.0036103581078350544
103,0.5,1,full_corrected,0.8519207835197449,0.0071756113320589066
100,0.7,0,dense,0.7724083662033081,0.0
101,0.7,0,dense,0.518902063369751,0.0
102,0.7,0,dense,0.35382071137428284,0.0
103,0.7,0,dense,0.7222838997840881,0.0
100,0.7,0,full_sparse,0.766756534576416,0.00563463382422924
101,0.7,0,full_sparse,0.5245476961135864,0.001682535046711564
102,0.7,0,full_sparse,0.35652288794517517,0.003200967563316226
103,0.7,0,full_sparse,0.7276328206062317,0.003097404493018985
100,0.7,0,full_corrected,0.7661662101745605,0.0054641831666231155
101,0.7,0,full_corrected,0.5237988233566284,0.0014856189955025911
102,0.7,0,full_corrected,0.35634857416152954,0.0030384985730051994
103,0.7,0,full_corrected,0.7269941568374634,0.0030232048593461514
100,0.7,1,dense,0.7724083662033081,0.0
101,0.7,1,dense,0.518902063369751,0.0
102,0.7,1,dense,0.35382071137428284,0.0
103,0.7,1,dense,0.7222838997840881,0.0
100,0.7,1,full_sparse,0.7720872163772583,0.006284679286181927
101,0.7,1,full_sparse,0.5193409323692322,0.0019431314431130886
102,0.7,1,full_sparse,0.356833815574646,0.004372095689177513
103,0.7,1,full_sparse,0.7291625738143921,0.002864170353859663
100,0.7,1,full_corrected,0.7714918851852417,0.006306176073849201
101,0.7,1,full_corrected,0.5180349349975586,0.0018415723461657763
102,0.7,1,full_corrected,0.356733500957489,0.004503498785197735
103,0.7,1,full_corrected,0.7284194231033325,0.002694274764508009
100,0.85,0,dense,0.627358078956604,0.0
101,0.85,0,dense,0.4602932631969452,0.0
102,0.85,0,dense,0.4467450678348541,0.0
103,0.85,0,dense,0.6145198345184326,0.0
100,0.85,0,full_sparse,0.6250413656234741,0.0010162988910451531
101,0.85,0,full_sparse,0.4672353267669678,0.0004829760582651943
102,0.85,0,full_sparse,0.44693905115127563,0.0016563981771469116
103,0.85,0,full_sparse,0.6304376125335693,0.00400181720033288
100,0.85,0,full_corrected,0.6249284744262695,0.000980474753305316
101,0.85,0,full_corrected,0.4673362672328949,0.00048452228656969965
102,0.85,0,full_corrected,0.447856068611145,0.0015627454267814755
103,0.85,0,full_corrected,0.6300191879272461,0.0038616724777966738
100,0.85,1,dense,0.627358078956604,0.0
101,0.85,1,dense,0.4602932631969452,0.0
102,0.85,1,dense,0.4467450678348541,0.0
103,0.85,1,dense,0.6145198345184326,0.0
100,0.85,1,full_sparse,0.6262102127075195,0.0011017656652256846
101,0.85,1,full_sparse,0.46521833539009094,0.0005838299985043705
102,0.85,1,full_sparse,0.44687700271606445,0.001080373884178698
103,0.85,1,full_sparse,0.6296506524085999,0.0038032152224332094
100,0.85,1,full_corrected,0.6261262893676758,0.0010639703832566738
101,0.85,1,full_corrected,0.4650702476501465,0.0005535588716156781
102,0.85,1,full_corrected,0.44758355617523193,0.0010273248190060258
103,0.85,1,full_corrected,0.6292784214019775,0.003689575009047985
100,0.95,0,dense,0.5319830179214478,0.0
101,0.95,0,dense,0.575535774230957,0.0
102,0.95,0,dense,0.4544762372970581,0.0
103,0.95,0,dense,0.577781081199646,0.0
100,0.95,0,full_sparse,0.5289596319198608,0.0005026449216529727
101,0.95,0,full_sparse,0.5662411451339722,0.0021955494303256273
102,0.95,0,full_sparse,0.4795244336128235,0.0049956622533500195
103,0.95,0,full_sparse,0.5966411828994751,0.004382579121738672
100,0.95,0,full_corrected,0.5289877653121948,0.0004915671888738871
101,0.95,0,full_corrected,0.5663074254989624,0.0021759835071861744
102,0.95,0,full_corrected,0.4795988202095032,0.004907808732241392
103,0.95,0,full_corrected,0.5965240001678467,0.004339073784649372
100,0.95,1,dense,0.5319830179214478,0.0
101,0.95,1,dense,0.575535774230957,0.0
102,0.95,1,dense,0.4544762372970581,0.0
103,0.95,1,dense,0.577781081199646,0.0
100,0.95,1,full_sparse,0.5292978286743164,0.0005639719311147928
101,0.95,1,full_sparse,0.5670593976974487,0.002340320497751236
102,0.95,1,full_sparse,0.47919559478759766,0.00428887689486146
103,0.95,1,full_sparse,0.5954575538635254,0.004069455899298191
100,0.95,1,full_corrected,0.5293213129043579,0.0005534592201001942
101,0.95,1,full_corrected,0.5670773983001709,0.0023223464377224445
102,0.95,1,full_corrected,0.4792955815792084,0.004226655699312687
103,0.95,1,full_corrected,0.5953429341316223,0.0040269228629767895
104,0.05,0,dense,1.0477546453475952,0.0
105,0.05,0,dense,0.9985601305961609,0.0
106,0.05,0,dense,1.0088573694229126,0.0
107,0.05,0,dense,1.0773444175720215,0.0
104,0.05,0,full_sparse,1.0481276512145996,0.0029223242308944464
105,0.05,0,full_sparse,0.9991980195045471,0.0026715651620179415
106,0.05,0,full_sparse,1.0131535530090332,0.003786733141168952
107,0.05,0,full_sparse,1.079129695892334,0.002173315268009901
104,0.05,0,full_corrected,1.048574686050415,0.0028854908887296915
105,0.05,0,full_corrected,0.999192476272583,0.00263599818572402
106,0.05,0,full_corrected,1.0129952430725098,0.003659437410533428
107,0.05,0,full_corrected,1.0789068937301636,0.002133855829015374
104,0.05,1,dense,1.0477546453475952,0.0
105,0.05,1,dense,0.9985601305961609,0.0
106,0.05,1,dense,1.0088573694229126,0.0
107,0.05,1,dense,1.0773444175720215,0.0
104,0.05,1,full_sparse,1.0483481884002686,0.002983586397022009
105,0.05,1,full_sparse,1.0006728172302246,0.0024701289366930723
106,0.05,1,full_sparse,1.012365460395813,0.0035799588076770306
107,0.05,1,full_sparse,1.0786384344100952,0.002165181329473853
104,0.05,1,full_corrected,1.0486435890197754,0.0029895007610321045
105,0.05,1,full_corrected,1.0006818771362305,0.002404775470495224
106,0.05,1,full_corrected,1.012162446975708,0.0035769203677773476
107,0.05,1,full_corrected,1.0784854888916016,0.002118420787155628
104,0.15,0,dense,0.9219934940338135,0.0
105,0.15,0,dense,0.8355305194854736,0.0
106,0.15,0,dense,0.9540713429450989,0.0
107,0.15,0,dense,1.007036566734314,0.0
104,0.15,0,full_sparse,0.9261148571968079,0.009003979153931141
105,0.15,0,full_sparse,0.8391542434692383,0.006200129631906748
106,0.15,0,full_sparse,0.9617221355438232,0.008962900377810001
107,0.15,0,full_sparse,1.0153923034667969,0.006527555175125599
104,0.15,0,full_corrected,0.9264591336250305,0.008719871751964092
105,0.15,0,full_corrected,0.83935546875,0.006091848015785217
106,0.15,0,full_corrected,0.9618436098098755,0.008808476850390434
107,0.15,0,full_corrected,1.0152757167816162,0.006358858663588762
104,0.15,1,dense,0.9219934940338135,0.0
105,0.15,1,dense,0.8355305194854736,0.0
106,0.15,1,dense,0.9540713429450989,0.0
107,0.15,1,dense,1.007036566734314,0.0
104,0.15,1,full_sparse,0.925511360168457,0.008856263011693954
105,0.15,1,full_sparse,0.8389490246772766,0.005931860767304897
106,0.15,1,full_sparse,0.9572988748550415,0.008183945901691914
107,0.15,1,full_sparse,1.0110286474227905,0.00603866670280695
104,0.15,1,full_corrected,0.9256471395492554,0.008877751417458057
105,0.15,1,full_corrected,0.8390398621559143,0.005857299081981182
106,0.15,1,full_corrected,0.9572415947914124,0.00813482515513897
107,0.15,1,full_corrected,1.0102473497390747,0.00585204130038619
104,0.3,0,dense,0.7710446119308472,0.0
105,0.3,0,dense,0.6669011116027832,0.0
106,0.3,0,dense,0.9826602339744568,0.0
107,0.3,0,dense,0.9456471800804138,0.0
104,0.3,0,full_sparse,0.774418294429779,0.011859630234539509
105,0.3,0,full_sparse,0.6682713031768799,0.006322240456938744
106,0.3,0,full_sparse,0.9857724905014038,0.011072030290961266
107,0.3,0,full_sparse,0.9457074403762817,0.007174876984208822
104,0.3,0,full_corrected,0.7748857736587524,0.011455923318862915
105,0.3,0,full_corrected,0.6682541370391846,0.0062521472573280334
106,0.3,0,full_corrected,0.9862817525863647,0.010616704821586609
107,0.3,0,full_corrected,0.9454168081283569,0.006919562350958586
104,0.3,1,dense,0.7710446119308472,0.0
105,0.3,1,dense,0.6669011116027832,0.0
106,0.3,1,dense,0.9826602339744568,0.0
107,0.3,1,dense,0.9456471800804138,0.0
104,0.3,1,full_sparse,0.7748260498046875,0.011855173856019974
105,0.3,1,full_sparse,0.6692081093788147,0.0066447071731090546
106,0.3,1,full_sparse,0.9825032353401184,0.009751747362315655
107,0.3,1,full_sparse,0.951948344707489,0.008060292340815067
104,0.3,1,full_corrected,0.7753908634185791,0.011540231294929981
105,0.3,1,full_corrected,0.6688135862350464,0.006657842081040144
106,0.3,1,full_corrected,0.9831675887107849,0.009680294431746006
107,0.3,1,full_corrected,0.9511976838111877,0.007683182135224342
104,0.5,0,dense,0.7064419984817505,0.0
105,0.5,0,dense,0.5517209768295288,0.0
106,0.5,0,dense,1.024958610534668,0.0
107,0.5,0,dense,0.9355384111404419,0.0
104,0.5,0,full_sparse,0.7056376934051514,0.007588989567011595
105,0.5,0,full_sparse,0.5570937395095825,0.00503320898860693
106,0.5,0,full_sparse,1.0231130123138428,0.004695800133049488
107,0.5,0,full_sparse,0.934751033782959,0.004626210313290358
104,0.5,0,full_corrected,0.7068129777908325,0.007519802078604698
105,0.5,0,full_corrected,0.5574396848678589,0.0049337828531861305
106,0.5,0,full_corrected,1.023296594619751,0.0046129655092954636
107,0.5,0,full_corrected,0.9352569580078125,0.004586650524288416
104,0.5,1,dense,0.7064419984817505,0.0
105,0.5,1,dense,0.5517209768295288,0.0
106,0.5,1,dense,1.024958610534668,0.0
107,0.5,1,dense,0.9355384111404419,0.0
104,0.5,1,full_sparse,0.7105562686920166,0.006912300828844309
105,0.5,1,full_sparse,0.5565230846405029,0.006966760382056236
106,0.5,1,full_sparse,1.022749662399292,0.0050349547527730465
107,0.5,1,full_sparse,0.935199499130249,0.004897340200841427
104,0.5,1,full_corrected,0.7121436595916748,0.0071860309690237045
105,0.5,1,full_corrected,0.5560790300369263,0.006821874994784594
106,0.5,1,full_corrected,1.0225021839141846,0.004867121577262878
107,0.5,1,full_corrected,0.9354326725006104,0.004779588431119919
104,0.7,0,dense,0.7037866115570068,0.0
105,0.7,0,dense,0.6197806000709534,0.0
106,0.7,0,dense,0.8196439743041992,0.0
107,0.7,0,dense,0.7881447076797485,0.0
104,0.7,0,full_sparse,0.6929178833961487,0.004083157517015934
105,0.7,0,full_sparse,0.6088107824325562,0.0044937776401638985
106,0.7,0,full_sparse,0.8178836107254028,0.0021727788262069225
107,0.7,0,full_sparse,0.7863540053367615,0.0024155559949576855
104,0.7,0,full_corrected,0.693021833896637,0.004151270259171724
105,0.7,0,full_corrected,0.6117904782295227,0.00430491054430604
106,0.7,0,full_corrected,0.8182203769683838,0.0021290667355060577
107,0.7,0,full_corrected,0.7867560386657715,0.0024618254974484444
104,0.7,1,dense,0.7037866115570068,0.0
105,0.7,1,dense,0.6197806000709534,0.0
106,0.7,1,dense,0.8196439743041992,0.0
107,0.7,1,dense,0.7881447076797485,0.0
104,0.7,1,full_sparse,0.6973932981491089,0.0029801386408507824
105,0.7,1,full_sparse,0.6145668625831604,0.004227961413562298
106,0.7,1,full_sparse,0.815697431564331,0.0021034060046076775
107,0.7,1,full_sparse,0.7849255800247192,0.0020734849385917187
104,0.7,1,full_corrected,0.697696328163147,0.0028239984530955553
105,0.7,1,full_corrected,0.618780791759491,0.004051401279866695
106,0.7,1,full_corrected,0.8160340785980225,0.002025733469054103
107,0.7,1,full_corrected,0.7854032516479492,0.002117276657372713
104,0.85,0,dense,0.8119112253189087,0.0
105,0.85,0,dense,0.5604461431503296,0.0
106,0.85,0,dense,0.7320817112922668,0.0
107,0.85,0,dense,0.6715574264526367,0.0
104,0.85,0,full_sparse,0.8038899898529053,0.0018580539617687464
105,0.85,0,full_sparse,0.5601188540458679,0.0007592852925881743
106,0.85,0,full_sparse,0.7239190340042114,0.0008475644281134009
107,0.85,0,full_sparse,0.6652023792266846,0.0018539505545049906
104,0.85,0,full_corrected,0.8038763999938965,0.0018113353289663792
105,0.85,0,full_corrected,0.5602948665618896,0.0008189763175323606
106,0.85,0,full_corrected,0.7242729663848877,0.0008365033427253366
107,0.85,0,full_corrected,0.6657758951187134,0.001808901084586978
104,0.85,1,dense,0.8119112253189087,0.0
105,0.85,1,dense,0.5604461431503296,0.0
106,0.85,1,dense,0.7320817112922668,0.0
107,0.85,1,dense,0.6715574264526367,0.0
104,0.85,1,full_sparse,0.803338885307312,0.0015246379189193249
105,0.85,1,full_sparse,0.5606867074966431,0.0010015605948865414
106,0.85,1,full_sparse,0.7226577401161194,0.0010978605132550001
107,0.85,1,full_sparse,0.6619902849197388,0.001856150571256876
104,0.85,1,full_corrected,0.8031749129295349,0.0014749448746442795
105,0.85,1,full_corrected,0.5607672929763794,0.0010725969914346933
106,0.85,1,full_corrected,0.7230347394943237,0.0010957492049783468
107,0.85,1,full_corrected,0.6624773740768433,0.0017937050433829427
104,0.95,0,dense,0.8708834648132324,0.0
105,0.95,0,dense,0.5401893854141235,0.0
106,0.95,0,dense,0.6423947811126709,0.0
107,0.95,0,dense,0.7698163986206055,0.0
104,0.95,0,full_sparse,0.8492801785469055,0.002474000910297036
105,0.95,0,full_sparse,0.535730242729187,0.0004724913742393255
106,0.95,0,full_sparse,0.6439679265022278,0.0005280607147142291
107,0.95,0,full_sparse,0.7344313263893127,0.0024673480074852705
104,0.95,0,full_corrected,0.8492945432662964,0.0024574180133640766
105,0.95,0,full_corrected,0.535712718963623,0.0004684639279730618
106,0.95,0,full_corrected,0.6439976692199707,0.0005282709607854486
107,0.95,0,full_corrected,0.7346899509429932,0.002434693742543459
104,0.95,1,dense,0.8708834648132324,0.0
105,0.95,1,dense,0.5401893854141235,0.0
106,0.95,1,dense,0.6423947811126709,0.0
107,0.95,1,dense,0.7698163986206055,0.0
104,0.95,1,full_sparse,0.8508353233337402,0.0020728232339024544
105,0.95,1,full_sparse,0.5371260046958923,0.00043829629430547357
106,0.95,1,full_sparse,0.6443718671798706,0.0005074436776340008
107,0.95,1,full_sparse,0.7329877018928528,0.0026979967951774597
104,0.95,1,full_corrected,0.8508458137512207,0.002054651966318488
105,0.95,1,full_corrected,0.5371133089065552,0.0004338969010859728
106,0.95,1,full_corrected,0.644417405128479,0.0005083860596641898
107,0.95,1,full_corrected,0.7332279086112976,0.00266510178335011
108,0.05,0,dense,1.0560739040374756,0.0
109,0.05,0,dense,0.8535211682319641,0.0
110,0.05,0,dense,0.9780828952789307,0.0
111,0.05,0,dense,0.9720516800880432,0.0
108,0.05,0,full_sparse,1.0572924613952637,0.0023177755065262318
109,0.05,0,full_sparse,0.8540349006652832,0.003172604599967599
110,0.05,0,full_sparse,0.9818422794342041,0.003453195560723543
111,0.05,0,full_sparse,0.9746303558349609,0.003874752903357148
108,0.05,0,full_corrected,1.057291030883789,0.0022647397127002478
109,0.05,0,full_corrected,0.8542957901954651,0.0031481576152145863
110,0.05,0,full_corrected,0.9820281267166138,0.0033444841392338276
111,0.05,0,full_corrected,0.974955677986145,0.0038190940394997597
108,0.05,1,dense,1.0560739040374756,0.0
109,0.05,1,dense,0.8535211682319641,0.0
110,0.05,1,dense,0.9780828952789307,0.0
111,0.05,1,dense,0.9720516800880432,0.0
108,0.05,1,full_sparse,1.0570220947265625,0.002265573712065816
109,0.05,1,full_sparse,0.8531821966171265,0.0031827562488615513
110,0.05,1,full_sparse,0.9833796620368958,0.0035701764281839132
111,0.05,1,full_sparse,0.9742070436477661,0.00411619758233428
108,0.05,1,full_corrected,1.0570579767227173,0.0022101225331425667
109,0.05,1,full_corrected,0.8532655835151672,0.0031448500230908394
110,0.05,1,full_corrected,0.9834978580474854,0.0035072462633252144
111,0.05,1,full_corrected,0.974025309085846,0.00404081866145134
108,0.15,0,dense,1.0282104015350342,0.0
109,0.15,0,dense,0.6126536726951599,0.0
110,0.15,0,dense,0.8795037269592285,0.0
111,0.15,0,dense,0.84423828125,0.0
108,0.15,0,full_sparse,1.0317820310592651,0.007558157667517662
109,0.15,0,full_sparse,0.6099514961242676,0.005124909803271294
110,0.15,0,full_sparse,0.8872318267822266,0.009538988582789898
111,0.15,0,full_sparse,0.8556128144264221,0.008599200285971165
108,0.15,0,full_corrected,1.0316638946533203,0.007371650077402592
109,0.15,0,full_corrected,0.6107491254806519,0.005048446357250214
110,0.15,0,full_corrected,0.8879527449607849,0.009190572425723076
111,0.15,0,full_corrected,0.8554123640060425,0.00832279957830906
108,0.15,1,dense,1.0282104015350342,0.0
109,0.15,1,dense,0.6126536726951599,0.0
110,0.15,1,dense,0.8795037269592285,0.0
111,0.15,1,dense,0.84423828125,0.0
108,0.15,1,full_sparse,1.0322039127349854,0.007520904764533043
109,0.15,1,full_sparse,0.6097240447998047,0.005772755481302738
110,0.15,1,full_sparse,0.8842333555221558,0.0084116505458951
111,0.15,1,full_sparse,0.8547741174697876,0.009747260250151157
108,0.15,1,full_corrected,1.0322132110595703,0.007320191711187363
109,0.15,1,full_corrected,0.610282301902771,0.005709493067115545
110,0.15,1,full_corrected,0.884655773639679,0.00805499218404293
111,0.15,1,full_corrected,0.8538775444030762,0.009602673351764679
108,0.3,0,dense,1.0099308490753174,0.0
109,0.3,0,dense,0.41703319549560547,0.0
110,0.3,0,dense,0.8566194176673889,0.0
111,0.3,0,dense,0.799825131893158,0.0
108,0.3,0,full_sparse,1.0178697109222412,0.009547704830765724
109,0.3,0,full_sparse,0.4175916314125061,0.0042647081427276134
110,0.3,0,full_sparse,0.8608288764953613,0.010559557005763054
111,0.3,0,full_sparse,0.8018965125083923,0.009914171881973743
108,0.3,0,full_corrected,1.0174169540405273,0.00951366126537323
109,0.3,0,full_corrected,0.41853150725364685,0.004270073026418686
110,0.3,0,full_corrected,0.8605348467826843,0.010270945727825165
111,0.3,0,full_corrected,0.8009620904922485,0.010013245977461338
108,0.3,1,dense,1.0099308490753174,0.0
109,0.3,1,dense,0.41703319549560547,0.0
110,0.3,1,dense,0.8566194176673889,0.0
111,0.3,1,dense,0.799825131893158,0.0
108,0.3,1,full_sparse,1.018216848373413,0.008775487542152405
109,0.3,1,full_sparse,0.4172535538673401,0.00581014808267355
110,0.3,1,full_sparse,0.8582204580307007,0.008870426565408707
111,0.3,1,full_sparse,0.8055133819580078,0.012314588762819767
108,0.3,1,full_corrected,1.0183296203613281,0.008721426129341125
109,0.3,1,full_corrected,0.41875070333480835,0.0057432446628808975
110,0.3,1,full_corrected,0.8578557968139648,0.008650128729641438
111,0.3,1,full_corrected,0.804582953453064,0.011599141173064709
108,0.5,0,dense,0.9805864095687866,0.0
109,0.5,0,dense,0.32150205969810486,0.0
110,0.5,0,dense,0.7905017137527466,0.0
111,0.5,0,dense,0.7428045272827148,0.0
108,0.5,0,full_sparse,0.9857398271560669,0.003091145772486925
109,0.5,0,full_sparse,0.32242506742477417,0.004008803050965071
110,0.5,0,full_sparse,0.7885371446609497,0.006568096112459898
111,0.5,0,full_sparse,0.7479809522628784,0.006123844534158707
108,0.5,0,full_corrected,0.9853836894035339,0.003095004241913557
109,0.5,0,full_corrected,0.3225501477718353,0.004080341197550297
110,0.5,0,full_corrected,0.7882609367370605,0.006475531030446291
111,0.5,0,full_corrected,0.746769905090332,0.005582969635725021
108,0.5,1,dense,0.9805864095687866,0.0
109,0.5,1,dense,0.32150205969810486,0.0
110,0.5,1,dense,0.7905017137527466,0.0
111,0.5,1,dense,0.7428045272827148,0.0
108,0.5,1,full_sparse,0.9875978231430054,0.0028942259959876537
109,0.5,1,full_sparse,0.3245961666107178,0.005407784134149551
110,0.5,1,full_sparse,0.7862896919250488,0.005561375990509987
111,0.5,1,full_sparse,0.7517130970954895,0.007734409999102354
108,0.5,1,full_corrected,0.987187922000885,0.002986516570672393
109,0.5,1,full_corrected,0.32564324140548706,0.005520699080079794
110,0.5,1,full_corrected,0.7867236137390137,0.005642907693982124
111,0.5,1,full_corrected,0.7498016953468323,0.007227165158838034
108,0.7,0,dense,0.7480602264404297,0.0
109,0.7,0,dense,0.35129088163375854,0.0
110,0.7,0,dense,0.6542753577232361,0.0
111,0.7,0,dense,0.6485520601272583,0.0
108,0.7,0,full_sparse,0.7505979537963867,0.0015070020454004407
109,0.7,0,full_sparse,0.3484809994697571,0.0027202884666621685
110,0.7,0,full_sparse,0.6515570282936096,0.003991683013737202
111,0.7,0,full_sparse,0.6419693231582642,0.002347394358366728
108,0.7,0,full_corrected,0.7501835823059082,0.0015263375826179981
109,0.7,0,full_corrected,0.3477541506290436,0.002505134791135788
110,0.7,0,full_corrected,0.651816725730896,0.004013759084045887
111,0.7,0,full_corrected,0.6428821086883545,0.0023663288448005915
108,0.7,1,dense,0.7480602264404297,0.0
109,0.7,1,dense,0.35129088163375854,0.0
110,0.7,1,dense,0.6542753577232361,0.0
111,0.7,1,dense,0.6485520601272583,0.0
108,0.7,1,full_sparse,0.7512414455413818,0.0015572609845548868
109,0.7,1,full_sparse,0.354028582572937,0.003442995250225067
110,0.7,1,full_sparse,0.6521975994110107,0.004356893710792065
111,0.7,1,full_sparse,0.6344996690750122,0.004525149241089821
108,0.7,1,full_corrected,0.7511386871337891,0.0016161088133230805
109,0.7,1,full_corrected,0.35315290093421936,0.0033697891049087048
110,0.7,1,full_corrected,0.6527069807052612,0.00432161008939147
111,0.7,1,full_corrected,0.6364237070083618,0.004136538133025169
108,0.85,0,dense,0.5737348794937134,0.0
109,0.85,0,dense,0.39208483695983887,0.0
110,0.85,0,dense,0.7116003036499023,0.0
111,0.85,0,dense,0.6196975708007812,0.0
108,0.85,0,full_sparse,0.5775655508041382,0.0018224210944026709
109,0.85,0,full_sparse,0.3852270841598511,0.0018431257922202349
110,0.85,0,full_sparse,0.7222791910171509,0.002562400884926319
111,0.85,0,full_sparse,0.6120269298553467,0.002571302466094494
108,0.85,0,full_corrected,0.5774790048599243,0.0017669352237135172
109,0.85,0,full_corrected,0.38593488931655884,0.0017892949981614947
110,0.85,0,full_corrected,0.7207667827606201,0.002400432713329792
111,0.85,0,full_corrected,0.6129482984542847,0.002371106995269656
108,0.85,1,dense,0.5737348794937134,0.0
109,0.85,1,dense,0.39208483695983887,0.0
110,0.85,1,dense,0.7116003036499023,0.0
111,0.85,1,dense,0.6196975708007812,0.0
108,0.85,1,full_sparse,0.5779049396514893,0.0018431746866554022
109,0.85,1,full_sparse,0.3930679261684418,0.002268065931275487
110,0.85,1,full_sparse,0.7194710373878479,0.0024315244518220425
111,0.85,1,full_sparse,0.6107445955276489,0.0028778542764484882
108,0.85,1,full_corrected,0.5778375864028931,0.001797964214347303
109,0.85,1,full_corrected,0.39372676610946655,0.0023523031268268824
110,0.85,1,full_corrected,0.7182847261428833,0.0022961667273193598
111,0.85,1,full_corrected,0.6116130948066711,0.0025523952208459377
108,0.95,0,dense,0.5120409727096558,0.0
109,0.95,0,dense,0.4075736999511719,0.0
110,0.95,0,dense,0.8421344757080078,0.0
111,0.95,0,dense,0.5986379384994507,0.0
108,0.95,0,full_sparse,0.5059922933578491,0.00289969053119421
109,0.95,0,full_sparse,0.390870064496994,0.00344734825193882
110,0.95,0,full_sparse,0.8375059962272644,0.0024109960068017244
111,0.95,0,full_sparse,0.6024458408355713,0.0011342696379870176
108,0.95,0,full_corrected,0.5061148405075073,0.0028768868651241064
109,0.95,0,full_corrected,0.39078646898269653,0.0034492865670472383
110,0.95,0,full_corrected,0.8375545740127563,0.002395474351942539
111,0.95,0,full_corrected,0.6022496223449707,0.0011044315760955215
108,0.95,1,dense,0.5120409727096558,0.0
109,0.95,1,dense,0.4075736999511719,0.0
110,0.95,1,dense,0.8421344757080078,0.0
111,0.95,1,dense,0.5986379384994507,0.0
108,0.95,1,full_sparse,0.5054090619087219,0.0032248813658952713
109,0.95,1,full_sparse,0.3900144100189209,0.0032513579353690147
110,0.95,1,full_sparse,0.836817741394043,0.0029083089902997017
111,0.95,1,full_sparse,0.6020345687866211,0.0010576725471764803
108,0.95,1,full_corrected,0.5055201649665833,0.003200145438313484
109,0.95,1,full_corrected,0.38991859555244446,0.003247583517804742
110,0.95,1,full_corrected,0.8369302749633789,0.0028918241150677204
111,0.95,1,full_corrected,0.6018009185791016,0.0010239704279229045
112,0.05,0,dense,0.8681644201278687,0.0
113,0.05,0,dense,1.0317542552947998,0.0
114,0.05,0,dense,0.8804197907447815,0.0
115,0.05,0,dense,1.0295307636260986,0.0
112,0.05,0,full_sparse,0.8744698762893677,0.006588715128600597
113,0.05,0,full_sparse,1.0386765003204346,0.004448955412954092
114,0.05,0,full_sparse,0.8779462575912476,0.0070039969868958
115,0.05,0,full_sparse,1.0321139097213745,0.004583182744681835
112,0.05,0,full_corrected,0.8748860955238342,0.006281206384301186
113,0.05,0,full_corrected,1.0382616519927979,0.004378310404717922
114,0.05,0,full_corrected,0.8781847357749939,0.006880178116261959
115,0.05,0,full_corrected,1.0316781997680664,0.004475459922105074
112,0.05,1,dense,0.8681644201278687,0.0
113,0.05,1,dense,1.0317542552947998,0.0
114,0.05,1,dense,0.8804197907447815,0.0
115,0.05,1,dense,1.0295307636260986,0.0
112,0.05,1,full_sparse,0.8686545491218567,0.006112147122621536
113,0.05,1,full_sparse,1.036199688911438,0.00464081484824419
114,0.05,1,full_sparse,0.8783353567123413,0.00631219195201993
115,0.05,1,full_sparse,1.0358452796936035,0.005003909580409527
112,0.05,1,full_corrected,0.8691565990447998,0.005919286049902439
113,0.05,1,full_corrected,1.0361512899398804,0.004741371609270573
114,0.05,1,full_corrected,0.8787416219711304,0.006328684277832508
115,0.05,1,full_corrected,1.0354679822921753,0.004956325516104698
112,0.15,0,dense,0.6809052228927612,0.0
113,0.15,0,dense,0.9225490093231201,0.0
114,0.15,0,dense,0.6355435848236084,0.0
115,0.15,0,dense,0.8885146379470825,0.0
112,0.15,0,full_sparse,0.6841588020324707,0.012019488960504532
113,0.15,0,full_sparse,0.9372519254684448,0.009843887761235237
114,0.15,0,full_sparse,0.6347746849060059,0.008853496983647346
115,0.15,0,full_sparse,0.8944534063339233,0.01284604799002409
112,0.15,0,full_corrected,0.6845571994781494,0.011351619847118855
113,0.15,0,full_corrected,0.9363220930099487,0.009512381628155708
114,0.15,0,full_corrected,0.6350181698799133,0.008588166907429695
115,0.15,0,full_corrected,0.894142210483551,0.012734273448586464
112,0.15,1,dense,0.6809052228927612,0.0
113,0.15,1,dense,0.9225490093231201,0.0
114,0.15,1,dense,0.6355435848236084,0.0
115,0.15,1,dense,0.8885146379470825,0.0
112,0.15,1,full_sparse,0.6839253902435303,0.010885333642363548
113,0.15,1,full_sparse,0.9332336187362671,0.010487380437552929
114,0.15,1,full_sparse,0.6338912844657898,0.008717195130884647
115,0.15,1,full_sparse,0.8985559940338135,0.014623807743191719
112,0.15,1,full_corrected,0.6842342615127563,0.010416723787784576
113,0.15,1,full_corrected,0.9334632158279419,0.01064489595592022
114,0.15,1,full_corrected,0.6342527866363525,0.008537296205759048
115,0.15,1,full_corrected,0.8979325294494629,0.01454891823232174
112,0.3,0,dense,0.6138378381729126,0.0
113,0.3,0,dense,0.9255455136299133,0.0
114,0.3,0,dense,0.4969838857650757,0.0
115,0.3,0,dense,0.824836015701294,0.0
112,0.3,0,full_sparse,0.617766797542572,0.01136130653321743
113,0.3,0,full_sparse,0.9319232702255249,0.011674530804157257
114,0.3,0,full_sparse,0.4980131983757019,0.008175577037036419
115,0.3,0,full_sparse,0.8273787498474121,0.015541979111731052
112,0.3,0,full_corrected,0.6181507110595703,0.010829415172338486
113,0.3,0,full_corrected,0.9310973882675171,0.0111034931614995
114,0.3,0,full_corrected,0.49794039130210876,0.007778249680995941
115,0.3,0,full_corrected,0.8277158737182617,0.015538082458078861
112,0.3,1,dense,0.6138378381729126,0.0
113,0.3,1,dense,0.9255455136299133,0.0
114,0.3,1,dense,0.4969838857650757,0.0
115,0.3,1,dense,0.824836015701294,0.0
112,0.3,1,full_sparse,0.6226111650466919,0.012241819873452187
113,0.3,1,full_sparse,0.9375567436218262,0.013731462880969048
114,0.3,1,full_sparse,0.501427412033081,0.008659541606903076
115,0.3,1,full_sparse,0.8338589668273926,0.017536025494337082
112,0.3,1,full_corrected,0.6228697299957275,0.011656141839921474
113,0.3,1,full_corrected,0.9375410079956055,0.013571200892329216
114,0.3,1,full_corrected,0.5012714266777039,0.008251240476965904
115,0.3,1,full_corrected,0.8339716196060181,0.017413612455129623
112,0.5,0,dense,0.6242353320121765,0.0
113,0.5,0,dense,0.9435058832168579,0.0
114,0.5,0,dense,0.5004309415817261,0.0
115,0.5,0,dense,0.8877032399177551,0.0
112,0.5,0,full_sparse,0.6293267607688904,0.008179288357496262
113,0.5,0,full_sparse,0.9509137868881226,0.0101995337754488
114,0.5,0,full_sparse,0.5096721649169922,0.007625224068760872
115,0.5,0,full_sparse,0.8831174969673157,0.023848699405789375
112,0.5,0,full_corrected,0.6293530464172363,0.00793735682964325
113,0.5,0,full_corrected,0.9508824944496155,0.01004234328866005
114,0.5,0,full_corrected,0.5072586536407471,0.0070842052809894085
115,0.5,0,full_corrected,0.8830585479736328,0.023124918341636658
112,0.5,1,dense,0.6242353320121765,0.0
113,0.5,1,dense,0.9435058832168579,0.0
114,0.5,1,dense,0.5004309415817261,0.0
115,0.5,1,dense,0.8877032399177551,0.0
112,0.5,1,full_sparse,0.6319848299026489,0.010145947337150574
113,0.5,1,full_sparse,0.9453354477882385,0.010277156718075275
114,0.5,1,full_sparse,0.5060803294181824,0.006832140497863293
115,0.5,1,full_sparse,0.8911299109458923,0.023548344150185585
112,0.5,1,full_corrected,0.6328138113021851,0.010050852783024311
113,0.5,1,full_corrected,0.9443947076797485,0.010501137003302574
114,0.5,1,full_corrected,0.5048636794090271,0.006628656759858131
115,0.5,1,full_corrected,0.891802966594696,0.02293732762336731
112,0.7,0,dense,0.633554220199585,0.0
113,0.7,0,dense,0.8124440908432007,0.0
114,0.7,0,dense,0.6268583536148071,0.0
115,0.7,0,dense,0.8424404859542847,0.0
112,0.7,0,full_sparse,0.6299397945404053,0.0034119458869099617
113,0.7,0,full_sparse,0.8119512796401978,0.005072046536952257
114,0.7,0,full_sparse,0.644953191280365,0.006736733950674534
115,0.7,0,full_sparse,0.8626556396484375,0.006750218104571104
112,0.7,0,full_corrected,0.6296012997627258,0.0030940233264118433
113,0.7,0,full_corrected,0.8114885091781616,0.005117818713188171
114,0.7,0,full_corrected,0.6449944376945496,0.00648876279592514
115,0.7,0,full_corrected,0.8613166809082031,0.006029674783349037
112,0.7,1,dense,0.633554220199585,0.0
113,0.7,1,dense,0.8124440908432007,0.0
114,0.7,1,dense,0.6268583536148071,0.0
115,0.7,1,dense,0.8424404859542847,0.0
112,0.7,1,full_sparse,0.6340364813804626,0.004269922152161598
113,0.7,1,full_sparse,0.8075524568557739,0.005080168601125479
114,0.7,1,full_sparse,0.6302555203437805,0.00413292134180665
115,0.7,1,full_sparse,0.8589524626731873,0.006325791589915752
112,0.7,1,full_corrected,0.6349523663520813,0.003864777274429798
113,0.7,1,full_corrected,0.8067925572395325,0.0051762983202934265
114,0.7,1,full_corrected,0.6294102668762207,0.003907783422619104
115,0.7,1,full_corrected,0.8577869534492493,0.005882760975509882
112,0.85,0,dense,0.7262463569641113,0.0
113,0.85,0,dense,0.6950065493583679,0.0
114,0.85,0,dense,0.7291635274887085,0.0
115,0.85,0,dense,0.682257354259491,0.0
112,0.85,0,full_sparse,0.726981520652771,0.004492442589253187
113,0.85,0,full_sparse,0.6989109516143799,0.0023932040203362703
114,0.85,0,full_sparse,0.7271391153335571,0.001540742116048932
115,0.85,0,full_sparse,0.6855088472366333,0.0011403230018913746
112,0.85,0,full_corrected,0.7244380712509155,0.004376335069537163
113,0.85,0,full_corrected,0.6988034248352051,0.002249965677037835
114,0.85,0,full_corrected,0.7265101075172424,0.001455332268960774
115,0.85,0,full_corrected,0.6854197382926941,0.001113510923460126
112,0.85,1,dense,0.7262463569641113,0.0
113,0.85,1,dense,0.6950065493583679,0.0
114,0.85,1,dense,0.7291635274887085,0.0
115,0.85,1,dense,0.682257354259491,0.0
112,0.85,1,full_sparse,0.7369741201400757,0.0029487437568604946
113,0.85,1,full_sparse,0.6984538435935974,0.002070399234071374
114,0.85,1,full_sparse,0.7262086272239685,0.0014515977818518877
115,0.85,1,full_sparse,0.685310423374176,0.000779717112891376
112,0.85,1,full_corrected,0.7354696989059448,0.0028590229339897633
113,0.85,1,full_corrected,0.6978899240493774,0.001924233976751566
114,0.85,1,full_corrected,0.7249116897583008,0.0013763660099357367
115,0.85,1,full_corrected,0.6851824522018433,0.0007560903904959559
112,0.95,0,dense,0.8378568887710571,0.0
113,0.95,0,dense,0.5838968753814697,0.0
114,0.95,0,dense,0.9198489189147949,0.0
115,0.95,0,dense,0.6010554432868958,0.0
112,0.95,0,full_sparse,0.8274227380752563,0.002547005657106638
113,0.95,0,full_sparse,0.5954426527023315,0.002313973382115364
114,0.95,0,full_sparse,0.8939312696456909,0.003067538607865572
115,0.95,0,full_sparse,0.6100466251373291,0.0009172206046059728
112,0.95,0,full_corrected,0.8273918032646179,0.0025139234494417906
113,0.95,0,full_corrected,0.5952290296554565,0.0022803652100265026
114,0.95,0,full_corrected,0.8939816355705261,0.0030530954245477915
115,0.95,0,full_corrected,0.6100990772247314,0.0009172216523438692
112,0.95,1,dense,0.8378568887710571,0.0
113,0.95,1,dense,0.5838968753814697,0.0
114,0.95,1,dense,0.9198489189147949,0.0
115,0.95,1,dense,0.6010554432868958,0.0
112,0.95,1,full_sparse,0.8264774084091187,0.0022858516313135624
113,0.95,1,full_sparse,0.5961729884147644,0.001976415980607271
114,0.95,1,full_sparse,0.8967960476875305,0.0028416644781827927
115,0.95,1,full_sparse,0.6095247268676758,0.0007164451526477933
112,0.95,1,full_corrected,0.8264750242233276,0.0022563664242625237
113,0.95,1,full_corrected,0.5959455370903015,0.0019431432010605931
114,0.95,1,full_corrected,0.896835207939148,0.002831319347023964
115,0.95,1,full_corrected,0.6095837354660034,0.0007179844542406499
116,0.05,0,dense,0.877834677696228,0.0
117,0.05,0,dense,1.0133333206176758,0.0
118,0.05,0,dense,0.9458586573600769,0.0
119,0.05,0,dense,0.9344518184661865,0.0
116,0.05,0,full_sparse,0.8767669200897217,0.004768546670675278
117,0.05,0,full_sparse,1.0147159099578857,0.003445624141022563
118,0.05,0,full_sparse,0.9517965316772461,0.004295778460800648
119,0.05,0,full_sparse,0.9352404475212097,0.005478216335177422
116,0.05,0,full_corrected,0.8772245645523071,0.004717446863651276
117,0.05,0,full_corrected,1.014640212059021,0.0032291014213114977
118,0.05,0,full_corrected,0.9519798159599304,0.0041589136235415936
119,0.05,0,full_corrected,0.9351378083229065,0.005327037535607815
116,0.05,1,dense,0.877834677696228,0.0
117,0.05,1,dense,1.0133333206176758,0.0
118,0.05,1,dense,0.9458586573600769,0.0
119,0.05,1,dense,0.9344518184661865,0.0
116,0.05,1,full_sparse,0.8772766590118408,0.005457088816910982
117,0.05,1,full_sparse,1.0145436525344849,0.0030657993629574776
118,0.05,1,full_sparse,0.9492540955543518,0.0045348647981882095
119,0.05,1,full_sparse,0.9342429041862488,0.004853614140301943
116,0.05,1,full_corrected,0.877394437789917,0.005448833107948303
117,0.05,1,full_corrected,1.0146324634552002,0.0029836148023605347
118,0.05,1,full_corrected,0.949348509311676,0.004357079975306988
119,0.05,1,full_corrected,0.9340202212333679,0.004723366349935532
116,0.15,0,dense,0.6919543743133545,0.0
117,0.15,0,dense,0.9599700570106506,0.0
118,0.15,0,dense,0.7612425088882446,0.0
119,0.15,0,dense,0.8085569143295288,0.0
116,0.15,0,full_sparse,0.6927919387817383,0.009362955577671528
117,0.15,0,full_sparse,0.9655492305755615,0.010840252041816711
118,0.15,0,full_sparse,0.7711857557296753,0.007917064242064953
119,0.15,0,full_sparse,0.8163103461265564,0.01217745617032051
116,0.15,0,full_corrected,0.6936700940132141,0.008907446637749672
117,0.15,0,full_corrected,0.9649825692176819,0.010097507387399673
118,0.15,0,full_corrected,0.7704391479492188,0.007442086935043335
119,0.15,0,full_corrected,0.8169872760772705,0.011897937394678593
116,0.15,1,dense,0.6919543743133545,0.0
117,0.15,1,dense,0.9599700570106506,0.0
118,0.15,1,dense,0.7612425088882446,0.0
119,0.15,1,dense,0.8085569143295288,0.0
116,0.15,1,full_sparse,0.6909724473953247,0.009902196004986763
117,0.15,1,full_sparse,0.9616327285766602,0.00909222848713398
118,0.15,1,full_sparse,0.7665852308273315,0.0075459470972418785
119,0.15,1,full_sparse,0.8154724836349487,0.012481678277254105
116,0.15,1,full_corrected,0.6911320090293884,0.009715862572193146
117,0.15,1,full_corrected,0.9616748690605164,0.008822422474622726
118,0.15,1,full_corrected,0.7659919261932373,0.0072226193733513355
119,0.15,1,full_corrected,0.8161358833312988,0.012230848893523216
116,0.3,0,dense,0.6109395027160645,0.0
117,0.3,0,dense,0.9203778505325317,0.0
118,0.3,0,dense,0.6524284482002258,0.0
119,0.3,0,dense,0.7783622741699219,0.0
116,0.3,0,full_sparse,0.6208341121673584,0.01255704089999199
117,0.3,0,full_sparse,0.9346563816070557,0.013356382958590984
118,0.3,0,full_sparse,0.6641948223114014,0.008110031485557556
119,0.3,0,full_sparse,0.7852689027786255,0.014856360852718353
116,0.3,0,full_corrected,0.6218599677085876,0.011836273595690727
117,0.3,0,full_corrected,0.9341042637825012,0.012276168912649155
118,0.3,0,full_corrected,0.6644126772880554,0.007559376768767834
119,0.3,0,full_corrected,0.7852855324745178,0.0145958187058568
116,0.3,1,dense,0.6109395027160645,0.0
117,0.3,1,dense,0.9203778505325317,0.0
118,0.3,1,dense,0.6524284482002258,0.0
119,0.3,1,dense,0.7783622741699219,0.0
116,0.3,1,full_sparse,0.6078170537948608,0.009950252249836922
117,0.3,1,full_sparse,0.9295437335968018,0.01180579699575901
118,0.3,1,full_sparse,0.6620199084281921,0.008314698003232479
119,0.3,1,full_sparse,0.7882264852523804,0.015159504488110542
116,0.3,1,full_corrected,0.607942521572113,0.009425198659300804
117,0.3,1,full_corrected,0.9295946955680847,0.011510483920574188
118,0.3,1,full_corrected,0.662262499332428,0.00789983943104744
119,0.3,1,full_corrected,0.7887274026870728,0.015025194734334946
116,0.5,0,dense,0.6121468544006348,0.0
117,0.5,0,dense,0.8969049453735352,0.0
118,0.5,0,dense,0.6413243412971497,0.0
119,0.5,0,dense,0.7826218605041504,0.0
116,0.5,0,full_sparse,0.6188633441925049,0.00958068948239088
117,0.5,0,full_sparse,0.8997624516487122,0.008398637175559998
118,0.5,0,full_sparse,0.648254930973053,0.006249845959246159
119,0.5,0,full_sparse,0.787860095500946,0.012611959129571915
116,0.5,0,full_corrected,0.6192715764045715,0.008443833328783512
117,0.5,0,full_corrected,0.9005579948425293,0.008263461291790009
118,0.5,0,full_corrected,0.6489734649658203,0.006145649589598179
119,0.5,0,full_corrected,0.7886202335357666,0.012706863693892956
116,0.5,1,dense,0.6121468544006348,0.0
117,0.5,1,dense,0.8969049453735352,0.0
118,0.5,1,dense,0.6413243412971497,0.0
119,0.5,1,dense,0.7826218605041504,0.0
116,0.5,1,full_sparse,0.6134008169174194,0.010731831192970276
117,0.5,1,full_sparse,0.8944335579872131,0.009621715173125267
118,0.5,1,full_sparse,0.63553786277771,0.006060001440346241
119,0.5,1,full_sparse,0.786149263381958,0.013939740136265755
116,0.5,1,full_corrected,0.6127803325653076,0.010073140263557434
117,0.5,1,full_corrected,0.8949740529060364,0.010078731924295425
118,0.5,1,full_corrected,0.6362136602401733,0.006007463671267033
119,0.5,1,full_corrected,0.7868309617042542,0.013573460280895233
116,0.7,0,dense,0.643481433391571,0.0
117,0.7,0,dense,0.7085298299789429,0.0
118,0.7,0,dense,0.6099878549575806,0.0
119,0.7,0,dense,0.8160301446914673,0.0
116,0.7,0,full_sparse,0.642923891544342,0.005985651630908251
117,0.7,0,full_sparse,0.710616409778595,0.0021848762407898903
118,0.7,0,full_sparse,0.6113706827163696,0.004175624810159206
119,0.7,0,full_sparse,0.8053727149963379,0.007878055796027184
116,0.7,0,full_corrected,0.6422109603881836,0.005494905170053244
117,0.7,0,full_corrected,0.711342990398407,0.0021499237045645714
118,0.7,0,full_corrected,0.6116799712181091,0.004161043092608452
119,0.7,0,full_corrected,0.8043960332870483,0.007844971492886543
116,0.7,1,dense,0.643481433391571,0.0
117,0.7,1,dense,0.7085298299789429,0.0
118,0.7,1,dense,0.6099878549575806,0.0
119,0.7,1,dense,0.8160301446914673,0.0
116,0.7,1,full_sparse,0.6409603357315063,0.003874557325616479
117,0.7,1,full_sparse,0.7115177512168884,0.0026293948758393526
118,0.7,1,full_sparse,0.606268048286438,0.004539276473224163
119,0.7,1,full_sparse,0.817476749420166,0.00894092582166195
116,0.7,1,full_corrected,0.6403877139091492,0.0034409731160849333
117,0.7,1,full_corrected,0.7123313546180725,0.002724861027672887
118,0.7,1,full_corrected,0.6056901216506958,0.00443302234634757
119,0.7,1,full_corrected,0.8175827860832214,0.00898204930126667
116,0.85,0,dense,0.8862012624740601,0.0
117,0.85,0,dense,0.5582141876220703,0.0
118,0.85,0,dense,0.5865188837051392,0.0
119,0.85,0,dense,0.9873496890068054,0.0
116,0.85,0,full_sparse,0.8452319502830505,0.004085219465196133
117,0.85,0,full_sparse,0.5582149028778076,0.0018927522469311953
118,0.85,0,full_sparse,0.5807844400405884,0.004024640657007694
119,0.85,0,full_sparse,0.9886659383773804,0.0020262813195586205
116,0.85,0,full_corrected,0.8464241027832031,0.003771269228309393
117,0.85,0,full_corrected,0.5585863590240479,0.001812998205423355
118,0.85,0,full_corrected,0.5812360644340515,0.003861417295411229
119,0.85,0,full_corrected,0.9867455959320068,0.0018518231809139252
116,0.85,1,dense,0.8862012624740601,0.0
117,0.85,1,dense,0.5582141876220703,0.0
118,0.85,1,dense,0.5865188837051392,0.0
119,0.85,1,dense,0.9873496890068054,0.0
116,0.85,1,full_sparse,0.8402118682861328,0.004330701660364866
117,0.85,1,full_sparse,0.5587804317474365,0.0021983939222991467
118,0.85,1,full_sparse,0.5786209106445312,0.003357359440997243
119,0.85,1,full_sparse,0.9883258938789368,0.003264074679464102
116,0.85,1,full_corrected,0.8407682180404663,0.004198721144348383
117,0.85,1,full_corrected,0.5591777563095093,0.0021218042820692062
118,0.85,1,full_corrected,0.5787858963012695,0.0032149506732821465
119,0.85,1,full_corrected,0.9860713481903076,0.002877123188227415
116,0.95,0,dense,1.0876059532165527,0.0
117,0.95,0,dense,0.5234747529029846,0.0
118,0.95,0,dense,0.5672812461853027,0.0
119,0.95,0,dense,1.0471930503845215,0.0
116,0.95,0,full_sparse,1.0883913040161133,0.0011101559503003955
117,0.95,0,full_sparse,0.5221284627914429,0.001849347841925919
118,0.95,0,full_sparse,0.5738297700881958,0.006632569711655378
119,0.95,0,full_sparse,1.056530475616455,0.0013462889473885298
116,0.95,0,full_corrected,1.0883605480194092,0.001101395464502275
117,0.95,0,full_corrected,0.5222342014312744,0.0018458709819242358
118,0.95,0,full_corrected,0.5735375881195068,0.006477742455899715
119,0.95,0,full_corrected,1.05657958984375,0.001339322654530406
116,0.95,1,dense,1.0876059532165527,0.0
117,0.95,1,dense,0.5234747529029846,0.0
118,0.95,1,dense,0.5672812461853027,0.0
119,0.95,1,dense,1.0471930503845215,0.0
116,0.95,1,full_sparse,1.0901223421096802,0.0010407271329313517
117,0.95,1,full_sparse,0.5219576954841614,0.0016949045239016414
118,0.95,1,full_sparse,0.5809246301651001,0.009265070781111717
119,0.95,1,full_sparse,1.0550312995910645,0.0014036106877028942
116,0.95,1,full_corrected,1.09006929397583,0.0010364018380641937
117,0.95,1,full_corrected,0.5220561623573303,0.0016885757213458419
118,0.95,1,full_corrected,0.580586314201355,0.00905500166118145
119,0.95,1,full_corrected,1.0550622940063477,0.0013950305292382836
120,0.05,0,dense,0.9832506775856018,0.0
121,0.05,0,dense,0.921076774597168,0.0
122,0.05,0,dense,1.0427666902542114,0.0
123,0.05,0,dense,0.9867277145385742,0.0
120,0.05,0,full_sparse,0.9839555025100708,0.0046539767645299435
121,0.05,0,full_sparse,0.9310678839683533,0.007949816063046455
122,0.05,0,full_sparse,1.0428812503814697,0.002829147968441248
123,0.05,0,full_sparse,0.9894019961357117,0.003474997356534004
120,0.05,0,full_corrected,0.9842408299446106,0.004555759485810995
121,0.05,0,full_corrected,0.9308370351791382,0.007625829894095659
122,0.05,0,full_corrected,1.0424282550811768,0.0027646422386169434
123,0.05,0,full_corrected,0.9893640279769897,0.0034271145705133677
120,0.05,1,dense,0.9832506775856018,0.0
121,0.05,1,dense,0.921076774597168,0.0
122,0.05,1,dense,1.0427666902542114,0.0
123,0.05,1,dense,0.9867277145385742,0.0
120,0.05,1,full_sparse,0.9840058088302612,0.004016033373773098
121,0.05,1,full_sparse,0.9279566407203674,0.00807085633277893
122,0.05,1,full_sparse,1.044502854347229,0.002819520654156804
123,0.05,1,full_sparse,0.9903577566146851,0.0038243981543928385
120,0.05,1,full_corrected,0.9844250679016113,0.00391168799251318
121,0.05,1,full_corrected,0.9273139238357544,0.0077048703096807
122,0.05,1,full_corrected,1.0445451736450195,0.0028005996719002724
123,0.05,1,full_corrected,0.9906250238418579,0.0037177829071879387
120,0.15,0,dense,0.8274918794631958,0.0
121,0.15,0,dense,0.7946697473526001,0.0
122,0.15,0,dense,0.9929777383804321,0.0
123,0.15,0,dense,0.8664008378982544,0.0
120,0.15,0,full_sparse,0.8303710222244263,0.007851173169910908
121,0.15,0,full_sparse,0.7999255657196045,0.012177230790257454
122,0.15,0,full_sparse,0.9964916110038757,0.007707037031650543
123,0.15,0,full_sparse,0.8664698600769043,0.008251018822193146
120,0.15,0,full_corrected,0.831564724445343,0.007784484885632992
121,0.15,0,full_corrected,0.8003332018852234,0.011761089786887169
122,0.15,0,full_corrected,0.9974257946014404,0.00749561283737421
123,0.15,0,full_corrected,0.8657889366149902,0.008009592071175575
120,0.15,1,dense,0.8274918794631958,0.0
121,0.15,1,dense,0.7946697473526001,0.0
122,0.15,1,dense,0.9929777383804321,0.0
123,0.15,1,dense,0.8664008378982544,0.0
120,0.15,1,full_sparse,0.831296980381012,0.007845783606171608
121,0.15,1,full_sparse,0.8010132312774658,0.011875408701598644
122,0.15,1,full_sparse,0.9943707585334778,0.008019120432436466
123,0.15,1,full_sparse,0.8730059266090393,0.009127749130129814
120,0.15,1,full_corrected,0.8321938514709473,0.007745193317532539
121,0.15,1,full_corrected,0.8006746172904968,0.011489929631352425
122,0.15,1,full_corrected,0.9951305389404297,0.0076773324981331825
123,0.15,1,full_corrected,0.873134970664978,0.008822092786431313
120,0.3,0,dense,0.7187497615814209,0.0
121,0.3,0,dense,0.7928974628448486,0.0
122,0.3,0,dense,0.8938413858413696,0.0
123,0.3,0,dense,0.7818195819854736,0.0
120,0.3,0,full_sparse,0.7262617349624634,0.006896423175930977
121,0.3,0,full_sparse,0.8017386198043823,0.013338366523385048
122,0.3,0,full_sparse,0.892122745513916,0.010898834094405174
123,0.3,0,full_sparse,0.7844827771186829,0.009597713127732277
120,0.3,0,full_corrected,0.7265794277191162,0.007061272859573364
121,0.3,0,full_corrected,0.8011823892593384,0.012656831182539463
122,0.3,0,full_corrected,0.8932645320892334,0.01044243760406971
123,0.3,0,full_corrected,0.7839291095733643,0.009237968362867832
120,0.3,1,dense,0.7187497615814209,0.0
121,0.3,1,dense,0.7928974628448486,0.0
122,0.3,1,dense,0.8938413858413696,0.0
123,0.3,1,dense,0.7818195819854736,0.0
120,0.3,1,full_sparse,0.7283222675323486,0.008196732960641384
121,0.3,1,full_sparse,0.8002966046333313,0.013643762096762657
122,0.3,1,full_sparse,0.8945833444595337,0.00906301662325859
123,0.3,1,full_sparse,0.7854568958282471,0.010271229781210423
120,0.3,1,full_corrected,0.7282498478889465,0.008351674303412437
121,0.3,1,full_corrected,0.7991214990615845,0.01295619085431099
122,0.3,1,full_corrected,0.8954801559448242,0.008698010817170143
123,0.3,1,full_corrected,0.7849751710891724,0.009938066825270653
120,0.5,0,dense,0.6782169342041016,0.0
121,0.5,0,dense,0.8498536944389343,0.0
122,0.5,0,dense,0.790184497833252,0.0
123,0.5,0,dense,0.7293882369995117,0.0
120,0.5,0,full_sparse,0.6777231693267822,0.005177928134799004
121,0.5,0,full_sparse,0.8562277555465698,0.004803832620382309
122,0.5,0,full_sparse,0.7897065281867981,0.00567292608320713
123,0.5,0,full_sparse,0.7354916334152222,0.0069032530300319195
120,0.5,0,full_corrected,0.6783114075660706,0.005099616013467312
121,0.5,0,full_corrected,0.857052206993103,0.004788612946867943
122,0.5,0,full_corrected,0.7898434996604919,0.005357140209525824
123,0.5,0,full_corrected,0.7359780073165894,0.006772489286959171
120,0.5,1,dense,0.6782169342041016,0.0
121,0.5,1,dense,0.8498536944389343,0.0
122,0.5,1,dense,0.790184497833252,0.0
123,0.5,1,dense,0.7293882369995117,0.0
120,0.5,1,full_sparse,0.6847362518310547,0.006735567934811115
121,0.5,1,full_sparse,0.8585282564163208,0.006268971599638462
122,0.5,1,full_sparse,0.7866512537002563,0.007113155908882618
123,0.5,1,full_sparse,0.7359637022018433,0.00810204353183508
120,0.5,1,full_corrected,0.6847901940345764,0.006745059043169022
121,0.5,1,full_corrected,0.8578938245773315,0.006464391481131315
122,0.5,1,full_corrected,0.7864892482757568,0.006846832111477852
123,0.5,1,full_corrected,0.7368232011795044,0.00777520751580596
120,0.7,0,dense,0.6223082542419434,0.0
121,0.7,0,dense,0.7782308459281921,0.0
122,0.7,0,dense,0.6940559148788452,0.0
123,0.7,0,dense,0.7082160711288452,0.0
120,0.7,0,full_sparse,0.6155816316604614,0.0033086445182561874
121,0.7,0,full_sparse,0.7832303047180176,0.001911233994178474
122,0.7,0,full_sparse,0.6938023567199707,0.0023235490079969168
123,0.7,0,full_sparse,0.7007062435150146,0.003757818602025509
120,0.7,0,full_corrected,0.61698317527771,0.0030936163384467363
121,0.7,0,full_corrected,0.7838252782821655,0.0018205979140475392
122,0.7,0,full_corrected,0.694599986076355,0.0022278286051005125
123,0.7,0,full_corrected,0.701451301574707,0.003320144023746252
120,0.7,1,dense,0.6223082542419434,0.0
121,0.7,1,dense,0.7782308459281921,0.0
122,0.7,1,dense,0.6940559148788452,0.0
123,0.7,1,dense,0.7082160711288452,0.0
120,0.7,1,full_sparse,0.6147322058677673,0.002926669316366315
121,0.7,1,full_sparse,0.7809209823608398,0.001877885195426643
122,0.7,1,full_sparse,0.6902158260345459,0.003010023385286331
123,0.7,1,full_sparse,0.6986492872238159,0.003769654082134366
120,0.7,1,full_corrected,0.6159981489181519,0.0027295881882309914
121,0.7,1,full_corrected,0.7813516855239868,0.0017616862896829844
122,0.7,1,full_corrected,0.6910870671272278,0.003005168167874217
123,0.7,1,full_corrected,0.6996426582336426,0.003402009140700102
120,0.85,0,dense,0.5642587542533875,0.0
121,0.85,0,dense,0.6919932961463928,0.0
122,0.85,0,dense,0.6516453623771667,0.0
123,0.85,0,dense,0.6357308030128479,0.0
120,0.85,0,full_sparse,0.569308340549469,0.0031502803321927786
121,0.85,0,full_sparse,0.7034298181533813,0.0028259572573006153
122,0.85,0,full_sparse,0.6533223986625671,0.0006796033121645451
123,0.85,0,full_sparse,0.6324268579483032,0.0021544538903981447
120,0.85,0,full_corrected,0.5685309171676636,0.0028836361598223448
121,0.85,0,full_corrected,0.7033679485321045,0.0028693426866084337
122,0.85,0,full_corrected,0.6531240940093994,0.0006115625728853047
123,0.85,0,full_corrected,0.6326605081558228,0.0021230774000287056
120,0.85,1,dense,0.5642587542533875,0.0
121,0.85,1,dense,0.6919932961463928,0.0
122,0.85,1,dense,0.6516453623771667,0.0
123,0.85,1,dense,0.6357308030128479,0.0
120,0.85,1,full_sparse,0.5674409866333008,0.0023343334905803204
121,0.85,1,full_sparse,0.7010461091995239,0.0018104552291333675
122,0.85,1,full_sparse,0.6520773768424988,0.0008131680660881102
123,0.85,1,full_sparse,0.6323082447052002,0.0019128811545670033
120,0.85,1,full_corrected,0.5668460726737976,0.0021584518253803253
121,0.85,1,full_corrected,0.7011162638664246,0.0018878222908824682
122,0.85,1,full_corrected,0.6517374515533447,0.0007776083657518029
123,0.85,1,full_corrected,0.6324596405029297,0.0018675437895581126
120,0.95,0,dense,0.6298406720161438,0.0
121,0.95,0,dense,0.9233264923095703,0.0
122,0.95,0,dense,0.6925132274627686,0.0
123,0.95,0,dense,0.5664968490600586,0.0
120,0.95,0,full_sparse,0.6463214159011841,0.0026617287658154964
121,0.95,0,full_sparse,0.9242894649505615,0.0007498214254155755
122,0.95,0,full_sparse,0.6982696056365967,0.000450675783213228
123,0.95,0,full_sparse,0.5574158430099487,0.0022358251735568047
120,0.95,0,full_corrected,0.6461241245269775,0.0026190360076725483
121,0.95,0,full_corrected,0.9243866801261902,0.0007413142593577504
122,0.95,0,full_corrected,0.6980655193328857,0.0004435767768882215
123,0.95,0,full_corrected,0.5574411749839783,0.0022184127010405064
120,0.95,1,dense,0.6298406720161438,0.0
121,0.95,1,dense,0.9233264923095703,0.0
122,0.95,1,dense,0.6925132274627686,0.0
123,0.95,1,dense,0.5664968490600586,0.0
120,0.95,1,full_sparse,0.6458753347396851,0.0024118400178849697
121,0.95,1,full_sparse,0.9212572574615479,0.0008600703440606594
122,0.95,1,full_sparse,0.6985482573509216,0.00044174608774483204
123,0.95,1,full_sparse,0.5588446855545044,0.0019555226899683475
120,0.95,1,full_corrected,0.6457024812698364,0.002377036027610302
121,0.95,1,full_corrected,0.9213316440582275,0.0008528030011802912
122,0.95,1,full_corrected,0.6983842849731445,0.00043458372238092124
123,0.95,1,full_corrected,0.5588719844818115,0.001940180896781385
124,0.05,0,dense,1.0368462800979614,0.0
125,0.05,0,dense,0.9838253259658813,0.0
126,0.05,0,dense,0.8836332559585571,0.0
127,0.05,0,dense,0.9166610240936279,0.0
124,0.05,0,full_sparse,1.0390799045562744,0.002828060183674097
125,0.05,0,full_sparse,0.9866577386856079,0.004598421510308981
126,0.05,0,full_sparse,0.8854610919952393,0.0053872703574597836
127,0.05,0,full_sparse,0.9170281291007996,0.0029375595040619373
124,0.05,0,full_corrected,1.0388405323028564,0.0028334357775747776
125,0.05,0,full_corrected,0.9864600896835327,0.0044797323644161224
126,0.05,0,full_corrected,0.8855364918708801,0.0053109279833734035
127,0.05,0,full_corrected,0.9169661998748779,0.0029798480682075024
124,0.05,1,dense,1.0368462800979614,0.0
125,0.05,1,dense,0.9838253259658813,0.0
126,0.05,1,dense,0.8836332559585571,0.0
127,0.05,1,dense,0.9166610240936279,0.0
124,0.05,1,full_sparse,1.0407662391662598,0.002845123875886202
125,0.05,1,full_sparse,0.9865117073059082,0.004058316349983215
126,0.05,1,full_sparse,0.8869204521179199,0.005763180088251829
127,0.05,1,full_sparse,0.916875958442688,0.0030754907056689262
124,0.05,1,full_corrected,1.0403850078582764,0.0028368686325848103
125,0.05,1,full_corrected,0.9867745041847229,0.003942515235394239
126,0.05,1,full_corrected,0.8869807124137878,0.005611386150121689
127,0.05,1,full_corrected,0.9169196486473083,0.0031146593391895294
124,0.15,0,dense,0.9835795164108276,0.0
125,0.15,0,dense,0.8513563871383667,0.0
126,0.15,0,dense,0.6527435183525085,0.0
127,0.15,0,dense,0.7367709279060364,0.0
124,0.15,0,full_sparse,0.9924906492233276,0.008912844583392143
125,0.15,0,full_sparse,0.855065643787384,0.01050676591694355
126,0.15,0,full_sparse,0.6579480767250061,0.01175571046769619
127,0.15,0,full_sparse,0.7342905402183533,0.004619627725332975
124,0.15,0,full_corrected,0.9932119846343994,0.00885697454214096
125,0.15,0,full_corrected,0.8553395867347717,0.010224223136901855
126,0.15,0,full_corrected,0.6578561663627625,0.011671286076307297
127,0.15,0,full_corrected,0.7340327501296997,0.004653329961001873
124,0.15,1,dense,0.9835795164108276,0.0
125,0.15,1,dense,0.8513563871383667,0.0
126,0.15,1,dense,0.6527435183525085,0.0
127,0.15,1,dense,0.7367709279060364,0.0
124,0.15,1,full_sparse,0.995186448097229,0.008684232831001282
125,0.15,1,full_sparse,0.856606125831604,0.00924142450094223
126,0.15,1,full_sparse,0.6549553275108337,0.011018240824341774
127,0.15,1,full_sparse,0.7357652187347412,0.005529897287487984
124,0.15,1,full_corrected,0.9953401684761047,0.008483083918690681
125,0.15,1,full_corrected,0.857242226600647,0.009017609059810638
126,0.15,1,full_corrected,0.6552317142486572,0.010815857909619808
127,0.15,1,full_corrected,0.7358474731445312,0.005562786478549242
124,0.3,0,dense,0.9552562236785889,0.0
125,0.3,0,dense,0.8169821500778198,0.0
126,0.3,0,dense,0.5027484893798828,0.0
127,0.3,0,dense,0.5707783699035645,0.0
124,0.3,0,full_sparse,0.9649790525436401,0.01256546750664711
125,0.3,0,full_sparse,0.8234924674034119,0.012679709121584892
126,0.3,0,full_sparse,0.5066758394241333,0.013279947452247143
127,0.3,0,full_sparse,0.5731041431427002,0.004912897944450378
124,0.3,0,full_corrected,0.9654533863067627,0.012600157409906387
125,0.3,0,full_corrected,0.8242586851119995,0.012657968327403069
126,0.3,0,full_corrected,0.5054082870483398,0.012979419901967049
127,0.3,0,full_corrected,0.572417140007019,0.0048658233135938644
124,0.3,1,dense,0.9552562236785889,0.0
125,0.3,1,dense,0.8169821500778198,0.0
126,0.3,1,dense,0.5027484893798828,0.0
127,0.3,1,dense,0.5707783699035645,0.0
124,0.3,1,full_sparse,0.9621564149856567,0.010295954532921314
125,0.3,1,full_sparse,0.8226391077041626,0.013068284839391708
126,0.3,1,full_sparse,0.5062150955200195,0.011050473898649216
127,0.3,1,full_sparse,0.5781337022781372,0.00509027112275362
124,0.3,1,full_corrected,0.96240234375,0.009868482127785683
125,0.3,1,full_corrected,0.8230023980140686,0.012531707063317299
126,0.3,1,full_corrected,0.5051453113555908,0.010537484660744667
127,0.3,1,full_corrected,0.5784356594085693,0.005013779737055302
124,0.5,0,dense,0.9370437860488892,0.0
125,0.5,0,dense,0.7982749342918396,0.0
126,0.5,0,dense,0.4845462739467621,0.0
127,0.5,0,dense,0.45235633850097656,0.0
124,0.5,0,full_sparse,0.9409725666046143,0.008470200002193451
125,0.5,0,full_sparse,0.7934332489967346,0.010072657838463783
126,0.5,0,full_sparse,0.47903692722320557,0.012999922037124634
127,0.5,0,full_sparse,0.4482746124267578,0.0033074719831347466
124,0.5,0,full_corrected,0.9418756365776062,0.00860515795648098
125,0.5,0,full_corrected,0.7943124771118164,0.009510979056358337
126,0.5,0,full_corrected,0.47735869884490967,0.012839528732001781
127,0.5,0,full_corrected,0.4479667544364929,0.003270568558946252
124,0.5,1,dense,0.9370437860488892,0.0
125,0.5,1,dense,0.7982749342918396,0.0
126,0.5,1,dense,0.4845462739467621,0.0
127,0.5,1,dense,0.45235633850097656,0.0
124,0.5,1,full_sparse,0.9336249828338623,0.006167765706777573
125,0.5,1,full_sparse,0.8056154251098633,0.009756994433701038
126,0.5,1,full_sparse,0.48396041989326477,0.01000082679092884
127,0.5,1,full_sparse,0.45243000984191895,0.0034677034709602594
124,0.5,1,full_corrected,0.9340938329696655,0.006006252486258745
125,0.5,1,full_corrected,0.8065853118896484,0.009564455598592758
126,0.5,1,full_corrected,0.4827578067779541,0.009178055450320244
127,0.5,1,full_corrected,0.45207449793815613,0.003384684445336461
124,0.7,0,dense,0.7458699345588684,0.0
125,0.7,0,dense,0.683556079864502,0.0
126,0.7,0,dense,0.5768675804138184,0.0
127,0.7,0,dense,0.39692312479019165,0.0
124,0.7,0,full_sparse,0.747403621673584,0.0015021455474197865
125,0.7,0,full_sparse,0.6802781820297241,0.003625689074397087
126,0.7,0,full_sparse,0.571018397808075,0.0047546750865876675
127,0.7,0,full_sparse,0.3930387794971466,0.002972191199660301
124,0.7,0,full_corrected,0.7476173639297485,0.0014999015256762505
125,0.7,0,full_corrected,0.680080771446228,0.0033617806620895863
126,0.7,0,full_corrected,0.5705214142799377,0.004600186832249165
127,0.7,0,full_corrected,0.39281198382377625,0.0027932843659073114
124,0.7,1,dense,0.7458699345588684,0.0
125,0.7,1,dense,0.683556079864502,0.0
126,0.7,1,dense,0.5768675804138184,0.0
127,0.7,1,dense,0.39692312479019165,0.0
124,0.7,1,full_sparse,0.7433813810348511,0.0016827129293233156
125,0.7,1,full_sparse,0.6838282346725464,0.004138840828090906
126,0.7,1,full_sparse,0.5674558281898499,0.005491130985319614
127,0.7,1,full_sparse,0.3923902213573456,0.0022905603982508183
124,0.7,1,full_corrected,0.7432219386100769,0.0016454416327178478
125,0.7,1,full_corrected,0.6840463876724243,0.003941225819289684
126,0.7,1,full_corrected,0.5680493116378784,0.0054140943102538586
127,0.7,1,full_corrected,0.39258354902267456,0.002148512750864029
124,0.85,0,dense,0.5935199856758118,0.0
125,0.85,0,dense,0.6555768251419067,0.0
126,0.85,0,dense,0.7419335246086121,0.0
127,0.85,0,dense,0.41031700372695923,0.0
124,0.85,0,full_sparse,0.5954506397247314,0.000939553021453321
125,0.85,0,full_sparse,0.6414592862129211,0.003841026686131954
126,0.85,0,full_sparse,0.7020383477210999,0.00459734071046114
127,0.85,0,full_sparse,0.40995869040489197,0.0030555082485079765
124,0.85,0,full_corrected,0.5954851508140564,0.0009393808431923389
125,0.85,0,full_corrected,0.6417726278305054,0.0036731907166540623
126,0.85,0,full_corrected,0.701989471912384,0.004500921815633774
127,0.85,0,full_corrected,0.40956324338912964,0.003001157660037279
124,0.85,1,dense,0.5935199856758118,0.0
125,0.85,1,dense,0.6555768251419067,0.0
126,0.85,1,dense,0.7419335246086121,0.0
127,0.85,1,dense,0.41031700372695923,0.0
124,0.85,1,full_sparse,0.5952837467193604,0.0008993026567623019
125,0.85,1,full_sparse,0.6399630904197693,0.004157603718340397
126,0.85,1,full_sparse,0.7129817008972168,0.004117829725146294
127,0.85,1,full_sparse,0.41051703691482544,0.0028493371792137623
124,0.85,1,full_corrected,0.5953108072280884,0.0008931969059631228
125,0.85,1,full_corrected,0.6402043104171753,0.003990297205746174
126,0.85,1,full_corrected,0.7130232453346252,0.0040565370582044125
127,0.85,1,full_corrected,0.41016054153442383,0.002794807543978095
124,0.95,0,dense,0.5052696466445923,0.0
125,0.95,0,dense,1.0407824516296387,0.0
126,0.95,0,dense,0.9765954613685608,0.0
127,0.95,0,dense,0.588546872138977,0.0
124,0.95,0,full_sparse,0.5072828531265259,0.0009649717248976231
125,0.95,0,full_sparse,0.9599579572677612,0.005076587200164795
126,0.95,0,full_sparse,0.9538782238960266,0.002295570680871606
127,0.95,0,full_sparse,0.5985856056213379,0.006972181145101786
124,0.95,0,full_corrected,0.5073037147521973,0.0009591929265297949
125,0.95,0,full_corrected,0.9602702856063843,0.005007770843803883
126,0.95,0,full_corrected,0.9533954858779907,0.00224367156624794
127,0.95,0,full_corrected,0.598224401473999,0.006889304146170616
124,0.95,1,dense,0.5052696466445923,0.0
125,0.95,1,dense,1.0407824516296387,0.0
126,0.95,1,dense,0.9765954613685608,0.0
127,0.95,1,dense,0.588546872138977,0.0
124,0.95,1,full_sparse,0.5073320865631104,0.0009242818341590464
125,0.95,1,full_sparse,0.9603012800216675,0.004943876527249813
126,0.95,1,full_sparse,0.9533788561820984,0.0025041839107871056
127,0.95,1,full_sparse,0.5948600172996521,0.006097943056374788
124,0.95,1,full_corrected,0.5073394775390625,0.0009183364454656839
125,0.95,1,full_corrected,0.9606532454490662,0.004874364472925663
126,0.95,1,full_corrected,0.9528717994689941,0.002448191400617361
127,0.95,1,full_corrected,0.5947229862213135,0.006051309872418642
