t,layer,head,mode,metric,mean
0.05,3,0,dense,self_mass,0.03133153909948305
0.05,3,0,dense,output_mse,0.0
0.05,3,0,dense,output_mae,0.0
0.05,3,0,dense,output_cosine,1.0
0.05,3,0,dense,output_relative_rmse,0.0
0.05,3,0,local_sparse,self_mass,0.06003347288060468
0.05,3,0,local_sparse,output_mse,0.0052639314867519715
0.05,3,0,local_sparse,output_mae,0.055317971942713484
0.05,3,0,local_sparse,output_cosine,0.9719070640858263
0.05,3,0,local_sparse,output_relative_rmse,0.24332474637776613
0.05,3,0,local_corrected,self_mass,0.03170163583854446
0.05,3,0,local_corrected,output_mse,0.005079566434233129
0.05,3,0,local_corrected,output_mae,0.054282303288346156
0.05,3,0,local_corrected,output_cosine,0.9712636729236692
0.05,3,0,local_corrected,output_relative_rmse,0.2390943762147799
0.05,3,0,full_sparse,self_mass,0.06003347296064021
0.05,3,0,full_sparse,output_mse,0.005263931423087342
0.05,3,0,full_sparse,output_mae,0.05531797198636923
0.05,3,0,full_sparse,output_cosine,0.9719070643186569
0.05,3,0,full_sparse,output_relative_rmse,0.24332474579568952
0.05,3,0,full_corrected,self_mass,0.03170163569666329
0.05,3,0,full_corrected,output_mse,0.005079566400581825
0.05,3,0,full_corrected,output_mae,0.05428230331744999
0.05,3,0,full_corrected,output_cosine,0.9712636736221611
0.05,3,0,full_corrected,output_relative_rmse,0.23909437516704202
0.05,3,1,dense,self_mass,0.013641587203892414
0.05,3,1,dense,output_mse,0.0
0.05,3,1,dense,output_mae,0.0
0.05,3,1,dense,output_cosine,1.0
0.05,3,1,dense,output_relative_rmse,0.0
0.05,3,1,local_sparse,self_mass,0.0267216253632796
0.05,3,1,local_sparse,output_mse,0.0049611516178629245
0.05,3,1,local_sparse,output_mae,0.05287337898334954
0.05,3,1,local_sparse,output_cosine,0.9695854496676475
0.05,3,1,local_sparse,output_relative_rmse,0.255806474131532
0.05,3,1,local_corrected,self_mass,0.013844061368217808
0.05,3,1,local_corrected,output_mse,0.005007182892768469
0.05,3,1,local_corrected,output_mae,0.05305038524966221
0.05,3,1,local_corrected,output_cosine,0.9690490944776684
0.05,3,1,local_corrected,output_relative_rmse,0.2569434751640074
0.05,3,1,full_sparse,self_mass,0.026721625356003642
0.05,3,1,full_sparse,output_mse,0.004961151685165532
0.05,3,1,full_sparse,output_mae,0.05287337921618018
0.05,3,1,full_sparse,output_cosine,0.9695854522287846
0.05,3,1,full_sparse,output_relative_rmse,0.2558064762270078
0.05,3,1,full_corrected,self_mass,0.013844061457348289
0.05,3,1,full_corrected,output_mse,0.005007182947338151
0.05,3,1,full_corrected,output_mae,0.053050385424285196
0.05,3,1,full_corrected,output_cosine,0.9690490912180394
0.05,3,1,full_corrected,output_relative_rmse,0.256943475571461
0.05,3,2,dense,self_mass,0.005227151864346524
0.05,3,2,dense,output_mse,0.0
0.05,3,2,dense,output_mae,0.0
0.05,3,2,dense,output_cosine,1.0
0.05,3,2,dense,output_relative_rmse,0.0
0.05,3,2,local_sparse,self_mass,0.010443323248182423
0.05,3,2,local_sparse,output_mse,0.002718949351219635
0.05,3,2,local_sparse,output_mae,0.040741110329690855
0.05,3,2,local_sparse,output_cosine,0.9690628324169666
0.05,3,2,local_sparse,output_relative_rmse,0.2501640329719521
0.05,3,2,local_corrected,self_mass,0.005245043067588995
0.05,3,2,local_corrected,output_mse,0.0027302447124384344
0.05,3,2,local_corrected,output_mae,0.04081812068761792
0.05,3,2,local_corrected,output_cosine,0.9688796501141042
0.05,3,2,local_corrected,output_relative_rmse,0.25068566281697713
0.05,3,2,full_sparse,self_mass,0.010443323270010296
0.05,3,2,full_sparse,output_mse,0.0027189493698642764
0.05,3,2,full_sparse,output_mae,0.0407411103733466
0.05,3,2,full_sparse,output_cosine,0.969062828226015
0.05,3,2,full_sparse,output_relative_rmse,0.2501640343107283
0.05,3,2,full_corrected,self_mass,0.0052450430257522385
0.05,3,2,full_corrected,output_mse,0.0027302447047077294
0.05,3,2,full_corrected,output_mae,0.04081812062941026
0.05,3,2,full_corrected,output_cosine,0.9688796480186284
0.05,3,2,full_corrected,output_relative_rmse,0.2506856635445729
0.05,3,3,dense,self_mass,0.002597476168830326
0.05,3,3,dense,output_mse,0.0
0.05,3,3,dense,output_mae,0.0
0.05,3,3,dense,output_cosine,1.0
0.05,3,3,dense,output_relative_rmse,0.0
0.05,3,3,local_sparse,self_mass,0.005202927891332365
0.05,3,3,local_sparse,output_mse,0.0028901737123305793
0.05,3,3,local_sparse,output_mae,0.041988429249613546
0.05,3,3,local_sparse,output_cosine,0.966555965365842
0.05,3,3,local_sparse,output_relative_rmse,0.2606048172165174
0.05,3,3,local_corrected,self_mass,0.0026025615006801672
0.05,3,3,local_corrected,output_mse,0.002899222754422226
0.05,3,3,local_corrected,output_mae,0.042058351486048196
0.05,3,3,local_corrected,output_cosine,0.9664082068484277
0.05,3,3,local_corrected,output_relative_rmse,0.26105248121893965
0.05,3,3,full_sparse,self_mass,0.00520292789224186
0.05,3,3,full_sparse,output_mse,0.0028901737018713902
0.05,3,3,full_sparse,output_mae,0.04198842946061632
0.05,3,3,full_sparse,output_cosine,0.9665559667628258
0.05,3,3,full_sparse,output_relative_rmse,0.2606048170418944
0.05,3,3,full_corrected,self_mass,0.0026025615061371354
0.05,3,3,full_corrected,output_mse,0.0028992227489652578
0.05,3,3,full_corrected,output_mae,0.04205835152970394
0.05,3,3,full_corrected,output_cosine,0.966408206615597
0.05,3,3,full_corrected,output_relative_rmse,0.26105248063686304
0.05,3,4,dense,self_mass,0.013026039852775284
0.05,3,4,dense,output_mse,0.0
0.05,3,4,dense,output_mae,0.0
0.05,3,4,dense,output_cosine,1.0
0.05,3,4,dense,output_relative_rmse,0.0
0.05,3,4,local_sparse,self_mass,0.025751572855369886
0.05,3,4,local_sparse,output_mse,0.003818445187789621
0.05,3,4,local_sparse,output_mae,0.04762690488132648
0.05,3,4,local_sparse,output_cosine,0.9716926133260131
0.05,3,4,local_sparse,output_relative_rmse,0.23814602717175148
0.05,3,4,local_corrected,self_mass,0.01315187719592359
0.05,3,4,local_corrected,output_mse,0.0038335627623382607
0.05,3,4,local_corrected,output_mae,0.04768504587991629
0.05,3,4,local_corrected,output_cosine,0.9712646747939289
0.05,3,4,local_corrected,output_relative_rmse,0.23860073494142853
0.05,3,4,full_sparse,self_mass,0.025751572768058395
0.05,3,4,full_sparse,output_mse,0.003818445224169409
0.05,3,4,full_sparse,output_mae,0.047626905026845634
0.05,3,4,full_sparse,output_cosine,0.9716926130931824
0.05,3,4,full_sparse,output_relative_rmse,0.238146028801566
0.05,3,4,full_corrected,self_mass,0.013151877206837526
0.05,3,4,full_corrected,output_mse,0.003833562791442091
0.05,3,4,full_corrected,output_mae,0.047685045705293305
0.05,3,4,full_corrected,output_cosine,0.971264673396945
0.05,3,4,full_corrected,output_relative_rmse,0.23860073613468558
0.05,3,5,dense,self_mass,0.038869223924848484
0.05,3,5,dense,output_mse,0.0
0.05,3,5,dense,output_mae,0.0
0.05,3,5,dense,output_cosine,1.0
0.05,3,5,dense,output_relative_rmse,0.0
0.05,3,5,local_sparse,self_mass,0.07338076376618119
0.05,3,5,local_sparse,output_mse,0.014325508609545068
0.05,3,5,local_sparse,output_mae,0.08606583536311518
0.05,3,5,local_sparse,output_cosine,0.9611955189611763
0.05,3,5,local_sparse,output_relative_rmse,0.2937619724543765
0.05,3,5,local_corrected,self_mass,0.041155943072226364
0.05,3,5,local_corrected,output_mse,0.014476547579761245
0.05,3,5,local_corrected,output_mae,0.08651007404841948
0.05,3,5,local_corrected,output_cosine,0.9600147898308933
0.05,3,5,local_corrected,output_relative_rmse,0.2953029615455307
0.05,3,5,full_sparse,self_mass,0.07338076395535609
0.05,3,5,full_sparse,output_mse,0.014325508416732191
0.05,3,5,full_sparse,output_mae,0.08606583424261771
0.05,3,5,full_sparse,output_cosine,0.961195521755144
0.05,3,5,full_sparse,output_relative_rmse,0.29376197018427774
0.05,3,5,full_corrected,self_mass,0.041155943312332965
0.05,3,5,full_corrected,output_mse,0.014476547477897839
0.05,3,5,full_corrected,output_mae,0.08651007336447947
0.05,3,5,full_corrected,output_cosine,0.9600147882010788
0.05,3,5,full_corrected,output_relative_rmse,0.29530295985750854
0.05,3,6,dense,self_mass,0.01006333475925203
0.05,3,6,dense,output_mse,0.0
0.05,3,6,dense,output_mae,0.0
0.05,3,6,dense,output_cosine,1.0
0.05,3,6,dense,output_relative_rmse,0.0
0.05,3,6,local_sparse,self_mass,0.019891879073838936
0.05,3,6,local_sparse,output_mse,0.0033309423838545626
0.05,3,6,local_sparse,output_mae,0.0443900456521078
0.05,3,6,local_sparse,output_cosine,0.9699520629364997
0.05,3,6,local_sparse,output_relative_rmse,0.2483843094378244
0.05,3,6,local_corrected,self_mass,0.01013024675376073
0.05,3,6,local_corrected,output_mse,0.003340803491482802
0.05,3,6,local_corrected,output_mae,0.044430384135921486
0.05,3,6,local_corrected,output_cosine,0.9695683585014194
0.05,3,6,local_corrected,output_relative_rmse,0.24874564990750514
0.05,3,6,full_sparse,self_mass,0.019891878946509678
0.05,3,6,full_sparse,output_mse,0.0033309423565697216
0.05,3,6,full_sparse,output_mae,0.044390045761247166
0.05,3,6,full_sparse,output_cosine,0.969952063402161
0.05,3,6,full_sparse,output_relative_rmse,0.24838430859381333
0.05,3,6,full_corrected,self_mass,0.01013024666281126
0.05,3,6,full_corrected,output_mse,0.003340803504215728
0.05,3,6,full_corrected,output_mae,0.04443038404133404
0.05,3,6,full_corrected,output_cosine,0.9695683554746211
0.05,3,6,full_corrected,output_relative_rmse,0.24874565069330856
0.05,3,7,dense,self_mass,0.007545902239144198
0.05,3,7,dense,output_mse,0.0
0.05,3,7,dense,output_mae,0.0
0.05,3,7,dense,output_cosine,1.0
0.05,3,7,dense,output_relative_rmse,0.0
0.05,3,7,local_sparse,self_mass,0.014232468682166655
0.05,3,7,local_sparse,output_mse,0.004540073459793348
0.05,3,7,local_sparse,output_mae,0.04535414279962424
0.05,3,7,local_sparse,output_cosine,0.9612880272325128
0.05,3,7,local_sparse,output_relative_rmse,0.29863447084790096
0.05,3,7,local_corrected,self_mass,0.008003067054232815
0.05,3,7,local_corrected,output_mse,0.004580255131259037
0.05,3,7,local_corrected,output_mae,0.045539533377450425
0.05,3,7,local_corrected,output_cosine,0.9609450190328062
0.05,3,7,local_corrected,output_relative_rmse,0.3000417783623561
0.05,3,7,full_sparse,self_mass,0.014232468784030061
0.05,3,7,full_sparse,output_mse,0.004540073547104839
0.05,3,7,full_sparse,output_mae,0.04535414317069808
0.05,3,7,full_sparse,output_cosine,0.9612880239728838
0.05,3,7,full_sparse,output_relative_rmse,0.29863447416573763
0.05,3,7,full_corrected,self_mass,0.008003067257959628
0.05,3,7,full_corrected,output_mse,0.004580255170822056
0.05,3,7,full_corrected,output_mae,0.04553953338472638
0.05,3,7,full_corrected,output_cosine,0.960945017170161
0.05,3,7,full_corrected,output_relative_rmse,0.30004178202943876
0.05,3,8,dense,self_mass,0.007953245600219816
0.05,3,8,dense,output_mse,0.0
0.05,3,8,dense,output_mae,0.0
0.05,3,8,dense,output_cosine,1.0
0.05,3,8,dense,output_relative_rmse,0.0
0.05,3,8,local_sparse,self_mass,0.015836624032090185
0.05,3,8,local_sparse,output_mse,0.002837900363829249
0.05,3,8,local_sparse,output_mae,0.04110194635723019
0.05,3,8,local_sparse,output_cosine,0.9721692111343145
0.05,3,8,local_sparse,output_relative_rmse,0.23657615974661894
0.05,3,8,local_corrected,self_mass,0.007988045792444609
0.05,3,8,local_corrected,output_mse,0.002847827985533513
0.05,3,8,local_corrected,output_mae,0.041174160221999045
0.05,3,8,local_corrected,output_cosine,0.9719975788611919
0.05,3,8,local_corrected,output_relative_rmse,0.23701322989654727
0.05,3,8,full_sparse,self_mass,0.01583662407938391
0.05,3,8,full_sparse,output_mse,0.002837900328813703
0.05,3,8,full_sparse,output_mae,0.041101946437265724
0.05,3,8,full_sparse,output_cosine,0.9721692097373307
0.05,3,8,full_sparse,output_relative_rmse,0.23657615843694657
0.05,3,8,full_corrected,self_mass,0.007988045801539556
0.05,3,8,full_corrected,output_mse,0.0028478279546106933
0.05,3,8,full_corrected,output_mae,0.041174160192895215
0.05,3,8,full_corrected,output_cosine,0.9719975765328854
0.05,3,8,full_corrected,output_relative_rmse,0.2370132291689515
0.05,3,9,dense,self_mass,0.04597909946460277
0.05,3,9,dense,output_mse,0.0
0.05,3,9,dense,output_mae,0.0
0.05,3,9,dense,output_cosine,1.0
0.05,3,9,dense,output_relative_rmse,0.0
0.05,3,9,local_sparse,self_mass,0.08826019272964913
0.05,3,9,local_sparse,output_mse,0.012815646508897771
0.05,3,9,local_sparse,output_mae,0.08527848366065882
0.05,3,9,local_sparse,output_cosine,0.963292786385864
0.05,3,9,local_sparse,output_relative_rmse,0.2819235901697539
0.05,3,9,local_corrected,self_mass,0.047662268865678925
0.05,3,9,local_corrected,output_mse,0.013115956464389456
0.05,3,9,local_corrected,output_mae,0.08575755637139082
0.05,3,9,local_corrected,output_cosine,0.9607875554356724
0.05,3,9,local_corrected,output_relative_rmse,0.2850505757960491
0.05,3,9,full_sparse,self_mass,0.0882601925986819
0.05,3,9,full_sparse,output_mse,0.012815646317903884
0.05,3,9,full_sparse,output_mae,0.08527848294761498
0.05,3,9,full_sparse,output_cosine,0.9632927868515253
0.05,3,9,full_sparse,output_relative_rmse,0.28192358755040914
0.05,3,9,full_corrected,self_mass,0.04766226826177444
0.05,3,9,full_corrected,output_mse,0.013115956382534932
0.05,3,9,full_corrected,output_mae,0.08575755592028145
0.05,3,9,full_corrected,output_cosine,0.9607875586953014
0.05,3,9,full_corrected,output_relative_rmse,0.2850505744572729
0.05,3,10,dense,self_mass,0.0016677004782650329
0.05,3,10,dense,output_mse,0.0
0.05,3,10,dense,output_mae,0.0
0.05,3,10,dense,output_cosine,1.0
0.05,3,10,dense,output_relative_rmse,0.0
0.05,3,10,local_sparse,self_mass,0.0033437597239753813
0.05,3,10,local_sparse,output_mse,0.0028829690959355503
0.05,3,10,local_sparse,output_mae,0.041791323536017444
0.05,3,10,local_sparse,output_cosine,0.972699380479753
0.05,3,10,local_sparse,output_relative_rmse,0.23340803236351348
0.05,3,10,local_corrected,self_mass,0.0016695002059350372
0.05,3,10,local_corrected,output_mse,0.0028889151994917484
0.05,3,10,local_corrected,output_mae,0.041839903431537095
0.05,3,10,local_corrected,output_cosine,0.9726688785012811
0.05,3,10,local_corrected,output_relative_rmse,0.2336685697955545
0.05,3,10,full_sparse,self_mass,0.003343759706694982
0.05,3,10,full_sparse,output_mse,0.002882969057736773
0.05,3,10,full_sparse,output_mae,0.04179132339049829
0.05,3,10,full_sparse,output_cosine,0.9726993795484304
0.05,3,10,full_sparse,output_relative_rmse,0.23340803090832196
0.05,3,10,full_corrected,self_mass,0.0016695002032065531
0.05,3,10,full_corrected,output_mse,0.0028889152085866954
0.05,3,10,full_corrected,output_mae,0.04183990298042772
0.05,3,10,full_corrected,output_cosine,0.9726688785012811
0.05,3,10,full_corrected,output_relative_rmse,0.2336685704649426
0.05,3,11,dense,self_mass,0.04405493350350298
0.05,3,11,dense,output_mse,0.0
0.05,3,11,dense,output_mae,0.0
0.05,3,11,dense,output_cosine,1.0
0.05,3,11,dense,output_relative_rmse,0.0
0.05,3,11,local_sparse,self_mass,0.08570600401435513
0.05,3,11,local_sparse,output_mse,0.016324057589372387
0.05,3,11,local_sparse,output_mae,0.09594531657057814
0.05,3,11,local_sparse,output_cosine,0.9609231054782867
0.05,3,11,local_sparse,output_relative_rmse,0.28490617993520573
0.05,3,11,local_corrected,self_mass,0.04604448537429562
0.05,3,11,local_corrected,output_mse,0.016920223661145428
0.05,3,11,local_corrected,output_mae,0.09721015571267344
0.05,3,11,local_corrected,output_cosine,0.9584311596117914
0.05,3,11,local_corrected,output_relative_rmse,0.28996041568461806
0.05,3,11,full_sparse,self_mass,0.08570600443636067
0.05,3,11,full_sparse,output_mse,0.016324057451129192
0.05,3,11,full_sparse,output_mae,0.09594531563925557
0.05,3,11,full_sparse,output_cosine,0.960923105943948
0.05,3,11,full_sparse,output_relative_rmse,0.2849061783635989
0.05,3,11,full_corrected,self_mass,0.04604448567988584
0.05,3,11,full_corrected,output_mse,0.01692022347560851
0.05,3,11,full_corrected,output_mae,0.09721015521790832
0.05,3,11,full_corrected,output_cosine,0.9584311584476382
0.05,3,11,full_corrected,output_relative_rmse,0.28996041358914226
0.05,4,0,dense,self_mass,0.03881682204519166
0.05,4,0,dense,output_mse,0.0
0.05,4,0,dense,output_mae,0.0
0.05,4,0,dense,output_cosine,1.0
0.05,4,0,dense,output_relative_rmse,0.0
0.05,4,0,local_sparse,self_mass,0.07642886241956148
0.05,4,0,local_sparse,output_mse,0.01811552404979011
0.05,4,0,local_sparse,output_mae,0.10212339591816999
0.05,4,0,local_sparse,output_cosine,0.9470751017797738
0.05,4,0,local_sparse,output_relative_rmse,0.32998365815728903
0.05,4,0,local_corrected,self_mass,0.04025756959890714
0.05,4,0,local_corrected,output_mse,0.01877653858900885
0.05,4,0,local_corrected,output_mae,0.10358530795201659
0.05,4,0,local_corrected,output_cosine,0.9441454561892897
0.05,4,0,local_corrected,output_relative_rmse,0.3358569387928583
0.05,4,0,full_sparse,self_mass,0.07650267107237596
0.05,4,0,full_sparse,output_mse,0.01616131239643437
0.05,4,0,full_sparse,output_mae,0.09629342978587374
0.05,4,0,full_sparse,output_cosine,0.9517346224747598
0.05,4,0,full_sparse,output_relative_rmse,0.31178930070018396
0.05,4,0,full_corrected,self_mass,0.04094332482054597
0.05,4,0,full_corrected,output_mse,0.017139136762125418
0.05,4,0,full_corrected,output_mae,0.0988792572170496
0.05,4,0,full_corrected,output_cosine,0.9488929158542305
0.05,4,0,full_corrected,output_relative_rmse,0.3209781674086116
0.05,4,1,dense,self_mass,0.04518786667904351
0.05,4,1,dense,output_mse,0.0
0.05,4,1,dense,output_mae,0.0
0.05,4,1,dense,output_cosine,1.0
0.05,4,1,dense,output_relative_rmse,0.0
0.05,4,1,local_sparse,self_mass,0.087970911161392
0.05,4,1,local_sparse,output_mse,0.016615668824670138
0.05,4,1,local_sparse,output_mae,0.09897736614220776
0.05,4,1,local_sparse,output_cosine,0.940192983718589
0.05,4,1,local_sparse,output_relative_rmse,0.36197357729543
0.05,4,1,local_corrected,self_mass,0.04663530406833161
0.05,4,1,local_corrected,output_mse,0.017072807630029274
0.05,4,1,local_corrected,output_mae,0.09993748483248055
0.05,4,1,local_corrected,output_cosine,0.9357752066571265
0.05,4,1,local_corrected,output_relative_rmse,0.3668987948913127
0.05,4,1,full_sparse,self_mass,0.0879760890675243
0.05,4,1,full_sparse,output_mse,0.013032909040703089
0.05,4,1,full_sparse,output_mae,0.08727458851353731
0.05,4,1,full_sparse,output_cosine,0.9509746495168656
0.05,4,1,full_sparse,output_relative_rmse,0.3205469830427319
0.05,4,1,full_corrected,self_mass,0.04790594412770588
0.05,4,1,full_corrected,output_mse,0.013884949699786375
0.05,4,1,full_corrected,output_mae,0.08989513968117535
0.05,4,1,full_corrected,output_cosine,0.9466774032916874
0.05,4,1,full_corrected,output_relative_rmse,0.3308757659397088
0.05,4,2,dense,self_mass,0.06296678265789524
0.05,4,2,dense,output_mse,0.0
0.05,4,2,dense,output_mae,0.0
0.05,4,2,dense,output_cosine,1.0
0.05,4,2,dense,output_relative_rmse,0.0
0.05,4,2,local_sparse,self_mass,0.11645396234234795
0.05,4,2,local_sparse,output_mse,0.02996263312525116
0.05,4,2,local_sparse,output_mae,0.12350779000553302
0.05,4,2,local_sparse,output_cosine,0.9393997981678694
0.05,4,2,local_sparse,output_relative_rmse,0.3712493152124807
0.05,4,2,local_corrected,self_mass,0.06634149483579677
0.05,4,2,local_corrected,output_mse,0.02980326303804759
0.05,4,2,local_corrected,output_mae,0.12304881363525055
0.05,4,2,local_corrected,output_cosine,0.9372418585699052
0.05,4,2,local_corrected,output_relative_rmse,0.3699119499651715
0.05,4,2,full_sparse,self_mass,0.11575662111863494
0.05,4,2,full_sparse,output_mse,0.028405548680893844
0.05,4,2,full_sparse,output_mae,0.11924599582562223
0.05,4,2,full_sparse,output_cosine,0.9417172577232122
0.05,4,2,full_sparse,output_relative_rmse,0.3610778122674674
0.05,4,2,full_corrected,self_mass,0.06912467795336852
0.05,4,2,full_corrected,output_mse,0.02900571742793545
0.05,4,2,full_corrected,output_mae,0.12072062806691974
0.05,4,2,full_corrected,output_cosine,0.9396851242054254
0.05,4,2,full_corrected,output_relative_rmse,0.36459431517869234
0.05,4,3,dense,self_mass,0.029914903032477014
0.05,4,3,dense,output_mse,0.0
0.05,4,3,dense,output_mae,0.0
0.05,4,3,dense,output_cosine,1.0
0.05,4,3,dense,output_relative_rmse,0.0
0.05,4,3,local_sparse,self_mass,0.05795492279867176
0.05,4,3,local_sparse,output_mse,0.007931244077553856
0.05,4,3,local_sparse,output_mae,0.06848105485551059
0.05,4,3,local_sparse,output_cosine,0.9691115592140704
0.05,4,3,local_sparse,output_relative_rmse,0.2543402271112427
0.05,4,3,local_corrected,self_mass,0.03038719803589629
0.05,4,3,local_corrected,output_mse,0.007887738804129185
0.05,4,3,local_corrected,output_mae,0.06812801894557197
0.05,4,3,local_corrected,output_cosine,0.9680428293067962
0.05,4,3,local_corrected,output_relative_rmse,0.2536149203660898
0.05,4,3,full_sparse,self_mass,0.057734217814868316
0.05,4,3,full_sparse,output_mse,0.0060760652222597855
0.05,4,3,full_sparse,output_mae,0.059840311092557386
0.05,4,3,full_sparse,output_cosine,0.9755251812748611
0.05,4,3,full_sparse,output_relative_rmse,0.2227094277041033
0.05,4,3,full_corrected,self_mass,0.030986617210146505
0.05,4,3,full_corrected,output_mse,0.0062377325439229026
0.05,4,3,full_corrected,output_mae,0.06055360019672662
0.05,4,3,full_corrected,output_cosine,0.9744300101883709
0.05,4,3,full_corrected,output_relative_rmse,0.22565885738004
0.05,4,4,dense,self_mass,0.030992651481938083
0.05,4,4,dense,output_mse,0.0
0.05,4,4,dense,output_mae,0.0
0.05,4,4,dense,output_cosine,1.0
0.05,4,4,dense,output_relative_rmse,0.0
0.05,4,4,local_sparse,self_mass,0.06106495557469316
0.05,4,4,local_sparse,output_mse,0.01169960592960706
0.05,4,4,local_sparse,output_mae,0.08357643989438657
0.05,4,4,local_sparse,output_cosine,0.9667275324463844
0.05,4,4,local_sparse,output_relative_rmse,0.2523147971951403
0.05,4,4,local_corrected,self_mass,0.031731356073578354
0.05,4,4,local_corrected,output_mse,0.01203432046531816
0.05,4,4,local_corrected,output_mae,0.0845904215821065
0.05,4,4,local_corrected,output_cosine,0.9653058319818228
0.05,4,4,local_corrected,output_relative_rmse,0.25589271588250995
0.05,4,4,full_sparse,self_mass,0.061402892373735085
0.05,4,4,full_sparse,output_mse,0.009897989290038822
0.05,4,4,full_sparse,output_mae,0.07712440163595602
0.05,4,4,full_sparse,output_cosine,0.9712322584819049
0.05,4,4,full_sparse,output_relative_rmse,0.23233955481555313
0.05,4,4,full_corrected,self_mass,0.03182003401889233
0.05,4,4,full_corrected,output_mse,0.010359537860495038
0.05,4,4,full_corrected,output_mae,0.07873937030672096
0.05,4,4,full_corrected,output_cosine,0.9697343199513853
0.05,4,4,full_corrected,output_relative_rmse,0.23771815159125254
0.05,4,5,dense,self_mass,0.06691954097914277
0.05,4,5,dense,output_mse,0.0
0.05,4,5,dense,output_mae,0.0
0.05,4,5,dense,output_cosine,1.0
0.05,4,5,dense,output_relative_rmse,0.0
0.05,4,5,local_sparse,self_mass,0.12353930588869844
0.05,4,5,local_sparse,output_mse,0.03237519974572933
0.05,4,5,local_sparse,output_mae,0.12812606652732939
0.05,4,5,local_sparse,output_cosine,0.9370656663086265
0.05,4,5,local_sparse,output_relative_rmse,0.37551380053628236
0.05,4,5,local_corrected,self_mass,0.07241591514321044
0.05,4,5,local_corrected,output_mse,0.032574683558777906
0.05,4,5,local_corrected,output_mae,0.12862678238889202
0.05,4,5,local_corrected,output_cosine,0.9346984114963561
0.05,4,5,local_corrected,output_relative_rmse,0.37646263104397804
0.05,4,5,full_sparse,self_mass,0.12402066236245446
0.05,4,5,full_sparse,output_mse,0.03140378551688627
0.05,4,5,full_sparse,output_mae,0.125447625934612
0.05,4,5,full_sparse,output_cosine,0.9385569922160357
0.05,4,5,full_sparse,output_relative_rmse,0.36976948770461604
0.05,4,5,full_corrected,self_mass,0.07668985759664793
0.05,4,5,full_corrected,output_mse,0.0322428662184393
0.05,4,5,full_corrected,output_mae,0.12757705870899372
0.05,4,5,full_corrected,output_cosine,0.9364164769649506
0.05,4,5,full_corrected,output_relative_rmse,0.3745469258283265
0.05,4,6,dense,self_mass,0.03535251404537121
0.05,4,6,dense,output_mse,0.0
0.05,4,6,dense,output_mae,0.0
0.05,4,6,dense,output_cosine,1.0
0.05,4,6,dense,output_relative_rmse,0.0
0.05,4,6,local_sparse,self_mass,0.07643554543028586
0.05,4,6,local_sparse,output_mse,0.04330589729215717
0.05,4,6,local_sparse,output_mae,0.14633161842357367
0.05,4,6,local_sparse,output_cosine,0.9181423976551741
0.05,4,6,local_sparse,output_relative_rmse,0.4085306889610365
0.05,4,6,local_corrected,self_mass,0.04187818359059747
0.05,4,6,local_corrected,output_mse,0.04469216860161396
0.05,4,6,local_corrected,output_mae,0.1489327778108418
0.05,4,6,local_corrected,output_cosine,0.9155128309503198
0.05,4,6,local_corrected,output_relative_rmse,0.4150885087437928
0.05,4,6,full_sparse,self_mass,0.0769963215716416
0.05,4,6,full_sparse,output_mse,0.04248092770285439
0.05,4,6,full_sparse,output_mae,0.1447945470281411
0.05,4,6,full_sparse,output_cosine,0.9194493575487286
0.05,4,6,full_sparse,output_relative_rmse,0.4045699433190748
0.05,4,6,full_corrected,self_mass,0.04381989621469984
0.05,4,6,full_corrected,output_mse,0.044681423823931254
0.05,4,6,full_corrected,output_mae,0.1491353864548728
0.05,4,6,full_corrected,output_cosine,0.916666443226859
0.05,4,6,full_corrected,output_relative_rmse,0.4149950451683253
0.05,4,7,dense,self_mass,0.00731823660498776
0.05,4,7,dense,output_mse,0.0
0.05,4,7,dense,output_mae,0.0
0.05,4,7,dense,output_cosine,1.0
0.05,4,7,dense,output_relative_rmse,0.0
0.05,4,7,local_sparse,self_mass,0.014672385348603711
0.05,4,7,local_sparse,output_mse,0.008109492253424833
0.05,4,7,local_sparse,output_mae,0.06818754273990635
0.05,4,7,local_sparse,output_cosine,0.9707197193056345
0.05,4,7,local_sparse,output_relative_rmse,0.2423759097000584
0.05,4,7,local_corrected,self_mass,0.007488180205655226
0.05,4,7,local_corrected,output_mse,0.008213926646931213
0.05,4,7,local_corrected,output_mae,0.06851718125108164
0.05,4,7,local_corrected,output_cosine,0.9702462567947805
0.05,4,7,local_corrected,output_relative_rmse,0.24390247039264068
0.05,4,7,full_sparse,self_mass,0.01473465190792922
0.05,4,7,full_sparse,output_mse,0.0058189416440654895
0.05,4,7,full_sparse,output_mae,0.05786426909617148
0.05,4,7,full_sparse,output_cosine,0.9784862885717303
0.05,4,7,full_sparse,output_relative_rmse,0.20559531438630074
0.05,4,7,full_corrected,self_mass,0.007553950848887325
0.05,4,7,full_corrected,output_mse,0.0061033794008835685
0.05,4,7,full_corrected,output_mae,0.05907508316158783
0.05,4,7,full_corrected,output_cosine,0.9778648635838181
0.05,4,7,full_corrected,output_relative_rmse,0.21053457324160263
0.05,4,8,dense,self_mass,0.024538345282053342
0.05,4,8,dense,output_mse,0.0
0.05,4,8,dense,output_mae,0.0
0.05,4,8,dense,output_cosine,1.0
0.05,4,8,dense,output_relative_rmse,0.0
0.05,4,8,local_sparse,self_mass,0.05466957075987011
0.05,4,8,local_sparse,output_mse,0.04223000484489603
0.05,4,8,local_sparse,output_mae,0.14126595240668394
0.05,4,8,local_sparse,output_cosine,0.930935372132808
0.05,4,8,local_sparse,output_relative_rmse,0.37042585032759234
0.05,4,8,local_corrected,self_mass,0.02993892670929199
0.05,4,8,local_corrected,output_mse,0.04335729814192746
0.05,4,8,local_corrected,output_mae,0.1432777963927947
0.05,4,8,local_corrected,output_cosine,0.9290844474453479
0.05,4,8,local_corrected,output_relative_rmse,0.37533223029458895
0.05,4,8,full_sparse,self_mass,0.054676230407494586
0.05,4,8,full_sparse,output_mse,0.04144540189008694
0.05,4,8,full_sparse,output_mae,0.1399121356953401
0.05,4,8,full_sparse,output_cosine,0.9321653035003692
0.05,4,8,full_sparse,output_relative_rmse,0.36697174806613475
0.05,4,8,full_corrected,self_mass,0.031131975432799663
0.05,4,8,full_corrected,output_mse,0.043417358880105894
0.05,4,8,full_corrected,output_mae,0.1439165003830567
0.05,4,8,full_corrected,output_cosine,0.9300574029330164
0.05,4,8,full_corrected,output_relative_rmse,0.3756137978634797
0.05,4,9,dense,self_mass,0.0350307766784681
0.05,4,9,dense,output_mse,0.0
0.05,4,9,dense,output_mae,0.0
0.05,4,9,dense,output_cosine,1.0
0.05,4,9,dense,output_relative_rmse,0.0
0.05,4,9,local_sparse,self_mass,0.07546038889267948
0.05,4,9,local_sparse,output_mse,0.03970555822888855
0.05,4,9,local_sparse,output_mae,0.13997588265920058
0.05,4,9,local_sparse,output_cosine,0.9103014983702451
0.05,4,9,local_sparse,output_relative_rmse,0.4332473517861217
0.05,4,9,local_corrected,self_mass,0.04105536695715273
0.05,4,9,local_corrected,output_mse,0.041174979240167886
0.05,4,9,local_corrected,output_mae,0.14257164605078287
0.05,4,9,local_corrected,output_cosine,0.906902690185234
0.05,4,9,local_corrected,output_relative_rmse,0.44115815649274737
0.05,4,9,full_sparse,self_mass,0.07561512751271948
0.05,4,9,full_sparse,output_mse,0.03836579390190309
0.05,4,9,full_sparse,output_mae,0.13693826188682579
0.05,4,9,full_sparse,output_cosine,0.9130092295818031
0.05,4,9,full_sparse,output_relative_rmse,0.42579637572634965
0.05,4,9,full_corrected,self_mass,0.04308195369958412
0.05,4,9,full_corrected,output_mse,0.04066382030578097
0.05,4,9,full_corrected,output_mae,0.14152553776511922
0.05,4,9,full_corrected,output_cosine,0.90944136492908
0.05,4,9,full_corrected,output_relative_rmse,0.4383673226693645
0.05,4,10,dense,self_mass,0.004790392654285824
0.05,4,10,dense,output_mse,0.0
0.05,4,10,dense,output_mae,0.0
0.05,4,10,dense,output_cosine,1.0
0.05,4,10,dense,output_relative_rmse,0.0
0.05,4,10,local_sparse,self_mass,0.009474020604102407
0.05,4,10,local_sparse,output_mse,0.0042084328392775205
0.05,4,10,local_sparse,output_mae,0.04952770865929779
0.05,4,10,local_sparse,output_cosine,0.969715862069279
0.05,4,10,local_sparse,output_relative_rmse,0.24966475201654248
0.05,4,10,local_corrected,self_mass,0.004859544395003468
0.05,4,10,local_corrected,output_mse,0.004225420459988527
0.05,4,10,local_corrected,output_mae,0.04960468498757109
0.05,4,10,local_corrected,output_cosine,0.9695481765083969
0.05,4,10,local_corrected,output_relative_rmse,0.25014517246745527
0.05,4,10,full_sparse,self_mass,0.009504250758254784
0.05,4,10,full_sparse,output_mse,0.0033689222404973407
0.05,4,10,full_sparse,output_mae,0.04439902246667771
0.05,4,10,full_sparse,output_cosine,0.9755937031004578
0.05,4,10,full_sparse,output_relative_rmse,0.22319905587937683
0.05,4,10,full_corrected,self_mass,0.004938471527566435
0.05,4,10,full_corrected,output_mse,0.003433515751567029
0.05,4,10,full_corrected,output_mae,0.0448161295717
0.05,4,10,full_corrected,output_cosine,0.9753392518032342
0.05,4,10,full_corrected,output_relative_rmse,0.2256069714203477
0.05,4,11,dense,self_mass,0.045424948330037296
0.05,4,11,dense,output_mse,0.0
0.05,4,11,dense,output_mae,0.0
0.05,4,11,dense,output_cosine,1.0
0.05,4,11,dense,output_relative_rmse,0.0
0.05,4,11,local_sparse,self_mass,0.08612864611495752
0.05,4,11,local_sparse,output_mse,0.022775879708206048
0.05,4,11,local_sparse,output_mae,0.10994616357493214
0.05,4,11,local_sparse,output_cosine,0.9555841502733529
0.05,4,11,local_sparse,output_relative_rmse,0.3107307995669544
0.05,4,11,local_corrected,self_mass,0.04801803924056003
0.05,4,11,local_corrected,output_mse,0.02300463071151171
0.05,4,11,local_corrected,output_mae,0.11021287387120537
0.05,4,11,local_corrected,output_cosine,0.9538546022959054
0.05,4,11,local_corrected,output_relative_rmse,0.3121934733935632
0.05,4,11,full_sparse,self_mass,0.08564852838753723
0.05,4,11,full_sparse,output_mse,0.02094246506021591
0.05,4,11,full_sparse,output_mae,0.10445058793993667
0.05,4,11,full_sparse,output_cosine,0.9585704028140754
0.05,4,11,full_sparse,output_relative_rmse,0.297770167409908
0.05,4,11,full_corrected,self_mass,0.05046119397593429
0.05,4,11,full_corrected,output_mse,0.0217226448803558
0.05,4,11,full_corrected,output_mae,0.10646236423053779
0.05,4,11,full_corrected,output_cosine,0.9569108721334487
0.05,4,11,full_corrected,output_relative_rmse,0.3032757483306341
0.05,5,0,dense,self_mass,0.03278354370922898
0.05,5,0,dense,output_mse,0.0
0.05,5,0,dense,output_mae,0.0
0.05,5,0,dense,output_cosine,1.0
0.05,5,0,dense,output_relative_rmse,0.0
0.05,5,0,local_sparse,self_mass,0.06288034452154534
0.05,5,0,local_sparse,output_mse,0.017528392621898092
0.05,5,0,local_sparse,output_mae,0.09447348480171058
0.05,5,0,local_sparse,output_cosine,0.9749588388949633
0.05,5,0,local_sparse,output_relative_rmse,0.22714855999220163
0.05,5,0,local_corrected,self_mass,0.03539377174456604
0.05,5,0,local_corrected,output_mse,0.01797206788069161
0.05,5,0,local_corrected,output_mae,0.09546285633405205
0.05,5,0,local_corrected,output_cosine,0.9740581850055605
0.05,5,0,local_corrected,output_relative_rmse,0.22990168305113912
0.05,5,0,full_sparse,self_mass,0.06222239568887744
0.05,5,0,full_sparse,output_mse,0.016445706665763282
0.05,5,0,full_sparse,output_mae,0.09164396904816385
0.05,5,0,full_sparse,output_cosine,0.9761536137666553
0.05,5,0,full_sparse,output_relative_rmse,0.21978634619154036
0.05,5,0,full_corrected,self_mass,0.035946070707723266
0.05,5,0,full_corrected,output_mse,0.017760947586793918
0.05,5,0,full_corrected,output_mae,0.09521510018385015
0.05,5,0,full_corrected,output_cosine,0.9747474177274853
0.05,5,0,full_corrected,output_relative_rmse,0.22841769532533363
0.05,5,1,dense,self_mass,0.008820715005640523
0.05,5,1,dense,output_mse,0.0
0.05,5,1,dense,output_mae,0.0
0.05,5,1,dense,output_cosine,1.0
0.05,5,1,dense,output_relative_rmse,0.0
0.05,5,1,local_sparse,self_mass,0.017384571270667948
0.05,5,1,local_sparse,output_mse,0.005207189353313879
0.05,5,1,local_sparse,output_mae,0.055088635854190215
0.05,5,1,local_sparse,output_cosine,0.9662638332229108
0.05,5,1,local_sparse,output_relative_rmse,0.26374909456353635
0.05,5,1,local_corrected,self_mass,0.00890298311605875
0.05,5,1,local_corrected,output_mse,0.005237439836491831
0.05,5,1,local_corrected,output_mae,0.055209087193361484
0.05,5,1,local_corrected,output_cosine,0.9659286006353796
0.05,5,1,local_corrected,output_relative_rmse,0.2645267219049856
0.05,5,1,full_sparse,self_mass,0.01726387937742402
0.05,5,1,full_sparse,output_mse,0.004086944638856949
0.05,5,1,full_sparse,output_mae,0.04856700870732311
0.05,5,1,full_sparse,output_cosine,0.9727711398154497
0.05,5,1,full_sparse,output_relative_rmse,0.23391852562781423
0.05,5,1,full_corrected,self_mass,0.008929400435590651
0.05,5,1,full_corrected,output_mse,0.004433237058037776
0.05,5,1,full_corrected,output_mae,0.050479646160965785
0.05,5,1,full_corrected,output_cosine,0.9713040990754962
0.05,5,1,full_corrected,output_relative_rmse,0.24403657601214945
0.05,5,2,dense,self_mass,0.02095678152909386
0.05,5,2,dense,output_mse,0.0
0.05,5,2,dense,output_mae,0.0
0.05,5,2,dense,output_cosine,1.0
0.05,5,2,dense,output_relative_rmse,0.0
0.05,5,2,local_sparse,self_mass,0.040269729448482394
0.05,5,2,local_sparse,output_mse,0.006905292477313196
0.05,5,2,local_sparse,output_mae,0.06267550248594489
0.05,5,2,local_sparse,output_cosine,0.9749372131191194
0.05,5,2,local_sparse,output_relative_rmse,0.21901053603505716
0.05,5,2,local_corrected,self_mass,0.02136158670691657
0.05,5,2,local_corrected,output_mse,0.0069433123144335696
0.05,5,2,local_corrected,output_mae,0.06265043013263494
0.05,5,2,local_corrected,output_cosine,0.9742605260107666
0.05,5,2,local_corrected,output_relative_rmse,0.21944731852272525
0.05,5,2,full_sparse,self_mass,0.03962637184304185
0.05,5,2,full_sparse,output_mse,0.005918047953855421
0.05,5,2,full_sparse,output_mae,0.05759289636625908
0.05,5,2,full_sparse,output_cosine,0.9781004874967039
0.05,5,2,full_sparse,output_relative_rmse,0.2020486340043135
0.05,5,2,full_corrected,self_mass,0.021727283936343156
0.05,5,2,full_corrected,output_mse,0.006303899362137599
0.05,5,2,full_corrected,output_mae,0.059313462596037425
0.05,5,2,full_corrected,output_cosine,0.9770994221325964
0.05,5,2,full_corrected,output_relative_rmse,0.20863523369189352
0.05,5,3,dense,self_mass,0.012517162429503514
0.05,5,3,dense,output_mse,0.0
0.05,5,3,dense,output_mae,0.0
0.05,5,3,dense,output_cosine,1.0
0.05,5,3,dense,output_relative_rmse,0.0
0.05,5,3,local_sparse,self_mass,0.024445139093586477
0.05,5,3,local_sparse,output_mse,0.005965523283521179
0.05,5,3,local_sparse,output_mae,0.05985663388855755
0.05,5,3,local_sparse,output_cosine,0.9664222944993526
0.05,5,3,local_sparse,output_relative_rmse,0.25862049392890185
0.05,5,3,local_corrected,self_mass,0.012580132231960306
0.05,5,3,local_corrected,output_mse,0.005964954177215986
0.05,5,3,local_corrected,output_mae,0.05981574118777644
0.05,5,3,local_corrected,output_cosine,0.9657843513414264
0.05,5,3,local_corrected,output_relative_rmse,0.2586083157802932
0.05,5,3,full_sparse,self_mass,0.023820359081582865
0.05,5,3,full_sparse,output_mse,0.0044688196549032
0.05,5,3,full_sparse,output_mae,0.051702913668123074
0.05,5,3,full_sparse,output_cosine,0.9740964258089662
0.05,5,3,full_sparse,output_relative_rmse,0.2239728773420211
0.05,5,3,full_corrected,self_mass,0.012508184476246242
0.05,5,3,full_corrected,output_mse,0.004735653721581912
0.05,5,3,full_corrected,output_mae,0.05321419429674279
0.05,5,3,full_corrected,output_cosine,0.9725596182979643
0.05,5,3,full_corrected,output_relative_rmse,0.23086459169280715
0.05,5,4,dense,self_mass,0.09946829531691037
0.05,5,4,dense,output_mse,0.0
0.05,5,4,dense,output_mae,0.0
0.05,5,4,dense,output_cosine,1.0
0.05,5,4,dense,output_relative_rmse,0.0
0.05,5,4,local_sparse,self_mass,0.17835867579560727
0.05,5,4,local_sparse,output_mse,0.04059417883399874
0.05,5,4,local_sparse,output_mae,0.1402020420646295
0.05,5,4,local_sparse,output_cosine,0.9422287959605455
0.05,5,4,local_sparse,output_relative_rmse,0.3549873472074978
0.05,5,4,local_corrected,self_mass,0.11068765654636081
0.05,5,4,local_corrected,output_mse,0.0410901226932765
0.05,5,4,local_corrected,output_mae,0.1416129358112812
0.05,5,4,local_corrected,output_cosine,0.9391013595741242
0.05,5,4,local_corrected,output_relative_rmse,0.3569199023186229
0.05,5,4,full_sparse,self_mass,0.17724456419819035
0.05,5,4,full_sparse,output_mse,0.03729304524313193
0.05,5,4,full_sparse,output_mae,0.13448193468502723
0.05,5,4,full_sparse,output_cosine,0.9465220745187253
0.05,5,4,full_sparse,output_relative_rmse,0.3395946287200786
0.05,5,4,full_corrected,self_mass,0.11485426407307386
0.05,5,4,full_corrected,output_mse,0.039912870721309446
0.05,5,4,full_corrected,output_mae,0.14035699563100934
0.05,5,4,full_corrected,output_cosine,0.9427741975523531
0.05,5,4,full_corrected,output_relative_rmse,0.35142652568174526
0.05,5,5,dense,self_mass,0.06315328233904438
0.05,5,5,dense,output_mse,0.0
0.05,5,5,dense,output_mae,0.0
0.05,5,5,dense,output_cosine,1.0
0.05,5,5,dense,output_relative_rmse,0.0
0.05,5,5,local_sparse,self_mass,0.11587396018148866
0.05,5,5,local_sparse,output_mse,0.020027562764880713
0.05,5,5,local_sparse,output_mae,0.1007678995229071
0.05,5,5,local_sparse,output_cosine,0.9762611691839993
0.05,5,5,local_sparse,output_relative_rmse,0.2184141050965991
0.05,5,5,local_corrected,self_mass,0.06933718530490296
0.05,5,5,local_corrected,output_mse,0.02069330266385805
0.05,5,5,local_corrected,output_mae,0.102300516795367
0.05,5,5,local_corrected,output_cosine,0.9750907821580768
0.05,5,5,local_corrected,output_relative_rmse,0.22198154230136424
0.05,5,5,full_sparse,self_mass,0.11632500398263801
0.05,5,5,full_sparse,output_mse,0.019148358100210316
0.05,5,5,full_sparse,output_mae,0.0990708877943689
0.05,5,5,full_sparse,output_cosine,0.9771417744923383
0.05,5,5,full_sparse,output_relative_rmse,0.21352936647599563
0.05,5,5,full_corrected,self_mass,0.07159359599609161
0.05,5,5,full_corrected,output_mse,0.02079053681518417
0.05,5,5,full_corrected,output_mae,0.10326838317268994
0.05,5,5,full_corrected,output_cosine,0.9754943961743265
0.05,5,5,full_corrected,output_relative_rmse,0.22251947998302057
0.05,5,6,dense,self_mass,0.040306030299689155
0.05,5,6,dense,output_mse,0.0
0.05,5,6,dense,output_mae,0.0
0.05,5,6,dense,output_cosine,1.0
0.05,5,6,dense,output_relative_rmse,0.0
0.05,5,6,local_sparse,self_mass,0.07959229980770033
0.05,5,6,local_sparse,output_mse,0.02039229346337379
0.05,5,6,local_sparse,output_mae,0.10606044824817218
0.05,5,6,local_sparse,output_cosine,0.9493883375544101
0.05,5,6,local_sparse,output_relative_rmse,0.3221763523761183
0.05,5,6,local_corrected,self_mass,0.042655745608499274
0.05,5,6,local_corrected,output_mse,0.021123957296367735
0.05,5,6,local_corrected,output_mae,0.10780042893020436
0.05,5,6,local_corrected,output_cosine,0.9468573632184416
0.05,5,6,local_corrected,output_relative_rmse,0.3278955757850781
0.05,5,6,full_sparse,self_mass,0.08015605006949045
0.05,5,6,full_sparse,output_mse,0.018568675175629323
0.05,5,6,full_sparse,output_mae,0.10109235887648538
0.05,5,6,full_sparse,output_cosine,0.9529346660710871
0.05,5,6,full_sparse,output_relative_rmse,0.307475833571516
0.05,5,6,full_corrected,self_mass,0.04407518345396966
0.05,5,6,full_corrected,output_mse,0.02052239798285882
0.05,5,6,full_corrected,output_mae,0.10620770027162507
0.05,5,6,full_corrected,output_cosine,0.9493883084505796
0.05,5,6,full_corrected,output_relative_rmse,0.3232225254760124
0.05,5,7,dense,self_mass,0.03314984314783942
0.05,5,7,dense,output_mse,0.0
0.05,5,7,dense,output_mae,0.0
0.05,5,7,dense,output_cosine,1.0
0.05,5,7,dense,output_relative_rmse,0.0
0.05,5,7,local_sparse,self_mass,0.06445070830523036
0.05,5,7,local_sparse,output_mse,0.014505547072985792
0.05,5,7,local_sparse,output_mae,0.09209334589831997
0.05,5,7,local_sparse,output_cosine,0.966922688530758
0.05,5,7,local_sparse,output_relative_rmse,0.25894384569255635
0.05,5,7,local_corrected,self_mass,0.03402212545188377
0.05,5,7,local_corrected,output_mse,0.01483373540759203
0.05,5,7,local_corrected,output_mae,0.09284422206110321
0.05,5,7,local_corrected,output_cosine,0.9651932853739709
0.05,5,7,local_corrected,output_relative_rmse,0.2618641054723412
0.05,5,7,full_sparse,self_mass,0.06371252838289365
0.05,5,7,full_sparse,output_mse,0.010992098415954388
0.05,5,7,full_sparse,output_mae,0.08010863052913919
0.05,5,7,full_sparse,output_cosine,0.9738507634028792
0.05,5,7,full_sparse,output_relative_rmse,0.22531823575263843
0.05,5,7,full_corrected,self_mass,0.033915993764821906
0.05,5,7,full_corrected,output_mse,0.012139971646320191
0.05,5,7,full_corrected,output_mae,0.08392257404921111
0.05,5,7,full_corrected,output_cosine,0.9713951009325683
0.05,5,7,full_corrected,output_relative_rmse,0.23676145321223885
0.05,5,8,dense,self_mass,0.0678480745118577
0.05,5,8,dense,output_mse,0.0
0.05,5,8,dense,output_mae,0.0
0.05,5,8,dense,output_cosine,1.0
0.05,5,8,dense,output_relative_rmse,0.0
0.05,5,8,local_sparse,self_mass,0.1254727404739242
0.05,5,8,local_sparse,output_mse,0.017040550519595854
0.05,5,8,local_sparse,output_mae,0.09814347744395491
0.05,5,8,local_sparse,output_cosine,0.9711255375295877
0.05,5,8,local_sparse,output_relative_rmse,0.2450811379821971
0.05,5,8,local_corrected,self_mass,0.07095089767244644
0.05,5,8,local_corrected,output_mse,0.017032381085300585
0.05,5,8,local_corrected,output_mae,0.09774757236300502
0.05,5,8,local_corrected,output_cosine,0.969557945150882
0.05,5,8,local_corrected,output_relative_rmse,0.24508422991493717
0.05,5,8,full_sparse,self_mass,0.12312999053392559
0.05,5,8,full_sparse,output_mse,0.014147521877021063
0.05,5,8,full_sparse,output_mae,0.08941703630262055
0.05,5,8,full_sparse,output_cosine,0.9750643037259579
0.05,5,8,full_sparse,output_relative_rmse,0.22337268479168415
0.05,5,8,full_corrected,self_mass,0.07165336230536923
0.05,5,8,full_corrected,output_mse,0.015246085578837665
0.05,5,8,full_corrected,output_mae,0.09261796885402873
0.05,5,8,full_corrected,output_cosine,0.9729934511706233
0.05,5,8,full_corrected,output_relative_rmse,0.23181311722146347
0.05,5,9,dense,self_mass,0.02277914553633309
0.05,5,9,dense,output_mse,0.0
0.05,5,9,dense,output_mae,0.0
0.05,5,9,dense,output_cosine,1.0
0.05,5,9,dense,output_relative_rmse,0.0
0.05,5,9,local_sparse,self_mass,0.05067437059915392
0.05,5,9,local_sparse,output_mse,0.05061409275367623
0.05,5,9,local_sparse,output_mae,0.15238472432247363
0.05,5,9,local_sparse,output_cosine,0.9380619167350233
0.05,5,9,local_sparse,output_relative_rmse,0.35825029539410025
0.05,5,9,local_corrected,self_mass,0.027688312249665614
0.05,5,9,local_corrected,output_mse,0.051851275566150434
0.05,5,9,local_corrected,output_mae,0.15449515767977573
0.05,5,9,local_corrected,output_cosine,0.9364488448482007
0.05,5,9,local_corrected,output_relative_rmse,0.36261338111944497
0.05,5,9,full_sparse,self_mass,0.050375351165712345
0.05,5,9,full_sparse,output_mse,0.050874564236437436
0.05,5,9,full_sparse,output_mae,0.15406287051155232
0.05,5,9,full_sparse,output_cosine,0.9375331166666001
0.05,5,9,full_sparse,output_relative_rmse,0.35905680269934237
0.05,5,9,full_corrected,self_mass,0.02872298251168104
0.05,5,9,full_corrected,output_mse,0.05435244255932048
0.05,5,9,full_corrected,output_mae,0.16032094712136313
0.05,5,9,full_corrected,output_cosine,0.9348817325662822
0.05,5,9,full_corrected,output_relative_rmse,0.3711984840920195
0.05,5,10,dense,self_mass,0.045766215000185184
0.05,5,10,dense,output_mse,0.0
0.05,5,10,dense,output_mae,0.0
0.05,5,10,dense,output_cosine,1.0
0.05,5,10,dense,output_relative_rmse,0.0
0.05,5,10,local_sparse,self_mass,0.08591430667729583
0.05,5,10,local_sparse,output_mse,0.019606450950959697
0.05,5,10,local_sparse,output_mae,0.10312814847566187
0.05,5,10,local_sparse,output_cosine,0.9379793829284608
0.05,5,10,local_sparse,output_relative_rmse,0.37236412131460384
0.05,5,10,local_corrected,self_mass,0.04746262602566276
0.05,5,10,local_corrected,output_mse,0.019625544427981367
0.05,5,10,local_corrected,output_mae,0.10326629207702354
0.05,5,10,local_corrected,output_cosine,0.9360869619995356
0.05,5,10,local_corrected,output_relative_rmse,0.3725796030485071
0.05,5,10,full_sparse,self_mass,0.08509110978047829
0.05,5,10,full_sparse,output_mse,0.018448679893481312
0.05,5,10,full_sparse,output_mae,0.09932639251928777
0.05,5,10,full_sparse,output_cosine,0.9401624097954482
0.05,5,10,full_sparse,output_relative_rmse,0.36121294036274776
0.05,5,10,full_corrected,self_mass,0.04970341936859768
0.05,5,10,full_corrected,output_mse,0.019542421883670613
0.05,5,10,full_corrected,output_mae,0.10239787670434453
0.05,5,10,full_corrected,output_cosine,0.9372834905516356
0.05,5,10,full_corrected,output_relative_rmse,0.3718229778460227
0.05,5,11,dense,self_mass,0.014956091072235722
0.05,5,11,dense,output_mse,0.0
0.05,5,11,dense,output_mae,0.0
0.05,5,11,dense,output_cosine,1.0
0.05,5,11,dense,output_relative_rmse,0.0
0.05,5,11,local_sparse,self_mass,0.029113013144524302
0.05,5,11,local_sparse,output_mse,0.005856483830029902
0.05,5,11,local_sparse,output_mae,0.05880219521350227
0.05,5,11,local_sparse,output_cosine,0.9658649200573564
0.05,5,11,local_sparse,output_relative_rmse,0.2633191882632673
0.05,5,11,local_corrected,self_mass,0.015024639938928885
0.05,5,11,local_corrected,output_mse,0.005864731938345358
0.05,5,11,local_corrected,output_mae,0.05878356176253874
0.05,5,11,local_corrected,output_cosine,0.9652077259961516
0.05,5,11,local_corrected,output_relative_rmse,0.2634832980693318
0.05,5,11,full_sparse,self_mass,0.028563337938976474
0.05,5,11,full_sparse,output_mse,0.004647682980248646
0.05,5,11,full_sparse,output_mae,0.05219389882404357
0.05,5,11,full_sparse,output_cosine,0.9720387610141188
0.05,5,11,full_sparse,output_relative_rmse,0.2344481582113076
0.05,5,11,full_corrected,self_mass,0.0149202186439652
0.05,5,11,full_corrected,output_mse,0.0049741225247998955
0.05,5,11,full_corrected,output_mae,0.05385686078807339
0.05,5,11,full_corrected,output_cosine,0.9705065744929016
0.05,5,11,full_corrected,output_relative_rmse,0.2425631049554795
0.05,6,0,dense,self_mass,0.069379338005092
0.05,6,0,dense,output_mse,0.0
0.05,6,0,dense,output_mae,0.0
0.05,6,0,dense,output_cosine,1.0
0.05,6,0,dense,output_relative_rmse,0.0
0.05,6,0,local_sparse,self_mass,0.1298235828144243
0.05,6,0,local_sparse,output_mse,0.04110989662876818
0.05,6,0,local_sparse,output_mae,0.1412548643129412
0.05,6,0,local_sparse,output_cosine,0.9440177879296243
0.05,6,0,local_sparse,output_relative_rmse,0.3583260757732205
0.05,6,0,local_corrected,self_mass,0.07577042648335919
0.05,6,0,local_corrected,output_mse,0.041421379093662836
0.05,6,0,local_corrected,output_mae,0.14175015079672448
0.05,6,0,local_corrected,output_cosine,0.9418535614386201
0.05,6,0,local_corrected,output_relative_rmse,0.3595199399860576
0.05,6,0,full_sparse,self_mass,0.12593554289196618
0.05,6,0,full_sparse,output_mse,0.03932850571436575
0.05,6,0,full_sparse,output_mae,0.13826482245349325
0.05,6,0,full_sparse,output_cosine,0.9453938372898847
0.05,6,0,full_sparse,output_relative_rmse,0.35023376235039905
0.05,6,0,full_corrected,self_mass,0.07690964852372417
0.05,6,0,full_corrected,output_mse,0.04300186775799375
0.05,6,0,full_corrected,output_mae,0.1453021105262451
0.05,6,0,full_corrected,output_cosine,0.9414813299663365
0.05,6,0,full_corrected,output_relative_rmse,0.3663394586183131
0.05,6,1,dense,self_mass,0.049714684108039364
0.05,6,1,dense,output_mse,0.0
0.05,6,1,dense,output_mae,0.0
0.05,6,1,dense,output_cosine,1.0
0.05,6,1,dense,output_relative_rmse,0.0
0.05,6,1,local_sparse,self_mass,0.09450954747444484
0.05,6,1,local_sparse,output_mse,0.016197775647015078
0.05,6,1,local_sparse,output_mae,0.09488016663817689
0.05,6,1,local_sparse,output_cosine,0.9644283594097942
0.05,6,1,local_sparse,output_relative_rmse,0.27229162584990263
0.05,6,1,local_corrected,self_mass,0.05162543750338955
0.05,6,1,local_corrected,output_mse,0.01645299218398577
0.05,6,1,local_corrected,output_mae,0.09522675526386593
0.05,6,1,local_corrected,output_cosine,0.9626067497301847
0.05,6,1,local_corrected,output_relative_rmse,0.27442142594372854
0.05,6,1,full_sparse,self_mass,0.09321537072537467
0.05,6,1,full_sparse,output_mse,0.013660797298143734
0.05,6,1,full_sparse,output_mae,0.0871576014906168
0.05,6,1,full_sparse,output_cosine,0.968788807047531
0.05,6,1,full_sparse,output_relative_rmse,0.2502393202157691
0.05,6,1,full_corrected,self_mass,0.05259243223554222
0.05,6,1,full_corrected,output_mse,0.01520596386944817
0.05,6,1,full_corrected,output_mae,0.091704748061602
0.05,6,1,full_corrected,output_cosine,0.9658823008649051
0.05,6,1,full_corrected,output_relative_rmse,0.26381686580134556
0.05,6,2,dense,self_mass,0.05489522989228135
0.05,6,2,dense,output_mse,0.0
0.05,6,2,dense,output_mae,0.0
0.05,6,2,dense,output_cosine,1.0
0.05,6,2,dense,output_relative_rmse,0.0
0.05,6,2,local_sparse,self_mass,0.10445437084126752
0.05,6,2,local_sparse,output_mse,0.03553604533226462
0.05,6,2,local_sparse,output_mae,0.1305583374632988
0.05,6,2,local_sparse,output_cosine,0.9650710469577461
0.05,6,2,local_sparse,output_relative_rmse,0.27103069005534053
0.05,6,2,local_corrected,self_mass,0.06252928686444648
0.05,6,2,local_corrected,output_mse,0.03658305521457805
0.05,6,2,local_corrected,output_mae,0.13256946502951905
0.05,6,2,local_corrected,output_cosine,0.9635910077486187
0.05,6,2,local_corrected,output_relative_rmse,0.2750169266946614
0.05,6,2,full_sparse,self_mass,0.10324336680059787
0.05,6,2,full_sparse,output_mse,0.03609478034559288
0.05,6,2,full_sparse,output_mae,0.13324351463234052
0.05,6,2,full_sparse,output_cosine,0.9641965089831501
0.05,6,2,full_sparse,output_relative_rmse,0.2731056160409935
0.05,6,2,full_corrected,self_mass,0.06276217636332149
0.05,6,2,full_corrected,output_mse,0.04012184464954771
0.05,6,2,full_corrected,output_mae,0.14105382416164503
0.05,6,2,full_corrected,output_cosine,0.9611648845020682
0.05,6,2,full_corrected,output_relative_rmse,0.28806549904402345
0.05,6,3,dense,self_mass,0.023109125286282506
0.05,6,3,dense,output_mse,0.0
0.05,6,3,dense,output_mae,0.0
0.05,6,3,dense,output_cosine,1.0
0.05,6,3,dense,output_relative_rmse,0.0
0.05,6,3,local_sparse,self_mass,0.044946709713258315
0.05,6,3,local_sparse,output_mse,0.009492525225141435
0.05,6,3,local_sparse,output_mae,0.07453766511753201
0.05,6,3,local_sparse,output_cosine,0.9592624881770462
0.05,6,3,local_sparse,output_relative_rmse,0.29683640017174184
0.05,6,3,local_corrected,self_mass,0.023465764505090192
0.05,6,3,local_corrected,output_mse,0.009402151756148669
0.05,6,3,local_corrected,output_mae,0.07412363030016422
0.05,6,3,local_corrected,output_cosine,0.9579904582351446
0.05,6,3,local_corrected,output_relative_rmse,0.2953476740512997
0.05,6,3,full_sparse,self_mass,0.04383164370665327
0.05,6,3,full_sparse,output_mse,0.006979977345508814
0.05,6,3,full_sparse,output_mae,0.06355776834243443
0.05,6,3,full_sparse,output_cosine,0.9684432039503008
0.05,6,3,full_sparse,output_relative_rmse,0.2543480256572366
0.05,6,3,full_corrected,self_mass,0.024288036966026993
0.05,6,3,full_corrected,output_mse,0.007593586815346498
0.05,6,3,full_corrected,output_mae,0.06619962691911496
0.05,6,3,full_corrected,output_cosine,0.9663768731988966
0.05,6,3,full_corrected,output_relative_rmse,0.2653545141220093
0.05,6,4,dense,self_mass,0.008967227524408372
0.05,6,4,dense,output_mse,0.0
0.05,6,4,dense,output_mae,0.0
0.05,6,4,dense,output_cosine,1.0
0.05,6,4,dense,output_relative_rmse,0.0
0.05,6,4,local_sparse,self_mass,0.017931781028892146
0.05,6,4,local_sparse,output_mse,0.011555469071026891
0.05,6,4,local_sparse,output_mae,0.08277975145028904
0.05,6,4,local_sparse,output_cosine,0.968398816883564
0.05,6,4,local_sparse,output_relative_rmse,0.2510698598343879
0.05,6,4,local_corrected,self_mass,0.00908487257311208
0.05,6,4,local_corrected,output_mse,0.011705386201356305
0.05,6,4,local_corrected,output_mae,0.08323225640924647
0.05,6,4,local_corrected,output_cosine,0.9677968919277191
0.05,6,4,local_corrected,output_relative_rmse,0.252668040280696
0.05,6,4,full_sparse,self_mass,0.017851279699243605
0.05,6,4,full_sparse,output_mse,0.008417758926952956
0.05,6,4,full_sparse,output_mae,0.07064784877002239
0.05,6,4,full_sparse,output_cosine,0.9760696510784328
0.05,6,4,full_sparse,output_relative_rmse,0.21428076352458447
0.05,6,4,full_corrected,self_mass,0.008852388123159471
0.05,6,4,full_corrected,output_mse,0.009327155183200375
0.05,6,4,full_corrected,output_mae,0.07419179359567352
0.05,6,4,full_corrected,output_cosine,0.9742486258037388
0.05,6,4,full_corrected,output_relative_rmse,0.22547772148391232
0.05,6,5,dense,self_mass,0.017385308292432455
0.05,6,5,dense,output_mse,0.0
0.05,6,5,dense,output_mae,0.0
0.05,6,5,dense,output_cosine,1.0
0.05,6,5,dense,output_relative_rmse,0.0
0.05,6,5,local_sparse,self_mass,0.033716753547196276
0.05,6,5,local_sparse,output_mse,0.0075142322730243905
0.05,6,5,local_sparse,output_mae,0.06618289778998587
0.05,6,5,local_sparse,output_cosine,0.9657398187555373
0.05,6,5,local_sparse,output_relative_rmse,0.2637342583620921
0.05,6,5,local_corrected,self_mass,0.017544483587698778
0.05,6,5,local_corrected,output_mse,0.007523476950154873
0.05,6,5,local_corrected,output_mae,0.06612566762487404
0.05,6,5,local_corrected,output_cosine,0.9648937452584505
0.05,6,5,local_corrected,output_relative_rmse,0.2638221063534729
0.05,6,5,full_sparse,self_mass,0.032948769730865024
0.05,6,5,full_sparse,output_mse,0.006613228760215861
0.05,6,5,full_sparse,output_mae,0.061985968743101694
0.05,6,5,full_sparse,output_cosine,0.9685459583997726
0.05,6,5,full_sparse,output_relative_rmse,0.2473302927101031
0.05,6,5,full_corrected,self_mass,0.01778888867193018
0.05,6,5,full_corrected,output_mse,0.00718162108114484
0.05,6,5,full_corrected,output_mae,0.06441250041825697
0.05,6,5,full_corrected,output_cosine,0.9667295515537262
0.05,6,5,full_corrected,output_relative_rmse,0.257642573909834
0.05,6,6,dense,self_mass,0.017741223329721834
0.05,6,6,dense,output_mse,0.0
0.05,6,6,dense,output_mae,0.0
0.05,6,6,dense,output_cosine,1.0
0.05,6,6,dense,output_relative_rmse,0.0
0.05,6,6,local_sparse,self_mass,0.03454967304787715
0.05,6,6,local_sparse,output_mse,0.009657428503487608
0.05,6,6,local_sparse,output_mae,0.0743834322784096
0.05,6,6,local_sparse,output_cosine,0.9692731711547822
0.05,6,6,local_sparse,output_relative_rmse,0.24756658199476078
0.05,6,6,local_corrected,self_mass,0.01814944555189868
0.05,6,6,local_corrected,output_mse,0.009757187333889306
0.05,6,6,local_corrected,output_mae,0.07462820518412627
0.05,6,6,local_corrected,output_cosine,0.9685019105672836
0.05,6,6,local_corrected,output_relative_rmse,0.2487189062521793
0.05,6,6,full_sparse,self_mass,0.03437807970112772
0.05,6,6,full_sparse,output_mse,0.00751643640887778
0.05,6,6,full_sparse,output_mae,0.06558010482694954
0.05,6,6,full_sparse,output_cosine,0.9752259666565806
0.05,6,6,full_sparse,output_relative_rmse,0.21860129784909077
0.05,6,6,full_corrected,self_mass,0.01907663685597072
0.05,6,6,full_corrected,output_mse,0.008445569388641161
0.05,6,6,full_corrected,output_mae,0.06917132079252042
0.05,6,6,full_corrected,output_cosine,0.9735052157193422
0.05,6,6,full_corrected,output_relative_rmse,0.23159872894757427
0.05,6,7,dense,self_mass,0.04829131724545732
0.05,6,7,dense,output_mse,0.0
0.05,6,7,dense,output_mae,0.0
0.05,6,7,dense,output_cosine,1.0
0.05,6,7,dense,output_relative_rmse,0.0
0.05,6,7,local_sparse,self_mass,0.08862978835531976
0.05,6,7,local_sparse,output_mse,0.0197949752509885
0.05,6,7,local_sparse,output_mae,0.10215614625485614
0.05,6,7,local_sparse,output_cosine,0.9724582340568304
0.05,6,7,local_sparse,output_relative_rmse,0.23598258721176535
0.05,6,7,local_corrected,self_mass,0.051743351643381175
0.05,6,7,local_corrected,output_mse,0.02029799129195453
0.05,6,7,local_corrected,output_mae,0.10297843400621787
0.05,6,7,local_corrected,output_cosine,0.9711665171198547
0.05,6,7,local_corrected,output_relative_rmse,0.23885046545183286
0.05,6,7,full_sparse,self_mass,0.08806167244620156
0.05,6,7,full_sparse,output_mse,0.02006079593775212
0.05,6,7,full_sparse,output_mae,0.10299081559060141
0.05,6,7,full_sparse,output_cosine,0.9717796014156193
0.05,6,7,full_sparse,output_relative_rmse,0.2375022024498321
0.05,6,7,full_corrected,self_mass,0.05136433518782724
0.05,6,7,full_corrected,output_mse,0.02189758454915136
0.05,6,7,full_corrected,output_mae,0.10728567137266509
0.05,6,7,full_corrected,output_cosine,0.9696305154357105
0.05,6,7,full_corrected,output_relative_rmse,0.24805536383064464
0.05,6,8,dense,self_mass,0.0927825225808192
0.05,6,8,dense,output_mse,0.0
0.05,6,8,dense,output_mae,0.0
0.05,6,8,dense,output_cosine,1.0
0.05,6,8,dense,output_relative_rmse,0.0
0.05,6,8,local_sparse,self_mass,0.16608637795434333
0.05,6,8,local_sparse,output_mse,0.020586145739798667
0.05,6,8,local_sparse,output_mae,0.10625035871635191
0.05,6,8,local_sparse,output_cosine,0.9720014596823603
0.05,6,8,local_sparse,output_relative_rmse,0.24087643914390355
0.05,6,8,local_corrected,self_mass,0.09802848020626698
0.05,6,8,local_corrected,output_mse,0.020297667764680227
0.05,6,8,local_corrected,output_mae,0.10529493719513994
0.05,6,8,local_corrected,output_cosine,0.9707101976964623
0.05,6,8,local_corrected,output_relative_rmse,0.23924136499408633
0.05,6,8,full_sparse,self_mass,0.16249621294264216
0.05,6,8,full_sparse,output_mse,0.01841442211843969
0.05,6,8,full_sparse,output_mae,0.10082043029251508
0.05,6,8,full_sparse,output_cosine,0.9740640423260629
0.05,6,8,full_sparse,output_relative_rmse,0.22832825488876551
0.05,6,8,full_corrected,self_mass,0.1009547281137202
0.05,6,8,full_corrected,output_mse,0.019941294947784627
0.05,6,8,full_corrected,output_mae,0.10490014325478114
0.05,6,8,full_corrected,output_cosine,0.9719353595282882
0.05,6,8,full_corrected,output_relative_rmse,0.23752629628870636
0.05,6,9,dense,self_mass,0.01612827663484495
0.05,6,9,dense,output_mse,0.0
0.05,6,9,dense,output_mae,0.0
0.05,6,9,dense,output_cosine,1.0
0.05,6,9,dense,output_relative_rmse,0.0
0.05,6,9,local_sparse,self_mass,0.03174672927707434
0.05,6,9,local_sparse,output_mse,0.00983774887117761
0.05,6,9,local_sparse,output_mae,0.07420797378290445
0.05,6,9,local_sparse,output_cosine,0.968495327513665
0.05,6,9,local_sparse,output_relative_rmse,0.25056443526409566
0.05,6,9,local_corrected,self_mass,0.016560552843657206
0.05,6,9,local_corrected,output_mse,0.009990038952309988
0.05,6,9,local_corrected,output_mae,0.07451826738542877
0.05,6,9,local_corrected,output_cosine,0.967667741002515
0.05,6,9,local_corrected,output_relative_rmse,0.25235626503126696
0.05,6,9,full_sparse,self_mass,0.0317978010752995
0.05,6,9,full_sparse,output_mse,0.007958206502735266
0.05,6,9,full_sparse,output_mae,0.06662422088265885
0.05,6,9,full_sparse,output_cosine,0.9738120182882994
0.05,6,9,full_sparse,output_relative_rmse,0.22524366161087528
0.05,6,9,full_corrected,self_mass,0.016936923941102577
0.05,6,9,full_corrected,output_mse,0.008773442660640285
0.05,6,9,full_corrected,output_mae,0.0697064477863023
0.05,6,9,full_corrected,output_cosine,0.9721428900957108
0.05,6,9,full_corrected,output_relative_rmse,0.2364334001322277
0.05,6,10,dense,self_mass,0.08093166656908579
0.05,6,10,dense,output_mse,0.0
0.05,6,10,dense,output_mae,0.0
0.05,6,10,dense,output_cosine,1.0
0.05,6,10,dense,output_relative_rmse,0.0
0.05,6,10,local_sparse,self_mass,0.14614995717420243
0.05,6,10,local_sparse,output_mse,0.018392895704892
0.05,6,10,local_sparse,output_mae,0.10207630225340836
0.05,6,10,local_sparse,output_cosine,0.9724807851016521
0.05,6,10,local_sparse,output_relative_rmse,0.23974402772728354
0.05,6,10,local_corrected,self_mass,0.08380744908936322
0.05,6,10,local_corrected,output_mse,0.0182111509348033
0.05,6,10,local_corrected,output_mae,0.10110496121342294
0.05,6,10,local_corrected,output_cosine,0.9709146001841873
0.05,6,10,local_corrected,output_relative_rmse,0.2385422372026369
0.05,6,10,full_sparse,self_mass,0.14300214117974974
0.05,6,10,full_sparse,output_mse,0.015942040765366983
0.05,6,10,full_sparse,output_mae,0.09497199364705011
0.05,6,10,full_sparse,output_cosine,0.9749637737404555
0.05,6,10,full_sparse,output_relative_rmse,0.22345289262011647
0.05,6,10,full_corrected,self_mass,0.08634361681470182
0.05,6,10,full_corrected,output_mse,0.01716541944188066
0.05,6,10,full_corrected,output_mae,0.09846242162166163
0.05,6,10,full_corrected,output_cosine,0.9728882713243365
0.05,6,10,full_corrected,output_relative_rmse,0.23176958184922114
0.05,6,11,dense,self_mass,0.030502401910780463
0.05,6,11,dense,output_mse,0.0
0.05,6,11,dense,output_mae,0.0
0.05,6,11,dense,output_cosine,1.0
0.05,6,11,dense,output_relative_rmse,0.0
0.05,6,11,local_sparse,self_mass,0.061358618455415126
0.05,6,11,local_sparse,output_mse,0.03328927271650173
0.05,6,11,local_sparse,output_mae,0.1266838685842231
0.05,6,11,local_sparse,output_cosine,0.9627808358054608
0.05,6,11,local_sparse,output_relative_rmse,0.28086096909828484
0.05,6,11,local_corrected,self_mass,0.03420403696873109
0.05,6,11,local_corrected,output_mse,0.034240112065162975
0.05,6,11,local_corrected,output_mae,0.1284567159600556
0.05,6,11,local_corrected,output_cosine,0.9614755483344197
0.05,6,11,local_corrected,output_relative_rmse,0.28478558198548853
0.05,6,11,full_sparse,self_mass,0.06135110215836903
0.05,6,11,full_sparse,output_mse,0.03380808206566144
0.05,6,11,full_sparse,output_mae,0.1290169949643314
0.05,6,11,full_sparse,output_cosine,0.9618598327506334
0.05,6,11,full_sparse,output_relative_rmse,0.2830830847960897
0.05,6,11,full_corrected,self_mass,0.0343793048086809
0.05,6,11,full_corrected,output_mse,0.037115822298801504
0.05,6,11,full_corrected,output_mae,0.1356043931155
0.05,6,11,full_corrected,output_cosine,0.9593984016682953
0.05,6,11,full_corrected,output_relative_rmse,0.29662472347263247
0.05,7,0,dense,self_mass,0.03981385487713851
0.05,7,0,dense,output_mse,0.0
0.05,7,0,dense,output_mae,0.0
0.05,7,0,dense,output_cosine,1.0
0.05,7,0,dense,output_relative_rmse,0.0
0.05,7,0,local_sparse,self_mass,0.07478199706383748
0.05,7,0,local_sparse,output_mse,0.012338223570623086
0.05,7,0,local_sparse,output_mae,0.08296327415155247
0.05,7,0,local_sparse,output_cosine,0.9692033631727099
0.05,7,0,local_sparse,output_relative_rmse,0.24874180444749072
0.05,7,0,local_corrected,self_mass,0.04108551728859311
0.05,7,0,local_corrected,output_mse,0.012359352687781211
0.05,7,0,local_corrected,output_mae,0.08278441596485209
0.05,7,0,local_corrected,output_cosine,0.9679754129610956
0.05,7,0,local_corrected,output_relative_rmse,0.24886644061189145
0.05,7,0,full_sparse,self_mass,0.07260827184654772
0.05,7,0,full_sparse,output_mse,0.010499920119400485
0.05,7,0,full_sparse,output_mae,0.07670164485170972
0.05,7,0,full_sparse,output_cosine,0.9720645756460726
0.05,7,0,full_sparse,output_relative_rmse,0.22963619756046683
0.05,7,0,full_corrected,self_mass,0.04197359828685876
0.05,7,0,full_corrected,output_mse,0.01192332064238144
0.05,7,0,full_corrected,output_mae,0.08141433776472695
0.05,7,0,full_corrected,output_cosine,0.9694372001104057
0.05,7,0,full_corrected,output_relative_rmse,0.24479854572564363
0.05,7,1,dense,self_mass,0.03430100945479353
0.05,7,1,dense,output_mse,0.0
0.05,7,1,dense,output_mae,0.0
0.05,7,1,dense,output_cosine,1.0
0.05,7,1,dense,output_relative_rmse,0.0
0.05,7,1,local_sparse,self_mass,0.06519012416538317
0.05,7,1,local_sparse,output_mse,0.011065321767091518
0.05,7,1,local_sparse,output_mae,0.07831364631420001
0.05,7,1,local_sparse,output_cosine,0.9689421292860061
0.05,7,1,local_sparse,output_relative_rmse,0.25471009488683194
0.05,7,1,local_corrected,self_mass,0.03541551596936188
0.05,7,1,local_corrected,output_mse,0.011212136845642817
0.05,7,1,local_corrected,output_mae,0.07860752893611789
0.05,7,1,local_corrected,output_cosine,0.9678489540237933
0.05,7,1,local_corrected,output_relative_rmse,0.25638008466921747
0.05,7,1,full_sparse,self_mass,0.06418887569452636
0.05,7,1,full_sparse,output_mse,0.010859294490728644
0.05,7,1,full_sparse,output_mae,0.07722468339488842
0.05,7,1,full_sparse,output_cosine,0.9684675992466509
0.05,7,1,full_sparse,output_relative_rmse,0.25194641563575715
0.05,7,1,full_corrected,self_mass,0.035764201089477865
0.05,7,1,full_corrected,output_mse,0.013100234633384389
0.05,7,1,full_corrected,output_mae,0.08464012188778725
0.05,7,1,full_corrected,output_cosine,0.9639736972749233
0.05,7,1,full_corrected,output_relative_rmse,0.2769464326556772
0.05,7,2,dense,self_mass,0.011198650967344292
0.05,7,2,dense,output_mse,0.0
0.05,7,2,dense,output_mae,0.0
0.05,7,2,dense,output_cosine,1.0
0.05,7,2,dense,output_relative_rmse,0.0
0.05,7,2,local_sparse,self_mass,0.02223890073946677
0.05,7,2,local_sparse,output_mse,0.006540861570101697
0.05,7,2,local_sparse,output_mae,0.061910071832244284
0.05,7,2,local_sparse,output_cosine,0.9628666890785098
0.05,7,2,local_sparse,output_relative_rmse,0.27549816691316664
0.05,7,2,local_corrected,self_mass,0.011321395100821974
0.05,7,2,local_corrected,output_mse,0.006612326219510578
0.05,7,2,local_corrected,output_mae,0.06218937634548638
0.05,7,2,local_corrected,output_cosine,0.9622299468610436
0.05,7,2,local_corrected,output_relative_rmse,0.2769985979539342
0.05,7,2,full_sparse,self_mass,0.022381019516615197
0.05,7,2,full_sparse,output_mse,0.005708675682399189
0.05,7,2,full_sparse,output_mae,0.05791385378688574
0.05,7,2,full_sparse,output_cosine,0.9659083636943251
0.05,7,2,full_sparse,output_relative_rmse,0.25776516494806856
0.05,7,2,full_corrected,self_mass,0.01114596417392022
0.05,7,2,full_corrected,output_mse,0.006492045359664189
0.05,7,2,full_corrected,output_mae,0.06152369802293833
0.05,7,2,full_corrected,output_cosine,0.9633447919040918
0.05,7,2,full_corrected,output_relative_rmse,0.2749189591850154
0.05,7,3,dense,self_mass,0.04242834254546324
0.05,7,3,dense,output_mse,0.0
0.05,7,3,dense,output_mae,0.0
0.05,7,3,dense,output_cosine,1.0
0.05,7,3,dense,output_relative_rmse,0.0
0.05,7,3,local_sparse,self_mass,0.08442273404216394
0.05,7,3,local_sparse,output_mse,0.01841237139342411
0.05,7,3,local_sparse,output_mae,0.10074751268257387
0.05,7,3,local_sparse,output_cosine,0.9486179952509701
0.05,7,3,local_sparse,output_relative_rmse,0.322016519960016
0.05,7,3,local_corrected,self_mass,0.04514183547144057
0.05,7,3,local_corrected,output_mse,0.019094314320682315
0.05,7,3,local_corrected,output_mae,0.10252976091578603
0.05,7,3,local_corrected,output_cosine,0.9463133297394961
0.05,7,3,local_corrected,output_relative_rmse,0.32790300756460056
0.05,7,3,full_sparse,self_mass,0.08439577721583191
0.05,7,3,full_sparse,output_mse,0.01791280873658252
0.05,7,3,full_sparse,output_mae,0.10026594717055559
0.05,7,3,full_sparse,output_cosine,0.9483720881398767
0.05,7,3,full_sparse,output_relative_rmse,0.31771499797469005
0.05,7,3,full_corrected,self_mass,0.04628021387907211
0.05,7,3,full_corrected,output_mse,0.020623280073778005
0.05,7,3,full_corrected,output_mae,0.10738912358647212
0.05,7,3,full_corrected,output_cosine,0.9438683851622045
0.05,7,3,full_corrected,output_relative_rmse,0.34096274292096496
0.05,7,4,dense,self_mass,0.01402576160398894
0.05,7,4,dense,output_mse,0.0
0.05,7,4,dense,output_mae,0.0
0.05,7,4,dense,output_cosine,1.0
0.05,7,4,dense,output_relative_rmse,0.0
0.05,7,4,local_sparse,self_mass,0.027293978357192827
0.05,7,4,local_sparse,output_mse,0.006314694431239332
0.05,7,4,local_sparse,output_mae,0.060488377159344964
0.05,7,4,local_sparse,output_cosine,0.9727919364813715
0.05,7,4,local_sparse,output_relative_rmse,0.22907827602466568
0.05,7,4,local_corrected,self_mass,0.014194109520758502
0.05,7,4,local_corrected,output_mse,0.006363680201502575
0.05,7,4,local_corrected,output_mae,0.060616512870183215
0.05,7,4,local_corrected,output_cosine,0.9722241500858217
0.05,7,4,local_corrected,output_relative_rmse,0.22988683095900342
0.05,7,4,full_sparse,self_mass,0.02676761892507784
0.05,7,4,full_sparse,output_mse,0.005545438469198416
0.05,7,4,full_sparse,output_mae,0.05671233031898737
0.05,7,4,full_sparse,output_cosine,0.9748889245092869
0.05,7,4,full_sparse,output_relative_rmse,0.21464245414244942
0.05,7,4,full_corrected,self_mass,0.014644435401351075
0.05,7,4,full_corrected,output_mse,0.006123685769125586
0.05,7,4,full_corrected,output_mae,0.059326380491256714
0.05,7,4,full_corrected,output_cosine,0.973546130117029
0.05,7,4,full_corrected,output_relative_rmse,0.22550085006514564
0.05,7,5,dense,self_mass,0.01620930273020349
0.05,7,5,dense,output_mse,0.0
0.05,7,5,dense,output_mae,0.0
0.05,7,5,dense,output_cosine,1.0
0.05,7,5,dense,output_relative_rmse,0.0
0.05,7,5,local_sparse,self_mass,0.03177562513155863
0.05,7,5,local_sparse,output_mse,0.008264044382485736
0.05,7,5,local_sparse,output_mae,0.06976295137428679
0.05,7,5,local_sparse,output_cosine,0.9558434395585209
0.05,7,5,local_sparse,output_relative_rmse,0.3031892270082608
0.05,7,5,local_corrected,self_mass,0.016481835256854538
0.05,7,5,local_corrected,output_mse,0.00826205125758861
0.05,7,5,local_corrected,output_mae,0.06966291273420211
0.05,7,5,local_corrected,output_cosine,0.9548369986005127
0.05,7,5,local_corrected,output_relative_rmse,0.30307919648475945
0.05,7,5,full_sparse,self_mass,0.031109116614970844
0.05,7,5,full_sparse,output_mse,0.006537942204886349
0.05,7,5,full_sparse,output_mae,0.06188148849469144
0.05,7,5,full_sparse,output_cosine,0.9631559865083545
0.05,7,5,full_sparse,output_relative_rmse,0.27018838666845113
0.05,7,5,full_corrected,self_mass,0.01682806053213426
0.05,7,5,full_corrected,output_mse,0.007306892093765782
0.05,7,5,full_corrected,output_mae,0.06522796422359534
0.05,7,5,full_corrected,output_cosine,0.9608628265559673
0.05,7,5,full_corrected,output_relative_rmse,0.2856290045310743
0.05,7,6,dense,self_mass,0.0032551649069318955
0.05,7,6,dense,output_mse,0.0
0.05,7,6,dense,output_mae,0.0
0.05,7,6,dense,output_cosine,1.0
0.05,7,6,dense,output_relative_rmse,0.0
0.05,7,6,local_sparse,self_mass,0.006534075189847499
0.05,7,6,local_sparse,output_mse,0.0074067323685085285
0.05,7,6,local_sparse,output_mae,0.06600952206645161
0.05,7,6,local_sparse,output_cosine,0.9595492007210851
0.05,7,6,local_sparse,output_relative_rmse,0.28639472473878413
0.05,7,6,local_corrected,self_mass,0.003293378217222198
0.05,7,6,local_corrected,output_mse,0.007439706576406024
0.05,7,6,local_corrected,output_mae,0.06614674333832227
0.05,7,6,local_corrected,output_cosine,0.9593934086151421
0.05,7,6,local_corrected,output_relative_rmse,0.28705182461999357
0.05,7,6,full_sparse,self_mass,0.006973029155687982
0.05,7,6,full_sparse,output_mse,0.0065848991835082415
0.05,7,6,full_sparse,output_mae,0.062114883548929356
0.05,7,6,full_sparse,output_cosine,0.9629619827028364
0.05,7,6,full_sparse,output_relative_rmse,0.26978005009004846
0.05,7,6,full_corrected,self_mass,0.002922831345586019
0.05,7,6,full_corrected,output_mse,0.007932943899504608
0.05,7,6,full_corrected,output_mae,0.06786548130912706
0.05,7,6,full_corrected,output_cosine,0.9589076263364404
0.05,7,6,full_corrected,output_relative_rmse,0.2963322752621025
0.05,7,7,dense,self_mass,0.013261316134958179
0.05,7,7,dense,output_mse,0.0
0.05,7,7,dense,output_mae,0.0
0.05,7,7,dense,output_cosine,1.0
0.05,7,7,dense,output_relative_rmse,0.0
0.05,7,7,local_sparse,self_mass,0.026051003143948037
0.05,7,7,local_sparse,output_mse,0.005403479215146945
0.05,7,7,local_sparse,output_mae,0.05640438036789419
0.05,7,7,local_sparse,output_cosine,0.9620490709785372
0.05,7,7,local_sparse,output_relative_rmse,0.278522712062113
0.05,7,7,local_corrected,self_mass,0.013399746843788307
0.05,7,7,local_corrected,output_mse,0.005408379051004886
0.05,7,7,local_corrected,output_mae,0.05636343656806275
0.05,7,7,local_corrected,output_cosine,0.9612590980250388
0.05,7,7,local_corrected,output_relative_rmse,0.27853749971836805
0.05,7,7,full_sparse,self_mass,0.02525571102160029
0.05,7,7,full_sparse,output_mse,0.004285386050469242
0.05,7,7,full_sparse,output_mae,0.05039854484493844
0.05,7,7,full_sparse,output_cosine,0.9680614571552724
0.05,7,7,full_sparse,output_relative_rmse,0.24955626856535673
0.05,7,7,full_corrected,self_mass,0.013473821312800283
0.05,7,7,full_corrected,output_mse,0.004691473966886406
0.05,7,7,full_corrected,output_mae,0.05264805303886533
0.05,7,7,full_corrected,output_cosine,0.9665639661252499
0.05,7,7,full_corrected,output_relative_rmse,0.26140918128658086
0.05,7,8,dense,self_mass,0.06789749524614308
0.05,7,8,dense,output_mse,0.0
0.05,7,8,dense,output_mae,0.0
0.05,7,8,dense,output_cosine,1.0
0.05,7,8,dense,output_relative_rmse,0.0
0.05,7,8,local_sparse,self_mass,0.12554906666628085
0.05,7,8,local_sparse,output_mse,0.01755452459838125
0.05,7,8,local_sparse,output_mae,0.09918078061309643
0.05,7,8,local_sparse,output_cosine,0.9647123829927295
0.05,7,8,local_sparse,output_relative_rmse,0.27383778349030763
0.05,7,8,local_corrected,self_mass,0.07098952639353229
0.05,7,8,local_corrected,output_mse,0.017520664339826908
0.05,7,8,local_corrected,output_mae,0.0987235780339688
0.05,7,8,local_corrected,output_cosine,0.9628164460882545
0.05,7,8,local_corrected,output_relative_rmse,0.2735602013999596
0.05,7,8,full_sparse,self_mass,0.12242931028595194
0.05,7,8,full_sparse,output_mse,0.016367669701139675
0.05,7,8,full_sparse,output_mae,0.09586992568802088
0.05,7,8,full_sparse,output_cosine,0.9654784412123263
0.05,7,8,full_sparse,output_relative_rmse,0.2643652892438695
0.05,7,8,full_corrected,self_mass,0.07169826516474131
0.05,7,8,full_corrected,output_mse,0.018309846451302292
0.05,7,8,full_corrected,output_mae,0.10120834058034234
0.05,7,8,full_corrected,output_cosine,0.9623349101748317
0.05,7,8,full_corrected,output_relative_rmse,0.27956398780224845
0.05,7,9,dense,self_mass,0.006242401912459172
0.05,7,9,dense,output_mse,0.0
0.05,7,9,dense,output_mae,0.0
0.05,7,9,dense,output_cosine,1.0
0.05,7,9,dense,output_relative_rmse,0.0
0.05,7,9,local_sparse,self_mass,0.012382186185277533
0.05,7,9,local_sparse,output_mse,0.00549647036314127
0.05,7,9,local_sparse,output_mae,0.05773469964333344
0.05,7,9,local_sparse,output_cosine,0.9610235467553139
0.05,7,9,local_sparse,output_relative_rmse,0.2855871458305046
0.05,7,9,local_corrected,self_mass,0.006251232112845173
0.05,7,9,local_corrected,output_mse,0.005524798834812827
0.05,7,9,local_corrected,output_mae,0.057869884272804484
0.05,7,9,local_corrected,output_cosine,0.9605979789048433
0.05,7,9,local_corrected,output_relative_rmse,0.2863386176759377
0.05,7,9,full_sparse,self_mass,0.012215632688821643
0.05,7,9,full_sparse,output_mse,0.004245401270054572
0.05,7,9,full_sparse,output_mae,0.05087194203224499
0.05,7,9,full_sparse,output_cosine,0.9680874226614833
0.05,7,9,full_sparse,output_relative_rmse,0.25203318282729015
0.05,7,9,full_corrected,self_mass,0.00626215322608914
0.05,7,9,full_corrected,output_mse,0.0046902570848033065
0.05,7,9,full_corrected,output_mae,0.05330580536974594
0.05,7,9,full_corrected,output_cosine,0.9662977592088282
0.05,7,9,full_corrected,output_relative_rmse,0.2651082525262609
0.05,7,10,dense,self_mass,0.048685801317333244
0.05,7,10,dense,output_mse,0.0
0.05,7,10,dense,output_mae,0.0
0.05,7,10,dense,output_cosine,1.0
0.05,7,10,dense,output_relative_rmse,0.0
0.05,7,10,local_sparse,self_mass,0.09667772965622135
0.05,7,10,local_sparse,output_mse,0.021988320328091504
0.05,7,10,local_sparse,output_mae,0.10944955950253643
0.05,7,10,local_sparse,output_cosine,0.9461961763445288
0.05,7,10,local_sparse,output_relative_rmse,0.33292324194917455
0.05,7,10,local_corrected,self_mass,0.05225312296533957
0.05,7,10,local_corrected,output_mse,0.022867065359605476
0.05,7,10,local_corrected,output_mae,0.11163207769277506
0.05,7,10,local_corrected,output_cosine,0.9435209850780666
0.05,7,10,local_corrected,output_relative_rmse,0.3394710211432539
0.05,7,10,full_sparse,self_mass,0.09685878953314386
0.05,7,10,full_sparse,output_mse,0.02154878013971029
0.05,7,10,full_sparse,output_mae,0.10944879130693153
0.05,7,10,full_sparse,output_cosine,0.945536230225116
0.05,7,10,full_sparse,output_relative_rmse,0.32980959489941597
0.05,7,10,full_corrected,self_mass,0.0535908365418436
0.05,7,10,full_corrected,output_mse,0.024635656183818355
0.05,7,10,full_corrected,output_mae,0.11699327384121716
0.05,7,10,full_corrected,output_cosine,0.9405707302503288
0.05,7,10,full_corrected,output_relative_rmse,0.35278706409735605
0.05,7,11,dense,self_mass,0.006354057062708307
0.05,7,11,dense,output_mse,0.0
0.05,7,11,dense,output_mae,0.0
0.05,7,11,dense,output_cosine,1.0
0.05,7,11,dense,output_relative_rmse,0.0
0.05,7,11,local_sparse,self_mass,0.012621992058484466
0.05,7,11,local_sparse,output_mse,0.0063153681130643236
0.05,7,11,local_sparse,output_mae,0.06020511769747827
0.05,7,11,local_sparse,output_cosine,0.9569073643069714
0.05,7,11,local_sparse,output_relative_rmse,0.29781019466463476
0.05,7,11,local_corrected,self_mass,0.006445722911848861
0.05,7,11,local_corrected,output_mse,0.00636978947204625
0.05,7,11,local_corrected,output_mae,0.06037709926022217
0.05,7,11,local_corrected,output_cosine,0.9564406925346702
0.05,7,11,local_corrected,output_relative_rmse,0.29904398490907624
0.05,7,11,full_sparse,self_mass,0.012358431460597785
0.05,7,11,full_sparse,output_mse,0.0052072211938138935
0.05,7,11,full_sparse,output_mae,0.05481709848390892
0.05,7,11,full_sparse,output_cosine,0.9626576714217663
0.05,7,11,full_sparse,output_relative_rmse,0.27109094825573266
0.05,7,11,full_corrected,self_mass,0.006594526428671088
0.05,7,11,full_corrected,output_mse,0.005871407344784529
0.05,7,11,full_corrected,output_mae,0.05792834451131057
0.05,7,11,full_corrected,output_cosine,0.9607564706820995
0.05,7,11,full_corrected,output_relative_rmse,0.2880745373549871
0.05,8,0,dense,self_mass,0.030120895498839673
0.05,8,0,dense,output_mse,0.0
0.05,8,0,dense,output_mae,0.0
0.05,8,0,dense,output_cosine,1.0
0.05,8,0,dense,output_relative_rmse,0.0
0.05,8,0,local_sparse,self_mass,0.05785824053600663
0.05,8,0,local_sparse,output_mse,0.010813979417434894
0.05,8,0,local_sparse,output_mae,0.07914125820389017
0.05,8,0,local_sparse,output_cosine,0.9582734298892319
0.05,8,0,local_sparse,output_relative_rmse,0.29407305835047737
0.05,8,0,local_corrected,self_mass,0.03085196049141814
0.05,8,0,local_corrected,output_mse,0.010959509612803231
0.05,8,0,local_corrected,output_mae,0.07941596710588783
0.05,8,0,local_corrected,output_cosine,0.956313413567841
0.05,8,0,local_corrected,output_relative_rmse,0.295955506619066
0.05,8,0,full_sparse,self_mass,0.05654013036109973
0.05,8,0,full_sparse,output_mse,0.008928932811613777
0.05,8,0,full_sparse,output_mae,0.07186435701441951
0.05,8,0,full_sparse,output_cosine,0.9633411383256316
0.05,8,0,full_sparse,output_relative_rmse,0.2672596274642274
0.05,8,0,full_corrected,self_mass,0.031450152604520554
0.05,8,0,full_corrected,output_mse,0.01039663784467848
0.05,8,0,full_corrected,output_mae,0.07732196661527269
0.05,8,0,full_corrected,output_cosine,0.958715736400336
0.05,8,0,full_corrected,output_relative_rmse,0.2882627923390828
0.05,8,1,dense,self_mass,0.029203359601524426
0.05,8,1,dense,output_mse,0.0
0.05,8,1,dense,output_mae,0.0
0.05,8,1,dense,output_cosine,1.0
0.05,8,1,dense,output_relative_rmse,0.0
0.05,8,1,local_sparse,self_mass,0.05664336430709227
0.05,8,1,local_sparse,output_mse,0.016265950576780597
0.05,8,1,local_sparse,output_mae,0.0962164466327522
0.05,8,1,local_sparse,output_cosine,0.9680567984469235
0.05,8,1,local_sparse,output_relative_rmse,0.2504369636881165
0.05,8,1,local_corrected,self_mass,0.030165739415679127
0.05,8,1,local_corrected,output_mse,0.01675096504368412
0.05,8,1,local_corrected,output_mae,0.09729202048038132
0.05,8,1,local_corrected,output_cosine,0.9664005895610899
0.05,8,1,local_corrected,output_relative_rmse,0.25408870627870783
0.05,8,1,full_sparse,self_mass,0.05661013810822624
0.05,8,1,full_sparse,output_mse,0.015034179707072326
0.05,8,1,full_sparse,output_mae,0.09268501005135477
0.05,8,1,full_sparse,output_cosine,0.9694853038527071
0.05,8,1,full_sparse,output_relative_rmse,0.2410644048359245
0.05,8,1,full_corrected,self_mass,0.029103825429046992
0.05,8,1,full_corrected,output_mse,0.016812781299449853
0.05,8,1,full_corrected,output_mae,0.0976299567555543
0.05,8,1,full_corrected,output_cosine,0.9664670487400144
0.05,8,1,full_corrected,output_relative_rmse,0.2548118011909537
0.05,8,2,dense,self_mass,0.023111948776204372
0.05,8,2,dense,output_mse,0.0
0.05,8,2,dense,output_mae,0.0
0.05,8,2,dense,output_cosine,1.0
0.05,8,2,dense,output_relative_rmse,0.0
0.05,8,2,local_sparse,self_mass,0.045145455915189814
0.05,8,2,local_sparse,output_mse,0.009456816009333124
0.05,8,2,local_sparse,output_mae,0.07147108871140517
0.05,8,2,local_sparse,output_cosine,0.9604259871412069
0.05,8,2,local_sparse,output_relative_rmse,0.28981560678221285
0.05,8,2,local_corrected,self_mass,0.023669583672017325
0.05,8,2,local_corrected,output_mse,0.009561602213580045
0.05,8,2,local_corrected,output_mae,0.07168546775938012
0.05,8,2,local_corrected,output_cosine,0.9592465283349156
0.05,8,2,local_corrected,output_relative_rmse,0.29127785383025184
0.05,8,2,full_sparse,self_mass,0.04433166167291347
0.05,8,2,full_sparse,output_mse,0.008268052944004012
0.05,8,2,full_sparse,output_mae,0.06686403280764353
0.05,8,2,full_sparse,output_cosine,0.9638683898374438
0.05,8,2,full_sparse,output_relative_rmse,0.2711992132826708
0.05,8,2,full_corrected,self_mass,0.024688887351658195
0.05,8,2,full_corrected,output_mse,0.009467747166127083
0.05,8,2,full_corrected,output_mae,0.07144403534766752
0.05,8,2,full_corrected,output_cosine,0.9603474345058203
0.05,8,2,full_corrected,output_relative_rmse,0.2908108671545051
0.05,8,3,dense,self_mass,0.053187664787401445
0.05,8,3,dense,output_mse,0.0
0.05,8,3,dense,output_mae,0.0
0.05,8,3,dense,output_cosine,1.0
0.05,8,3,dense,output_relative_rmse,0.0
0.05,8,3,local_sparse,self_mass,0.1038524872274138
0.05,8,3,local_sparse,output_mse,0.020158514966169605
0.05,8,3,local_sparse,output_mae,0.1049775103747379
0.05,8,3,local_sparse,output_cosine,0.9401224129833281
0.05,8,3,local_sparse,output_relative_rmse,0.3551235458580777
0.05,8,3,local_corrected,self_mass,0.05641683757130522
0.05,8,3,local_corrected,output_mse,0.02082181680452777
0.05,8,3,local_corrected,output_mae,0.10664567677304149
0.05,8,3,local_corrected,output_cosine,0.9370976013597101
0.05,8,3,local_corrected,output_relative_rmse,0.36084204365033656
0.05,8,3,full_sparse,self_mass,0.10352452777442522
0.05,8,3,full_sparse,output_mse,0.019405994909902802
0.05,8,3,full_sparse,output_mae,0.10384689160855487
0.05,8,3,full_sparse,output_cosine,0.9401044612750411
0.05,8,3,full_sparse,output_relative_rmse,0.3484014204586856
0.05,8,3,full_corrected,self_mass,0.05889573125750758
0.05,8,3,full_corrected,output_mse,0.022635585235548206
0.05,8,3,full_corrected,output_mae,0.11229739899863489
0.05,8,3,full_corrected,output_cosine,0.9332577225286514
0.05,8,3,full_corrected,output_relative_rmse,0.37650915642734617
0.05,8,4,dense,self_mass,0.0033729903652783833
0.05,8,4,dense,output_mse,0.0
0.05,8,4,dense,output_mae,0.0
0.05,8,4,dense,output_cosine,1.0
0.05,8,4,dense,output_relative_rmse,0.0
0.05,8,4,local_sparse,self_mass,0.006712981570672127
0.05,8,4,local_sparse,output_mse,0.003995662599663774
0.05,8,4,local_sparse,output_mae,0.0486748666735366
0.05,8,4,local_sparse,output_cosine,0.964730563107878
0.05,8,4,local_sparse,output_relative_rmse,0.27112053241580725
0.05,8,4,local_corrected,self_mass,0.0033902558461704757
0.05,8,4,local_corrected,output_mse,0.004005925308774749
0.05,8,4,local_corrected,output_mae,0.04873621054866817
0.05,8,4,local_corrected,output_cosine,0.9645979418419302
0.05,8,4,local_corrected,output_relative_rmse,0.27149545663269237
0.05,8,4,full_sparse,self_mass,0.006606109634958557
0.05,8,4,full_sparse,output_mse,0.0034502835756029526
0.05,8,4,full_sparse,output_mae,0.04539801330247428
0.05,8,4,full_sparse,output_cosine,0.9684389056637883
0.05,8,4,full_sparse,output_relative_rmse,0.25333373341709375
0.05,8,4,full_corrected,self_mass,0.0034242592646478442
0.05,8,4,full_corrected,output_mse,0.003718789533650124
0.05,8,4,full_corrected,output_mae,0.04692296212306246
0.05,8,4,full_corrected,output_cosine,0.9674285277724266
0.05,8,4,full_corrected,output_relative_rmse,0.2626297114766203
0.05,8,5,dense,self_mass,0.02518856362439692
0.05,8,5,dense,output_mse,0.0
0.05,8,5,dense,output_mae,0.0
0.05,8,5,dense,output_cosine,1.0
0.05,8,5,dense,output_relative_rmse,0.0
0.05,8,5,local_sparse,self_mass,0.048771160472824704
0.05,8,5,local_sparse,output_mse,0.008822958192467922
0.05,8,5,local_sparse,output_mae,0.07133587621501647
0.05,8,5,local_sparse,output_cosine,0.9662930972408503
0.05,8,5,local_sparse,output_relative_rmse,0.2615448349388316
0.05,8,5,local_corrected,self_mass,0.025701089329231763
0.05,8,5,local_corrected,output_mse,0.008866909006428614
0.05,8,5,local_corrected,output_mae,0.07136403297772631
0.05,8,5,local_corrected,output_cosine,0.9650798428338021
0.05,8,5,local_corrected,output_relative_rmse,0.2621264923363924
0.05,8,5,full_sparse,self_mass,0.047818257509788964
0.05,8,5,full_sparse,output_mse,0.007247650622957735
0.05,8,5,full_sparse,output_mae,0.06496050993155222
0.05,8,5,full_sparse,output_cosine,0.9707007228862494
0.05,8,5,full_sparse,output_relative_rmse,0.2373548915493302
0.05,8,5,full_corrected,self_mass,0.026140872279938776
0.05,8,5,full_corrected,output_mse,0.008417408052082465
0.05,8,5,full_corrected,output_mae,0.06961458263685927
0.05,8,5,full_corrected,output_cosine,0.967541177989915
0.05,8,5,full_corrected,output_relative_rmse,0.2554824603139423
0.05,8,6,dense,self_mass,0.05062747001647949
0.05,8,6,dense,output_mse,0.0
0.05,8,6,dense,output_mae,0.0
0.05,8,6,dense,output_cosine,1.0
0.05,8,6,dense,output_relative_rmse,0.0
0.05,8,6,local_sparse,self_mass,0.09939494909485802
0.05,8,6,local_sparse,output_mse,0.01818270332296379
0.05,8,6,local_sparse,output_mae,0.09994972395361401
0.05,8,6,local_sparse,output_cosine,0.9422726130578667
0.05,8,6,local_sparse,output_relative_rmse,0.35046975122531876
0.05,8,6,local_corrected,self_mass,0.05357605867902748
0.05,8,6,local_corrected,output_mse,0.018762268067803234
0.05,8,6,local_corrected,output_mae,0.10142483055824414
0.05,8,6,local_corrected,output_cosine,0.9392940879333764
0.05,8,6,local_corrected,output_relative_rmse,0.35596628463827074
0.05,8,6,full_sparse,self_mass,0.09920021161087789
0.05,8,6,full_sparse,output_mse,0.017618739606405143
0.05,8,6,full_sparse,output_mae,0.09910335665335879
0.05,8,6,full_sparse,output_cosine,0.9417087270412594
0.05,8,6,full_sparse,output_relative_rmse,0.3451015339232981
0.05,8,6,full_corrected,self_mass,0.054836939481901936
0.05,8,6,full_corrected,output_mse,0.020419886684976518
0.05,8,6,full_corrected,output_mae,0.10674901027232409
0.05,8,6,full_corrected,output_cosine,0.9350494928658009
0.05,8,6,full_corrected,output_relative_rmse,0.37185701151611283
0.05,8,7,dense,self_mass,0.08082729758461937
0.05,8,7,dense,output_mse,0.0
0.05,8,7,dense,output_mae,0.0
0.05,8,7,dense,output_cosine,1.0
0.05,8,7,dense,output_relative_rmse,0.0
0.05,8,7,local_sparse,self_mass,0.14658432448050007
0.05,8,7,local_sparse,output_mse,0.01728023177383875
0.05,8,7,local_sparse,output_mae,0.09807171978172846
0.05,8,7,local_sparse,output_cosine,0.9621425797231495
0.05,8,7,local_sparse,output_relative_rmse,0.28762817464303225
0.05,8,7,local_corrected,self_mass,0.08407928570522927
0.05,8,7,local_corrected,output_mse,0.016922855445955065
0.05,8,7,local_corrected,output_mae,0.09654872515238822
0.05,8,7,local_corrected,output_cosine,0.9597366049420089
0.05,8,7,local_corrected,output_relative_rmse,0.2844967898563482
0.05,8,7,full_sparse,self_mass,0.1448308563849423
0.05,8,7,full_sparse,output_mse,0.015118853789317654
0.05,8,7,full_sparse,output_mae,0.09213605543482117
0.05,8,7,full_sparse,output_cosine,0.9644406633451581
0.05,8,7,full_sparse,output_relative_rmse,0.2697238207911141
0.05,8,7,full_corrected,self_mass,0.0853168204339454
0.05,8,7,full_corrected,output_mse,0.016754676224081777
0.05,8,7,full_corrected,output_mae,0.096832068025833
0.05,8,7,full_corrected,output_cosine,0.9606377633754164
0.05,8,7,full_corrected,output_relative_rmse,0.2837664043181576
0.05,8,8,dense,self_mass,0.03901438169123139
0.05,8,8,dense,output_mse,0.0
0.05,8,8,dense,output_mae,0.0
0.05,8,8,dense,output_cosine,1.0
0.05,8,8,dense,output_relative_rmse,0.0
0.05,8,8,local_sparse,self_mass,0.0738753305922728
0.05,8,8,local_sparse,output_mse,0.011002016373822698
0.05,8,8,local_sparse,output_mae,0.07945088236010633
0.05,8,8,local_sparse,output_cosine,0.9598757526837289
0.05,8,8,local_sparse,output_relative_rmse,0.28987707319902256
0.05,8,8,local_corrected,self_mass,0.03976145839988021
0.05,8,8,local_corrected,output_mse,0.010816245436217287
0.05,8,8,local_corrected,output_mae,0.07860354214790277
0.05,8,8,local_corrected,output_cosine,0.9583213815931231
0.05,8,8,local_corrected,output_relative_rmse,0.28725410514744
0.05,8,8,full_sparse,self_mass,0.07242422041599639
0.05,8,8,full_sparse,output_mse,0.009378564709550119
0.05,8,8,full_sparse,output_mae,0.07340172320255078
0.05,8,8,full_sparse,output_cosine,0.963546258630231
0.05,8,8,full_sparse,output_relative_rmse,0.2679947181022726
0.05,8,8,full_corrected,self_mass,0.04088123496330809
0.05,8,8,full_corrected,output_mse,0.010564803304077941
0.05,8,8,full_corrected,output_mae,0.0775995670555858
0.05,8,8,full_corrected,output_cosine,0.9599909463431686
0.05,8,8,full_corrected,output_relative_rmse,0.2841972120804712
0.05,8,9,dense,self_mass,0.052603581272705924
0.05,8,9,dense,output_mse,0.0
0.05,8,9,dense,output_mae,0.0
0.05,8,9,dense,output_cosine,1.0
0.05,8,9,dense,output_relative_rmse,0.0
0.05,8,9,local_sparse,self_mass,0.09698629718332086
0.05,8,9,local_sparse,output_mse,0.019925771663110936
0.05,8,9,local_sparse,output_mae,0.10233454647823237
0.05,8,9,local_sparse,output_cosine,0.9755662966053933
0.05,8,9,local_sparse,output_relative_rmse,0.22386651940178126
0.05,8,9,local_corrected,self_mass,0.05651668651262298
0.05,8,9,local_corrected,output_mse,0.020427298499271274
0.05,8,9,local_corrected,output_mae,0.10323774121934548
0.05,8,9,local_corrected,output_cosine,0.9743265353608876
0.05,8,9,local_corrected,output_relative_rmse,0.22657918941695243
0.05,8,9,full_sparse,self_mass,0.09677993762306869
0.05,8,9,full_sparse,output_mse,0.02179922888535657
0.05,8,9,full_sparse,output_mae,0.10777516401140019
0.05,8,9,full_sparse,output_cosine,0.9725945526733994
0.05,8,9,full_sparse,output_relative_rmse,0.2340009137406014
0.05,8,9,full_corrected,self_mass,0.05514227756066248
0.05,8,9,full_corrected,output_mse,0.02527888273834833
0.05,8,9,full_corrected,output_mae,0.11582725087646395
0.05,8,9,full_corrected,output_cosine,0.9689950884785503
0.05,8,9,full_corrected,output_relative_rmse,0.2519340874860063
0.05,8,10,dense,self_mass,0.002444359045512101
0.05,8,10,dense,output_mse,0.0
0.05,8,10,dense,output_mae,0.0
0.05,8,10,dense,output_cosine,1.0
0.05,8,10,dense,output_relative_rmse,0.0
0.05,8,10,local_sparse,self_mass,0.004891813154245028
0.05,8,10,local_sparse,output_mse,0.005619269933049509
0.05,8,10,local_sparse,output_mae,0.05805236822925508
0.05,8,10,local_sparse,output_cosine,0.9609213441144675
0.05,8,10,local_sparse,output_relative_rmse,0.2797144886571914
0.05,8,10,local_corrected,self_mass,0.002449495919790934
0.05,8,10,local_corrected,output_mse,0.005635076006001327
0.05,8,10,local_corrected,output_mae,0.058133436876232736
0.05,8,10,local_corrected,output_cosine,0.9608057548757643
0.05,8,10,local_corrected,output_relative_rmse,0.2801246636081487
0.05,8,10,full_sparse,self_mass,0.00511032834128855
0.05,8,10,full_sparse,output_mse,0.004276410743841552
0.05,8,10,full_sparse,output_mae,0.050987865804927424
0.05,8,10,full_sparse,output_cosine,0.969114558538422
0.05,8,10,full_sparse,output_relative_rmse,0.2449272609082982
0.05,8,10,full_corrected,self_mass,0.0022253811653172306
0.05,8,10,full_corrected,output_mse,0.005069972277851775
0.05,8,10,full_corrected,output_mae,0.05534201889531687
0.05,8,10,full_corrected,output_cosine,0.9656680945772678
0.05,8,10,full_corrected,output_relative_rmse,0.2669628922594711
0.05,8,11,dense,self_mass,0.07064037332020234
0.05,8,11,dense,output_mse,0.0
0.05,8,11,dense,output_mae,0.0
0.05,8,11,dense,output_cosine,1.0
0.05,8,11,dense,output_relative_rmse,0.0
0.05,8,11,local_sparse,self_mass,0.12995423965912778
0.05,8,11,local_sparse,output_mse,0.018525882298490615
0.05,8,11,local_sparse,output_mae,0.10024258916382678
0.05,8,11,local_sparse,output_cosine,0.9604689045809209
0.05,8,11,local_sparse,output_relative_rmse,0.28805197740439326
0.05,8,11,local_corrected,self_mass,0.07449990077293478
0.05,8,11,local_corrected,output_mse,0.018304076435015304
0.05,8,11,local_corrected,output_mae,0.09947714363806881
0.05,8,11,local_corrected,output_cosine,0.9587259485851973
0.05,8,11,local_corrected,output_relative_rmse,0.2862805802724324
0.05,8,11,full_sparse,self_mass,0.12773114351148251
0.05,8,11,full_sparse,output_mse,0.016628233121082303
0.05,8,11,full_sparse,output_mae,0.09542410165886395
0.05,8,11,full_sparse,output_cosine,0.9626298870425671
0.05,8,11,full_sparse,output_relative_rmse,0.2729520668508485
0.05,8,11,full_corrected,self_mass,0.07701167728373548
0.05,8,11,full_corrected,output_mse,0.018808277030984755
0.05,8,11,full_corrected,output_mae,0.10144822650181595
0.05,8,11,full_corrected,output_cosine,0.9589957757852972
0.05,8,11,full_corrected,output_relative_rmse,0.29026966594392434
0.15,3,0,dense,self_mass,0.02987407486216398
0.15,3,0,dense,output_mse,0.0
0.15,3,0,dense,output_mae,0.0
0.15,3,0,dense,output_cosine,1.0
0.15,3,0,dense,output_relative_rmse,0.0
0.15,3,0,local_sparse,self_mass,0.05739430047105998
0.15,3,0,local_sparse,output_mse,0.005742989906138973
0.15,3,0,local_sparse,output_mae,0.05768533013178967
0.15,3,0,local_sparse,output_cosine,0.9674631494563073
0.15,3,0,local_sparse,output_relative_rmse,0.2610817268723622
0.15,3,0,local_corrected,self_mass,0.03028247684778762
0.15,3,0,local_corrected,output_mse,0.005596483467343205
0.15,3,0,local_corrected,output_mae,0.056846858307835646
0.15,3,0,local_corrected,output_cosine,0.9663827111944556
0.15,3,0,local_corrected,output_relative_rmse,0.25782395934220403
0.15,3,0,full_sparse,self_mass,0.05739430059475126
0.15,3,0,full_sparse,output_mse,0.005742989854297775
0.15,3,0,full_sparse,output_mae,0.05768532966612838
0.15,3,0,full_sparse,output_cosine,0.9674631508532912
0.15,3,0,full_sparse,output_relative_rmse,0.26108172471867874
0.15,3,0,full_corrected,self_mass,0.030282476931461133
0.15,3,0,full_corrected,output_mse,0.005596483430963417
0.15,3,0,full_corrected,output_mae,0.056846858191420324
0.15,3,0,full_corrected,output_cosine,0.9663827125914395
0.15,3,0,full_corrected,output_relative_rmse,0.25782395829446614
0.15,3,1,dense,self_mass,0.012352999254289898
0.15,3,1,dense,output_mse,0.0
0.15,3,1,dense,output_mae,0.0
0.15,3,1,dense,output_cosine,1.0
0.15,3,1,dense,output_relative_rmse,0.0
0.15,3,1,local_sparse,self_mass,0.024262687300506514
0.15,3,1,local_sparse,output_mse,0.005188887641452311
0.15,3,1,local_sparse,output_mae,0.05417286336887628
0.15,3,1,local_sparse,output_cosine,0.959755294257775
0.15,3,1,local_sparse,output_relative_rmse,0.28897756192600355
0.15,3,1,local_corrected,self_mass,0.01252426894279779
0.15,3,1,local_corrected,output_mse,0.005241028624368482
0.15,3,1,local_corrected,output_mae,0.054376480082282797
0.15,3,1,local_corrected,output_cosine,0.9590303972363472
0.15,3,1,local_corrected,output_relative_rmse,0.29041680291993544
0.15,3,1,full_sparse,self_mass,0.02426268731142045
0.15,3,1,full_sparse,output_mse,0.005188887638723827
0.15,3,1,full_sparse,output_mae,0.05417286339798011
0.15,3,1,full_sparse,output_cosine,0.9597552937921137
0.15,3,1,full_sparse,output_relative_rmse,0.2889775616931729
0.15,3,1,full_corrected,self_mass,0.012524268959168694
0.15,3,1,full_corrected,output_mse,0.0052410286480153445
0.15,3,1,full_corrected,output_mae,0.054376480024075136
0.15,3,1,full_corrected,output_cosine,0.9590303974691778
0.15,3,1,full_corrected,output_relative_rmse,0.29041680454974994
0.15,3,2,dense,self_mass,0.005217435777922219
0.15,3,2,dense,output_mse,0.0
0.15,3,2,dense,output_mae,0.0
0.15,3,2,dense,output_cosine,1.0
0.15,3,2,dense,output_relative_rmse,0.0
0.15,3,2,local_sparse,self_mass,0.01042041763139423
0.15,3,2,local_sparse,output_mse,0.0029639772815244214
0.15,3,2,local_sparse,output_mae,0.04244709415070247
0.15,3,2,local_sparse,output_cosine,0.9587607379071414
0.15,3,2,local_sparse,output_relative_rmse,0.2880069470847957
0.15,3,2,local_corrected,self_mass,0.005235874297795817
0.15,3,2,local_corrected,output_mse,0.002977116223974008
0.15,3,2,local_corrected,output_mae,0.04253257569507696
0.15,3,2,local_corrected,output_cosine,0.9584701606072485
0.15,3,2,local_corrected,output_relative_rmse,0.2886482017347589
0.15,3,2,full_sparse,self_mass,0.010420417664136039
0.15,3,2,full_sparse,output_mse,0.002963977302897547
0.15,3,2,full_sparse,output_mae,0.042447094070666935
0.15,3,2,full_sparse,output_cosine,0.9587607369758189
0.15,3,2,full_sparse,output_relative_rmse,0.28800694789970294
0.15,3,2,full_corrected,self_mass,0.005235874293248344
0.15,3,2,full_corrected,output_mse,0.0029771162598990486
0.15,3,2,full_corrected,output_mae,0.04253257584059611
0.15,3,2,full_corrected,output_cosine,0.9584701647982001
0.15,3,2,full_corrected,output_relative_rmse,0.28864820225862786
0.15,3,3,dense,self_mass,0.002336483658382349
0.15,3,3,dense,output_mse,0.0
0.15,3,3,dense,output_mae,0.0
0.15,3,3,dense,output_cosine,1.0
0.15,3,3,dense,output_relative_rmse,0.0
0.15,3,3,local_sparse,self_mass,0.004682309277995955
0.15,3,3,local_sparse,output_mse,0.003229859428756754
0.15,3,3,local_sparse,output_mae,0.04437391329702223
0.15,3,3,local_sparse,output_cosine,0.9597468252759427
0.15,3,3,local_sparse,output_relative_rmse,0.28589901595842093
0.15,3,3,local_corrected,self_mass,0.0023418462933477713
0.15,3,3,local_corrected,output_mse,0.0032390869591836235
0.15,3,3,local_corrected,output_mae,0.0444386075832881
0.15,3,3,local_corrected,output_cosine,0.9595876631792635
0.15,3,3,local_corrected,output_relative_rmse,0.286331846320536
0.15,3,3,full_sparse,self_mass,0.004682309284362418
0.15,3,3,full_sparse,output_mse,0.0032298593632731354
0.15,3,3,full_sparse,output_mae,0.04437391292594839
0.15,3,3,full_sparse,output_cosine,0.9597468255087733
0.15,3,3,full_sparse,output_relative_rmse,0.28589901264058426
0.15,3,3,full_corrected,self_mass,0.0023418462924382766
0.15,3,3,full_corrected,output_mse,0.003239086923258583
0.15,3,3,full_corrected,output_mae,0.044438607270421926
0.15,3,3,full_corrected,output_cosine,0.9595876669045538
0.15,3,3,full_corrected,output_relative_rmse,0.28633184387581423
0.15,3,4,dense,self_mass,0.013289995564264245
0.15,3,4,dense,output_mse,0.0
0.15,3,4,dense,output_mae,0.0
0.15,3,4,dense,output_cosine,1.0
0.15,3,4,dense,output_relative_rmse,0.0
0.15,3,4,local_sparse,self_mass,0.026284732539352262
0.15,3,4,local_sparse,output_mse,0.004282761334252427
0.15,3,4,local_sparse,output_mae,0.05035548988962546
0.15,3,4,local_sparse,output_cosine,0.9675479440484196
0.15,3,4,local_sparse,output_relative_rmse,0.25278533753589727
0.15,3,4,local_corrected,self_mass,0.013428456319161342
0.15,3,4,local_corrected,output_mse,0.004306357438508712
0.15,3,4,local_corrected,output_mae,0.050446492416085675
0.15,3,4,local_corrected,output_cosine,0.966977757634595
0.15,3,4,local_corrected,output_relative_rmse,0.25345954042859375
0.15,3,4,full_sparse,self_mass,0.02628473257573205
0.15,3,4,full_sparse,output_mse,0.004282761342892627
0.15,3,4,full_sparse,output_mae,0.05035549019521568
0.15,3,4,full_sparse,output_cosine,0.9675479433499277
0.15,3,4,full_sparse,output_relative_rmse,0.25278533712844364
0.15,3,4,full_corrected,self_mass,0.01342845635554113
0.15,3,4,full_corrected,output_mse,0.004306357464429311
0.15,3,4,full_corrected,output_mae,0.050446492416085675
0.15,3,4,full_corrected,output_cosine,0.9669777564704418
0.15,3,4,full_corrected,output_relative_rmse,0.25345954135991633
0.15,3,5,dense,self_mass,0.03560577712050872
0.15,3,5,dense,output_mse,0.0
0.15,3,5,dense,output_mae,0.0
0.15,3,5,dense,output_cosine,1.0
0.15,3,5,dense,output_relative_rmse,0.0
0.15,3,5,local_sparse,self_mass,0.068187707249308
0.15,3,5,local_sparse,output_mse,0.01565214442234719
0.15,3,5,local_sparse,output_mae,0.08970911998767406
0.15,3,5,local_sparse,output_cosine,0.9581534187309444
0.15,3,5,local_sparse,output_relative_rmse,0.30222147499443963
0.15,3,5,local_corrected,self_mass,0.03790768251201371
0.15,3,5,local_corrected,output_mse,0.015896945025815512
0.15,3,5,local_corrected,output_mae,0.09040477671078406
0.15,3,5,local_corrected,output_cosine,0.9567332700826228
0.15,3,5,local_corrected,output_relative_rmse,0.3045694874599576
0.15,3,5,full_sparse,self_mass,0.06818770760582993
0.15,3,5,full_sparse,output_mse,0.015652144353225594
0.15,3,5,full_sparse,output_mae,0.08970912027871236
0.15,3,5,full_sparse,output_cosine,0.9581534194294363
0.15,3,5,full_sparse,output_relative_rmse,0.3022214747034013
0.15,3,5,full_corrected,self_mass,0.03790768252656562
0.15,3,5,full_corrected,output_mse,0.015896944953055936
0.15,3,5,full_corrected,output_mae,0.0904047766525764
0.15,3,5,full_corrected,output_cosine,0.9567332735750824
0.15,3,5,full_corrected,output_relative_rmse,0.3045694869942963
0.15,3,6,dense,self_mass,0.010062415716674877
0.15,3,6,dense,output_mse,0.0
0.15,3,6,dense,output_mae,0.0
0.15,3,6,dense,output_cosine,1.0
0.15,3,6,dense,output_relative_rmse,0.0
0.15,3,6,local_sparse,self_mass,0.019867256090947194
0.15,3,6,local_sparse,output_mse,0.003520365465192299
0.15,3,6,local_sparse,output_mae,0.045622996854945086
0.15,3,6,local_sparse,output_cosine,0.9630862914491445
0.15,3,6,local_sparse,output_relative_rmse,0.2735599977313541
0.15,3,6,local_corrected,self_mass,0.01011639858916169
0.15,3,6,local_corrected,output_mse,0.003532338802870072
0.15,3,6,local_corrected,output_mae,0.04567537653929321
0.15,3,6,local_corrected,output_cosine,0.9625518433749676
0.15,3,6,local_corrected,output_relative_rmse,0.2739906082279049
0.15,3,6,full_sparse,self_mass,0.019867256174620707
0.15,3,6,full_sparse,output_mse,0.0035203654724682565
0.15,3,6,full_sparse,output_mae,0.045622996767633595
0.15,3,6,full_sparse,output_cosine,0.9630862909834832
0.15,3,6,full_sparse,output_relative_rmse,0.2735599972656928
0.15,3,6,full_corrected,self_mass,0.010116398654645309
0.15,3,6,full_corrected,output_mse,0.0035323387928656302
0.15,3,6,full_corrected,output_mae,0.04567537648836151
0.15,3,6,full_corrected,output_cosine,0.9625518417451531
0.15,3,6,full_corrected,output_relative_rmse,0.2739906079368666
0.15,3,7,dense,self_mass,0.006822840856330004
0.15,3,7,dense,output_mse,0.0
0.15,3,7,dense,output_mae,0.0
0.15,3,7,dense,output_cosine,1.0
0.15,3,7,dense,output_relative_rmse,0.0
0.15,3,7,local_sparse,self_mass,0.012929871003507287
0.15,3,7,local_sparse,output_mse,0.004850114967666741
0.15,3,7,local_sparse,output_mae,0.046743382634304
0.15,3,7,local_sparse,output_cosine,0.9554370925761759
0.15,3,7,local_sparse,output_relative_rmse,0.3166109579615295
0.15,3,7,local_corrected,self_mass,0.007270177863574645
0.15,3,7,local_corrected,output_mse,0.004893040501883661
0.15,3,7,local_corrected,output_mae,0.04693015573138837
0.15,3,7,local_corrected,output_cosine,0.9550812051165849
0.15,3,7,local_corrected,output_relative_rmse,0.3181092598242685
0.15,3,7,full_sparse,self_mass,0.012929870941661648
0.15,3,7,full_sparse,output_mse,0.0048501151691198174
0.15,3,7,full_sparse,output_mae,0.04674338341283146
0.15,3,7,full_sparse,output_cosine,0.9554370921105146
0.15,3,7,full_sparse,output_relative_rmse,0.3166109638987109
0.15,3,7,full_corrected,self_mass,0.00727017775625427
0.15,3,7,full_corrected,output_mse,0.004893040662864223
0.15,3,7,full_corrected,output_mae,0.04693015657539945
0.15,3,7,full_corrected,output_cosine,0.9550812025554478
0.15,3,7,full_corrected,output_relative_rmse,0.31810926616890356
0.15,3,8,dense,self_mass,0.008246773317296174
0.15,3,8,dense,output_mse,0.0
0.15,3,8,dense,output_mae,0.0
0.15,3,8,dense,output_cosine,1.0
0.15,3,8,dense,output_relative_rmse,0.0
0.15,3,8,local_sparse,self_mass,0.016400686203269288
0.15,3,8,local_sparse,output_mse,0.003132251525130414
0.15,3,8,local_sparse,output_mae,0.04318135986250127
0.15,3,8,local_sparse,output_cosine,0.9657631025183946
0.15,3,8,local_sparse,output_relative_rmse,0.2607882834272459
0.15,3,8,local_corrected,self_mass,0.008281513170004473
0.15,3,8,local_corrected,output_mse,0.003144072696159128
0.15,3,8,local_corrected,output_mae,0.04326985816442175
0.15,3,8,local_corrected,output_cosine,0.9655178193934262
0.15,3,8,local_corrected,output_relative_rmse,0.26130661566276103
0.15,3,8,full_sparse,self_mass,0.016400686268752906
0.15,3,8,full_sparse,output_mse,0.0031322515505962656
0.15,3,8,full_sparse,output_mae,0.04318135973880999
0.15,3,8,full_sparse,output_cosine,0.9657631006557494
0.15,3,8,full_sparse,output_relative_rmse,0.26078828432946466
0.15,3,8,full_corrected,self_mass,0.008281513219117187
0.15,3,8,full_corrected,output_mse,0.0031440727120752854
0.15,3,8,full_corrected,output_mae,0.04326985818624962
0.15,3,8,full_corrected,output_cosine,0.9655178165994585
0.15,3,8,full_corrected,output_relative_rmse,0.2613066176127177
0.15,3,9,dense,self_mass,0.04261279740603641
0.15,3,9,dense,output_mse,0.0
0.15,3,9,dense,output_mae,0.0
0.15,3,9,dense,output_cosine,1.0
0.15,3,9,dense,output_relative_rmse,0.0
0.15,3,9,local_sparse,self_mass,0.08282876452722121
0.15,3,9,local_sparse,output_mse,0.01506348673865432
0.15,3,9,local_sparse,output_mae,0.0922974367858842
0.15,3,9,local_sparse,output_cosine,0.9591876217164099
0.15,3,9,local_sparse,output_relative_rmse,0.296704578504432
0.15,3,9,local_corrected,self_mass,0.04442389396717772
0.15,3,9,local_corrected,output_mse,0.015634892974048853
0.15,3,9,local_corrected,output_mae,0.09345758671406657
0.15,3,9,local_corrected,output_cosine,0.956093022832647
0.15,3,9,local_corrected,output_relative_rmse,0.30211752688046545
0.15,3,9,full_sparse,self_mass,0.08282876459998079
0.15,3,9,full_sparse,output_mse,0.015063486771396128
0.15,3,9,full_sparse,output_mae,0.0922974370769225
0.15,3,9,full_sparse,output_cosine,0.9591876214835793
0.15,3,9,full_sparse,output_relative_rmse,0.29670457990141585
0.15,3,9,full_corrected,self_mass,0.04442389384348644
0.15,3,9,full_corrected,output_mse,0.01563489291766018
0.15,3,9,full_corrected,output_mae,0.09345758671406657
0.15,3,9,full_corrected,output_cosine,0.9560930209700018
0.15,3,9,full_corrected,output_relative_rmse,0.3021175263565965
0.15,3,10,dense,self_mass,0.0015151703591982368
0.15,3,10,dense,output_mse,0.0
0.15,3,10,dense,output_mae,0.0
0.15,3,10,dense,output_cosine,1.0
0.15,3,10,dense,output_relative_rmse,0.0
0.15,3,10,local_sparse,self_mass,0.003035583037217293
0.15,3,10,local_sparse,output_mse,0.0031824532688915497
0.15,3,10,local_sparse,output_mae,0.04386332513240632
0.15,3,10,local_sparse,output_cosine,0.9640899281948805
0.15,3,10,local_sparse,output_relative_rmse,0.2670699293666985
0.15,3,10,local_corrected,self_mass,0.0015155172491176927
0.15,3,10,local_corrected,output_mse,0.003188765334925847
0.15,3,10,local_corrected,output_mae,0.0439129539518035
0.15,3,10,local_corrected,output_cosine,0.9640617051627487
0.15,3,10,local_corrected,output_relative_rmse,0.2673543342098128
0.15,3,10,full_sparse,self_mass,0.003035583042219514
0.15,3,10,full_sparse,output_mse,0.00318245324478994
0.15,3,10,full_sparse,output_mae,0.04386332533613313
0.15,3,10,full_sparse,output_cosine,0.9640899284277111
0.15,3,10,full_sparse,output_relative_rmse,0.2670699287846219
0.15,3,10,full_corrected,self_mass,0.0015155172541199136
0.15,3,10,full_corrected,output_mse,0.003188765336290089
0.15,3,10,full_corrected,output_mae,0.0439129539008718
0.15,3,10,full_corrected,output_cosine,0.9640617067925632
0.15,3,10,full_corrected,output_relative_rmse,0.26735433444264345
0.15,3,11,dense,self_mass,0.04160637870518258
0.15,3,11,dense,output_mse,0.0
0.15,3,11,dense,output_mae,0.0
0.15,3,11,dense,output_cosine,1.0
0.15,3,11,dense,output_relative_rmse,0.0
0.15,3,11,local_sparse,self_mass,0.0817287430545548
0.15,3,11,local_sparse,output_mse,0.019076328455412295
0.15,3,11,local_sparse,output_mae,0.10370928782504052
0.15,3,11,local_sparse,output_cosine,0.9569585837889463
0.15,3,11,local_sparse,output_relative_rmse,0.2973329584347084
0.15,3,11,local_corrected,self_mass,0.0436174689384643
0.15,3,11,local_corrected,output_mse,0.019970621720858617
0.15,3,11,local_corrected,output_mae,0.10559554980136454
0.15,3,11,local_corrected,output_cosine,0.9538921646308154
0.15,3,11,local_corrected,output_relative_rmse,0.30410868930630386
0.15,3,11,full_sparse,self_mass,0.08172874368028715
0.15,3,11,full_sparse,output_mse,0.019076328644587193
0.15,3,11,full_sparse,output_mae,0.10370928785414435
0.15,3,11,full_sparse,output_cosine,0.956958582624793
0.15,3,11,full_sparse,output_relative_rmse,0.29733295959886163
0.15,3,11,full_corrected,self_mass,0.043617469076707494
0.15,3,11,full_corrected,output_mse,0.019970621688116807
0.15,3,11,full_corrected,output_mae,0.10559555009240285
0.15,3,11,full_corrected,output_cosine,0.9538921653293073
0.15,3,11,full_corrected,output_relative_rmse,0.30410868889885023
0.15,4,0,dense,self_mass,0.03516662403126247
0.15,4,0,dense,output_mse,0.0
0.15,4,0,dense,output_mae,0.0
0.15,4,0,dense,output_cosine,1.0
0.15,4,0,dense,output_relative_rmse,0.0
0.15,4,0,local_sparse,self_mass,0.0697228548960993
0.15,4,0,local_sparse,output_mse,0.020916081852192292
0.15,4,0,local_sparse,output_mae,0.1093243561917916
0.15,4,0,local_sparse,output_cosine,0.943244940135628
0.15,4,0,local_sparse,output_relative_rmse,0.3402108929003589
0.15,4,0,local_corrected,self_mass,0.03656451505230507
0.15,4,0,local_corrected,output_mse,0.021720131535403198
0.15,4,0,local_corrected,output_mae,0.11102978288545273
0.15,4,0,local_corrected,output_cosine,0.9401685034390539
0.15,4,0,local_corrected,output_relative_rmse,0.34660308057209477
0.15,4,0,full_sparse,self_mass,0.06996606987377163
0.15,4,0,full_sparse,output_mse,0.01854869270027848
0.15,4,0,full_sparse,output_mae,0.10277140268590301
0.15,4,0,full_sparse,output_cosine,0.9486142781097442
0.15,4,0,full_sparse,output_relative_rmse,0.32049046258907765
0.15,4,0,full_corrected,self_mass,0.037260968500049785
0.15,4,0,full_corrected,output_mse,0.01972834477419383
0.15,4,0,full_corrected,output_mae,0.1057229470461607
0.15,4,0,full_corrected,output_cosine,0.9456683513708413
0.15,4,0,full_corrected,output_relative_rmse,0.3304124900023453
0.15,4,1,dense,self_mass,0.045422526738548186
0.15,4,1,dense,output_mse,0.0
0.15,4,1,dense,output_mae,0.0
0.15,4,1,dense,output_cosine,1.0
0.15,4,1,dense,output_relative_rmse,0.0
0.15,4,1,local_sparse,self_mass,0.08887303867959417
0.15,4,1,local_sparse,output_mse,0.02054412863071775
0.15,4,1,local_sparse,output_mae,0.1096359520452097
0.15,4,1,local_sparse,output_cosine,0.9312987283337861
0.15,4,1,local_sparse,output_relative_rmse,0.38776807044632733
0.15,4,1,local_corrected,self_mass,0.04713649030600209
0.15,4,1,local_corrected,output_mse,0.021351448205678025
0.15,4,1,local_corrected,output_mae,0.11130581382894889
0.15,4,1,local_corrected,output_cosine,0.9253774513490498
0.15,4,1,local_corrected,output_relative_rmse,0.3952585437800735
0.15,4,1,full_sparse,self_mass,0.08933904647710733
0.15,4,1,full_sparse,output_mse,0.01594468724942999
0.15,4,1,full_sparse,output_mae,0.09603630471974611
0.15,4,1,full_sparse,output_cosine,0.9439145815558732
0.15,4,1,full_sparse,output_relative_rmse,0.3415122461155988
0.15,4,1,full_corrected,self_mass,0.04871186474338174
0.15,4,1,full_corrected,output_mse,0.017207020260684658
0.15,4,1,full_corrected,output_mae,0.09958203916903585
0.15,4,1,full_corrected,output_cosine,0.9384351237677038
0.15,4,1,full_corrected,output_relative_rmse,0.35477748984703794
0.15,4,2,dense,self_mass,0.05274644341261592
0.15,4,2,dense,output_mse,0.0
0.15,4,2,dense,output_mae,0.0
0.15,4,2,dense,output_cosine,1.0
0.15,4,2,dense,output_relative_rmse,0.0
0.15,4,2,local_sparse,self_mass,0.09938003803836182
0.15,4,2,local_sparse,output_mse,0.032288495920511195
0.15,4,2,local_sparse,output_mae,0.12729084450984374
0.15,4,2,local_sparse,output_cosine,0.9349270614329726
0.15,4,2,local_sparse,output_relative_rmse,0.3847112718503922
0.15,4,2,local_corrected,self_mass,0.0556676600681385
0.15,4,2,local_corrected,output_mse,0.03249290466555976
0.15,4,2,local_corrected,output_mae,0.12754294491605833
0.15,4,2,local_corrected,output_cosine,0.9323800979182124
0.15,4,2,local_corrected,output_relative_rmse,0.3856454264605418
0.15,4,2,full_sparse,self_mass,0.09931477814097889
0.15,4,2,full_sparse,output_mse,0.03083050324494252
0.15,4,2,full_sparse,output_mae,0.12331395671935752
0.15,4,2,full_sparse,output_cosine,0.9371693625580519
0.15,4,2,full_sparse,output_relative_rmse,0.37538442603545263
0.15,4,2,full_corrected,self_mass,0.05831973862223094
0.15,4,2,full_corrected,output_mse,0.03180118779710028
0.15,4,2,full_corrected,output_mae,0.12546426270273514
0.15,4,2,full_corrected,output_cosine,0.9348219137173146
0.15,4,2,full_corrected,output_relative_rmse,0.38104858523001894
0.15,4,3,dense,self_mass,0.02688343979025376
0.15,4,3,dense,output_mse,0.0
0.15,4,3,dense,output_mae,0.0
0.15,4,3,dense,output_cosine,1.0
0.15,4,3,dense,output_relative_rmse,0.0
0.15,4,3,local_sparse,self_mass,0.05231314312550239
0.15,4,3,local_sparse,output_mse,0.008436384081505821
0.15,4,3,local_sparse,output_mae,0.0704464488371741
0.15,4,3,local_sparse,output_cosine,0.9630735672544688
0.15,4,3,local_sparse,output_relative_rmse,0.2762103713466786
0.15,4,3,local_corrected,self_mass,0.02730878904549172
0.15,4,3,local_corrected,output_mse,0.008444789826171473
0.15,4,3,local_corrected,output_mae,0.0703174695809139
0.15,4,3,local_corrected,output_cosine,0.96155024622567
0.15,4,3,local_corrected,output_relative_rmse,0.2763349073356949
0.15,4,3,full_sparse,self_mass,0.05222869591671042
0.15,4,3,full_sparse,output_mse,0.006447486974138883
0.15,4,3,full_sparse,output_mae,0.06153486065159086
0.15,4,3,full_sparse,output_cosine,0.9706657784990966
0.15,4,3,full_sparse,output_relative_rmse,0.24169439409160987
0.15,4,3,full_corrected,self_mass,0.02792485246027354
0.15,4,3,full_corrected,output_mse,0.006688278811452619
0.15,4,3,full_corrected,output_mae,0.06257909655687399
0.15,4,3,full_corrected,output_cosine,0.9691724278964102
0.15,4,3,full_corrected,output_relative_rmse,0.2461741236038506
0.15,4,4,dense,self_mass,0.02920089700637618
0.15,4,4,dense,output_mse,0.0
0.15,4,4,dense,output_mae,0.0
0.15,4,4,dense,output_cosine,1.0
0.15,4,4,dense,output_relative_rmse,0.0
0.15,4,4,local_sparse,self_mass,0.05777478059462737
0.15,4,4,local_sparse,output_mse,0.013454717911372427
0.15,4,4,local_sparse,output_mae,0.08941377166775055
0.15,4,4,local_sparse,output_cosine,0.9622736973688006
0.15,4,4,local_sparse,output_relative_rmse,0.26410427381051704
0.15,4,4,local_corrected,self_mass,0.02995904298586538
0.15,4,4,local_corrected,output_mse,0.013848946880898438
0.15,4,4,local_corrected,output_mae,0.09057613031473011
0.15,4,4,local_corrected,output_cosine,0.960669654654339
0.15,4,4,local_corrected,output_relative_rmse,0.26795079553266987
0.15,4,4,full_sparse,self_mass,0.058072801562957466
0.15,4,4,full_sparse,output_mse,0.011222180666663917
0.15,4,4,full_sparse,output_mae,0.08197698803269304
0.15,4,4,full_sparse,output_cosine,0.967740710824728
0.15,4,4,full_sparse,output_relative_rmse,0.24150350241689011
0.15,4,4,full_corrected,self_mass,0.029982029445818625
0.15,4,4,full_corrected,output_mse,0.011778293235693127
0.15,4,4,full_corrected,output_mae,0.083856318553444
0.15,4,4,full_corrected,output_cosine,0.9660612777806818
0.15,4,4,full_corrected,output_relative_rmse,0.24744578480022028
0.15,4,5,dense,self_mass,0.05480461078695953
0.15,4,5,dense,output_mse,0.0
0.15,4,5,dense,output_mae,0.0
0.15,4,5,dense,output_cosine,1.0
0.15,4,5,dense,output_relative_rmse,0.0
0.15,4,5,local_sparse,self_mass,0.10355349771270994
0.15,4,5,local_sparse,output_mse,0.03478776394331362
0.15,4,5,local_sparse,output_mae,0.1321361830632668
0.15,4,5,local_sparse,output_cosine,0.9329056623391807
0.15,4,5,local_sparse,output_relative_rmse,0.38565801025833935
0.15,4,5,local_corrected,self_mass,0.05953336172387935
0.15,4,5,local_corrected,output_mse,0.03535681567154825
0.15,4,5,local_corrected,output_mae,0.13326795367174782
0.15,4,5,local_corrected,output_cosine,0.9302391684614122
0.15,4,5,local_corrected,output_relative_rmse,0.3886927249841392
0.15,4,5,full_sparse,self_mass,0.10472219189978205
0.15,4,5,full_sparse,output_mse,0.033976597849687096
0.15,4,5,full_sparse,output_mae,0.12985200915136375
0.15,4,5,full_sparse,output_cosine,0.9342383295297623
0.15,4,5,full_sparse,output_relative_rmse,0.3812015759758651
0.15,4,5,full_corrected,self_mass,0.06362128641194431
0.15,4,5,full_corrected,output_mse,0.035187358502298594
0.15,4,5,full_corrected,output_mae,0.13255430466961116
0.15,4,5,full_corrected,output_cosine,0.9318844547960907
0.15,4,5,full_corrected,output_relative_rmse,0.38787391781806946
0.15,4,6,dense,self_mass,0.030001226157764904
0.15,4,6,dense,output_mse,0.0
0.15,4,6,dense,output_mae,0.0
0.15,4,6,dense,output_cosine,1.0
0.15,4,6,dense,output_relative_rmse,0.0
0.15,4,6,local_sparse,self_mass,0.06582729150250088
0.15,4,6,local_sparse,output_mse,0.04888092859619064
0.15,4,6,local_sparse,output_mae,0.15480371890589595
0.15,4,6,local_sparse,output_cosine,0.9163601938635111
0.15,4,6,local_sparse,output_relative_rmse,0.41262855322565883
0.15,4,6,local_corrected,self_mass,0.03599550975195598
0.15,4,6,local_corrected,output_mse,0.05034510380210122
0.15,4,6,local_corrected,output_mae,0.157239654508885
0.15,4,6,local_corrected,output_cosine,0.9138450548052788
0.15,4,6,local_corrected,output_relative_rmse,0.41881473432295024
0.15,4,6,full_sparse,self_mass,0.06661631450697314
0.15,4,6,full_sparse,output_mse,0.04820916263270192
0.15,4,6,full_sparse,output_mae,0.15376438086968847
0.15,4,6,full_sparse,output_cosine,0.9175094550009817
0.15,4,6,full_sparse,output_relative_rmse,0.40971596993040293
0.15,4,6,full_corrected,self_mass,0.037856990871659946
0.15,4,6,full_corrected,output_mse,0.050649431643250864
0.15,4,6,full_corrected,output_mae,0.15806156129110605
0.15,4,6,full_corrected,output_cosine,0.9148602078203112
0.15,4,6,full_corrected,output_relative_rmse,0.4200131178367883
0.15,4,7,dense,self_mass,0.00557909481722163
0.15,4,7,dense,output_mse,0.0
0.15,4,7,dense,output_mae,0.0
0.15,4,7,dense,output_cosine,1.0
0.15,4,7,dense,output_relative_rmse,0.0
0.15,4,7,local_sparse,self_mass,0.011216987904845155
0.15,4,7,local_sparse,output_mse,0.007847799362934893
0.15,4,7,local_sparse,output_mae,0.06750408926745877
0.15,4,7,local_sparse,output_cosine,0.966510186670348
0.15,4,7,local_sparse,output_relative_rmse,0.2546884791809134
0.15,4,7,local_corrected,self_mass,0.005694403600500664
0.15,4,7,local_corrected,output_mse,0.007929327194688085
0.15,4,7,local_corrected,output_mae,0.06777637368941214
0.15,4,7,local_corrected,output_cosine,0.9660820059943944
0.15,4,7,local_corrected,output_relative_rmse,0.25597980397287756
0.15,4,7,full_sparse,self_mass,0.011261909501627088
0.15,4,7,full_sparse,output_mse,0.005637335284518485
0.15,4,7,full_sparse,output_mae,0.05736904176592361
0.15,4,7,full_sparse,output_cosine,0.9754089638590813
0.15,4,7,full_sparse,output_relative_rmse,0.21608145482605323
0.15,4,7,full_corrected,self_mass,0.005737169882195303
0.15,4,7,full_corrected,output_mse,0.005919047824136214
0.15,4,7,full_corrected,output_mae,0.05860120090073906
0.15,4,7,full_corrected,output_cosine,0.9748145842459053
0.15,4,7,full_corrected,output_relative_rmse,0.22138241888023913
0.15,4,8,dense,self_mass,0.020132273275521584
0.15,4,8,dense,output_mse,0.0
0.15,4,8,dense,output_mae,0.0
0.15,4,8,dense,output_cosine,1.0
0.15,4,8,dense,output_relative_rmse,0.0
0.15,4,8,local_sparse,self_mass,0.045704045725869946
0.15,4,8,local_sparse,output_mse,0.047730879799928516
0.15,4,8,local_sparse,output_mae,0.14923264141543768
0.15,4,8,local_sparse,output_cosine,0.9295676941983402
0.15,4,8,local_sparse,output_relative_rmse,0.3728445247397758
0.15,4,8,local_corrected,self_mass,0.02496879591126344
0.15,4,8,local_corrected,output_mse,0.048934874510450754
0.15,4,8,local_corrected,output_mae,0.15113562915939838
0.15,4,8,local_corrected,output_cosine,0.9277962110936642
0.15,4,8,local_corrected,output_relative_rmse,0.37753097323002294
0.15,4,8,full_sparse,self_mass,0.045923249344923533
0.15,4,8,full_sparse,output_mse,0.047230569063685834
0.15,4,8,full_sparse,output_mae,0.14873372530564666
0.15,4,8,full_sparse,output_cosine,0.9305176883935928
0.15,4,8,full_sparse,output_relative_rmse,0.3709043944836594
0.15,4,8,full_corrected,self_mass,0.026057934384880355
0.15,4,8,full_corrected,output_mse,0.049452157159976196
0.15,4,8,full_corrected,output_mae,0.15275255424785428
0.15,4,8,full_corrected,output_cosine,0.9284641998820007
0.15,4,8,full_corrected,output_relative_rmse,0.37955256400164217
0.15,4,9,dense,self_mass,0.029841568568372168
0.15,4,9,dense,output_mse,0.0
0.15,4,9,dense,output_mae,0.0
0.15,4,9,dense,output_cosine,1.0
0.15,4,9,dense,output_relative_rmse,0.0
0.15,4,9,local_sparse,self_mass,0.06586337968474254
0.15,4,9,local_sparse,output_mse,0.04623709013685584
0.15,4,9,local_sparse,output_mae,0.15017701222677715
0.15,4,9,local_sparse,output_cosine,0.9033458142075688
0.15,4,9,local_sparse,output_relative_rmse,0.4482500267913565
0.15,4,9,local_corrected,self_mass,0.035676940795383416
0.15,4,9,local_corrected,output_mse,0.04788432851637481
0.15,4,9,local_corrected,output_mae,0.15281416950165294
0.15,4,9,local_corrected,output_cosine,0.8999524698592722
0.15,4,9,local_corrected,output_relative_rmse,0.4561428481247276
0.15,4,9,full_sparse,self_mass,0.06637611392943654
0.15,4,9,full_sparse,output_mse,0.04488984372437699
0.15,4,9,full_sparse,output_mae,0.1475441542279441
0.15,4,9,full_sparse,output_cosine,0.9061801175121218
0.15,4,9,full_sparse,output_relative_rmse,0.44157877610996366
0.15,4,9,full_corrected,self_mass,0.03769484996882966
0.15,4,9,full_corrected,output_mse,0.04750931842136197
0.15,4,9,full_corrected,output_mae,0.152237555681495
0.15,4,9,full_corrected,output_cosine,0.9027340391185135
0.15,4,9,full_corrected,output_relative_rmse,0.4542995752999559
0.15,4,10,dense,self_mass,0.0043535696877370356
0.15,4,10,dense,output_mse,0.0
0.15,4,10,dense,output_mae,0.0
0.15,4,10,dense,output_cosine,1.0
0.15,4,10,dense,output_relative_rmse,0.0
0.15,4,10,local_sparse,self_mass,0.008608320522398571
0.15,4,10,local_sparse,output_mse,0.004463265970116481
0.15,4,10,local_sparse,output_mae,0.05104686885897536
0.15,4,10,local_sparse,output_cosine,0.9608864886686206
0.15,4,10,local_sparse,output_relative_rmse,0.282743513060268
0.15,4,10,local_corrected,self_mass,0.004412315160152502
0.15,4,10,local_corrected,output_mse,0.00448104587258058
0.15,4,10,local_corrected,output_mae,0.051115277761709876
0.15,4,10,local_corrected,output_cosine,0.9606913251336664
0.15,4,10,local_corrected,output_relative_rmse,0.28325977621716447
0.15,4,10,full_sparse,self_mass,0.008636878485049237
0.15,4,10,full_sparse,output_mse,0.003559924391538516
0.15,4,10,full_sparse,output_mae,0.045632767454662826
0.15,4,10,full_sparse,output_cosine,0.9685150389559567
0.15,4,10,full_sparse,output_relative_rmse,0.2519152765162289
0.15,4,10,full_corrected,self_mass,0.004500294563513307
0.15,4,10,full_corrected,output_mse,0.003644159321083862
0.15,4,10,full_corrected,output_mae,0.046161846847098786
0.15,4,10,full_corrected,output_cosine,0.9683236682321876
0.15,4,10,full_corrected,output_relative_rmse,0.2553791535901837
0.15,4,11,dense,self_mass,0.03841692145942943
0.15,4,11,dense,output_mse,0.0
0.15,4,11,dense,output_mae,0.0
0.15,4,11,dense,output_cosine,1.0
0.15,4,11,dense,output_relative_rmse,0.0
0.15,4,11,local_sparse,self_mass,0.07391058474604506
0.15,4,11,local_sparse,output_mse,0.023931392177473754
0.15,4,11,local_sparse,output_mae,0.11261736895539798
0.15,4,11,local_sparse,output_cosine,0.9530374016612768
0.15,4,11,local_sparse,output_relative_rmse,0.31656554026994854
0.15,4,11,local_corrected,self_mass,0.040688843710086076
0.15,4,11,local_corrected,output_mse,0.02436238688096637
0.15,4,11,local_corrected,output_mae,0.11334148011519574
0.15,4,11,local_corrected,output_cosine,0.9510999566409737
0.15,4,11,local_corrected,output_relative_rmse,0.3193071080604568
0.15,4,11,full_sparse,self_mass,0.0739659839309752
0.15,4,11,full_sparse,output_mse,0.022150440901896218
0.15,4,11,full_sparse,output_mae,0.1073968903219793
0.15,4,11,full_sparse,output_cosine,0.9560085702687502
0.15,4,11,full_sparse,output_relative_rmse,0.30440393794560805
0.15,4,11,full_corrected,self_mass,0.04303235362749547
0.15,4,11,full_corrected,output_mse,0.02318266173097072
0.15,4,11,full_corrected,output_mae,0.10992988254292868
0.15,4,11,full_corrected,output_cosine,0.954146794276312
0.15,4,11,full_corrected,output_relative_rmse,0.31141986936563626
0.15,5,0,dense,self_mass,0.02848578052726225
0.15,5,0,dense,output_mse,0.0
0.15,5,0,dense,output_mae,0.0
0.15,5,0,dense,output_cosine,1.0
0.15,5,0,dense,output_relative_rmse,0.0
0.15,5,0,local_sparse,self_mass,0.0550950385586475
0.15,5,0,local_sparse,output_mse,0.017961806095627253
0.15,5,0,local_sparse,output_mae,0.09579699896858074
0.15,5,0,local_sparse,output_cosine,0.9750963966362178
0.15,5,0,local_sparse,output_relative_rmse,0.22471041791141033
0.15,5,0,local_corrected,self_mass,0.030670797183120158
0.15,5,0,local_corrected,output_mse,0.01843547391035827
0.15,5,0,local_corrected,output_mae,0.0967978787375614
0.15,5,0,local_corrected,output_cosine,0.9742167366202921
0.15,5,0,local_corrected,output_relative_rmse,0.22755334462272003
0.15,5,0,full_sparse,self_mass,0.054613078267720994
0.15,5,0,full_sparse,output_mse,0.017531779856653884
0.15,5,0,full_sparse,output_mae,0.09519300333340652
0.15,5,0,full_sparse,output_cosine,0.9751911824569106
0.15,5,0,full_sparse,output_relative_rmse,0.2218683387618512
0.15,5,0,full_corrected,self_mass,0.031080699853191618
0.15,5,0,full_corrected,output_mse,0.019051225750445155
0.15,5,0,full_corrected,output_mae,0.09914744249545038
0.15,5,0,full_corrected,output_cosine,0.9736334509216249
0.15,5,0,full_corrected,output_relative_rmse,0.23131501604802907
0.15,5,1,dense,self_mass,0.007947782110932167
0.15,5,1,dense,output_mse,0.0
0.15,5,1,dense,output_mae,0.0
0.15,5,1,dense,output_cosine,1.0
0.15,5,1,dense,output_relative_rmse,0.0
0.15,5,1,local_sparse,self_mass,0.015730713323137024
0.15,5,1,local_sparse,output_mse,0.00575946079698042
0.15,5,1,local_sparse,output_mae,0.05749051309248898
0.15,5,1,local_sparse,output_cosine,0.9605473254341632
0.15,5,1,local_sparse,output_relative_rmse,0.28358325926819816
0.15,5,1,local_corrected,self_mass,0.008030716417124495
0.15,5,1,local_corrected,output_mse,0.00579806784480752
0.15,5,1,local_corrected,output_mae,0.057647672336315736
0.15,5,1,local_corrected,output_cosine,0.9601496644318104
0.15,5,1,local_corrected,output_relative_rmse,0.2845504023716785
0.15,5,1,full_sparse,self_mass,0.015657289950468112
0.15,5,1,full_sparse,output_mse,0.004664408269491105
0.15,5,1,full_sparse,output_mae,0.05149144482857082
0.15,5,1,full_sparse,output_cosine,0.9670852948911488
0.15,5,1,full_sparse,output_relative_rmse,0.25537226535379887
0.15,5,1,full_corrected,self_mass,0.00805897139616718
0.15,5,1,full_corrected,output_mse,0.005168952143321803
0.15,5,1,full_corrected,output_mae,0.05411126764374785
0.15,5,1,full_corrected,output_cosine,0.9650959074497223
0.15,5,1,full_corrected,output_relative_rmse,0.2694530090666376
0.15,5,2,dense,self_mass,0.01816963773671887
0.15,5,2,dense,output_mse,0.0
0.15,5,2,dense,output_mae,0.0
0.15,5,2,dense,output_cosine,1.0
0.15,5,2,dense,output_relative_rmse,0.0
0.15,5,2,local_sparse,self_mass,0.03515295428587706
0.15,5,2,local_sparse,output_mse,0.007112436421266466
0.15,5,2,local_sparse,output_mae,0.0637340688117547
0.15,5,2,local_sparse,output_cosine,0.9719182611443102
0.15,5,2,local_sparse,output_relative_rmse,0.2269074828363955
0.15,5,2,local_corrected,self_mass,0.01853498908712936
0.15,5,2,local_corrected,output_mse,0.007166910078922228
0.15,5,2,local_corrected,output_mae,0.06378873964422382
0.15,5,2,local_corrected,output_cosine,0.9711894649080932
0.15,5,2,local_corrected,output_relative_rmse,0.22761555085889995
0.15,5,2,full_sparse,self_mass,0.03458109002531273
0.15,5,2,full_sparse,output_mse,0.006428746833080368
0.15,5,2,full_sparse,output_mae,0.06003801529004704
0.15,5,2,full_sparse,output_cosine,0.9743721256963909
0.15,5,2,full_sparse,output_relative_rmse,0.21470878785476089
0.15,5,2,full_corrected,self_mass,0.01873201594753482
0.15,5,2,full_corrected,output_mse,0.006936447023690562
0.15,5,2,full_corrected,output_mae,0.062210724398028105
0.15,5,2,full_corrected,output_cosine,0.9729318181052804
0.15,5,2,full_corrected,output_relative_rmse,0.2229955506627448
0.15,5,3,dense,self_mass,0.011766241945224465
0.15,5,3,dense,output_mse,0.0
0.15,5,3,dense,output_mae,0.0
0.15,5,3,dense,output_cosine,1.0
0.15,5,3,dense,output_relative_rmse,0.0
0.15,5,3,local_sparse,self_mass,0.022993907245108858
0.15,5,3,local_sparse,output_mse,0.006681217740151624
0.15,5,3,local_sparse,output_mae,0.0631616817554459
0.15,5,3,local_sparse,output_cosine,0.9633182035759091
0.15,5,3,local_sparse,output_relative_rmse,0.2664012856548652
0.15,5,3,local_corrected,self_mass,0.011837156385809067
0.15,5,3,local_corrected,output_mse,0.006695283041153743
0.15,5,3,local_corrected,output_mae,0.06317912046506535
0.15,5,3,local_corrected,output_cosine,0.9626261193770915
0.15,5,3,local_corrected,output_relative_rmse,0.26663232065038756
0.15,5,3,full_sparse,self_mass,0.022396926022338448
0.15,5,3,full_sparse,output_mse,0.005238419224042445
0.15,5,3,full_sparse,output_mae,0.05572515426320024
0.15,5,3,full_sparse,output_cosine,0.9701246726326644
0.15,5,3,full_sparse,output_relative_rmse,0.2362795812659897
0.15,5,3,full_corrected,self_mass,0.011809579958935501
0.15,5,3,full_corrected,output_mse,0.005689146349141083
0.15,5,3,full_corrected,output_mae,0.05805805983254686
0.15,5,3,full_corrected,output_cosine,0.967953561572358
0.15,5,3,full_corrected,output_relative_rmse,0.2467376054264605
0.15,5,4,dense,self_mass,0.08782363806676585
0.15,5,4,dense,output_mse,0.0
0.15,5,4,dense,output_mae,0.0
0.15,5,4,dense,output_cosine,1.0
0.15,5,4,dense,output_relative_rmse,0.0
0.15,5,4,local_sparse,self_mass,0.1605610507831443
0.15,5,4,local_sparse,output_mse,0.04673506671679206
0.15,5,4,local_sparse,output_mae,0.14933462429326028
0.15,5,4,local_sparse,output_cosine,0.9400381303858012
0.15,5,4,local_sparse,output_relative_rmse,0.35902877140324563
0.15,5,4,local_corrected,self_mass,0.09898836966749514
0.15,5,4,local_corrected,output_mse,0.047782158209884074
0.15,5,4,local_corrected,output_mae,0.15164976159576327
0.15,5,4,local_corrected,output_cosine,0.9367718573193997
0.15,5,4,local_corrected,output_relative_rmse,0.36292622494511306
0.15,5,4,full_sparse,self_mass,0.1603571788436966
0.15,5,4,full_sparse,output_mse,0.043846038832271006
0.15,5,4,full_sparse,output_mae,0.14572246771422215
0.15,5,4,full_sparse,output_cosine,0.9433590173721313
0.15,5,4,full_sparse,output_relative_rmse,0.3472579755471088
0.15,5,4,full_corrected,self_mass,0.10349751668400131
0.15,5,4,full_corrected,output_mse,0.04740472840057919
0.15,5,4,full_corrected,output_mae,0.15273167111445218
0.15,5,4,full_corrected,output_cosine,0.9393490077927709
0.15,5,4,full_corrected,output_relative_rmse,0.3612632997101173
0.15,5,5,dense,self_mass,0.05486521249258658
0.15,5,5,dense,output_mse,0.0
0.15,5,5,dense,output_mae,0.0
0.15,5,5,dense,output_cosine,1.0
0.15,5,5,dense,output_relative_rmse,0.0
0.15,5,5,local_sparse,self_mass,0.102120988725801
0.15,5,5,local_sparse,output_mse,0.02003460669584456
0.15,5,5,local_sparse,output_mae,0.10093669092748314
0.15,5,5,local_sparse,output_cosine,0.9767567755188793
0.15,5,5,local_sparse,output_relative_rmse,0.21412413284997456
0.15,5,5,local_corrected,self_mass,0.06018821494944859
0.15,5,5,local_corrected,output_mse,0.02077785084838979
0.15,5,5,local_corrected,output_mae,0.1025637630809797
0.15,5,5,local_corrected,output_cosine,0.9755771900527179
0.15,5,5,local_corrected,output_relative_rmse,0.2180071679467801
0.15,5,5,full_sparse,self_mass,0.10257679784263019
0.15,5,5,full_sparse,output_mse,0.01995247832746827
0.15,5,5,full_sparse,output_mae,0.10168956105189864
0.15,5,5,full_sparse,output_cosine,0.9766443229746073
0.15,5,5,full_sparse,output_relative_rmse,0.2137680999294389
0.15,5,5,full_corrected,self_mass,0.06210910766822053
0.15,5,5,full_corrected,output_mse,0.02183936768778949
0.15,5,5,full_corrected,output_mae,0.1062303259386681
0.15,5,5,full_corrected,output_cosine,0.9748511321377009
0.15,5,5,full_corrected,output_relative_rmse,0.22361618012655526
0.15,5,6,dense,self_mass,0.035122605033393484
0.15,5,6,dense,output_mse,0.0
0.15,5,6,dense,output_mae,0.0
0.15,5,6,dense,output_cosine,1.0
0.15,5,6,dense,output_relative_rmse,0.0
0.15,5,6,local_sparse,self_mass,0.06996442798117641
0.15,5,6,local_sparse,output_mse,0.023544590636447538
0.15,5,6,local_sparse,output_mae,0.11345942784100771
0.15,5,6,local_sparse,output_cosine,0.9478712806012481
0.15,5,6,local_sparse,output_relative_rmse,0.32564669533167034
0.15,5,6,local_corrected,self_mass,0.03725910183857195
0.15,5,6,local_corrected,output_mse,0.024403306237218203
0.15,5,6,local_corrected,output_mae,0.11537173393298872
0.15,5,6,local_corrected,output_cosine,0.9454357454087585
0.15,5,6,local_corrected,output_relative_rmse,0.33153869613306597
0.15,5,6,full_sparse,self_mass,0.07067219640885014
0.15,5,6,full_sparse,output_mse,0.021902813314227387
0.15,5,6,full_sparse,output_mae,0.10946233704453334
0.15,5,6,full_sparse,output_cosine,0.95074566709809
0.15,5,6,full_sparse,output_relative_rmse,0.31408133020158857
0.15,5,6,full_corrected,self_mass,0.038530269208422396
0.15,5,6,full_corrected,output_mse,0.024363577758776955
0.15,5,6,full_corrected,output_mae,0.11525824983255006
0.15,5,6,full_corrected,output_cosine,0.9469561339356005
0.15,5,6,full_corrected,output_relative_rmse,0.33123878116020933
0.15,5,7,dense,self_mass,0.03146651363931596
0.15,5,7,dense,output_mse,0.0
0.15,5,7,dense,output_mae,0.0
0.15,5,7,dense,output_cosine,1.0
0.15,5,7,dense,output_relative_rmse,0.0
0.15,5,7,local_sparse,self_mass,0.06130799055972602
0.15,5,7,local_sparse,output_mse,0.01602443363299244
0.15,5,7,local_sparse,output_mae,0.0965521014877595
0.15,5,7,local_sparse,output_cosine,0.9651242240797728
0.15,5,7,local_sparse,output_relative_rmse,0.26401357870781794
0.15,5,7,local_corrected,self_mass,0.03227836511723581
0.15,5,7,local_corrected,output_mse,0.016422379470895976
0.15,5,7,local_corrected,output_mae,0.09745799691881984
0.15,5,7,local_corrected,output_cosine,0.9632520063314587
0.15,5,7,local_corrected,output_relative_rmse,0.26729409873951226
0.15,5,7,full_sparse,self_mass,0.06065910213510506
0.15,5,7,full_sparse,output_mse,0.012545574822070193
0.15,5,7,full_sparse,output_mae,0.08549645324819721
0.15,5,7,full_sparse,output_cosine,0.9714986344333738
0.15,5,7,full_sparse,output_relative_rmse,0.2335799239226617
0.15,5,7,full_corrected,self_mass,0.032221055203990545
0.15,5,7,full_corrected,output_mse,0.013970163547128323
0.15,5,7,full_corrected,output_mae,0.08995142040657811
0.15,5,7,full_corrected,output_cosine,0.9686155281960964
0.15,5,7,full_corrected,output_relative_rmse,0.24650881008710712
0.15,5,8,dense,self_mass,0.062417138542514294
0.15,5,8,dense,output_mse,0.0
0.15,5,8,dense,output_mae,0.0
0.15,5,8,dense,output_cosine,1.0
0.15,5,8,dense,output_relative_rmse,0.0
0.15,5,8,local_sparse,self_mass,0.11633588797121774
0.15,5,8,local_sparse,output_mse,0.017618741861952003
0.15,5,8,local_sparse,output_mae,0.09988753506331705
0.15,5,8,local_sparse,output_cosine,0.9704850749112666
0.15,5,8,local_sparse,output_relative_rmse,0.24543990683741868
0.15,5,8,local_corrected,self_mass,0.06524969805468572
0.15,5,8,local_corrected,output_mse,0.01777084468631074
0.15,5,8,local_corrected,output_mae,0.09994124018703587
0.15,5,8,local_corrected,output_cosine,0.9686956719961017
0.15,5,8,local_corrected,output_relative_rmse,0.2465650345548056
0.15,5,8,full_sparse,self_mass,0.11435596317460295
0.15,5,8,full_sparse,output_mse,0.015112203655007761
0.15,5,8,full_sparse,output_mae,0.09264404769055545
0.15,5,8,full_sparse,output_cosine,0.9736598238814622
0.15,5,8,full_sparse,output_relative_rmse,0.22720413940260187
0.15,5,8,full_corrected,self_mass,0.06613733977428637
0.15,5,8,full_corrected,output_mse,0.016443472093669698
0.15,5,8,full_corrected,output_mae,0.09638610581168905
0.15,5,8,full_corrected,output_cosine,0.9713109701406211
0.15,5,8,full_corrected,output_relative_rmse,0.2369485759991221
0.15,5,9,dense,self_mass,0.0193285227578599
0.15,5,9,dense,output_mse,0.0
0.15,5,9,dense,output_mae,0.0
0.15,5,9,dense,output_cosine,1.0
0.15,5,9,dense,output_relative_rmse,0.0
0.15,5,9,local_sparse,self_mass,0.04394059118203586
0.15,5,9,local_sparse,output_mse,0.05808249901747331
0.15,5,9,local_sparse,output_mae,0.16223724512383342
0.15,5,9,local_sparse,output_cosine,0.9378062216565013
0.15,5,9,local_sparse,output_relative_rmse,0.3566075819544494
0.15,5,9,local_corrected,self_mass,0.023977962831850164
0.15,5,9,local_corrected,output_mse,0.0594617945025675
0.15,5,9,local_corrected,output_mae,0.1643345771881286
0.15,5,9,local_corrected,output_cosine,0.93623848981224
0.15,5,9,local_corrected,output_relative_rmse,0.3608204732881859
0.15,5,9,full_sparse,self_mass,0.04377827664575307
0.15,5,9,full_sparse,output_mse,0.05990638862567721
0.15,5,9,full_sparse,output_mae,0.16729952549212612
0.15,5,9,full_sparse,output_cosine,0.9358759827446193
0.15,5,9,full_sparse,output_relative_rmse,0.36204174056183547
0.15,5,9,full_corrected,self_mass,0.024931967189331772
0.15,5,9,full_corrected,output_mse,0.06408373777958332
0.15,5,9,full_corrected,output_mae,0.17391478529316373
0.15,5,9,full_corrected,output_cosine,0.9331567012704909
0.15,5,9,full_corrected,output_relative_rmse,0.37452806218061596
0.15,5,10,dense,self_mass,0.040379414887866005
0.15,5,10,dense,output_mse,0.0
0.15,5,10,dense,output_mae,0.0
0.15,5,10,dense,output_cosine,1.0
0.15,5,10,dense,output_relative_rmse,0.0
0.15,5,10,local_sparse,self_mass,0.07656469941139221
0.15,5,10,local_sparse,output_mse,0.02077309757078183
0.15,5,10,local_sparse,output_mae,0.1060833677474875
0.15,5,10,local_sparse,output_cosine,0.9354206407442689
0.15,5,10,local_sparse,output_relative_rmse,0.37743451591813937
0.15,5,10,local_corrected,self_mass,0.04190544239827432
0.15,5,10,local_corrected,output_mse,0.020959937090083258
0.15,5,10,local_corrected,output_mae,0.10656667803414166
0.15,5,10,local_corrected,output_cosine,0.9332164693623781
0.15,5,10,local_corrected,output_relative_rmse,0.379151527013164
0.15,5,10,full_sparse,self_mass,0.07637308513221797
0.15,5,10,full_sparse,output_mse,0.020030424351716647
0.15,5,10,full_sparse,output_mae,0.10355293695465662
0.15,5,10,full_sparse,output_cosine,0.9363039557356387
0.15,5,10,full_sparse,output_relative_rmse,0.3706407538265921
0.15,5,10,full_corrected,self_mass,0.04421946719958214
0.15,5,10,full_corrected,output_mse,0.02144454665540252
0.15,5,10,full_corrected,output_mae,0.1072142114280723
0.15,5,10,full_corrected,output_cosine,0.9329898366704583
0.15,5,10,full_corrected,output_relative_rmse,0.3835503909504041
0.15,5,11,dense,self_mass,0.014073396218009293
0.15,5,11,dense,output_mse,0.0
0.15,5,11,dense,output_mae,0.0
0.15,5,11,dense,output_cosine,1.0
0.15,5,11,dense,output_relative_rmse,0.0
0.15,5,11,local_sparse,self_mass,0.027504109904839424
0.15,5,11,local_sparse,output_mse,0.006700572245790681
0.15,5,11,local_sparse,output_mae,0.06266698136460036
0.15,5,11,local_sparse,output_cosine,0.9603464789688587
0.15,5,11,local_sparse,output_relative_rmse,0.2809262595255859
0.15,5,11,local_corrected,self_mass,0.014181457245285856
0.15,5,11,local_corrected,output_mse,0.006726240241732739
0.15,5,11,local_corrected,output_mae,0.06271512365492526
0.15,5,11,local_corrected,output_cosine,0.9595417850650847
0.15,5,11,local_corrected,output_relative_rmse,0.28145670038065873
0.15,5,11,full_sparse,self_mass,0.026949700095428852
0.15,5,11,full_sparse,output_mse,0.005551344347622944
0.15,5,11,full_sparse,output_mae,0.056695971376029775
0.15,5,11,full_sparse,output_cosine,0.9661356664728373
0.15,5,11,full_sparse,output_relative_rmse,0.25539140540058725
0.15,5,11,full_corrected,self_mass,0.01406779782155354
0.15,5,11,full_corrected,output_mse,0.006040770595063805
0.15,5,11,full_corrected,output_mae,0.058979521549190395
0.15,5,11,full_corrected,output_cosine,0.9639040164183825
0.15,5,11,full_corrected,output_relative_rmse,0.2665437896212097
0.15,6,0,dense,self_mass,0.05990822178864619
0.15,6,0,dense,output_mse,0.0
0.15,6,0,dense,output_mae,0.0
0.15,6,0,dense,output_cosine,1.0
0.15,6,0,dense,output_relative_rmse,0.0
0.15,6,0,local_sparse,self_mass,0.11427455653029028
0.15,6,0,local_sparse,output_mse,0.044826861420006026
0.15,6,0,local_sparse,output_mae,0.14643779391190037
0.15,6,0,local_sparse,output_cosine,0.9420334214810282
0.15,6,0,local_sparse,output_relative_rmse,0.3618358967360109
0.15,6,0,local_corrected,self_mass,0.06595794587337878
0.15,6,0,local_corrected,output_mse,0.04552210397378076
0.15,6,0,local_corrected,output_mae,0.14754091270151548
0.15,6,0,local_corrected,output_cosine,0.9396196047309786
0.15,6,0,local_corrected,output_relative_rmse,0.3645516198594123
0.15,6,0,full_sparse,self_mass,0.11074800098140258
0.15,6,0,full_sparse,output_mse,0.044381429921486415
0.15,6,0,full_sparse,output_mae,0.14672842912841588
0.15,6,0,full_sparse,output_cosine,0.9415910372044891
0.15,6,0,full_sparse,output_relative_rmse,0.36002824862953275
0.15,6,0,full_corrected,self_mass,0.06694304553820984
0.15,6,0,full_corrected,output_mse,0.04872504460217897
0.15,6,0,full_corrected,output_mae,0.15438417313271202
0.15,6,0,full_corrected,output_cosine,0.9373058141209185
0.15,6,0,full_corrected,output_relative_rmse,0.3774799598613754
0.15,6,1,dense,self_mass,0.04411884868750349
0.15,6,1,dense,output_mse,0.0
0.15,6,1,dense,output_mae,0.0
0.15,6,1,dense,output_cosine,1.0
0.15,6,1,dense,output_relative_rmse,0.0
0.15,6,1,local_sparse,self_mass,0.08452188849332742
0.15,6,1,local_sparse,output_mse,0.01640210926780128
0.15,6,1,local_sparse,output_mae,0.09536986536113545
0.15,6,1,local_sparse,output_cosine,0.9638793156482279
0.15,6,1,local_sparse,output_relative_rmse,0.2722053300240077
0.15,6,1,local_corrected,self_mass,0.04570208145014476
0.15,6,1,local_corrected,output_mse,0.016790504620075808
0.15,6,1,local_corrected,output_mae,0.09608900576131418
0.15,6,1,local_corrected,output_cosine,0.9619243461638689
0.15,6,1,local_corrected,output_relative_rmse,0.27535947947762907
0.15,6,1,full_sparse,self_mass,0.08362248630146496
0.15,6,1,full_sparse,output_mse,0.014376926883414853
0.15,6,1,full_sparse,output_mae,0.08946661738445982
0.15,6,1,full_sparse,output_cosine,0.9671177219133824
0.15,6,1,full_sparse,output_relative_rmse,0.25474703998770565
0.15,6,1,full_corrected,self_mass,0.046678412560140714
0.15,6,1,full_corrected,output_mse,0.01611412438978732
0.15,6,1,full_corrected,output_mae,0.09431029594270512
0.15,6,1,full_corrected,output_cosine,0.963975433493033
0.15,6,1,full_corrected,output_relative_rmse,0.2694979547522962
0.15,6,2,dense,self_mass,0.04788790723250713
0.15,6,2,dense,output_mse,0.0
0.15,6,2,dense,output_mae,0.0
0.15,6,2,dense,output_cosine,1.0
0.15,6,2,dense,output_relative_rmse,0.0
0.15,6,2,local_sparse,self_mass,0.0926017898163991
0.15,6,2,local_sparse,output_mse,0.03746179309382569
0.15,6,2,local_sparse,output_mae,0.13352294446667656
0.15,6,2,local_sparse,output_cosine,0.9652532830368727
0.15,6,2,local_sparse,output_relative_rmse,0.26815344917122275
0.15,6,2,local_corrected,self_mass,0.05482592700718669
0.15,6,2,local_corrected,output_mse,0.03872780160236289
0.15,6,2,local_corrected,output_mae,0.13581559556769207
0.15,6,2,local_corrected,output_cosine,0.9637421157676727
0.15,6,2,local_corrected,output_relative_rmse,0.27265490853460506
0.15,6,2,full_sparse,self_mass,0.09124644186522346
0.15,6,2,full_sparse,output_mse,0.039739891115459614
0.15,6,2,full_sparse,output_mae,0.14020492264535278
0.15,6,2,full_sparse,output_cosine,0.9628042473923415
0.15,6,2,full_sparse,output_relative_rmse,0.2763523255707696
0.15,6,2,full_corrected,self_mass,0.05471301532816142
0.15,6,2,full_corrected,output_mse,0.04454097081179498
0.15,6,2,full_corrected,output_mae,0.14882725998177193
0.15,6,2,full_corrected,output_cosine,0.9595065924804658
0.15,6,2,full_corrected,output_relative_rmse,0.292655234108679
0.15,6,3,dense,self_mass,0.02211971817087033
0.15,6,3,dense,output_mse,0.0
0.15,6,3,dense,output_mae,0.0
0.15,6,3,dense,output_cosine,1.0
0.15,6,3,dense,output_relative_rmse,0.0
0.15,6,3,local_sparse,self_mass,0.0430999418895226
0.15,6,3,local_sparse,output_mse,0.010894129727603286
0.15,6,3,local_sparse,output_mae,0.0794224617711734
0.15,6,3,local_sparse,output_cosine,0.954735970357433
0.15,6,3,local_sparse,output_relative_rmse,0.31216809671605006
0.15,6,3,local_corrected,self_mass,0.022536664095241576
0.15,6,3,local_corrected,output_mse,0.010839736180059845
0.15,6,3,local_corrected,output_mae,0.07915710599627346
0.15,6,3,local_corrected,output_cosine,0.9532445752993226
0.15,6,3,local_corrected,output_relative_rmse,0.3113135325256735
0.15,6,3,full_sparse,self_mass,0.04215765208937228
0.15,6,3,full_sparse,output_mse,0.008345953685420682
0.15,6,3,full_sparse,output_mae,0.06916022895893548
0.15,6,3,full_sparse,output_cosine,0.9633455607108772
0.15,6,3,full_sparse,output_relative_rmse,0.2733689694432542
0.15,6,3,full_corrected,self_mass,0.02339080299498164
0.15,6,3,full_corrected,output_mse,0.009208847337504267
0.15,6,3,full_corrected,output_mae,0.07252474322740454
0.15,6,3,full_corrected,output_cosine,0.9607131162192672
0.15,6,3,full_corrected,output_relative_rmse,0.2872942604008131
0.15,6,4,dense,self_mass,0.007933038661576575
0.15,6,4,dense,output_mse,0.0
0.15,6,4,dense,output_mae,0.0
0.15,6,4,dense,output_cosine,1.0
0.15,6,4,dense,output_relative_rmse,0.0
0.15,6,4,local_sparse,self_mass,0.01590852344816085
0.15,6,4,local_sparse,output_mse,0.012944924766998156
0.15,6,4,local_sparse,output_mae,0.08732619465445168
0.15,6,4,local_sparse,output_cosine,0.9662074795924127
0.15,6,4,local_sparse,output_relative_rmse,0.256995297211688
0.15,6,4,local_corrected,self_mass,0.00805596739246539
0.15,6,4,local_corrected,output_mse,0.013102961856930051
0.15,6,4,local_corrected,output_mae,0.0877753993117949
0.15,6,4,local_corrected,output_cosine,0.9656331287696958
0.15,6,4,local_corrected,output_relative_rmse,0.2585309086134657
0.15,6,4,full_sparse,self_mass,0.01580216443835525
0.15,6,4,full_sparse,output_mse,0.010051772671431536
0.15,6,4,full_sparse,output_mae,0.0769178210903192
0.15,6,4,full_sparse,output_cosine,0.972809640225023
0.15,6,4,full_sparse,output_relative_rmse,0.22617502394132316
0.15,6,4,full_corrected,self_mass,0.00781998231104808
0.15,6,4,full_corrected,output_mse,0.011347801433657878
0.15,6,4,full_corrected,output_mae,0.08146957762073725
0.15,6,4,full_corrected,output_cosine,0.9704427472315729
0.15,6,4,full_corrected,output_relative_rmse,0.24015947367297485
0.15,6,5,dense,self_mass,0.016182496625333442
0.15,6,5,dense,output_mse,0.0
0.15,6,5,dense,output_mae,0.0
0.15,6,5,dense,output_cosine,1.0
0.15,6,5,dense,output_relative_rmse,0.0
0.15,6,5,local_sparse,self_mass,0.03139555708912667
0.15,6,5,local_sparse,output_mse,0.00863144048344111
0.15,6,5,local_sparse,output_mae,0.07050455326680094
0.15,6,5,local_sparse,output_cosine,0.9629720663651824
0.15,6,5,local_sparse,output_relative_rmse,0.27059547742828727
0.15,6,5,local_corrected,self_mass,0.016343086637789384
0.15,6,5,local_corrected,output_mse,0.00866827774370904
0.15,6,5,local_corrected,output_mae,0.07051835423044395
0.15,6,5,local_corrected,output_cosine,0.9620521415490657
0.15,6,5,local_corrected,output_relative_rmse,0.2710426769917831
0.15,6,5,full_sparse,self_mass,0.030738779681996675
0.15,6,5,full_sparse,output_mse,0.008011153571715113
0.15,6,5,full_sparse,output_mae,0.0677362281276146
0.15,6,5,full_sparse,output_cosine,0.96453379932791
0.15,6,5,full_sparse,output_relative_rmse,0.2603287560050376
0.15,6,5,full_corrected,self_mass,0.01650123366925982
0.15,6,5,full_corrected,output_mse,0.008867363460012712
0.15,6,5,full_corrected,output_mae,0.0710527668998111
0.15,6,5,full_corrected,output_cosine,0.9620973246637732
0.15,6,5,full_corrected,output_relative_rmse,0.27374359243549407
0.15,6,6,dense,self_mass,0.014656606521384674
0.15,6,6,dense,output_mse,0.0
0.15,6,6,dense,output_mae,0.0
0.15,6,6,dense,output_cosine,1.0
0.15,6,6,dense,output_relative_rmse,0.0
0.15,6,6,local_sparse,self_mass,0.028682231091806898
0.15,6,6,local_sparse,output_mse,0.009505662689662131
0.15,6,6,local_sparse,output_mae,0.0740873533213744
0.15,6,6,local_sparse,output_cosine,0.9671890279278159
0.15,6,6,local_sparse,output_relative_rmse,0.25344285543542355
0.15,6,6,local_corrected,self_mass,0.01494155475666048
0.15,6,6,local_corrected,output_mse,0.009612866044335533
0.15,6,6,local_corrected,output_mae,0.07437577778182458
0.15,6,6,local_corrected,output_cosine,0.9664487696718425
0.15,6,6,local_corrected,output_relative_rmse,0.25474923074943945
0.15,6,6,full_sparse,self_mass,0.028685598972515436
0.15,6,6,full_sparse,output_mse,0.007644744838216866
0.15,6,6,full_sparse,output_mae,0.06636245572008193
0.15,6,6,full_sparse,output_cosine,0.9727701626252383
0.15,6,6,full_sparse,output_relative_rmse,0.22720468969782814
0.15,6,6,full_corrected,self_mass,0.015672262363295886
0.15,6,6,full_corrected,output_mse,0.008673836848174687
0.15,6,6,full_corrected,output_mae,0.07033619565481786
0.15,6,6,full_corrected,output_cosine,0.9706108740065247
0.15,6,6,full_corrected,output_relative_rmse,0.24197368347086012
0.15,6,7,dense,self_mass,0.04214315235367394
0.15,6,7,dense,output_mse,0.0
0.15,6,7,dense,output_mae,0.0
0.15,6,7,dense,output_cosine,1.0
0.15,6,7,dense,output_relative_rmse,0.0
0.15,6,7,local_sparse,self_mass,0.07836834540648852
0.15,6,7,local_sparse,output_mse,0.02188464461505646
0.15,6,7,local_sparse,output_mae,0.1066466144984588
0.15,6,7,local_sparse,output_cosine,0.9714925305452198
0.15,6,7,local_sparse,output_relative_rmse,0.23911952209891751
0.15,6,7,local_corrected,self_mass,0.04547738634937559
0.15,6,7,local_corrected,output_mse,0.022519196863868274
0.15,6,7,local_corrected,output_mae,0.10774997365660965
0.15,6,7,local_corrected,output_cosine,0.9702280461788177
0.15,6,7,local_corrected,output_relative_rmse,0.2425088884192519
0.15,6,7,full_sparse,self_mass,0.07780167053715559
0.15,6,7,full_sparse,output_mse,0.02343115452094935
0.15,6,7,full_sparse,output_mae,0.11093271640129387
0.15,6,7,full_sparse,output_cosine,0.9691403545439243
0.15,6,7,full_sparse,output_relative_rmse,0.24732718663290143
0.15,6,7,full_corrected,self_mass,0.04497288616403239
0.15,6,7,full_corrected,output_mse,0.025799886410823092
0.15,6,7,full_corrected,output_mae,0.11602378680254333
0.15,6,7,full_corrected,output_cosine,0.9667249282356352
0.15,6,7,full_corrected,output_relative_rmse,0.2594915090012364
0.15,6,8,dense,self_mass,0.08095719562697923
0.15,6,8,dense,output_mse,0.0
0.15,6,8,dense,output_mae,0.0
0.15,6,8,dense,output_cosine,1.0
0.15,6,8,dense,output_relative_rmse,0.0
0.15,6,8,local_sparse,self_mass,0.1472110781178344
0.15,6,8,local_sparse,output_mse,0.020241100195562467
0.15,6,8,local_sparse,output_mae,0.10541007734718733
0.15,6,8,local_sparse,output_cosine,0.9715166641399264
0.15,6,8,local_sparse,output_relative_rmse,0.23953680484555662
0.15,6,8,local_corrected,self_mass,0.0855242286779685
0.15,6,8,local_corrected,output_mse,0.02023911015203339
0.15,6,8,local_corrected,output_mae,0.10513100402022246
0.15,6,8,local_corrected,output_cosine,0.9699967715423554
0.15,6,8,local_corrected,output_relative_rmse,0.23959858802845702
0.15,6,8,full_sparse,self_mass,0.1443446740449872
0.15,6,8,full_sparse,output_mse,0.019036128504012595
0.15,6,8,full_sparse,output_mae,0.10286139883100986
0.15,6,8,full_sparse,output_cosine,0.9723013630136847
0.15,6,8,full_sparse,output_relative_rmse,0.23288414726266637
0.15,6,8,full_corrected,self_mass,0.08854388384497724
0.15,6,8,full_corrected,output_mse,0.02085736493972945
0.15,6,8,full_corrected,output_mae,0.1074975001392886
0.15,6,8,full_corrected,output_cosine,0.9698174630757421
0.15,6,8,full_corrected,output_relative_rmse,0.24359413055935875
0.15,6,9,dense,self_mass,0.014371834029589081
0.15,6,9,dense,output_mse,0.0
0.15,6,9,dense,output_mae,0.0
0.15,6,9,dense,output_cosine,1.0
0.15,6,9,dense,output_relative_rmse,0.0
0.15,6,9,local_sparse,self_mass,0.02831930851971265
0.15,6,9,local_sparse,output_mse,0.011263312640949152
0.15,6,9,local_sparse,output_mae,0.07896856698789634
0.15,6,9,local_sparse,output_cosine,0.966184621443972
0.15,6,9,local_sparse,output_relative_rmse,0.25771134509705007
0.15,6,9,local_corrected,self_mass,0.014752198614587542
0.15,6,9,local_corrected,output_mse,0.011441276999903494
0.15,6,9,local_corrected,output_mae,0.07934481464326382
0.15,6,9,local_corrected,output_cosine,0.9653784488327801
0.15,6,9,local_corrected,output_relative_rmse,0.25960107281571254
0.15,6,9,full_sparse,self_mass,0.028416317498340504
0.15,6,9,full_sparse,output_mse,0.009649640478528454
0.15,6,9,full_sparse,output_mae,0.07300362979003694
0.15,6,9,full_sparse,output_cosine,0.9702519939746708
0.15,6,9,full_sparse,output_relative_rmse,0.23821849143132567
0.15,6,9,full_corrected,self_mass,0.015098213425517315
0.15,6,9,full_corrected,output_mse,0.010761690067738527
0.15,6,9,full_corrected,output_mae,0.07682588630996179
0.15,6,9,full_corrected,output_cosine,0.9681976139545441
0.15,6,9,full_corrected,output_relative_rmse,0.25155960279516876
0.15,6,10,dense,self_mass,0.07176714845991228
0.15,6,10,dense,output_mse,0.0
0.15,6,10,dense,output_mae,0.0
0.15,6,10,dense,output_cosine,1.0
0.15,6,10,dense,output_relative_rmse,0.0
0.15,6,10,local_sparse,self_mass,0.13149278194759972
0.15,6,10,local_sparse,output_mse,0.017856980543001555
0.15,6,10,local_sparse,output_mae,0.1006856607273221
0.15,6,10,local_sparse,output_cosine,0.9725258683320135
0.15,6,10,local_sparse,output_relative_rmse,0.23819261271273717
0.15,6,10,local_corrected,self_mass,0.07425472560862545
0.15,6,10,local_corrected,output_mse,0.017913494844833622
0.15,6,10,local_corrected,output_mae,0.10034657042706385
0.15,6,10,local_corrected,output_cosine,0.9707248841878027
0.15,6,10,local_corrected,output_relative_rmse,0.23854082659818232
0.15,6,10,full_sparse,self_mass,0.1290395128162345
0.15,6,10,full_sparse,output_mse,0.01619790530821774
0.15,6,10,full_sparse,output_mae,0.095947540452471
0.15,6,10,full_sparse,output_cosine,0.9738270866218954
0.15,6,10,full_sparse,output_relative_rmse,0.2272029762971215
0.15,6,10,full_corrected,self_mass,0.0768636225402588
0.15,6,10,full_corrected,output_mse,0.017637054344959324
0.15,6,10,full_corrected,output_mae,0.09990776880295016
0.15,6,10,full_corrected,output_cosine,0.9714638171717525
0.15,6,10,full_corrected,output_relative_rmse,0.23690327565418556
0.15,6,11,dense,self_mass,0.026714161129348213
0.15,6,11,dense,output_mse,0.0
0.15,6,11,dense,output_mae,0.0
0.15,6,11,dense,output_cosine,1.0
0.15,6,11,dense,output_relative_rmse,0.0
0.15,6,11,local_sparse,self_mass,0.05454129689314868
0.15,6,11,local_sparse,output_mse,0.03561424736471963
0.15,6,11,local_sparse,output_mae,0.1307347452675458
0.15,6,11,local_sparse,output_cosine,0.9627582703251392
0.15,6,11,local_sparse,output_relative_rmse,0.2785084205097519
0.15,6,11,local_corrected,self_mass,0.030289821937913075
0.15,6,11,local_corrected,output_mse,0.03662787203938933
0.15,6,11,local_corrected,output_mae,0.13251109802513383
0.15,6,11,local_corrected,output_cosine,0.9615010009147227
0.15,6,11,local_corrected,output_relative_rmse,0.282389277825132
0.15,6,11,full_sparse,self_mass,0.054452659060189035
0.15,6,11,full_sparse,output_mse,0.03760385875648353
0.15,6,11,full_sparse,output_mae,0.13639886677265167
0.15,6,11,full_sparse,output_cosine,0.9603232606314123
0.15,6,11,full_sparse,output_relative_rmse,0.2862031518598087
0.15,6,11,full_corrected,self_mass,0.030314359239127953
0.15,6,11,full_corrected,output_mse,0.041447139701631386
0.15,6,11,full_corrected,output_mae,0.14346619020216167
0.15,6,11,full_corrected,output_cosine,0.957687403075397
0.15,6,11,full_corrected,output_relative_rmse,0.3005160208558664
0.15,7,0,dense,self_mass,0.03826382820261642
0.15,7,0,dense,output_mse,0.0
0.15,7,0,dense,output_mae,0.0
0.15,7,0,dense,output_cosine,1.0
0.15,7,0,dense,output_relative_rmse,0.0
0.15,7,0,local_sparse,self_mass,0.07223757328029023
0.15,7,0,local_sparse,output_mse,0.012346089937636862
0.15,7,0,local_sparse,output_mae,0.08324293346959166
0.15,7,0,local_sparse,output_cosine,0.9714919573161751
0.15,7,0,local_sparse,output_relative_rmse,0.23720416310243309
0.15,7,0,local_corrected,self_mass,0.03943989154504379
0.15,7,0,local_corrected,output_mse,0.012409246104652993
0.15,7,0,local_corrected,output_mae,0.08315305101859849
0.15,7,0,local_corrected,output_cosine,0.9703023470938206
0.15,7,0,local_corrected,output_relative_rmse,0.23776752132107504
0.15,7,0,full_sparse,self_mass,0.07037811787449755
0.15,7,0,full_sparse,output_mse,0.011393246252737299
0.15,7,0,full_sparse,output_mae,0.08027080110332463
0.15,7,0,full_sparse,output_cosine,0.972074392484501
0.15,7,0,full_sparse,output_relative_rmse,0.22803738800575957
0.15,7,0,full_corrected,self_mass,0.040476877213222906
0.15,7,0,full_corrected,output_mse,0.012987910504307365
0.15,7,0,full_corrected,output_mae,0.08534462150419131
0.15,7,0,full_corrected,output_cosine,0.9692275568377227
0.15,7,0,full_corrected,output_relative_rmse,0.24362458771793172
0.15,7,1,dense,self_mass,0.03098999659778201
0.15,7,1,dense,output_mse,0.0
0.15,7,1,dense,output_mae,0.0
0.15,7,1,dense,output_cosine,1.0
0.15,7,1,dense,output_relative_rmse,0.0
0.15,7,1,local_sparse,self_mass,0.05932786023186054
0.15,7,1,local_sparse,output_mse,0.012256227841135114
0.15,7,1,local_sparse,output_mae,0.08179944149742369
0.15,7,1,local_sparse,output_cosine,0.9704748359508812
0.15,7,1,local_sparse,output_relative_rmse,0.2467634310014546
0.15,7,1,local_corrected,self_mass,0.032122100747074
0.15,7,1,local_corrected,output_mse,0.012478937596824835
0.15,7,1,local_corrected,output_mae,0.08228155730466824
0.15,7,1,local_corrected,output_cosine,0.9694571860600263
0.15,7,1,local_corrected,output_relative_rmse,0.2489711326197721
0.15,7,1,full_sparse,self_mass,0.058440767650608905
0.15,7,1,full_sparse,output_mse,0.012783671698343824
0.15,7,1,full_sparse,output_mae,0.08350403593794908
0.15,7,1,full_sparse,output_cosine,0.9681703997775912
0.15,7,1,full_sparse,output_relative_rmse,0.2518727159476839
0.15,7,1,full_corrected,self_mass,0.032452555398776894
0.15,7,1,full_corrected,output_mse,0.01547936432689312
0.15,7,1,full_corrected,output_mae,0.0917024249501992
0.15,7,1,full_corrected,output_cosine,0.9633030688855797
0.15,7,1,full_corrected,output_relative_rmse,0.27770390291698277
0.15,7,2,dense,self_mass,0.010751997931947699
0.15,7,2,dense,output_mse,0.0
0.15,7,2,dense,output_mae,0.0
0.15,7,2,dense,output_cosine,1.0
0.15,7,2,dense,output_relative_rmse,0.0
0.15,7,2,local_sparse,self_mass,0.02140086412327946
0.15,7,2,local_sparse,output_mse,0.007557810666185105
0.15,7,2,local_sparse,output_mae,0.06613591997302137
0.15,7,2,local_sparse,output_cosine,0.9626591634005308
0.15,7,2,local_sparse,output_relative_rmse,0.275726824242156
0.15,7,2,local_corrected,self_mass,0.010900893685175106
0.15,7,2,local_corrected,output_mse,0.007647150575394335
0.15,7,2,local_corrected,output_mae,0.06646391497633886
0.15,7,2,local_corrected,output_cosine,0.9620249823201448
0.15,7,2,local_corrected,output_relative_rmse,0.2773423609905876
0.15,7,2,full_sparse,self_mass,0.021487987163709477
0.15,7,2,full_sparse,output_mse,0.0068770546531595755
0.15,7,2,full_sparse,output_mae,0.063130585665931
0.15,7,2,full_sparse,output_cosine,0.9643153697252274
0.15,7,2,full_sparse,output_relative_rmse,0.26328031497541815
0.15,7,2,full_corrected,self_mass,0.010728997984188027
0.15,7,2,full_corrected,output_mse,0.007945605398163025
0.15,7,2,full_corrected,output_mae,0.06757644649769645
0.15,7,2,full_corrected,output_cosine,0.9612053423188627
0.15,7,2,full_corrected,output_relative_rmse,0.2831022244063206
0.15,7,3,dense,self_mass,0.03866664582164958
0.15,7,3,dense,output_mse,0.0
0.15,7,3,dense,output_mae,0.0
0.15,7,3,dense,output_cosine,1.0
0.15,7,3,dense,output_relative_rmse,0.0
0.15,7,3,local_sparse,self_mass,0.07749389900709502
0.15,7,3,local_sparse,output_mse,0.021523791925574187
0.15,7,3,local_sparse,output_mae,0.10785865984507836
0.15,7,3,local_sparse,output_cosine,0.9499757173471153
0.15,7,3,local_sparse,output_relative_rmse,0.31640963692916557
0.15,7,3,local_corrected,self_mass,0.041413062492210884
0.15,7,3,local_corrected,output_mse,0.02236577336952905
0.15,7,3,local_corrected,output_mae,0.10980657488107681
0.15,7,3,local_corrected,output_cosine,0.9477267074398696
0.15,7,3,local_corrected,output_relative_rmse,0.32251911266939715
0.15,7,3,full_sparse,self_mass,0.07746397184382658
0.15,7,3,full_sparse,output_mse,0.02130851512629306
0.15,7,3,full_sparse,output_mae,0.10877211682964116
0.15,7,3,full_sparse,output_cosine,0.9490048054140061
0.15,7,3,full_sparse,output_relative_rmse,0.3151268621440977
0.15,7,3,full_corrected,self_mass,0.04246965663332958
0.15,7,3,full_corrected,output_mse,0.024779667852271814
0.15,7,3,full_corrected,output_mae,0.11695305208559148
0.15,7,3,full_corrected,output_cosine,0.9441833379678428
0.15,7,3,full_corrected,output_relative_rmse,0.3398666991852224
0.15,7,4,dense,self_mass,0.012865405085904058
0.15,7,4,dense,output_mse,0.0
0.15,7,4,dense,output_mae,0.0
0.15,7,4,dense,output_cosine,1.0
0.15,7,4,dense,output_relative_rmse,0.0
0.15,7,4,local_sparse,self_mass,0.025047040166100487
0.15,7,4,local_sparse,output_mse,0.006500494696410897
0.15,7,4,local_sparse,output_mae,0.06137230475724209
0.15,7,4,local_sparse,output_cosine,0.972404935862869
0.15,7,4,local_sparse,output_relative_rmse,0.22858357738004997
0.15,7,4,local_corrected,self_mass,0.012976304691619589
0.15,7,4,local_corrected,output_mse,0.00655675843336212
0.15,7,4,local_corrected,output_mae,0.0615499978302978
0.15,7,4,local_corrected,output_cosine,0.9718513682018965
0.15,7,4,local_corrected,output_relative_rmse,0.22950275987386703
0.15,7,4,full_sparse,self_mass,0.024611328393802978
0.15,7,4,full_sparse,output_mse,0.00608082219332573
0.15,7,4,full_sparse,output_mae,0.05936981036211364
0.15,7,4,full_sparse,output_cosine,0.9731978962663561
0.15,7,4,full_sparse,output_relative_rmse,0.22095714896568097
0.15,7,4,full_corrected,self_mass,0.013316273205418838
0.15,7,4,full_corrected,output_mse,0.00681329615690629
0.15,7,4,full_corrected,output_mae,0.06251745797635522
0.15,7,4,full_corrected,output_cosine,0.9713479208294302
0.15,7,4,full_corrected,output_relative_rmse,0.23400107509223744
0.15,7,5,dense,self_mass,0.015259897567375447
0.15,7,5,dense,output_mse,0.0
0.15,7,5,dense,output_mae,0.0
0.15,7,5,dense,output_cosine,1.0
0.15,7,5,dense,output_relative_rmse,0.0
0.15,7,5,local_sparse,self_mass,0.02991592160105938
0.15,7,5,local_sparse,output_mse,0.009176612982628285
0.15,7,5,local_sparse,output_mae,0.07332260918337852
0.15,7,5,local_sparse,output_cosine,0.9549723379313946
0.15,7,5,local_sparse,output_relative_rmse,0.30557980138109997
0.15,7,5,local_corrected,self_mass,0.01551103135352605
0.15,7,5,local_corrected,output_mse,0.009206467434523802
0.15,7,5,local_corrected,output_mae,0.07333741354523227
0.15,7,5,local_corrected,output_cosine,0.9539176868274808
0.15,7,5,local_corrected,output_relative_rmse,0.30605736188590527
0.15,7,5,full_sparse,self_mass,0.02942653713398613
0.15,7,5,full_sparse,output_mse,0.007583969038932992
0.15,7,5,full_sparse,output_mae,0.06648183362267446
0.15,7,5,full_sparse,output_cosine,0.9608359225094318
0.15,7,5,full_sparse,output_relative_rmse,0.27865692373597994
0.15,7,5,full_corrected,self_mass,0.01589178587346396
0.15,7,5,full_corrected,output_mse,0.008530307079126942
0.15,7,5,full_corrected,output_mae,0.0702650576713495
0.15,7,5,full_corrected,output_cosine,0.9583516959100962
0.15,7,5,full_corrected,output_relative_rmse,0.2957080519408919
0.15,7,6,dense,self_mass,0.002979833443987445
0.15,7,6,dense,output_mse,0.0
0.15,7,6,dense,output_mae,0.0
0.15,7,6,dense,output_cosine,1.0
0.15,7,6,dense,output_relative_rmse,0.0
0.15,7,6,local_sparse,self_mass,0.005965832814354144
0.15,7,6,local_sparse,output_mse,0.008140087784340722
0.15,7,6,local_sparse,output_mae,0.06900480003969278
0.15,7,6,local_sparse,output_cosine,0.958819285267964
0.15,7,6,local_sparse,output_relative_rmse,0.28916320664575323
0.15,7,6,local_corrected,self_mass,0.003012002011587356
0.15,7,6,local_corrected,output_mse,0.008171935640348238
0.15,7,6,local_corrected,output_mae,0.06913187290774658
0.15,7,6,local_corrected,output_cosine,0.9586816257797182
0.15,7,6,local_corrected,output_relative_rmse,0.2897498135571368
0.15,7,6,full_sparse,self_mass,0.00625199204614546
0.15,7,6,full_sparse,output_mse,0.00762967034279427
0.15,7,6,full_sparse,output_mae,0.06655165569100063
0.15,7,6,full_sparse,output_cosine,0.9604410885367543
0.15,7,6,full_sparse,output_relative_rmse,0.2792484213132411
0.15,7,6,full_corrected,self_mass,0.0026512481872487115
0.15,7,6,full_corrected,output_mse,0.009284441914132913
0.15,7,6,full_corrected,output_mae,0.0731343191000633
0.15,7,6,full_corrected,output_cosine,0.956001621671021
0.15,7,6,full_corrected,output_relative_rmse,0.3084648578078486
0.15,7,7,dense,self_mass,0.012916123510876787
0.15,7,7,dense,output_mse,0.0
0.15,7,7,dense,output_mae,0.0
0.15,7,7,dense,output_cosine,1.0
0.15,7,7,dense,output_relative_rmse,0.0
0.15,7,7,local_sparse,self_mass,0.025374343887961004
0.15,7,7,local_sparse,output_mse,0.006021318386046914
0.15,7,7,local_sparse,output_mae,0.05925269814906642
0.15,7,7,local_sparse,output_cosine,0.9609256021212786
0.15,7,7,local_sparse,output_relative_rmse,0.2818713841261342
0.15,7,7,local_corrected,self_mass,0.013091926615743432
0.15,7,7,local_corrected,output_mse,0.006039412577592884
0.15,7,7,local_corrected,output_mae,0.0592455756268464
0.15,7,7,local_corrected,output_cosine,0.9601108534261584
0.15,7,7,local_corrected,output_relative_rmse,0.2821984972106293
0.15,7,7,full_sparse,self_mass,0.024620152085844893
0.15,7,7,full_sparse,output_mse,0.0050028656114591286
0.15,7,7,full_sparse,output_mae,0.05418070197629277
0.15,7,7,full_sparse,output_cosine,0.9656462587881833
0.15,7,7,full_sparse,output_relative_rmse,0.25901431747479364
0.15,7,7,full_corrected,self_mass,0.013258326805953402
0.15,7,7,full_corrected,output_mse,0.005583290220783965
0.15,7,7,full_corrected,output_mae,0.0571292941167485
0.15,7,7,full_corrected,output_cosine,0.9633612539619207
0.15,7,7,full_corrected,output_relative_rmse,0.2741029778844677
0.15,7,8,dense,self_mass,0.058261371988919564
0.15,7,8,dense,output_mse,0.0
0.15,7,8,dense,output_mae,0.0
0.15,7,8,dense,output_cosine,1.0
0.15,7,8,dense,output_relative_rmse,0.0
0.15,7,8,local_sparse,self_mass,0.10915153025416657
0.15,7,8,local_sparse,output_mse,0.018195950691733742
0.15,7,8,local_sparse,output_mae,0.10064948970102705
0.15,7,8,local_sparse,output_cosine,0.9650307490956038
0.15,7,8,local_sparse,output_relative_rmse,0.2696328832535073
0.15,7,8,local_corrected,self_mass,0.06101477827178314
0.15,7,8,local_corrected,output_mse,0.018373588884060155
0.15,7,8,local_corrected,output_mae,0.10079321853118017
0.15,7,8,local_corrected,output_cosine,0.9630779081489891
0.15,7,8,local_corrected,output_relative_rmse,0.27100856992183253
0.15,7,8,full_sparse,self_mass,0.1064975972258253
0.15,7,8,full_sparse,output_mse,0.017838401083281497
0.15,7,8,full_sparse,output_mae,0.10012389329494908
0.15,7,8,full_sparse,output_cosine,0.9642617795616388
0.15,7,8,full_sparse,output_relative_rmse,0.2668821995030157
0.15,7,8,full_corrected,self_mass,0.06158941135072382
0.15,7,8,full_corrected,output_mse,0.020194643264403567
0.15,7,8,full_corrected,output_mae,0.10618918319232762
0.15,7,8,full_corrected,output_cosine,0.960610015783459
0.15,7,8,full_corrected,output_relative_rmse,0.2839641359169036
0.15,7,9,dense,self_mass,0.005545057004383125
0.15,7,9,dense,output_mse,0.0
0.15,7,9,dense,output_mae,0.0
0.15,7,9,dense,output_cosine,1.0
0.15,7,9,dense,output_relative_rmse,0.0
0.15,7,9,local_sparse,self_mass,0.011022979866538662
0.15,7,9,local_sparse,output_mse,0.006131215456662176
0.15,7,9,local_sparse,output_mae,0.060672740582958795
0.15,7,9,local_sparse,output_cosine,0.9578181041870266
0.15,7,9,local_sparse,output_relative_rmse,0.2972119612968527
0.15,7,9,local_corrected,self_mass,0.005561453886912204
0.15,7,9,local_corrected,output_mse,0.006163526682030351
0.15,7,9,local_corrected,output_mae,0.060822169718449004
0.15,7,9,local_corrected,output_cosine,0.9574275084305555
0.15,7,9,local_corrected,output_relative_rmse,0.2980103192385286
0.15,7,9,full_sparse,self_mass,0.010918622218014207
0.15,7,9,full_sparse,output_mse,0.004904000975329836
0.15,7,9,full_sparse,output_mae,0.05443248186202254
0.15,7,9,full_sparse,output_cosine,0.9641146347858012
0.15,7,9,full_sparse,output_relative_rmse,0.26736863114638254
0.15,7,9,full_corrected,self_mass,0.0055919995793374255
0.15,7,9,full_corrected,output_mse,0.005490756951076037
0.15,7,9,full_corrected,output_mae,0.057472173270070925
0.15,7,9,full_corrected,output_cosine,0.9618186661973596
0.15,7,9,full_corrected,output_relative_rmse,0.28322678711265326
0.15,7,10,dense,self_mass,0.04499357329768827
0.15,7,10,dense,output_mse,0.0
0.15,7,10,dense,output_mae,0.0
0.15,7,10,dense,output_cosine,1.0
0.15,7,10,dense,output_relative_rmse,0.0
0.15,7,10,local_sparse,self_mass,0.09007203570217825
0.15,7,10,local_sparse,output_mse,0.026315117822377943
0.15,7,10,local_sparse,output_mae,0.11847202057833783
0.15,7,10,local_sparse,output_cosine,0.9466827886644751
0.15,7,10,local_sparse,output_relative_rmse,0.3293913807719946
0.15,7,10,local_corrected,self_mass,0.048699527003918774
0.15,7,10,local_corrected,output_mse,0.02742311203473946
0.15,7,10,local_corrected,output_mae,0.1209497036470566
0.15,7,10,local_corrected,output_cosine,0.944063272094354
0.15,7,10,local_corrected,output_relative_rmse,0.33622982661472633
0.15,7,10,full_sparse,self_mass,0.09023061231710017
0.15,7,10,full_sparse,output_mse,0.02635381663640146
0.15,7,10,full_sparse,output_mae,0.12031849776394665
0.15,7,10,full_sparse,output_cosine,0.9449056594166905
0.15,7,10,full_sparse,output_relative_rmse,0.33007690141675994
0.15,7,10,full_corrected,self_mass,0.04990542905579787
0.15,7,10,full_corrected,output_mse,0.030499785327265272
0.15,7,10,full_corrected,output_mae,0.1292757952469401
0.15,7,10,full_corrected,output_cosine,0.9395255325362086
0.15,7,10,full_corrected,output_relative_rmse,0.3552347680670209
0.15,7,11,dense,self_mass,0.005976062854642805
0.15,7,11,dense,output_mse,0.0
0.15,7,11,dense,output_mae,0.0
0.15,7,11,dense,output_cosine,1.0
0.15,7,11,dense,output_relative_rmse,0.0
0.15,7,11,local_sparse,self_mass,0.011901958599992213
0.15,7,11,local_sparse,output_mse,0.00753751375941647
0.15,7,11,local_sparse,output_mae,0.06519051019859035
0.15,7,11,local_sparse,output_cosine,0.9558797639328986
0.15,7,11,local_sparse,output_relative_rmse,0.3006052021519281
0.15,7,11,local_corrected,self_mass,0.006091016085520096
0.15,7,11,local_corrected,output_mse,0.007605312493069505
0.15,7,11,local_corrected,output_mae,0.065380332103814
0.15,7,11,local_corrected,output_cosine,0.9554412451107055
0.15,7,11,local_corrected,output_relative_rmse,0.30193778802640736
0.15,7,11,full_sparse,self_mass,0.011693860693412717
0.15,7,11,full_sparse,output_mse,0.006413119251192256
0.15,7,11,full_sparse,output_mae,0.06043261841114145
0.15,7,11,full_sparse,output_cosine,0.9606201089918613
0.15,7,11,full_sparse,output_relative_rmse,0.27879477286478505
0.15,7,11,full_corrected,self_mass,0.006254474464185478
0.15,7,11,full_corrected,output_mse,0.007397302896606561
0.15,7,11,full_corrected,output_mae,0.06459788608481176
0.15,7,11,full_corrected,output_cosine,0.9580326895229518
0.15,7,11,full_corrected,output_relative_rmse,0.2997455399017781
0.15,8,0,dense,self_mass,0.031180068483081413
0.15,8,0,dense,output_mse,0.0
0.15,8,0,dense,output_mae,0.0
0.15,8,0,dense,output_cosine,1.0
0.15,8,0,dense,output_relative_rmse,0.0
0.15,8,0,local_sparse,self_mass,0.05975386621867074
0.15,8,0,local_sparse,output_mse,0.01235054170319927
0.15,8,0,local_sparse,output_mae,0.08399241181905381
0.15,8,0,local_sparse,output_cosine,0.9582308316603303
0.15,8,0,local_sparse,output_relative_rmse,0.2916748981224373
0.15,8,0,local_corrected,self_mass,0.032086064293253
0.15,8,0,local_corrected,output_mse,0.012582017960085068
0.15,8,0,local_corrected,output_mae,0.08443503557646181
0.15,8,0,local_corrected,output_cosine,0.9561339484062046
0.15,8,0,local_corrected,output_relative_rmse,0.2942152076866478
0.15,8,0,full_sparse,self_mass,0.058546072541503236
0.15,8,0,full_sparse,output_mse,0.010831380241143052
0.15,8,0,full_sparse,output_mae,0.07871607538254466
0.15,8,0,full_sparse,output_cosine,0.9612728329375386
0.15,8,0,full_sparse,output_relative_rmse,0.273235623317305
0.15,8,0,full_corrected,self_mass,0.03319201443446218
0.15,8,0,full_corrected,output_mse,0.01269437957671471
0.15,8,0,full_corrected,output_mae,0.08490122090734076
0.15,8,0,full_corrected,output_cosine,0.9561651444528252
0.15,8,0,full_corrected,output_relative_rmse,0.2956953051616438
0.15,8,1,dense,self_mass,0.026009920236901962
0.15,8,1,dense,output_mse,0.0
0.15,8,1,dense,output_mae,0.0
0.15,8,1,dense,output_cosine,1.0
0.15,8,1,dense,output_relative_rmse,0.0
0.15,8,1,local_sparse,self_mass,0.05081704548501875
0.15,8,1,local_sparse,output_mse,0.017165104913146934
0.15,8,1,local_sparse,output_mae,0.09822935520787723
0.15,8,1,local_sparse,output_cosine,0.9683727768715471
0.15,8,1,local_sparse,output_relative_rmse,0.24696401139954105
0.15,8,1,local_corrected,self_mass,0.02699413785012439
0.15,8,1,local_corrected,output_mse,0.017678527998214122
0.15,8,1,local_corrected,output_mae,0.09935000273981132
0.15,8,1,local_corrected,output_cosine,0.9668614566326141
0.15,8,1,local_corrected,output_relative_rmse,0.25058589229593053
0.15,8,1,full_sparse,self_mass,0.050711495052382816
0.15,8,1,full_sparse,output_mse,0.0168069212759292
0.15,8,1,full_sparse,output_mae,0.09754918915859889
0.15,8,1,full_sparse,output_cosine,0.9682621185202152
0.15,8,1,full_sparse,output_relative_rmse,0.24441187281627208
0.15,8,1,full_corrected,self_mass,0.026168272737777443
0.15,8,1,full_corrected,output_mse,0.01880312505090842
0.15,8,1,full_corrected,output_mae,0.1028576947574038
0.15,8,1,full_corrected,output_cosine,0.9650109466165304
0.15,8,1,full_corrected,output_relative_rmse,0.25855308678001165
0.15,8,2,dense,self_mass,0.020924733944411855
0.15,8,2,dense,output_mse,0.0
0.15,8,2,dense,output_mae,0.0
0.15,8,2,dense,output_cosine,1.0
0.15,8,2,dense,output_relative_rmse,0.0
0.15,8,2,local_sparse,self_mass,0.04095549485646188
0.15,8,2,local_sparse,output_mse,0.011395330890081823
0.15,8,2,local_sparse,output_mae,0.07780535148049239
0.15,8,2,local_sparse,output_cosine,0.9586533659603447
0.15,8,2,local_sparse,output_relative_rmse,0.2937772470759228
0.15,8,2,local_corrected,self_mass,0.021482335279870313
0.15,8,2,local_corrected,output_mse,0.01155945512073231
0.15,8,2,local_corrected,output_mae,0.07819175689655822
0.15,8,2,local_corrected,output_cosine,0.9574376042000949
0.15,8,2,local_corrected,output_relative_rmse,0.29583650326821953
0.15,8,2,full_sparse,self_mass,0.040331260111997835
0.15,8,2,full_sparse,output_mse,0.010406510438770056
0.15,8,2,full_sparse,output_mae,0.07472467471961863
0.15,8,2,full_sparse,output_cosine,0.96052311710082
0.15,8,2,full_sparse,output_relative_rmse,0.28148824913660064
0.15,8,2,full_corrected,self_mass,0.022532738013978815
0.15,8,2,full_corrected,output_mse,0.012103564173230552
0.15,8,2,full_corrected,output_mae,0.08030223389505409
0.15,8,2,full_corrected,output_cosine,0.9563379522878677
0.15,8,2,full_corrected,output_relative_rmse,0.30403866549022496
0.15,8,3,dense,self_mass,0.048408008500700817
0.15,8,3,dense,output_mse,0.0
0.15,8,3,dense,output_mae,0.0
0.15,8,3,dense,output_cosine,1.0
0.15,8,3,dense,output_relative_rmse,0.0
0.15,8,3,local_sparse,self_mass,0.09560158007661812
0.15,8,3,local_sparse,output_mse,0.02426566458234447
0.15,8,3,local_sparse,output_mae,0.11394896879210137
0.15,8,3,local_sparse,output_cosine,0.9393452634103596
0.15,8,3,local_sparse,output_relative_rmse,0.35522234736708924
0.15,8,3,local_corrected,self_mass,0.05180553604441229
0.15,8,3,local_corrected,output_mse,0.025224422879546182
0.15,8,3,local_corrected,output_mae,0.11605952546233311
0.15,8,3,local_corrected,output_cosine,0.9361721735913306
0.15,8,3,local_corrected,output_relative_rmse,0.3620766935637221
0.15,8,3,full_sparse,self_mass,0.09551562904380262
0.15,8,3,full_sparse,output_mse,0.024027760959143052
0.15,8,3,full_sparse,output_mae,0.11491390320588835
0.15,8,3,full_sparse,output_cosine,0.9378411357756704
0.15,8,3,full_sparse,output_relative_rmse,0.3535267758416012
0.15,8,3,full_corrected,self_mass,0.05427242133009713
0.15,8,3,full_corrected,output_mse,0.028232473676325753
0.15,8,3,full_corrected,output_mae,0.12456891557667404
0.15,8,3,full_corrected,output_cosine,0.930628962116316
0.15,8,3,full_corrected,output_relative_rmse,0.38346740510314703
0.15,8,4,dense,self_mass,0.0032914756129684974
0.15,8,4,dense,output_mse,0.0
0.15,8,4,dense,output_mae,0.0
0.15,8,4,dense,output_cosine,1.0
0.15,8,4,dense,output_relative_rmse,0.0
0.15,8,4,local_sparse,self_mass,0.006533233496156754
0.15,8,4,local_sparse,output_mse,0.004726162389488309
0.15,8,4,local_sparse,output_mae,0.052172987823723815
0.15,8,4,local_sparse,output_cosine,0.9608290195465088
0.15,8,4,local_sparse,output_relative_rmse,0.2859684810973704
0.15,8,4,local_corrected,self_mass,0.0033073081913244096
0.15,8,4,local_corrected,output_mse,0.004740545399727125
0.15,8,4,local_corrected,output_mae,0.05223445979936514
0.15,8,4,local_corrected,output_cosine,0.9606930396985263
0.15,8,4,local_corrected,output_relative_rmse,0.28645793383475393
0.15,8,4,full_sparse,self_mass,0.006445677716328646
0.15,8,4,full_sparse,output_mse,0.004171580470938352
0.15,8,4,full_sparse,output_mae,0.04906906932592392
0.15,8,4,full_sparse,output_cosine,0.9643403547815979
0.15,8,4,full_sparse,output_relative_rmse,0.270413926220499
0.15,8,4,full_corrected,self_mass,0.003356672959853313
0.15,8,4,full_corrected,output_mse,0.004628804977983236
0.15,8,4,full_corrected,output_mae,0.051419850598904304
0.15,8,4,full_corrected,output_cosine,0.9625875456258655
0.15,8,4,full_corrected,output_relative_rmse,0.28418037394294515
0.15,8,5,dense,self_mass,0.02239736845876905
0.15,8,5,dense,output_mse,0.0
0.15,8,5,dense,output_mae,0.0
0.15,8,5,dense,output_cosine,1.0
0.15,8,5,dense,output_relative_rmse,0.0
0.15,8,5,local_sparse,self_mass,0.04353961996093858
0.15,8,5,local_sparse,output_mse,0.009019883904329618
0.15,8,5,local_sparse,output_mae,0.07197728766186628
0.15,8,5,local_sparse,output_cosine,0.9663519572932273
0.15,8,5,local_sparse,output_relative_rmse,0.2591340871877037
0.15,8,5,local_corrected,self_mass,0.02285078903150861
0.15,8,5,local_corrected,output_mse,0.00909869867064117
0.15,8,5,local_corrected,output_mae,0.0721128772420343
0.15,8,5,local_corrected,output_cosine,0.9651805893518031
0.15,8,5,local_corrected,output_relative_rmse,0.26023219083435833
0.15,8,5,full_sparse,self_mass,0.04285370335128391
0.15,8,5,full_sparse,output_mse,0.007827383149560774
0.15,8,5,full_sparse,output_mae,0.0673481439735042
0.15,8,5,full_sparse,output_cosine,0.9693131491076201
0.15,8,5,full_sparse,output_relative_rmse,0.2417582232155837
0.15,8,5,full_corrected,self_mass,0.023340473235293757
0.15,8,5,full_corrected,output_mse,0.009181069342957926
0.15,8,5,full_corrected,output_mae,0.07240958626789507
0.15,8,5,full_corrected,output_cosine,0.9658789350651205
0.15,8,5,full_corrected,output_relative_rmse,0.26131256407825276
0.15,8,6,dense,self_mass,0.047722257768327836
0.15,8,6,dense,output_mse,0.0
0.15,8,6,dense,output_mae,0.0
0.15,8,6,dense,output_cosine,1.0
0.15,8,6,dense,output_relative_rmse,0.0
0.15,8,6,local_sparse,self_mass,0.09451837834785692
0.15,8,6,local_sparse,output_mse,0.021291101598762907
0.15,8,6,local_sparse,output_mae,0.1072897432895843
0.15,8,6,local_sparse,output_cosine,0.9428953912574798
0.15,8,6,local_sparse,output_relative_rmse,0.34629883931484073
0.15,8,6,local_corrected,self_mass,0.05086978508916218
0.15,8,6,local_corrected,output_mse,0.02212253224570304
0.15,8,6,local_corrected,output_mae,0.10923071697470732
0.15,8,6,local_corrected,output_cosine,0.939771416131407
0.15,8,6,local_corrected,output_relative_rmse,0.3529574380372651
0.15,8,6,full_sparse,self_mass,0.09435536123055499
0.15,8,6,full_sparse,output_mse,0.021179999039304676
0.15,8,6,full_sparse,output_mae,0.10816865158267319
0.15,8,6,full_sparse,output_cosine,0.9411486259195954
0.15,8,6,full_sparse,output_relative_rmse,0.34571373148355633
0.15,8,6,full_corrected,self_mass,0.052033744563232176
0.15,8,6,full_corrected,output_mse,0.024828057688864646
0.15,8,6,full_corrected,output_mae,0.11703741183737293
0.15,8,6,full_corrected,output_cosine,0.933997797081247
0.15,8,6,full_corrected,output_relative_rmse,0.3746048331959173
0.15,8,7,dense,self_mass,0.072663113627641
0.15,8,7,dense,output_mse,0.0
0.15,8,7,dense,output_mae,0.0
0.15,8,7,dense,output_cosine,1.0
0.15,8,7,dense,output_relative_rmse,0.0
0.15,8,7,local_sparse,self_mass,0.13322459976188838
0.15,8,7,local_sparse,output_mse,0.017851217551651644
0.15,8,7,local_sparse,output_mae,0.09882899929652922
0.15,8,7,local_sparse,output_cosine,0.9635030527133495
0.15,8,7,local_sparse,output_relative_rmse,0.2786116724018939
0.15,8,7,local_corrected,self_mass,0.07573468235932523
0.15,8,7,local_corrected,output_mse,0.017823357542511076
0.15,8,7,local_corrected,output_mae,0.09828098573780153
0.15,8,7,local_corrected,output_cosine,0.9608891655225307
0.15,8,7,local_corrected,output_relative_rmse,0.27821118471911177
0.15,8,7,full_sparse,self_mass,0.13183242657396477
0.15,8,7,full_sparse,output_mse,0.016552275301364716
0.15,8,7,full_sparse,output_mae,0.09623335563810542
0.15,8,7,full_sparse,output_cosine,0.9637862769886851
0.15,8,7,full_sparse,output_relative_rmse,0.26915481680771336
0.15,8,7,full_corrected,self_mass,0.07720078843703959
0.15,8,7,full_corrected,output_mse,0.018681076187931467
0.15,8,7,full_corrected,output_mae,0.10189046131563373
0.15,8,7,full_corrected,output_cosine,0.9594599287956953
0.15,8,7,full_corrected,output_relative_rmse,0.2857950847828761
0.15,8,8,dense,self_mass,0.03617590274370741
0.15,8,8,dense,output_mse,0.0
0.15,8,8,dense,output_mae,0.0
0.15,8,8,dense,output_cosine,1.0
0.15,8,8,dense,output_relative_rmse,0.0
0.15,8,8,local_sparse,self_mass,0.06882822429179214
0.15,8,8,local_sparse,output_mse,0.01198704966554942
0.15,8,8,local_sparse,output_mae,0.08259502580040134
0.15,8,8,local_sparse,output_cosine,0.9596933897119015
0.15,8,8,local_sparse,output_relative_rmse,0.28713325096759945
0.15,8,8,local_corrected,self_mass,0.03692881997994846
0.15,8,8,local_corrected,output_mse,0.011924645921681076
0.15,8,8,local_corrected,output_mae,0.08209512336179614
0.15,8,8,local_corrected,output_cosine,0.9579578486736864
0.15,8,8,local_corrected,output_relative_rmse,0.2861807782901451
0.15,8,8,full_sparse,self_mass,0.06770044165023137
0.15,8,8,full_sparse,output_mse,0.010972808489896124
0.15,8,8,full_sparse,output_mae,0.07910208121757023
0.15,8,8,full_sparse,output_cosine,0.9610795283224434
0.15,8,8,full_sparse,output_relative_rmse,0.2749098807107657
0.15,8,8,full_corrected,self_mass,0.03802282999822637
0.15,8,8,full_corrected,output_mse,0.012527275321190245
0.15,8,8,full_corrected,output_mae,0.0840861173637677
0.15,8,8,full_corrected,output_cosine,0.9569184682331979
0.15,8,8,full_corrected,output_relative_rmse,0.2933263831655495
0.15,8,9,dense,self_mass,0.04552731653529918
0.15,8,9,dense,output_mse,0.0
0.15,8,9,dense,output_mae,0.0
0.15,8,9,dense,output_cosine,1.0
0.15,8,9,dense,output_relative_rmse,0.0
0.15,8,9,local_sparse,self_mass,0.08550262911739992
0.15,8,9,local_sparse,output_mse,0.02221116916553001
0.15,8,9,local_sparse,output_mae,0.10691963363206014
0.15,8,9,local_sparse,output_cosine,0.9764193950686604
0.15,8,9,local_sparse,output_relative_rmse,0.21734259315417148
0.15,8,9,local_corrected,self_mass,0.0495483027480077
0.15,8,9,local_corrected,output_mse,0.022898948580404976
0.15,8,9,local_corrected,output_mae,0.10822959674987942
0.15,8,9,local_corrected,output_cosine,0.9752628318965435
0.15,8,9,local_corrected,output_relative_rmse,0.22062992450082675
0.15,8,9,full_sparse,self_mass,0.08473184087051777
0.15,8,9,full_sparse,output_mse,0.02649602301971754
0.15,8,9,full_sparse,output_mae,0.11813643109053373
0.15,8,9,full_sparse,output_cosine,0.9709962224587798
0.15,8,9,full_sparse,output_relative_rmse,0.2374435403617099
0.15,8,9,full_corrected,self_mass,0.047866258391877636
0.15,8,9,full_corrected,output_mse,0.030954560123063857
0.15,8,9,full_corrected,output_mae,0.12733514970750548
0.15,8,9,full_corrected,output_cosine,0.9670907193794847
0.15,8,9,full_corrected,output_relative_rmse,0.2566007085843012
0.15,8,10,dense,self_mass,0.0020407667298059096
0.15,8,10,dense,output_mse,0.0
0.15,8,10,dense,output_mae,0.0
0.15,8,10,dense,output_cosine,1.0
0.15,8,10,dense,output_relative_rmse,0.0
0.15,8,10,local_sparse,self_mass,0.004092981949725072
0.15,8,10,local_sparse,output_mse,0.006056253386304888
0.15,8,10,local_sparse,output_mae,0.06007858261000365
0.15,8,10,local_sparse,output_cosine,0.9585063671693206
0.15,8,10,local_sparse,output_relative_rmse,0.28649939369643107
0.15,8,10,local_corrected,self_mass,0.002048029325578682
0.15,8,10,local_corrected,output_mse,0.006071047009754693
0.15,8,10,local_corrected,output_mae,0.06015356657735538
0.15,8,10,local_corrected,output_cosine,0.9584158544894308
0.15,8,10,local_corrected,output_relative_rmse,0.28686108795227483
0.15,8,10,full_sparse,self_mass,0.004229552055221575
0.15,8,10,full_sparse,output_mse,0.005029659420870303
0.15,8,10,full_sparse,output_mae,0.05508366670983378
0.15,8,10,full_sparse,output_cosine,0.9644711886066943
0.15,8,10,full_sparse,output_relative_rmse,0.26198418193962425
0.15,8,10,full_corrected,self_mass,0.0018445634850650094
0.15,8,10,full_corrected,output_mse,0.006031040252310049
0.15,8,10,full_corrected,output_mae,0.06005852056841832
0.15,8,10,full_corrected,output_cosine,0.9605323022697121
0.15,8,10,full_corrected,output_relative_rmse,0.28709253057604656
0.15,8,11,dense,self_mass,0.06077997218017117
0.15,8,11,dense,output_mse,0.0
0.15,8,11,dense,output_mae,0.0
0.15,8,11,dense,output_cosine,1.0
0.15,8,11,dense,output_relative_rmse,0.0
0.15,8,11,local_sparse,self_mass,0.11359346646349877
0.15,8,11,local_sparse,output_mse,0.018960045068524778
0.15,8,11,local_sparse,output_mae,0.1008514509012457
0.15,8,11,local_sparse,output_cosine,0.9615168892778456
0.15,8,11,local_sparse,output_relative_rmse,0.28136831300798804
0.15,8,11,local_corrected,self_mass,0.06432418104668614
0.15,8,11,local_corrected,output_mse,0.019044199400013895
0.15,8,11,local_corrected,output_mae,0.10088299054768868
0.15,8,11,local_corrected,output_cosine,0.9596670554019511
0.15,8,11,local_corrected,output_relative_rmse,0.2819597166380845
0.15,8,11,full_sparse,self_mass,0.11202430598495994
0.15,8,11,full_sparse,output_mse,0.018032980515272357
0.15,8,11,full_sparse,output_mae,0.099277543995413
0.15,8,11,full_sparse,output_cosine,0.961448410525918
0.15,8,11,full_sparse,output_relative_rmse,0.2748758568195626
0.15,8,11,full_corrected,self_mass,0.06644856485945638
0.15,8,11,full_corrected,output_mse,0.02054298623079376
0.15,8,11,full_corrected,output_mae,0.10587591065268498
0.15,8,11,full_corrected,output_cosine,0.957441853126511
0.15,8,11,full_corrected,output_relative_rmse,0.29337582259904593
0.3,3,0,dense,self_mass,0.025871978363284143
0.3,3,0,dense,output_mse,0.0
0.3,3,0,dense,output_mae,0.0
0.3,3,0,dense,output_cosine,1.0
0.3,3,0,dense,output_relative_rmse,0.0
0.3,3,0,local_sparse,self_mass,0.05002857842191588
0.3,3,0,local_sparse,output_mse,0.005667506495228736
0.3,3,0,local_sparse,output_mae,0.057113319329801016
0.3,3,0,local_sparse,output_cosine,0.9652159621473402
0.3,3,0,local_sparse,output_relative_rmse,0.26990067632868886
0.3,3,0,local_corrected,self_mass,0.026229200175293954
0.3,3,0,local_corrected,output_mse,0.00559596686889563
0.3,3,0,local_corrected,output_mae,0.056623583295731805
0.3,3,0,local_corrected,output_cosine,0.9638914363458753
0.3,3,0,local_corrected,output_relative_rmse,0.2683155294507742
0.3,3,0,full_sparse,self_mass,0.05002857821818907
0.3,3,0,full_sparse,output_mse,0.0056675065079616616
0.3,3,0,full_sparse,output_mae,0.05711331934435293
0.3,3,0,full_sparse,output_cosine,0.9652159658726305
0.3,3,0,full_sparse,output_relative_rmse,0.26990067632868886
0.3,3,0,full_corrected,self_mass,0.02622919997520512
0.3,3,0,full_corrected,output_mse,0.005595966866167146
0.3,3,0,full_corrected,output_mae,0.05662358315021265
0.3,3,0,full_corrected,output_cosine,0.9638914384413511
0.3,3,0,full_corrected,output_relative_rmse,0.26831552892690524
0.3,3,1,dense,self_mass,0.010340444487155764
0.3,3,1,dense,output_mse,0.0
0.3,3,1,dense,output_mae,0.0
0.3,3,1,dense,output_cosine,1.0
0.3,3,1,dense,output_relative_rmse,0.0
0.3,3,1,local_sparse,self_mass,0.020465847377636237
0.3,3,1,local_sparse,output_mse,0.004847545046231971
0.3,3,1,local_sparse,output_mae,0.052624404881498776
0.3,3,1,local_sparse,output_cosine,0.9569670849014074
0.3,3,1,local_sparse,output_relative_rmse,0.29626704257680103
0.3,3,1,local_corrected,self_mass,0.010489574078746955
0.3,3,1,local_corrected,output_mse,0.004890919584795483
0.3,3,1,local_corrected,output_mae,0.05281554353859974
0.3,3,1,local_corrected,output_cosine,0.9563073478639126
0.3,3,1,local_corrected,output_relative_rmse,0.2976177285599988
0.3,3,1,full_sparse,self_mass,0.020465847235755064
0.3,3,1,full_sparse,output_mse,0.004847544978019869
0.3,3,1,full_sparse,output_mae,0.05262440416117897
0.3,3,1,full_sparse,output_cosine,0.9569670874625444
0.3,3,1,full_sparse,output_relative_rmse,0.29626704021939076
0.3,3,1,full_corrected,self_mass,0.01048957409329887
0.3,3,1,full_corrected,output_mse,0.00489091949611975
0.3,3,1,full_corrected,output_mae,0.05281554347311612
0.3,3,1,full_corrected,output_cosine,0.9563073494937271
0.3,3,1,full_corrected,output_relative_rmse,0.29761772556230426
0.3,3,2,dense,self_mass,0.005180441816264647
0.3,3,2,dense,output_mse,0.0
0.3,3,2,dense,output_mae,0.0
0.3,3,2,dense,output_cosine,1.0
0.3,3,2,dense,output_relative_rmse,0.0
0.3,3,2,local_sparse,self_mass,0.01034408867599268
0.3,3,2,local_sparse,output_mse,0.003098351196058502
0.3,3,2,local_sparse,output_mae,0.043245510110864416
0.3,3,2,local_sparse,output_cosine,0.9560296812560409
0.3,3,2,local_sparse,output_relative_rmse,0.29776412423234433
0.3,3,2,local_corrected,self_mass,0.005198523178478354
0.3,3,2,local_corrected,output_mse,0.0031143620599323185
0.3,3,2,local_corrected,output_mae,0.04334328218101291
0.3,3,2,local_corrected,output_cosine,0.9556986365932971
0.3,3,2,local_corrected,output_relative_rmse,0.29853656608611345
0.3,3,2,full_sparse,self_mass,0.010344088696001563
0.3,3,2,full_sparse,output_mse,0.0030983511801423447
0.3,3,2,full_sparse,output_mae,0.04324551022000378
0.3,3,2,full_sparse,output_cosine,0.9560296814888716
0.3,3,2,full_sparse,output_relative_rmse,0.29776412330102175
0.3,3,2,full_corrected,self_mass,0.005198523213039152
0.3,3,2,full_corrected,output_mse,0.0031143620458351506
0.3,3,2,full_corrected,output_mae,0.0433432818390429
0.3,3,2,full_corrected,output_cosine,0.9556986370589584
0.3,3,2,full_corrected,output_relative_rmse,0.2985365662025288
0.3,3,3,dense,self_mass,0.0021588974213955225
0.3,3,3,dense,output_mse,0.0
0.3,3,3,dense,output_mae,0.0
0.3,3,3,dense,output_cosine,1.0
0.3,3,3,dense,output_relative_rmse,0.0
0.3,3,3,local_sparse,self_mass,0.004326181392571016
0.3,3,3,local_sparse,output_mse,0.003419612094603508
0.3,3,3,local_sparse,output_mae,0.04555116502160672
0.3,3,3,local_sparse,output_cosine,0.9592858874239028
0.3,3,3,local_sparse,output_relative_rmse,0.2864834416541271
0.3,3,3,local_corrected,self_mass,0.0021635960965795675
0.3,3,3,local_corrected,output_mse,0.0034289175014237117
0.3,3,3,local_corrected,output_mae,0.04561210819520056
0.3,3,3,local_corrected,output_cosine,0.959137252997607
0.3,3,3,local_corrected,output_relative_rmse,0.28688639172469266
0.3,3,3,full_sparse,self_mass,0.004326181397118489
0.3,3,3,full_sparse,output_mse,0.003419612102334213
0.3,3,3,full_sparse,output_mae,0.04555116506526247
0.3,3,3,full_sparse,output_cosine,0.9592858867254108
0.3,3,3,full_sparse,output_relative_rmse,0.2864834419451654
0.3,3,3,full_corrected,self_mass,0.0021635960806634102
0.3,3,3,full_corrected,output_mse,0.003428917525070574
0.3,3,3,full_corrected,output_mae,0.04561210825340822
0.3,3,3,full_corrected,output_cosine,0.9591372527647763
0.3,3,3,full_corrected,output_relative_rmse,0.28688639198662713
0.3,3,4,dense,self_mass,0.01246172056744399
0.3,3,4,dense,output_mse,0.0
0.3,3,4,dense,output_mae,0.0
0.3,3,4,dense,output_cosine,1.0
0.3,3,4,dense,output_relative_rmse,0.0
0.3,3,4,local_sparse,self_mass,0.024696285825484665
0.3,3,4,local_sparse,output_mse,0.004440096338839794
0.3,3,4,local_sparse,output_mae,0.05128542178135831
0.3,3,4,local_sparse,output_cosine,0.96542689204216
0.3,3,4,local_sparse,output_relative_rmse,0.2615658337599598
0.3,3,4,local_corrected,self_mass,0.012584099105879432
0.3,3,4,local_corrected,output_mse,0.004472556758628343
0.3,3,4,local_corrected,output_mae,0.05141658450884279
0.3,3,4,local_corrected,output_cosine,0.9648002774920315
0.3,3,4,local_corrected,output_relative_rmse,0.2625342926476151
0.3,3,4,full_sparse,self_mass,0.02469628599646967
0.3,3,4,full_sparse,output_mse,0.00444009635839393
0.3,3,4,full_sparse,output_mae,0.05128542194142938
0.3,3,4,full_sparse,output_cosine,0.9654268899466842
0.3,3,4,full_sparse,output_relative_rmse,0.26156583469128236
0.3,3,4,full_corrected,self_mass,0.012584099189552944
0.3,3,4,full_corrected,output_mse,0.004472556770451774
0.3,3,4,full_corrected,output_mae,0.05141658472712152
0.3,3,4,full_corrected,output_cosine,0.964800275862217
0.3,3,4,full_corrected,output_relative_rmse,0.26253429369535297
0.3,3,5,dense,self_mass,0.027622799654636765
0.3,3,5,dense,output_mse,0.0
0.3,3,5,dense,output_mae,0.0
0.3,3,5,dense,output_cosine,1.0
0.3,3,5,dense,output_relative_rmse,0.0
0.3,3,5,local_sparse,self_mass,0.05384095050249016
0.3,3,5,local_sparse,output_mse,0.014193626633641543
0.3,3,5,local_sparse,output_mae,0.0861178412596928
0.3,3,5,local_sparse,output_cosine,0.9602074827998877
0.3,3,5,local_sparse,output_relative_rmse,0.291526599903591
0.3,3,5,local_corrected,self_mass,0.02911263529676944
0.3,3,5,local_corrected,output_mse,0.014514563470584108
0.3,3,5,local_corrected,output_mae,0.08692632647580467
0.3,3,5,local_corrected,output_cosine,0.9588305016513914
0.3,3,5,local_corrected,output_relative_rmse,0.29472311917925254
0.3,3,5,full_sparse,self_mass,0.05384095000772504
0.3,3,5,full_sparse,output_mse,0.014193626602718723
0.3,3,5,full_sparse,output_mae,0.08611784111417364
0.3,3,5,full_sparse,output_cosine,0.9602074834983796
0.3,3,5,full_sparse,output_relative_rmse,0.29152659937972203
0.3,3,5,full_corrected,self_mass,0.029112634914781665
0.3,3,5,full_corrected,output_mse,0.014514563388729584
0.3,3,5,full_corrected,output_mae,0.08692632678139489
0.3,3,5,full_corrected,output_cosine,0.9588305046781898
0.3,3,5,full_corrected,output_relative_rmse,0.29472311958670616
0.3,3,6,dense,self_mass,0.009116772331253742
0.3,3,6,dense,output_mse,0.0
0.3,3,6,dense,output_mae,0.0
0.3,3,6,dense,output_cosine,1.0
0.3,3,6,dense,output_relative_rmse,0.0
0.3,3,6,local_sparse,self_mass,0.018044532302155858
0.3,3,6,local_sparse,output_mse,0.00351566534527592
0.3,3,6,local_sparse,output_mae,0.04539554503571708
0.3,3,6,local_sparse,output_cosine,0.9601595471613109
0.3,3,6,local_sparse,output_relative_rmse,0.2843767612357624
0.3,3,6,local_corrected,self_mass,0.009162401778667117
0.3,3,6,local_corrected,output_mse,0.003532362321493565
0.3,3,6,local_corrected,output_mae,0.045471495410311036
0.3,3,6,local_corrected,output_cosine,0.9596118440385908
0.3,3,6,local_corrected,output_relative_rmse,0.2850042582140304
0.3,3,6,full_sparse,self_mass,0.018044532396743307
0.3,3,6,full_sparse,output_mse,0.0035156652834302804
0.3,3,6,full_sparse,output_mae,0.045395544890197925
0.3,3,6,full_sparse,output_cosine,0.9601595459971577
0.3,3,6,full_sparse,output_relative_rmse,0.28437675948953256
0.3,3,6,full_corrected,self_mass,0.009162401755020255
0.3,3,6,full_corrected,output_mse,0.003532362277383072
0.3,3,6,full_corrected,output_mae,0.04547149530844763
0.3,3,6,full_corrected,output_cosine,0.9596118433400989
0.3,3,6,full_corrected,output_relative_rmse,0.2850042561767623
0.3,3,7,dense,self_mass,0.005851808054103458
0.3,3,7,dense,output_mse,0.0
0.3,3,7,dense,output_mae,0.0
0.3,3,7,dense,output_cosine,1.0
0.3,3,7,dense,output_relative_rmse,0.0
0.3,3,7,local_sparse,self_mass,0.011186493467903347
0.3,3,7,local_sparse,output_mse,0.0051462647847984044
0.3,3,7,local_sparse,output_mae,0.04785754021577304
0.3,3,7,local_sparse,output_cosine,0.9525214708410203
0.3,3,7,local_sparse,output_relative_rmse,0.3261109738959931
0.3,3,7,local_corrected,self_mass,0.006322752728010528
0.3,3,7,local_corrected,output_mse,0.005190135318571265
0.3,3,7,local_corrected,output_mae,0.04803069603804033
0.3,3,7,local_corrected,output_cosine,0.9522101511247456
0.3,3,7,local_corrected,output_relative_rmse,0.32754956162534654
0.3,3,7,full_sparse,self_mass,0.01118649370255298
0.3,3,7,full_sparse,output_mse,0.005146264857103233
0.3,3,7,full_sparse,output_mae,0.04785754007025389
0.3,3,7,full_sparse,output_cosine,0.952521471073851
0.3,3,7,full_sparse,output_relative_rmse,0.32611097540939227
0.3,3,7,full_corrected,self_mass,0.006322752938103804
0.3,3,7,full_corrected,output_mse,0.005190135341308633
0.3,3,7,full_corrected,output_mae,0.048030696088972036
0.3,3,7,full_corrected,output_cosine,0.9522101483307779
0.3,3,7,full_corrected,output_relative_rmse,0.32754956011194736
0.3,3,8,dense,self_mass,0.008397866529776365
0.3,3,8,dense,output_mse,0.0
0.3,3,8,dense,output_mae,0.0
0.3,3,8,dense,output_cosine,1.0
0.3,3,8,dense,output_relative_rmse,0.0
0.3,3,8,local_sparse,self_mass,0.01669542597301188
0.3,3,8,local_sparse,output_mse,0.003415074485474179
0.3,3,8,local_sparse,output_mae,0.04491067647904856
0.3,3,8,local_sparse,output_cosine,0.9642852111719549
0.3,3,8,local_sparse,output_relative_rmse,0.26463913248153403
0.3,3,8,local_corrected,self_mass,0.008434899844360189
0.3,3,8,local_corrected,output_mse,0.0034307585706301325
0.3,3,8,local_corrected,output_mae,0.045021024998277426
0.3,3,8,local_corrected,output_cosine,0.9640140130650252
0.3,3,8,local_corrected,output_relative_rmse,0.2652780707285274
0.3,3,8,full_sparse,self_mass,0.016695426016667625
0.3,3,8,full_sparse,output_mse,0.003415074485474179
0.3,3,8,full_sparse,output_mae,0.044910676471772604
0.3,3,8,full_sparse,output_cosine,0.9642852104734629
0.3,3,8,full_sparse,output_relative_rmse,0.26463913259794936
0.3,3,8,full_corrected,self_mass,0.00843489986982604
0.3,3,8,full_corrected,output_mse,0.003430758585636795
0.3,3,8,full_corrected,output_mae,0.0450210250201053
0.3,3,8,full_corrected,output_cosine,0.964014015160501
0.3,3,8,full_corrected,output_relative_rmse,0.2652780710195657
0.3,3,9,dense,self_mass,0.03835307951521827
0.3,3,9,dense,output_mse,0.0
0.3,3,9,dense,output_mae,0.0
0.3,3,9,dense,output_cosine,1.0
0.3,3,9,dense,output_relative_rmse,0.0
0.3,3,9,local_sparse,self_mass,0.07591090543428436
0.3,3,9,local_sparse,output_mse,0.018092147050992935
0.3,3,9,local_sparse,output_mae,0.10074040872859769
0.3,3,9,local_sparse,output_cosine,0.9543783264234662
0.3,3,9,local_sparse,output_relative_rmse,0.3134272416937165
0.3,3,9,local_corrected,self_mass,0.04031495224626269
0.3,3,9,local_corrected,output_mse,0.01904581577400677
0.3,3,9,local_corrected,output_mae,0.10275253027793951
0.3,3,9,local_corrected,output_cosine,0.9506152300164104
0.3,3,9,local_corrected,output_relative_rmse,0.32136846298817545
0.3,3,9,full_sparse,self_mass,0.07591090555069968
0.3,3,9,full_sparse,output_mse,0.018092147085553734
0.3,3,9,full_sparse,output_mae,0.10074040814652108
0.3,3,9,full_sparse,output_cosine,0.9543783254921436
0.3,3,9,full_sparse,output_relative_rmse,0.3134272412280552
0.3,3,9,full_corrected,self_mass,0.04031495210074354
0.3,3,9,full_corrected,output_mse,0.019045815599383786
0.3,3,9,full_corrected,output_mae,0.10275253010331653
0.3,3,9,full_corrected,output_cosine,0.9506152307149023
0.3,3,9,full_corrected,output_relative_rmse,0.3213684611255303
0.3,3,10,dense,self_mass,0.0013919165298830194
0.3,3,10,dense,output_mse,0.0
0.3,3,10,dense,output_mae,0.0
0.3,3,10,dense,output_cosine,1.0
0.3,3,10,dense,output_relative_rmse,0.0
0.3,3,10,local_sparse,self_mass,0.002790006106351939
0.3,3,10,local_sparse,output_mse,0.003349516000071162
0.3,3,10,local_sparse,output_mae,0.044944980392756406
0.3,3,10,local_sparse,output_cosine,0.9630842357873917
0.3,3,10,local_sparse,output_relative_rmse,0.27089762478135526
0.3,3,10,local_corrected,self_mass,0.0013927931624948542
0.3,3,10,local_corrected,output_mse,0.003355369710789091
0.3,3,10,local_corrected,output_mae,0.04499119440151844
0.3,3,10,local_corrected,output_cosine,0.9630631045438349
0.3,3,10,local_corrected,output_relative_rmse,0.27115693845553324
0.3,3,10,full_sparse,self_mass,0.00279000612499658
0.3,3,10,full_sparse,output_mse,0.0033495160228085297
0.3,3,10,full_sparse,output_mae,0.044944980458240025
0.3,3,10,full_sparse,output_cosine,0.9630842350888997
0.3,3,10,full_sparse,output_relative_rmse,0.2708976255962625
0.3,3,10,full_corrected,self_mass,0.001392793173181417
0.3,3,10,full_corrected,output_mse,0.0033553697580828157
0.3,3,10,full_corrected,output_mae,0.044991194510657806
0.3,3,10,full_corrected,output_cosine,0.9630631050094962
0.3,3,10,full_corrected,output_relative_rmse,0.2711569406965282
0.3,3,11,dense,self_mass,0.03815653779747663
0.3,3,11,dense,output_mse,0.0
0.3,3,11,dense,output_mae,0.0
0.3,3,11,dense,output_cosine,1.0
0.3,3,11,dense,output_relative_rmse,0.0
0.3,3,11,local_sparse,self_mass,0.07592688045406248
0.3,3,11,local_sparse,output_mse,0.02174029650632292
0.3,3,11,local_sparse,output_mae,0.1109503039624542
0.3,3,11,local_sparse,output_cosine,0.952478745020926
0.3,3,11,local_sparse,output_relative_rmse,0.31179678201442584
0.3,3,11,local_corrected,self_mass,0.040105550942826085
0.3,3,11,local_corrected,output_mse,0.02296037060659728
0.3,3,11,local_corrected,output_mae,0.11345001478912309
0.3,3,11,local_corrected,output_cosine,0.9487524637952447
0.3,3,11,local_corrected,output_relative_rmse,0.3203283490729518
0.3,3,11,full_sparse,self_mass,0.07592688109434675
0.3,3,11,full_sparse,output_mse,0.021740296739153564
0.3,3,11,full_sparse,output_mae,0.11095030436990783
0.3,3,11,full_sparse,output_cosine,0.9524787433911115
0.3,3,11,full_sparse,output_relative_rmse,0.3117967841681093
0.3,3,11,full_corrected,self_mass,0.04010555104468949
0.3,3,11,full_corrected,output_mse,0.022960370748478454
0.3,3,11,full_corrected,output_mae,0.11345001513836905
0.3,3,11,full_corrected,output_cosine,0.9487524623982608
0.3,3,11,full_corrected,output_relative_rmse,0.3203283515176736
0.3,4,0,dense,self_mass,0.028886680796858855
0.3,4,0,dense,output_mse,0.0
0.3,4,0,dense,output_mae,0.0
0.3,4,0,dense,output_cosine,1.0
0.3,4,0,dense,output_relative_rmse,0.0
0.3,4,0,local_sparse,self_mass,0.0579132486745948
0.3,4,0,local_sparse,output_mse,0.02349379480438074
0.3,4,0,local_sparse,output_mae,0.11544240682269447
0.3,4,0,local_sparse,output_cosine,0.9412307657767087
0.3,4,0,local_sparse,output_relative_rmse,0.3454830027767457
0.3,4,0,local_corrected,self_mass,0.03013470295263687
0.3,4,0,local_corrected,output_mse,0.024338137511222158
0.3,4,0,local_corrected,output_mae,0.11720722788595594
0.3,4,0,local_corrected,output_cosine,0.9385542469099164
0.3,4,0,local_corrected,output_relative_rmse,0.351598494220525
0.3,4,0,full_sparse,self_mass,0.05828349421790335
0.3,4,0,full_sparse,output_mse,0.020605170575436205
0.3,4,0,full_sparse,output_mae,0.10800940921762958
0.3,4,0,full_sparse,output_cosine,0.9475893445778638
0.3,4,0,full_sparse,output_relative_rmse,0.3236121208756231
0.3,4,0,full_corrected,self_mass,0.03075545372121269
0.3,4,0,full_corrected,output_mse,0.021913055850745877
0.3,4,0,full_corrected,output_mae,0.1111569908389356
0.3,4,0,full_corrected,output_cosine,0.9449828842189163
0.3,4,0,full_corrected,output_relative_rmse,0.3336501224548556
0.3,4,1,dense,self_mass,0.045527100264735054
0.3,4,1,dense,output_mse,0.0
0.3,4,1,dense,output_mae,0.0
0.3,4,1,dense,output_cosine,1.0
0.3,4,1,dense,output_relative_rmse,0.0
0.3,4,1,local_sparse,self_mass,0.0898237789660925
0.3,4,1,local_sparse,output_mse,0.024547070966946194
0.3,4,1,local_sparse,output_mae,0.1193462002556771
0.3,4,1,local_sparse,output_cosine,0.9293114936444908
0.3,4,1,local_sparse,output_relative_rmse,0.3931572665460408
0.3,4,1,local_corrected,self_mass,0.04759356956492411
0.3,4,1,local_corrected,output_mse,0.025886770185024943
0.3,4,1,local_corrected,output_mae,0.12200853880494833
0.3,4,1,local_corrected,output_cosine,0.922361116623506
0.3,4,1,local_corrected,output_relative_rmse,0.4036902942461893
0.3,4,1,full_sparse,self_mass,0.09098195005208254
0.3,4,1,full_sparse,output_mse,0.018772433137201006
0.3,4,1,full_sparse,output_mae,0.10363183153094724
0.3,4,1,full_sparse,output_cosine,0.943130397470668
0.3,4,1,full_sparse,output_relative_rmse,0.3436797690228559
0.3,4,1,full_corrected,self_mass,0.04945631406008033
0.3,4,1,full_corrected,output_mse,0.020595813963154797
0.3,4,1,full_corrected,output_mae,0.10838166595203802
0.3,4,1,full_corrected,output_cosine,0.9366926737129688
0.3,4,1,full_corrected,output_relative_rmse,0.3599997905548662
0.3,4,2,dense,self_mass,0.0359133756137453
0.3,4,2,dense,output_mse,0.0
0.3,4,2,dense,output_mae,0.0
0.3,4,2,dense,output_cosine,1.0
0.3,4,2,dense,output_relative_rmse,0.0
0.3,4,2,local_sparse,self_mass,0.06971074340981431
0.3,4,2,local_sparse,output_mse,0.026832965904759476
0.3,4,2,local_sparse,output_mae,0.11667113832663745
0.3,4,2,local_sparse,output_cosine,0.9359539628494531
0.3,4,2,local_sparse,output_relative_rmse,0.3816180005669594
0.3,4,2,local_corrected,self_mass,0.03767094352951972
0.3,4,2,local_corrected,output_mse,0.027303509014018346
0.3,4,2,local_corrected,output_mae,0.11741611055913381
0.3,4,2,local_corrected,output_cosine,0.9334088359028101
0.3,4,2,local_corrected,output_relative_rmse,0.38474717317149043
0.3,4,2,full_sparse,self_mass,0.07019073240371654
0.3,4,2,full_sparse,output_mse,0.025475520949839847
0.3,4,2,full_sparse,output_mae,0.11260920358472504
0.3,4,2,full_sparse,output_cosine,0.9386398096103221
0.3,4,2,full_sparse,output_relative_rmse,0.3710984461940825
0.3,4,2,full_corrected,self_mass,0.03968049360264558
0.3,4,2,full_corrected,output_mse,0.02661561653803801
0.3,4,2,full_corrected,output_mae,0.11515609716298059
0.3,4,2,full_corrected,output_cosine,0.9362453748472035
0.3,4,2,full_corrected,output_relative_rmse,0.37918128981254995
0.3,4,3,dense,self_mass,0.02139997881022282
0.3,4,3,dense,output_mse,0.0
0.3,4,3,dense,output_mae,0.0
0.3,4,3,dense,output_cosine,1.0
0.3,4,3,dense,output_relative_rmse,0.0
0.3,4,3,local_sparse,self_mass,0.04199718667950947
0.3,4,3,local_sparse,output_mse,0.008088012819825963
0.3,4,3,local_sparse,output_mae,0.06885878671891987
0.3,4,3,local_sparse,output_cosine,0.9618500166106969
0.3,4,3,local_sparse,output_relative_rmse,0.2798602357506752
0.3,4,3,local_corrected,self_mass,0.02173212561683613
0.3,4,3,local_corrected,output_mse,0.008144548459313228
0.3,4,3,local_corrected,output_mae,0.06896181433694437
0.3,4,3,local_corrected,output_cosine,0.9604303524829447
0.3,4,3,local_corrected,output_relative_rmse,0.2808442941168323
0.3,4,3,full_sparse,self_mass,0.042065911933605094
0.3,4,3,full_sparse,output_mse,0.006161141794109426
0.3,4,3,full_sparse,output_mae,0.060084513868787326
0.3,4,3,full_sparse,output_cosine,0.9700193249154836
0.3,4,3,full_sparse,output_relative_rmse,0.24461615673499182
0.3,4,3,full_corrected,self_mass,0.022286847783107078
0.3,4,3,full_corrected,output_mse,0.006463759822509019
0.3,4,3,full_corrected,output_mae,0.061462702113203704
0.3,4,3,full_corrected,output_cosine,0.968476346693933
0.3,4,3,full_corrected,output_relative_rmse,0.2505434248014353
0.3,4,4,dense,self_mass,0.026141740316234063
0.3,4,4,dense,output_mse,0.0
0.3,4,4,dense,output_mae,0.0
0.3,4,4,dense,output_cosine,1.0
0.3,4,4,dense,output_relative_rmse,0.0
0.3,4,4,local_sparse,self_mass,0.052095817620283924
0.3,4,4,local_sparse,output_mse,0.015537930910795694
0.3,4,4,local_sparse,output_mae,0.09552071962389164
0.3,4,4,local_sparse,output_cosine,0.9597988319583237
0.3,4,4,local_sparse,output_relative_rmse,0.27291915816022083
0.3,4,4,local_corrected,self_mass,0.026912683475529775
0.3,4,4,local_corrected,output_mse,0.015970811728038825
0.3,4,4,local_corrected,output_mae,0.09678517992142588
0.3,4,4,local_corrected,output_cosine,0.9583096348214895
0.3,4,4,local_corrected,output_relative_rmse,0.2767259312677197
0.3,4,4,full_sparse,self_mass,0.05228915328916628
0.3,4,4,full_sparse,output_mse,0.012650428339838982
0.3,4,4,full_sparse,output_mae,0.08666941217961721
0.3,4,4,full_sparse,output_cosine,0.9664950834121555
0.3,4,4,full_sparse,output_relative_rmse,0.24658304633339867
0.3,4,4,full_corrected,self_mass,0.026848800422158092
0.3,4,4,full_corrected,output_mse,0.013315759715624154
0.3,4,4,full_corrected,output_mae,0.08884419038076885
0.3,4,4,full_corrected,output_cosine,0.9648550308775157
0.3,4,4,full_corrected,output_relative_rmse,0.25303850596537814
0.3,4,5,dense,self_mass,0.03701687923967256
0.3,4,5,dense,output_mse,0.0
0.3,4,5,dense,output_mae,0.0
0.3,4,5,dense,output_cosine,1.0
0.3,4,5,dense,output_relative_rmse,0.0
0.3,4,5,local_sparse,self_mass,0.07225947347615147
0.3,4,5,local_sparse,output_mse,0.029901332600275055
0.3,4,5,local_sparse,output_mae,0.12281500588869676
0.3,4,5,local_sparse,output_cosine,0.9350786844734102
0.3,4,5,local_sparse,output_relative_rmse,0.37826719018630683
0.3,4,5,local_corrected,self_mass,0.03991383004176896
0.3,4,5,local_corrected,output_mse,0.030565984634449705
0.3,4,5,local_corrected,output_mae,0.12402731605106965
0.3,4,5,local_corrected,output_cosine,0.9326341410633177
0.3,4,5,local_corrected,output_relative_rmse,0.38239503314252943
0.3,4,5,full_sparse,self_mass,0.0738953723339364
0.3,4,5,full_sparse,output_mse,0.029183437494793907
0.3,4,5,full_sparse,output_mae,0.1205556719796732
0.3,4,5,full_sparse,output_cosine,0.9365857352968305
0.3,4,5,full_sparse,output_relative_rmse,0.3735561305657029
0.3,4,5,full_corrected,self_mass,0.04310242944484344
0.3,4,5,full_corrected,output_mse,0.030451934133452596
0.3,4,5,full_corrected,output_mae,0.12337536254199222
0.3,4,5,full_corrected,output_cosine,0.9343719326425344
0.3,4,5,full_corrected,output_relative_rmse,0.381602437235415
0.3,4,6,dense,self_mass,0.02210253793236916
0.3,4,6,dense,output_mse,0.0
0.3,4,6,dense,output_mae,0.0
0.3,4,6,dense,output_cosine,1.0
0.3,4,6,dense,output_relative_rmse,0.0
0.3,4,6,local_sparse,self_mass,0.04872033141873544
0.3,4,6,local_sparse,output_mse,0.0488642627678928
0.3,4,6,local_sparse,output_mae,0.15527480596210808
0.3,4,6,local_sparse,output_cosine,0.9221877949312329
0.3,4,6,local_sparse,output_relative_rmse,0.39922947681043297
0.3,4,6,local_corrected,self_mass,0.026313199272408383
0.3,4,6,local_corrected,output_mse,0.05016732687363401
0.3,4,6,local_corrected,output_mae,0.1572727382008452
0.3,4,6,local_corrected,output_cosine,0.9201911420095712
0.3,4,6,local_corrected,output_relative_rmse,0.4045342777390033
0.3,4,6,full_sparse,self_mass,0.04953624412155477
0.3,4,6,full_sparse,output_mse,0.04844937712914543
0.3,4,6,full_sparse,output_mae,0.15490408989717253
0.3,4,6,full_sparse,output_cosine,0.9233042229898274
0.3,4,6,full_sparse,output_relative_rmse,0.3974445241037756
0.3,4,6,full_corrected,self_mass,0.02775102196028456
0.3,4,6,full_corrected,output_mse,0.05089035253331531
0.3,4,6,full_corrected,output_mae,0.15887930319877341
0.3,4,6,full_corrected,output_cosine,0.921088318573311
0.3,4,6,full_corrected,output_relative_rmse,0.4073525647399947
0.3,4,7,dense,self_mass,0.0038221493268792983
0.3,4,7,dense,output_mse,0.0
0.3,4,7,dense,output_mae,0.0
0.3,4,7,dense,output_cosine,1.0
0.3,4,7,dense,output_relative_rmse,0.0
0.3,4,7,local_sparse,self_mass,0.007686382536121528
0.3,4,7,local_sparse,output_mse,0.0066104539819207275
0.3,4,7,local_sparse,output_mae,0.062407028788584284
0.3,4,7,local_sparse,output_cosine,0.9640746586956084
0.3,4,7,local_sparse,output_relative_rmse,0.2623400766751729
0.3,4,7,local_corrected,self_mass,0.0038743582717870595
0.3,4,7,local_corrected,output_mse,0.006661663768682047
0.3,4,7,local_corrected,output_mae,0.0625985261722235
0.3,4,7,local_corrected,output_cosine,0.9637494799681008
0.3,4,7,local_corrected,output_relative_rmse,0.26333276205696166
0.3,4,7,full_sparse,self_mass,0.007718682904851448
0.3,4,7,full_sparse,output_mse,0.004623324377462268
0.3,4,7,full_sparse,output_mae,0.052423173023271374
0.3,4,7,full_sparse,output_cosine,0.9743365186732262
0.3,4,7,full_sparse,output_relative_rmse,0.21991116186836734
0.3,4,7,full_corrected,self_mass,0.0038937085387260595
0.3,4,7,full_corrected,output_mse,0.00485197851958219
0.3,4,7,full_corrected,output_mae,0.05358285998227075
0.3,4,7,full_corrected,output_cosine,0.9737589708529413
0.3,4,7,full_corrected,output_relative_rmse,0.22524059395072982
0.3,4,8,dense,self_mass,0.015286305206245743
0.3,4,8,dense,output_mse,0.0
0.3,4,8,dense,output_mae,0.0
0.3,4,8,dense,output_cosine,1.0
0.3,4,8,dense,output_relative_rmse,0.0
0.3,4,8,local_sparse,self_mass,0.03465626732213423
0.3,4,8,local_sparse,output_mse,0.04689090940519236
0.3,4,8,local_sparse,output_mae,0.14872410145471804
0.3,4,8,local_sparse,output_cosine,0.935121615184471
0.3,4,8,local_sparse,output_relative_rmse,0.35850352130364627
0.3,4,8,local_corrected,self_mass,0.018808480530424276
0.3,4,8,local_corrected,output_mse,0.04794752495945431
0.3,4,8,local_corrected,output_mae,0.15025923380744644
0.3,4,8,local_corrected,output_cosine,0.9336572452448308
0.3,4,8,local_corrected,output_relative_rmse,0.3625276166712865
0.3,4,8,full_sparse,self_mass,0.03505644445976941
0.3,4,8,full_sparse,output_mse,0.046883427174179815
0.3,4,8,full_sparse,output_mae,0.14914779347600415
0.3,4,8,full_sparse,output_cosine,0.9358069356530905
0.3,4,8,full_sparse,output_relative_rmse,0.3584741802769713
0.3,4,8,full_corrected,self_mass,0.019708742194779916
0.3,4,8,full_corrected,output_mse,0.04915264363808092
0.3,4,8,full_corrected,output_mae,0.15295982020325027
0.3,4,8,full_corrected,output_cosine,0.9339683307334781
0.3,4,8,full_corrected,output_relative_rmse,0.3670622929930687
0.3,4,9,dense,self_mass,0.021893105797062162
0.3,4,9,dense,output_mse,0.0
0.3,4,9,dense,output_mae,0.0
0.3,4,9,dense,output_cosine,1.0
0.3,4,9,dense,output_relative_rmse,0.0
0.3,4,9,local_sparse,self_mass,0.049312173257931136
0.3,4,9,local_sparse,output_mse,0.04820114689209731
0.3,4,9,local_sparse,output_mae,0.1538754041539505
0.3,4,9,local_sparse,output_cosine,0.9067948800511658
0.3,4,9,local_sparse,output_relative_rmse,0.4399616924347356
0.3,4,9,local_corrected,self_mass,0.02636249908391619
0.3,4,9,local_corrected,output_mse,0.04976440849713981
0.3,4,9,local_corrected,output_mae,0.15618715772870928
0.3,4,9,local_corrected,output_cosine,0.9039406450465322
0.3,4,9,local_corrected,output_relative_rmse,0.4470083648338914
0.3,4,9,full_sparse,self_mass,0.04993268015095964
0.3,4,9,full_sparse,output_mse,0.04697651769674849
0.3,4,9,full_sparse,output_mae,0.1517581875959877
0.3,4,9,full_sparse,output_cosine,0.909930074820295
0.3,4,9,full_sparse,output_relative_rmse,0.43421332666184753
0.3,4,9,full_corrected,self_mass,0.027903870588488644
0.3,4,9,full_corrected,output_mse,0.049708123624441214
0.3,4,9,full_corrected,output_mae,0.15628430599463172
0.3,4,9,full_corrected,output_cosine,0.9068916330579668
0.3,4,9,full_corrected,output_relative_rmse,0.4466598156141117
0.3,4,10,dense,self_mass,0.0035770105582741962
0.3,4,10,dense,output_mse,0.0
0.3,4,10,dense,output_mae,0.0
0.3,4,10,dense,output_cosine,1.0
0.3,4,10,dense,output_relative_rmse,0.0
0.3,4,10,local_sparse,self_mass,0.007118315606930992
0.3,4,10,local_sparse,output_mse,0.004390664542825107
0.3,4,10,local_sparse,output_mae,0.050689304116531275
0.3,4,10,local_sparse,output_cosine,0.9606273856479675
0.3,4,10,local_sparse,output_relative_rmse,0.2829898787313141
0.3,4,10,local_corrected,self_mass,0.0036223098168193246
0.3,4,10,local_corrected,output_mse,0.00440953144152445
0.3,4,10,local_corrected,output_mae,0.0507663242315175
0.3,4,10,local_corrected,output_cosine,0.9604863924905658
0.3,4,10,local_corrected,output_relative_rmse,0.28350979479728267
0.3,4,10,full_sparse,self_mass,0.007158525055274367
0.3,4,10,full_sparse,output_mse,0.0034371185688542027
0.3,4,10,full_sparse,output_mae,0.04481577264232328
0.3,4,10,full_sparse,output_cosine,0.9688985061366111
0.3,4,10,full_sparse,output_relative_rmse,0.24985141126671806
0.3,4,10,full_corrected,self_mass,0.0037216454666122445
0.3,4,10,full_corrected,output_mse,0.003564741137324745
0.3,4,10,full_corrected,output_mae,0.045583409621031024
0.3,4,10,full_corrected,output_cosine,0.968466913793236
0.3,4,10,full_corrected,output_relative_rmse,0.25476626452291384
0.3,4,11,dense,self_mass,0.027100056493509328
0.3,4,11,dense,output_mse,0.0
0.3,4,11,dense,output_mae,0.0
0.3,4,11,dense,output_cosine,1.0
0.3,4,11,dense,output_relative_rmse,0.0
0.3,4,11,local_sparse,self_mass,0.05299553776421817
0.3,4,11,local_sparse,output_mse,0.020025202597025782
0.3,4,11,local_sparse,output_mae,0.1038971291272901
0.3,4,11,local_sparse,output_cosine,0.9542725586798042
0.3,4,11,local_sparse,output_relative_rmse,0.31037259055301547
0.3,4,11,local_corrected,self_mass,0.02834289586826344
0.3,4,11,local_corrected,output_mse,0.020474673186981818
0.3,4,11,local_corrected,output_mae,0.1047263526415918
0.3,4,11,local_corrected,output_cosine,0.9525388956535608
0.3,4,11,local_corrected,output_relative_rmse,0.3137440714635886
0.3,4,11,full_sparse,self_mass,0.05351095222431468
0.3,4,11,full_sparse,output_mse,0.01842989367287373
0.3,4,11,full_sparse,output_mae,0.09884022671030834
0.3,4,11,full_sparse,output_cosine,0.9575239871628582
0.3,4,11,full_sparse,output_relative_rmse,0.2975333951180801
0.3,4,11,full_corrected,self_mass,0.030142782132315915
0.3,4,11,full_corrected,output_mse,0.019443308436166262
0.3,4,11,full_corrected,output_mae,0.10141102303168736
0.3,4,11,full_corrected,output_cosine,0.9557979954406619
0.3,4,11,full_corrected,output_relative_rmse,0.30560944584431127
0.3,5,0,dense,self_mass,0.02184546029639023
0.3,5,0,dense,output_mse,0.0
0.3,5,0,dense,output_mae,0.0
0.3,5,0,dense,output_cosine,1.0
0.3,5,0,dense,output_relative_rmse,0.0
0.3,5,0,local_sparse,self_mass,0.042738120591820916
0.3,5,0,local_sparse,output_mse,0.015709317856817506
0.3,5,0,local_sparse,output_mae,0.09041620737116318
0.3,5,0,local_sparse,output_cosine,0.9769245437346399
0.3,5,0,local_sparse,output_relative_rmse,0.21434988197870553
0.3,5,0,local_corrected,self_mass,0.023177738265076187
0.3,5,0,local_corrected,output_mse,0.0161194373795297
0.3,5,0,local_corrected,output_mae,0.0913015255209757
0.3,5,0,local_corrected,output_cosine,0.9761680620722473
0.3,5,0,local_corrected,output_relative_rmse,0.2170515789766796
0.3,5,0,full_sparse,self_mass,0.042527664263616316
0.3,5,0,full_sparse,output_mse,0.016194484389416175
0.3,5,0,full_sparse,output_mae,0.09260723204351962
0.3,5,0,full_sparse,output_cosine,0.9755845479667187
0.3,5,0,full_sparse,output_relative_rmse,0.21756435418501496
0.3,5,0,full_corrected,self_mass,0.02354270620708121
0.3,5,0,full_corrected,output_mse,0.017752406098225038
0.3,5,0,full_corrected,output_mae,0.09676337146083824
0.3,5,0,full_corrected,output_cosine,0.9739243250805885
0.3,5,0,full_corrected,output_relative_rmse,0.22789184597786516
0.3,5,1,dense,self_mass,0.006498748342892213
0.3,5,1,dense,output_mse,0.0
0.3,5,1,dense,output_mae,0.0
0.3,5,1,dense,output_cosine,1.0
0.3,5,1,dense,output_relative_rmse,0.0
0.3,5,1,local_sparse,self_mass,0.012945094458700623
0.3,5,1,local_sparse,output_mse,0.005625651706850476
0.3,5,1,local_sparse,output_mae,0.05652492125227582
0.3,5,1,local_sparse,output_cosine,0.962017418583855
0.3,5,1,local_sparse,output_relative_rmse,0.2771478901267983
0.3,5,1,local_corrected,self_mass,0.006568705669451447
0.3,5,1,local_corrected,output_mse,0.005660685467773874
0.3,5,1,local_corrected,output_mae,0.056672823629924096
0.3,5,1,local_corrected,output_cosine,0.9617004448082298
0.3,5,1,local_corrected,output_relative_rmse,0.2780513138859533
0.3,5,1,full_sparse,self_mass,0.012927641510032117
0.3,5,1,full_sparse,output_mse,0.004709538211955078
0.3,5,1,full_sparse,output_mae,0.0516469528520247
0.3,5,1,full_sparse,output_cosine,0.9674098687246442
0.3,5,1,full_sparse,output_relative_rmse,0.25392459088470787
0.3,5,1,full_corrected,self_mass,0.006607976516534109
0.3,5,1,full_corrected,output_mse,0.005309009059601522
0.3,5,1,full_corrected,output_mae,0.05474997599958442
0.3,5,1,full_corrected,output_cosine,0.9649899371434003
0.3,5,1,full_corrected,output_relative_rmse,0.2698326703393832
0.3,5,2,dense,self_mass,0.013356117036892101
0.3,5,2,dense,output_mse,0.0
0.3,5,2,dense,output_mae,0.0
0.3,5,2,dense,output_cosine,1.0
0.3,5,2,dense,output_relative_rmse,0.0
0.3,5,2,local_sparse,self_mass,0.026203398490906693
0.3,5,2,local_sparse,output_mse,0.006537422205838084
0.3,5,2,local_sparse,output_mae,0.061490251900977455
0.3,5,2,local_sparse,output_cosine,0.9704482755623758
0.3,5,2,local_sparse,output_relative_rmse,0.23207523656310514
0.3,5,2,local_corrected,self_mass,0.013606826187242405
0.3,5,2,local_corrected,output_mse,0.006594645782570296
0.3,5,2,local_corrected,output_mae,0.06161707502906211
0.3,5,2,local_corrected,output_cosine,0.9698458358179778
0.3,5,2,local_corrected,output_relative_rmse,0.23296107724308968
0.3,5,2,full_sparse,self_mass,0.0258773619607382
0.3,5,2,full_sparse,output_mse,0.006033838085386378
0.3,5,2,full_sparse,output_mae,0.058571476431097835
0.3,5,2,full_sparse,output_cosine,0.9726632342208177
0.3,5,2,full_sparse,output_relative_rmse,0.22166831366484985
0.3,5,2,full_corrected,self_mass,0.01376611077648704
0.3,5,2,full_corrected,output_mse,0.006638250880314445
0.3,5,2,full_corrected,output_mae,0.06122473314462695
0.3,5,2,full_corrected,output_cosine,0.9707001887727529
0.3,5,2,full_corrected,output_relative_rmse,0.23239191074389964
0.3,5,3,dense,self_mass,0.009656951902798028
0.3,5,3,dense,output_mse,0.0
0.3,5,3,dense,output_mae,0.0
0.3,5,3,dense,output_cosine,1.0
0.3,5,3,dense,output_relative_rmse,0.0
0.3,5,3,local_sparse,self_mass,0.01895500566024566
0.3,5,3,local_sparse,output_mse,0.0069196281237964286
0.3,5,3,local_sparse,output_mae,0.0640119871677598
0.3,5,3,local_sparse,output_cosine,0.9643709484953433
0.3,5,3,local_sparse,output_relative_rmse,0.26030838571023196
0.3,5,3,local_corrected,self_mass,0.009751227544256835
0.3,5,3,local_corrected,output_mse,0.006950885112928518
0.3,5,3,local_corrected,output_mae,0.06408833189925645
0.3,5,3,local_corrected,output_cosine,0.9638169901445508
0.3,5,3,local_corrected,output_relative_rmse,0.2608165855053812
0.3,5,3,full_sparse,self_mass,0.01852925762977975
0.3,5,3,full_sparse,output_mse,0.005639714321659994
0.3,5,3,full_sparse,output_mae,0.05774869902234059
0.3,5,3,full_sparse,output_cosine,0.96998795052059
0.3,5,3,full_sparse,output_relative_rmse,0.23632159549742937
0.3,5,3,full_corrected,self_mass,0.009789216013814439
0.3,5,3,full_corrected,output_mse,0.00637061091583746
0.3,5,3,full_corrected,output_mae,0.061277031592908315
0.3,5,3,full_corrected,output_cosine,0.9666430288925767
0.3,5,3,full_corrected,output_relative_rmse,0.25169308751355857
0.3,5,4,dense,self_mass,0.06619937326468062
0.3,5,4,dense,output_mse,0.0
0.3,5,4,dense,output_mae,0.0
0.3,5,4,dense,output_cosine,1.0
0.3,5,4,dense,output_relative_rmse,0.0
0.3,5,4,local_sparse,self_mass,0.12542409304296598
0.3,5,4,local_sparse,output_mse,0.04791714725433849
0.3,5,4,local_sparse,output_mae,0.15175981854554266
0.3,5,4,local_sparse,output_cosine,0.9398674005642533
0.3,5,4,local_sparse,output_relative_rmse,0.3555877704638988
0.3,5,4,local_corrected,self_mass,0.07485085327061825
0.3,5,4,local_corrected,output_mse,0.049375970294931903
0.3,5,4,local_corrected,output_mae,0.15446490730391815
0.3,5,4,local_corrected,output_cosine,0.9368237927556038
0.3,5,4,local_corrected,output_relative_rmse,0.3610244981246069
0.3,5,4,full_sparse,self_mass,0.12624681966553908
0.3,5,4,full_sparse,output_mse,0.04624386213981779
0.3,5,4,full_sparse,output_mae,0.15099737854325213
0.3,5,4,full_sparse,output_cosine,0.9419239559210837
0.3,5,4,full_sparse,output_relative_rmse,0.34898884693393484
0.3,5,4,full_corrected,self_mass,0.07947482870076783
0.3,5,4,full_corrected,output_mse,0.05064137808949454
0.3,5,4,full_corrected,output_mae,0.15873533024569042
0.3,5,4,full_corrected,output_cosine,0.9378517214208841
0.3,5,4,full_corrected,output_relative_rmse,0.3654736907919869
0.3,5,5,dense,self_mass,0.0427352565820911
0.3,5,5,dense,output_mse,0.0
0.3,5,5,dense,output_mae,0.0
0.3,5,5,dense,output_cosine,1.0
0.3,5,5,dense,output_relative_rmse,0.0
0.3,5,5,local_sparse,self_mass,0.08149593383132014
0.3,5,5,local_sparse,output_mse,0.016571215044677956
0.3,5,5,local_sparse,output_mae,0.0927956220402848
0.3,5,5,local_sparse,output_cosine,0.9792445471975952
0.3,5,5,local_sparse,output_relative_rmse,0.2003102014423348
0.3,5,5,local_corrected,self_mass,0.04644966102205217
0.3,5,5,local_corrected,output_mse,0.0171624104204966
0.3,5,5,local_corrected,output_mae,0.09412259997043293
0.3,5,5,local_corrected,output_cosine,0.9782199400942773
0.3,5,5,local_corrected,output_relative_rmse,0.20382413401966915
0.3,5,5,full_sparse,self_mass,0.08213380639790557
0.3,5,5,full_sparse,output_mse,0.017631580645684153
0.3,5,5,full_sparse,output_mae,0.09676762076560408
0.3,5,5,full_sparse,output_cosine,0.9775527566671371
0.3,5,5,full_sparse,output_relative_rmse,0.20663132047047839
0.3,5,5,full_corrected,self_mass,0.04838858479342889
0.3,5,5,full_corrected,output_mse,0.01934879057262151
0.3,5,5,full_corrected,output_mae,0.10108770287479274
0.3,5,5,full_corrected,output_cosine,0.9757613867986947
0.3,5,5,full_corrected,output_relative_rmse,0.21644121105782688
0.3,5,6,dense,self_mass,0.027490336455230135
0.3,5,6,dense,output_mse,0.0
0.3,5,6,dense,output_mae,0.0
0.3,5,6,dense,output_cosine,1.0
0.3,5,6,dense,output_relative_rmse,0.0
0.3,5,6,local_sparse,self_mass,0.055327317779301666
0.3,5,6,local_sparse,output_mse,0.02453346727634198
0.3,5,6,local_sparse,output_mae,0.1156093955214601
0.3,5,6,local_sparse,output_cosine,0.9507550159469247
0.3,5,6,local_sparse,output_relative_rmse,0.31524192361393943
0.3,5,6,local_corrected,self_mass,0.02912403012305731
0.3,5,6,local_corrected,output_mse,0.025346002552396385
0.3,5,6,local_corrected,output_mae,0.11737155998707749
0.3,5,6,local_corrected,output_cosine,0.9488383820280433
0.3,5,6,local_corrected,output_relative_rmse,0.32046871236525476
0.3,5,6,full_sparse,self_mass,0.055970579327549785
0.3,5,6,full_sparse,output_mse,0.02387525126323453
0.3,5,6,full_sparse,output_mae,0.11440650568692945
0.3,5,6,full_sparse,output_cosine,0.951902017230168
0.3,5,6,full_sparse,output_relative_rmse,0.31085226830327883
0.3,5,6,full_corrected,self_mass,0.030054203169129323
0.3,5,6,full_corrected,output_mse,0.026711990092735505
0.3,5,6,full_corrected,output_mae,0.12060056944028474
0.3,5,6,full_corrected,output_cosine,0.9482727097347379
0.3,5,6,full_corrected,output_relative_rmse,0.328778654220514
0.3,5,7,dense,self_mass,0.028581385980942287
0.3,5,7,dense,output_mse,0.0
0.3,5,7,dense,output_mae,0.0
0.3,5,7,dense,output_cosine,1.0
0.3,5,7,dense,output_relative_rmse,0.0
0.3,5,7,local_sparse,self_mass,0.055903975655382965
0.3,5,7,local_sparse,output_mse,0.01633580772249843
0.3,5,7,local_sparse,output_mae,0.09719234640942886
0.3,5,7,local_sparse,output_cosine,0.9659586916677654
0.3,5,7,local_sparse,output_relative_rmse,0.2595947747468017
0.3,5,7,local_corrected,self_mass,0.02928480433911318
0.3,5,7,local_corrected,output_mse,0.01676124414370861
0.3,5,7,local_corrected,output_mae,0.09817393618868664
0.3,5,7,local_corrected,output_cosine,0.9641982337925583
0.3,5,7,local_corrected,output_relative_rmse,0.2629800158319995
0.3,5,7,full_sparse,self_mass,0.05544060353713576
0.3,5,7,full_sparse,output_mse,0.013265180983580649
0.3,5,7,full_sparse,output_mae,0.0879232389270328
0.3,5,7,full_sparse,output_cosine,0.9713490405119956
0.3,5,7,full_sparse,output_relative_rmse,0.23390922416001558
0.3,5,7,full_corrected,self_mass,0.029346901017561322
0.3,5,7,full_corrected,output_mse,0.014891172846546397
0.3,5,7,full_corrected,output_mae,0.09286194879678078
0.3,5,7,full_corrected,output_cosine,0.9682520902715623
0.3,5,7,full_corrected,output_relative_rmse,0.247833160974551
0.3,5,8,dense,self_mass,0.05170574835210573
0.3,5,8,dense,output_mse,0.0
0.3,5,8,dense,output_mae,0.0
0.3,5,8,dense,output_cosine,1.0
0.3,5,8,dense,output_relative_rmse,0.0
0.3,5,8,local_sparse,self_mass,0.09796610307239462
0.3,5,8,local_sparse,output_mse,0.016107143008412095
0.3,5,8,local_sparse,output_mae,0.09558396198553964
0.3,5,8,local_sparse,output_cosine,0.9719633881468326
0.3,5,8,local_sparse,output_relative_rmse,0.23720756883267313
0.3,5,8,local_corrected,self_mass,0.05391434054035926
0.3,5,8,local_corrected,output_mse,0.01640346149360994
0.3,5,8,local_corrected,output_mae,0.0961001769755967
0.3,5,8,local_corrected,output_cosine,0.970225793775171
0.3,5,8,local_corrected,output_relative_rmse,0.239456707786303
0.3,5,8,full_sparse,self_mass,0.09702281071804464
0.3,5,8,full_sparse,output_mse,0.014421560408663936
0.3,5,8,full_sparse,output_mae,0.09078585598035716
0.3,5,8,full_sparse,output_cosine,0.9739895721431822
0.3,5,8,full_sparse,output_relative_rmse,0.22458645678125322
0.3,5,8,full_corrected,self_mass,0.05530499847372994
0.3,5,8,full_corrected,output_mse,0.015879269554716302
0.3,5,8,full_corrected,output_mae,0.09497289103455842
0.3,5,8,full_corrected,output_cosine,0.9715131444390863
0.3,5,8,full_corrected,output_relative_rmse,0.2356425429461524
0.3,5,9,dense,self_mass,0.015424008988702553
0.3,5,9,dense,output_mse,0.0
0.3,5,9,dense,output_mae,0.0
0.3,5,9,dense,output_cosine,1.0
0.3,5,9,dense,output_relative_rmse,0.0
0.3,5,9,local_sparse,self_mass,0.03514556183654349
0.3,5,9,local_sparse,output_mse,0.057074736439972185
0.3,5,9,local_sparse,output_mae,0.16104524116963148
0.3,5,9,local_sparse,output_cosine,0.9441652644891292
0.3,5,9,local_sparse,output_relative_rmse,0.3363384364056401
0.3,5,9,local_corrected,self_mass,0.019086809574218933
0.3,5,9,local_corrected,output_mse,0.058356378780445084
0.3,5,9,local_corrected,output_mae,0.1628185703593772
0.3,5,9,local_corrected,output_cosine,0.9428253488149494
0.3,5,9,local_corrected,output_relative_rmse,0.34010742319514975
0.3,5,9,full_sparse,self_mass,0.03508452506866888
0.3,5,9,full_sparse,output_mse,0.061208853403513785
0.3,5,9,full_sparse,output_mae,0.170421543327393
0.3,5,9,full_sparse,output_cosine,0.9406770798377693
0.3,5,9,full_sparse,output_relative_rmse,0.34820370812667534
0.3,5,9,full_corrected,self_mass,0.019927116907638265
0.3,5,9,full_corrected,output_mse,0.06589884294953663
0.3,5,9,full_corrected,output_mae,0.17729940058779903
0.3,5,9,full_corrected,output_cosine,0.9379861743655056
0.3,5,9,full_corrected,output_relative_rmse,0.3614132686634548
0.3,5,10,dense,self_mass,0.02968808242076193
0.3,5,10,dense,output_mse,0.0
0.3,5,10,dense,output_mae,0.0
0.3,5,10,dense,output_cosine,1.0
0.3,5,10,dense,output_relative_rmse,0.0
0.3,5,10,local_sparse,self_mass,0.05743122598505579
0.3,5,10,local_sparse,output_mse,0.01798749791305454
0.3,5,10,local_sparse,output_mae,0.0990537065663375
0.3,5,10,local_sparse,output_cosine,0.9399795148056
0.3,5,10,local_sparse,output_relative_rmse,0.361433134181425
0.3,5,10,local_corrected,self_mass,0.03059858469714527
0.3,5,10,local_corrected,output_mse,0.018265881401021034
0.3,5,10,local_corrected,output_mae,0.09977007206180133
0.3,5,10,local_corrected,output_cosine,0.938020576024428
0.3,5,10,local_corrected,output_relative_rmse,0.3642406392027624
0.3,5,10,full_sparse,self_mass,0.057934374308388215
0.3,5,10,full_sparse,output_mse,0.017679503907856997
0.3,5,10,full_sparse,output_mae,0.09761264093685895
0.3,5,10,full_sparse,output_cosine,0.9398675691336393
0.3,5,10,full_sparse,output_relative_rmse,0.3583710612147115
0.3,5,10,full_corrected,self_mass,0.03267518487700727
0.3,5,10,full_corrected,output_mse,0.019129492015053984
0.3,5,10,full_corrected,output_mae,0.10154847294325009
0.3,5,10,full_corrected,output_cosine,0.9364805237855762
0.3,5,10,full_corrected,output_relative_rmse,0.3729046397493221
0.3,5,11,dense,self_mass,0.01177958344851504
0.3,5,11,dense,output_mse,0.0
0.3,5,11,dense,output_mae,0.0
0.3,5,11,dense,output_cosine,1.0
0.3,5,11,dense,output_relative_rmse,0.0
0.3,5,11,local_sparse,self_mass,0.023182736353192013
0.3,5,11,local_sparse,output_mse,0.00679965869494481
0.3,5,11,local_sparse,output_mae,0.06314010350615717
0.3,5,11,local_sparse,output_cosine,0.9602547872345895
0.3,5,11,local_sparse,output_relative_rmse,0.2803487926721573
0.3,5,11,local_corrected,self_mass,0.011887052283782396
0.3,5,11,local_corrected,output_mse,0.006839763568677881
0.3,5,11,local_corrected,output_mae,0.0632697216788074
0.3,5,11,local_corrected,output_cosine,0.9595479522831738
0.3,5,11,local_corrected,output_relative_rmse,0.2811759623873513
0.3,5,11,full_sparse,self_mass,0.022762554137443658
0.3,5,11,full_sparse,output_mse,0.005846551885952067
0.3,5,11,full_sparse,output_mae,0.058409953155205585
0.3,5,11,full_sparse,output_cosine,0.964814281789586
0.3,5,11,full_sparse,output_relative_rmse,0.26014814860536717
0.3,5,11,full_corrected,self_mass,0.011854872578624054
0.3,5,11,full_corrected,output_mse,0.00653093576329411
0.3,5,11,full_corrected,output_mae,0.06148171484528575
0.3,5,11,full_corrected,output_cosine,0.9619208984076977
0.3,5,11,full_corrected,output_relative_rmse,0.2750927809101995
0.3,6,0,dense,self_mass,0.04340156565740472
0.3,6,0,dense,output_mse,0.0
0.3,6,0,dense,output_mae,0.0
0.3,6,0,dense,output_cosine,1.0
0.3,6,0,dense,output_relative_rmse,0.0
0.3,6,0,local_sparse,self_mass,0.08488510765891988
0.3,6,0,local_sparse,output_mse,0.039516443084721686
0.3,6,0,local_sparse,output_mae,0.1372004225559067
0.3,6,0,local_sparse,output_cosine,0.9468435328453779
0.3,6,0,local_sparse,output_relative_rmse,0.34462061402155086
0.3,6,0,local_corrected,self_mass,0.0474794137844583
0.3,6,0,local_corrected,output_mse,0.04047099563103984
0.3,6,0,local_corrected,output_mae,0.13875050746719353
0.3,6,0,local_corrected,output_cosine,0.9446043348871171
0.3,6,0,local_corrected,output_relative_rmse,0.34877462906297296
0.3,6,0,full_sparse,self_mass,0.08258679276332259
0.3,6,0,full_sparse,output_mse,0.04084840936411638
0.3,6,0,full_sparse,output_mae,0.14088206202723086
0.3,6,0,full_sparse,output_cosine,0.9441720217000693
0.3,6,0,full_sparse,output_relative_rmse,0.35041407943936065
0.3,6,0,full_corrected,self_mass,0.04882501740939915
0.3,6,0,full_corrected,output_mse,0.04506073746961192
0.3,6,0,full_corrected,output_mae,0.14842905977275223
0.3,6,0,full_corrected,output_cosine,0.9399772537872195
0.3,6,0,full_corrected,output_relative_rmse,0.3684170662309043
0.3,6,1,dense,self_mass,0.034891512703325134
0.3,6,1,dense,output_mse,0.0
0.3,6,1,dense,output_mae,0.0
0.3,6,1,dense,output_cosine,1.0
0.3,6,1,dense,output_relative_rmse,0.0
0.3,6,1,local_sparse,self_mass,0.06768914413987659
0.3,6,1,local_sparse,output_mse,0.0145529862766125
0.3,6,1,local_sparse,output_mae,0.08978221018332988
0.3,6,1,local_sparse,output_cosine,0.96688984753564
0.3,6,1,local_sparse,output_relative_rmse,0.25976269762031734
0.3,6,1,local_corrected,self_mass,0.03595901252992917
0.3,6,1,local_corrected,output_mse,0.014963356887164991
0.3,6,1,local_corrected,output_mae,0.0906786444975296
0.3,6,1,local_corrected,output_cosine,0.9651556427124888
0.3,6,1,local_corrected,output_relative_rmse,0.26333690335741267
0.3,6,1,full_sparse,self_mass,0.06741036142921075
0.3,6,1,full_sparse,output_mse,0.013423183880149736
0.3,6,1,full_sparse,output_mae,0.08662412311241496
0.3,6,1,full_sparse,output_cosine,0.9683131612837315
0.3,6,1,full_sparse,output_relative_rmse,0.2492959828232415
0.3,6,1,full_corrected,self_mass,0.03700094336090842
0.3,6,1,full_corrected,output_mse,0.015043902096294914
0.3,6,1,full_corrected,output_mae,0.09133629909774754
0.3,6,1,full_corrected,output_cosine,0.9652474583126605
0.3,6,1,full_corrected,output_relative_rmse,0.26396280206972733
0.3,6,2,dense,self_mass,0.03614798724811408
0.3,6,2,dense,output_mse,0.0
0.3,6,2,dense,output_mae,0.0
0.3,6,2,dense,output_cosine,1.0
0.3,6,2,dense,output_relative_rmse,0.0
0.3,6,2,local_sparse,self_mass,0.07113204702181974
0.3,6,2,local_sparse,output_mse,0.03274701638292754
0.3,6,2,local_sparse,output_mae,0.12547164410352707
0.3,6,2,local_sparse,output_cosine,0.968858502805233
0.3,6,2,local_sparse,output_relative_rmse,0.25177224120125175
0.3,6,2,local_corrected,self_mass,0.04076732068278943
0.3,6,2,local_corrected,output_mse,0.0338354536506813
0.3,6,2,local_corrected,output_mae,0.12750521063571796
0.3,6,2,local_corrected,output_cosine,0.9675868123304099
0.3,6,2,local_corrected,output_relative_rmse,0.25597851193742827
0.3,6,2,full_sparse,self_mass,0.06962320089223795
0.3,6,2,full_sparse,output_mse,0.03671203222256736
0.3,6,2,full_sparse,output_mae,0.135865205375012
0.3,6,2,full_sparse,output_cosine,0.9645457328297198
0.3,6,2,full_sparse,output_relative_rmse,0.2665607042144984
0.3,6,2,full_corrected,self_mass,0.04068242477478634
0.3,6,2,full_corrected,output_mse,0.04149519967540982
0.3,6,2,full_corrected,output_mae,0.14455317723331973
0.3,6,2,full_corrected,output_cosine,0.9612975225318223
0.3,6,2,full_corrected,output_relative_rmse,0.2835026836837642
0.3,6,3,dense,self_mass,0.018296216665476095
0.3,6,3,dense,output_mse,0.0
0.3,6,3,dense,output_mae,0.0
0.3,6,3,dense,output_cosine,1.0
0.3,6,3,dense,output_relative_rmse,0.0
0.3,6,3,local_sparse,self_mass,0.03594502155465307
0.3,6,3,local_sparse,output_mse,0.011395787763831322
0.3,6,3,local_sparse,output_mae,0.0809384943859186
0.3,6,3,local_sparse,output_cosine,0.9552883361466229
0.3,6,3,local_sparse,output_relative_rmse,0.30857764673419297
0.3,6,3,local_corrected,self_mass,0.018695036033022916
0.3,6,3,local_corrected,output_mse,0.011405761986679863
0.3,6,3,local_corrected,output_mae,0.08088797162054107
0.3,6,3,local_corrected,output_cosine,0.9541089700069278
0.3,6,3,local_corrected,output_relative_rmse,0.3086174677591771
0.3,6,3,full_sparse,self_mass,0.03551425689511234
0.3,6,3,full_sparse,output_mse,0.009057815355845378
0.3,6,3,full_sparse,output_mae,0.07197557541076094
0.3,6,3,full_sparse,output_cosine,0.9627633849158883
0.3,6,3,full_sparse,output_relative_rmse,0.27539854688802734
0.3,6,3,full_corrected,self_mass,0.019555246082745725
0.3,6,3,full_corrected,output_mse,0.010189629578235326
0.3,6,3,full_corrected,output_mae,0.07615693763364106
0.3,6,3,full_corrected,output_cosine,0.9596917892340571
0.3,6,3,full_corrected,output_relative_rmse,0.29225450818194076
0.3,6,4,dense,self_mass,0.0069076005047463696
0.3,6,4,dense,output_mse,0.0
0.3,6,4,dense,output_mae,0.0
0.3,6,4,dense,output_cosine,1.0
0.3,6,4,dense,output_relative_rmse,0.0
0.3,6,4,local_sparse,self_mass,0.013887705232264125
0.3,6,4,local_sparse,output_mse,0.013193509768825606
0.3,6,4,local_sparse,output_mae,0.08762776195362676
0.3,6,4,local_sparse,output_cosine,0.9673650299664587
0.3,6,4,local_sparse,output_relative_rmse,0.25209102110238746
0.3,6,4,local_corrected,self_mass,0.007027248884696746
0.3,6,4,local_corrected,output_mse,0.013345753655812587
0.3,6,4,local_corrected,output_mae,0.0880541906808503
0.3,6,4,local_corrected,output_cosine,0.9668917683884501
0.3,6,4,local_corrected,output_relative_rmse,0.25351476605283096
0.3,6,4,full_sparse,self_mass,0.013773222863164847
0.3,6,4,full_sparse,output_mse,0.01085112446162384
0.3,6,4,full_sparse,output_mae,0.0796245438104961
0.3,6,4,full_sparse,output_cosine,0.9721232510637492
0.3,6,4,full_sparse,output_relative_rmse,0.2284511307370849
0.3,6,4,full_corrected,self_mass,0.006820088255153678
0.3,6,4,full_corrected,output_mse,0.01245375769394741
0.3,6,4,full_corrected,output_mae,0.08494473222526722
0.3,6,4,full_corrected,output_cosine,0.969466851092875
0.3,6,4,full_corrected,output_relative_rmse,0.24453303776681423
0.3,6,5,dense,self_mass,0.012114987377572106
0.3,6,5,dense,output_mse,0.0
0.3,6,5,dense,output_mae,0.0
0.3,6,5,dense,output_cosine,1.0
0.3,6,5,dense,output_relative_rmse,0.0
0.3,6,5,local_sparse,self_mass,0.023753836896503344
0.3,6,5,local_sparse,output_mse,0.00927153824341076
0.3,6,5,local_sparse,output_mae,0.07250117512012366
0.3,6,5,local_sparse,output_cosine,0.9632260468788445
0.3,6,5,local_sparse,output_relative_rmse,0.2688399255857803
0.3,6,5,local_corrected,self_mass,0.012280750092031667
0.3,6,5,local_corrected,output_mse,0.009322542184236227
0.3,6,5,local_corrected,output_mae,0.07261978313908912
0.3,6,5,local_corrected,output_cosine,0.9625399112701416
0.3,6,5,local_corrected,output_relative_rmse,0.2695249933167361
0.3,6,5,full_sparse,self_mass,0.02333884411928011
0.3,6,5,full_sparse,output_mse,0.009081612477530143
0.3,6,5,full_sparse,output_mae,0.07182017478044145
0.3,6,5,full_sparse,output_cosine,0.9631083481945097
0.3,6,5,full_sparse,output_relative_rmse,0.2657233156496659
0.3,6,5,full_corrected,self_mass,0.012381709597320878
0.3,6,5,full_corrected,output_mse,0.010192922060014098
0.3,6,5,full_corrected,output_mae,0.0759562516323058
0.3,6,5,full_corrected,output_cosine,0.9601236078888178
0.3,6,5,full_corrected,output_relative_rmse,0.28162386146141216
0.3,6,6,dense,self_mass,0.010523225710130646
0.3,6,6,dense,output_mse,0.0
0.3,6,6,dense,output_mae,0.0
0.3,6,6,dense,output_cosine,1.0
0.3,6,6,dense,output_relative_rmse,0.0
0.3,6,6,local_sparse,self_mass,0.020759956387337297
0.3,6,6,local_sparse,output_mse,0.008270015355265059
0.3,6,6,local_sparse,output_mae,0.06950836791656911
0.3,6,6,local_sparse,output_cosine,0.9682696468662471
0.3,6,6,local_sparse,output_relative_rmse,0.24929989856900647
0.3,6,6,local_corrected,self_mass,0.010673337830667151
0.3,6,6,local_corrected,output_mse,0.008353317612090905
0.3,6,6,local_corrected,output_mae,0.06976757493976038
0.3,6,6,local_corrected,output_cosine,0.9677302523050457
0.3,6,6,local_corrected,output_relative_rmse,0.25044773548142985
0.3,6,6,full_sparse,self_mass,0.020814929721382214
0.3,6,6,full_sparse,output_mse,0.006821899683927768
0.3,6,6,full_sparse,output_mae,0.06306459954066668
0.3,6,6,full_sparse,output_cosine,0.9731804118491709
0.3,6,6,full_sparse,output_relative_rmse,0.22615181474247947
0.3,6,6,full_corrected,self_mass,0.011102839960585698
0.3,6,6,full_corrected,output_mse,0.007829008489352418
0.3,6,6,full_corrected,output_mae,0.06727371367742307
0.3,6,6,full_corrected,output_cosine,0.9705124222673476
0.3,6,6,full_corrected,output_relative_rmse,0.24230716726742685
0.3,6,7,dense,self_mass,0.030225534908822738
0.3,6,7,dense,output_mse,0.0
0.3,6,7,dense,output_mae,0.0
0.3,6,7,dense,output_cosine,1.0
0.3,6,7,dense,output_relative_rmse,0.0
0.3,6,7,local_sparse,self_mass,0.05786303694185335
0.3,6,7,local_sparse,output_mse,0.020581638787916745
0.3,6,7,local_sparse,output_mae,0.10281701947678812
0.3,6,7,local_sparse,output_cosine,0.9723094548098743
0.3,6,7,local_sparse,output_relative_rmse,0.23456369765335694
0.3,6,7,local_corrected,self_mass,0.03262544284007163
0.3,6,7,local_corrected,output_mse,0.021140585042303428
0.3,6,7,local_corrected,output_mae,0.10387370559328701
0.3,6,7,local_corrected,output_cosine,0.9712776818778366
0.3,6,7,local_corrected,output_relative_rmse,0.23777339162188582
0.3,6,7,full_sparse,self_mass,0.057287599753180984
0.3,6,7,full_sparse,output_mse,0.02337346173953847
0.3,6,7,full_sparse,output_mae,0.11049995521898381
0.3,6,7,full_sparse,output_cosine,0.9678537829313427
0.3,6,7,full_sparse,output_relative_rmse,0.2500907245557755
0.3,6,7,full_corrected,self_mass,0.03234252733818721
0.3,6,7,full_corrected,output_mse,0.02581373939392506
0.3,6,7,full_corrected,output_mae,0.11575381987495348
0.3,6,7,full_corrected,output_cosine,0.9654155236203223
0.3,6,7,full_corrected,output_relative_rmse,0.26277952129021287
0.3,6,8,dense,self_mass,0.06289954152452992
0.3,6,8,dense,output_mse,0.0
0.3,6,8,dense,output_mae,0.0
0.3,6,8,dense,output_cosine,1.0
0.3,6,8,dense,output_relative_rmse,0.0
0.3,6,8,local_sparse,self_mass,0.11682608177943621
0.3,6,8,local_sparse,output_mse,0.01715128695286694
0.3,6,8,local_sparse,output_mae,0.09738927539729048
0.3,6,8,local_sparse,output_cosine,0.9734317306429148
0.3,6,8,local_sparse,output_relative_rmse,0.22955574307707138
0.3,6,8,local_corrected,self_mass,0.06586693420103984
0.3,6,8,local_corrected,output_mse,0.017382824118612916
0.3,6,8,local_corrected,output_mae,0.09771253874350805
0.3,6,8,local_corrected,output_cosine,0.9719595997594297
0.3,6,8,local_corrected,output_relative_rmse,0.23116149194538593
0.3,6,8,full_sparse,self_mass,0.11539709111093543
0.3,6,8,full_sparse,output_mse,0.017096207096983562
0.3,6,8,full_sparse,output_mae,0.09789164918765891
0.3,6,8,full_sparse,output_cosine,0.9727567285299301
0.3,6,8,full_sparse,output_relative_rmse,0.2293736619176343
0.3,6,8,full_corrected,self_mass,0.0691721149123623
0.3,6,8,full_corrected,output_mse,0.018949909117509378
0.3,6,8,full_corrected,output_mae,0.1028041825920809
0.3,6,8,full_corrected,output_cosine,0.9701689730864018
0.3,6,8,full_corrected,output_relative_rmse,0.2413337585167028
0.3,6,9,dense,self_mass,0.011028961478587007
0.3,6,9,dense,output_mse,0.0
0.3,6,9,dense,output_mae,0.0
0.3,6,9,dense,output_cosine,1.0
0.3,6,9,dense,output_relative_rmse,0.0
0.3,6,9,local_sparse,self_mass,0.021874487259992748
0.3,6,9,local_sparse,output_mse,0.011784356012867647
0.3,6,9,local_sparse,output_mae,0.08040297502884641
0.3,6,9,local_sparse,output_cosine,0.9664494167082012
0.3,6,9,local_sparse,output_relative_rmse,0.25632348289946094
0.3,6,9,local_corrected,self_mass,0.011316104121760873
0.3,6,9,local_corrected,output_mse,0.011951600994507316
0.3,6,9,local_corrected,output_mae,0.08076151063141879
0.3,6,9,local_corrected,output_cosine,0.9658604124560952
0.3,6,9,local_corrected,output_relative_rmse,0.2579785216366872
0.3,6,9,full_sparse,self_mass,0.021908475679083494
0.3,6,9,full_sparse,output_mse,0.01106638259261672
0.3,6,9,full_sparse,output_mae,0.07772933058731724
0.3,6,9,full_sparse,output_cosine,0.9679767454508692
0.3,6,9,full_sparse,output_relative_rmse,0.24750270153163
0.3,6,9,full_corrected,self_mass,0.01156281419480365
0.3,6,9,full_corrected,output_mse,0.01251362640687148
0.3,6,9,full_corrected,output_mae,0.08237196253321599
0.3,6,9,full_corrected,output_cosine,0.9654745340812951
0.3,6,9,full_corrected,output_relative_rmse,0.26317278371425346
0.3,6,10,dense,self_mass,0.055510640842840075
0.3,6,10,dense,output_mse,0.0
0.3,6,10,dense,output_mae,0.0
0.3,6,10,dense,output_cosine,1.0
0.3,6,10,dense,output_relative_rmse,0.0
0.3,6,10,local_sparse,self_mass,0.10401867314067204
0.3,6,10,local_sparse,output_mse,0.015017250734672416
0.3,6,10,local_sparse,output_mae,0.09255731974553782
0.3,6,10,local_sparse,output_cosine,0.974398517748341
0.3,6,10,local_sparse,output_relative_rmse,0.2285282806842588
0.3,6,10,local_corrected,self_mass,0.05714370603527641
0.3,6,10,local_corrected,output_mse,0.015260637081155437
0.3,6,10,local_corrected,output_mae,0.09280581507482566
0.3,6,10,local_corrected,output_cosine,0.9726360100321472
0.3,6,10,local_corrected,output_relative_rmse,0.23037868726532906
0.3,6,10,full_sparse,self_mass,0.10292183673300315
0.3,6,10,full_sparse,output_mse,0.014089891974435886
0.3,6,10,full_sparse,output_mae,0.0899894154863432
0.3,6,10,full_sparse,output_cosine,0.974742520134896
0.3,6,10,full_sparse,output_relative_rmse,0.22161814279388636
0.3,6,10,full_corrected,self_mass,0.05977517436258495
0.3,6,10,full_corrected,output_mse,0.015539481582891312
0.3,6,10,full_corrected,output_mae,0.0942540143878432
0.3,6,10,full_corrected,output_cosine,0.9722163828555495
0.3,6,10,full_corrected,output_relative_rmse,0.23253213689895347
0.3,6,11,dense,self_mass,0.02023781749267073
0.3,6,11,dense,output_mse,0.0
0.3,6,11,dense,output_mae,0.0
0.3,6,11,dense,output_cosine,1.0
0.3,6,11,dense,output_relative_rmse,0.0
0.3,6,11,local_sparse,self_mass,0.04173960013213218
0.3,6,11,local_sparse,output_mse,0.03188690834213048
0.3,6,11,local_sparse,output_mae,0.12421486401581205
0.3,6,11,local_sparse,output_cosine,0.9668108960613608
0.3,6,11,local_sparse,output_relative_rmse,0.26096809562295675
0.3,6,11,local_corrected,self_mass,0.022666811593808234
0.3,6,11,local_corrected,output_mse,0.03274097948815324
0.3,6,11,local_corrected,output_mae,0.12568425506469794
0.3,6,11,local_corrected,output_cosine,0.9657783671282232
0.3,6,11,local_corrected,output_relative_rmse,0.2644067053333856
0.3,6,11,full_sparse,self_mass,0.04138443128977087
0.3,6,11,full_sparse,output_mse,0.0351437722092669
0.3,6,11,full_sparse,output_mae,0.13316191980266012
0.3,6,11,full_sparse,output_cosine,0.9630288027692586
0.3,6,11,full_sparse,output_relative_rmse,0.2740728558273986
0.3,6,11,full_corrected,self_mass,0.022634138616922428
0.3,6,11,full_corrected,output_mse,0.03898142214893596
0.3,6,11,full_corrected,output_mae,0.1402540402195882
0.3,6,11,full_corrected,output_cosine,0.9603707697242498
0.3,6,11,full_corrected,output_relative_rmse,0.28870263893622905
0.3,7,0,dense,self_mass,0.03127379609213676
0.3,7,0,dense,output_mse,0.0
0.3,7,0,dense,output_mae,0.0
0.3,7,0,dense,output_cosine,1.0
0.3,7,0,dense,output_relative_rmse,0.0
0.3,7,0,local_sparse,self_mass,0.059669842004950624
0.3,7,0,local_sparse,output_mse,0.010152019096494769
0.3,7,0,local_sparse,output_mae,0.0757019856973784
0.3,7,0,local_sparse,output_cosine,0.975493645761162
0.3,7,0,local_sparse,output_relative_rmse,0.2180037765938323
0.3,7,0,local_corrected,self_mass,0.03200957935041515
0.3,7,0,local_corrected,output_mse,0.010264030038342753
0.3,7,0,local_corrected,output_mae,0.07582709712733049
0.3,7,0,local_corrected,output_cosine,0.9744974027853459
0.3,7,0,local_corrected,output_relative_rmse,0.2191686306905467
0.3,7,0,full_sparse,self_mass,0.05841408178821439
0.3,7,0,full_sparse,output_mse,0.010335454971936997
0.3,7,0,full_sparse,output_mae,0.07682882431254257
0.3,7,0,full_sparse,output_cosine,0.973702794406563
0.3,7,0,full_sparse,output_relative_rmse,0.22028560691978782
0.3,7,0,full_corrected,self_mass,0.03303502730705077
0.3,7,0,full_corrected,output_mse,0.011766753033953137
0.3,7,0,full_corrected,output_mae,0.08155871648341417
0.3,7,0,full_corrected,output_cosine,0.9709679775405675
0.3,7,0,full_corrected,output_relative_rmse,0.23503946757409722
0.3,7,1,dense,self_mass,0.02344470582102076
0.3,7,1,dense,output_mse,0.0
0.3,7,1,dense,output_mae,0.0
0.3,7,1,dense,output_cosine,1.0
0.3,7,1,dense,output_relative_rmse,0.0
0.3,7,1,local_sparse,self_mass,0.04551287808135385
0.3,7,1,local_sparse,output_mse,0.011797468894656049
0.3,7,1,local_sparse,output_mae,0.07982774675474502
0.3,7,1,local_sparse,output_cosine,0.9735985908191651
0.3,7,1,local_sparse,output_relative_rmse,0.23219802440144122
0.3,7,1,local_corrected,self_mass,0.024278512199089164
0.3,7,1,local_corrected,output_mse,0.012039350216582534
0.3,7,1,local_corrected,output_mae,0.08039126034418587
0.3,7,1,local_corrected,output_cosine,0.9728000324685127
0.3,7,1,local_corrected,output_relative_rmse,0.23454421371570788
0.3,7,1,full_sparse,self_mass,0.04492784777539782
0.3,7,1,full_sparse,output_mse,0.013203839782363502
0.3,7,1,full_sparse,output_mae,0.08476590538339224
0.3,7,1,full_sparse,output_cosine,0.9690106455236673
0.3,7,1,full_sparse,output_relative_rmse,0.24583586869994178
0.3,7,1,full_corrected,self_mass,0.024704502378881443
0.3,7,1,full_corrected,output_mse,0.015998612863768358
0.3,7,1,full_corrected,output_mae,0.09296798243303783
0.3,7,1,full_corrected,output_cosine,0.9644313503522426
0.3,7,1,full_corrected,output_relative_rmse,0.27106512984028086
0.3,7,2,dense,self_mass,0.009399899003255996
0.3,7,2,dense,output_mse,0.0
0.3,7,2,dense,output_mae,0.0
0.3,7,2,dense,output_cosine,1.0
0.3,7,2,dense,output_relative_rmse,0.0
0.3,7,2,local_sparse,self_mass,0.018783171712129842
0.3,7,2,local_sparse,output_mse,0.007943109472762444
0.3,7,2,local_sparse,output_mae,0.06734811546630226
0.3,7,2,local_sparse,output_cosine,0.9657660184893757
0.3,7,2,local_sparse,output_relative_rmse,0.26225488173076883
0.3,7,2,local_corrected,self_mass,0.009551998564347741
0.3,7,2,local_corrected,output_mse,0.008029752600123174
0.3,7,2,local_corrected,output_mae,0.0676651937974384
0.3,7,2,local_corrected,output_cosine,0.9652557612862438
0.3,7,2,local_corrected,output_relative_rmse,0.263661382952705
0.3,7,2,full_sparse,self_mass,0.018774229796690634
0.3,7,2,full_sparse,output_mse,0.007631606238646782
0.3,7,2,full_sparse,output_mae,0.06622492561291438
0.3,7,2,full_sparse,output_cosine,0.9654263737611473
0.3,7,2,full_sparse,output_relative_rmse,0.2579695009626448
0.3,7,2,full_corrected,self_mass,0.009383956548845163
0.3,7,2,full_corrected,output_mse,0.00887099257670343
0.3,7,2,full_corrected,output_mae,0.07107574719702825
0.3,7,2,full_corrected,output_cosine,0.9620267846621573
0.3,7,2,full_corrected,output_relative_rmse,0.27811141533311456
0.3,7,3,dense,self_mass,0.03166070991574088
0.3,7,3,dense,output_mse,0.0
0.3,7,3,dense,output_mae,0.0
0.3,7,3,dense,output_cosine,1.0
0.3,7,3,dense,output_relative_rmse,0.0
0.3,7,3,local_sparse,self_mass,0.06417835100728553
0.3,7,3,local_sparse,output_mse,0.023032848821458174
0.3,7,3,local_sparse,output_mae,0.11070788005599752
0.3,7,3,local_sparse,output_cosine,0.9555496373213828
0.3,7,3,local_sparse,output_relative_rmse,0.29555876314407215
0.3,7,3,local_corrected,self_mass,0.03410941350739449
0.3,7,3,local_corrected,output_mse,0.023917017853818834
0.3,7,3,local_corrected,output_mae,0.11265911563532427
0.3,7,3,local_corrected,output_cosine,0.9537358458619565
0.3,7,3,local_corrected,output_relative_rmse,0.3011863772990182
0.3,7,3,full_sparse,self_mass,0.06422704408760183
0.3,7,3,full_sparse,output_mse,0.023776903188263532
0.3,7,3,full_sparse,output_mae,0.11462342870072462
0.3,7,3,full_sparse,output_cosine,0.9532268897164613
0.3,7,3,full_sparse,output_relative_rmse,0.30080045020440593
0.3,7,3,full_corrected,self_mass,0.03506014929007506
0.3,7,3,full_corrected,output_mse,0.02768642399678356
0.3,7,3,full_corrected,output_mae,0.12322039454011247
0.3,7,3,full_corrected,output_cosine,0.9486160839442164
0.3,7,3,full_corrected,output_relative_rmse,0.3246536532533355
0.3,7,4,dense,self_mass,0.009776099588634679
0.3,7,4,dense,output_mse,0.0
0.3,7,4,dense,output_mae,0.0
0.3,7,4,dense,output_cosine,1.0
0.3,7,4,dense,output_relative_rmse,0.0
0.3,7,4,local_sparse,self_mass,0.019115311011773883
0.3,7,4,local_sparse,output_mse,0.005939565900916932
0.3,7,4,local_sparse,output_mae,0.05871726378973108
0.3,7,4,local_sparse,output_cosine,0.973555201664567
0.3,7,4,local_sparse,output_relative_rmse,0.22452585125574842
0.3,7,4,local_corrected,self_mass,0.009826914437326195
0.3,7,4,local_corrected,output_mse,0.005982691302051535
0.3,7,4,local_corrected,output_mae,0.05887854147295002
0.3,7,4,local_corrected,output_cosine,0.9731606589630246
0.3,7,4,local_corrected,output_relative_rmse,0.22530770377488807
0.3,7,4,full_sparse,self_mass,0.018832434761861805
0.3,7,4,full_sparse,output_mse,0.005750659664954583
0.3,7,4,full_sparse,output_mae,0.05782418524904642
0.3,7,4,full_sparse,output_cosine,0.9735809199046344
0.3,7,4,full_sparse,output_relative_rmse,0.22072454931912944
0.3,7,4,full_corrected,self_mass,0.01004037847633299
0.3,7,4,full_corrected,output_mse,0.0064391777877972345
0.3,7,4,full_corrected,output_mae,0.06095078277576249
0.3,7,4,full_corrected,output_cosine,0.9715645632240921
0.3,7,4,full_corrected,output_relative_rmse,0.23392305697780102
0.3,7,5,dense,self_mass,0.01183255780415493
0.3,7,5,dense,output_mse,0.0
0.3,7,5,dense,output_mae,0.0
0.3,7,5,dense,output_cosine,1.0
0.3,7,5,dense,output_relative_rmse,0.0
0.3,7,5,local_sparse,self_mass,0.02333112058477127
0.3,7,5,local_sparse,output_mse,0.009136781198321842
0.3,7,5,local_sparse,output_mae,0.0731080073164776
0.3,7,5,local_sparse,output_cosine,0.9554744549095631
0.3,7,5,local_sparse,output_relative_rmse,0.30279065627837554
0.3,7,5,local_corrected,self_mass,0.012007228177026263
0.3,7,5,local_corrected,output_mse,0.009185611850625719
0.3,7,5,local_corrected,output_mae,0.07323242576967459
0.3,7,5,local_corrected,output_cosine,0.9546267641708255
0.3,7,5,local_corrected,output_relative_rmse,0.3036414730013348
0.3,7,5,full_sparse,self_mass,0.023082806772436015
0.3,7,5,full_sparse,output_mse,0.0077278752432903275
0.3,7,5,full_sparse,output_mae,0.06717178481630981
0.3,7,5,full_sparse,output_cosine,0.9605453310068697
0.3,7,5,full_sparse,output_relative_rmse,0.27982379077002406
0.3,7,5,full_corrected,self_mass,0.012315958949329797
0.3,7,5,full_corrected,output_mse,0.008706317319592927
0.3,7,5,full_corrected,output_mae,0.07107899925904348
0.3,7,5,full_corrected,output_cosine,0.9578583037946373
0.3,7,5,full_corrected,output_relative_rmse,0.2974435979849659
0.3,7,6,dense,self_mass,0.0024840943647177482
0.3,7,6,dense,output_mse,0.0
0.3,7,6,dense,output_mae,0.0
0.3,7,6,dense,output_cosine,1.0
0.3,7,6,dense,output_relative_rmse,0.0
0.3,7,6,local_sparse,self_mass,0.004977936870773192
0.3,7,6,local_sparse,output_mse,0.007872055390180321
0.3,7,6,local_sparse,output_mae,0.0676916895317845
0.3,7,6,local_sparse,output_cosine,0.9616731542628258
0.3,7,6,local_sparse,output_relative_rmse,0.2786141257965937
0.3,7,6,local_corrected,self_mass,0.002511906323434232
0.3,7,6,local_corrected,output_mse,0.007897319024777971
0.3,7,6,local_corrected,output_mae,0.0677964256319683
0.3,7,6,local_corrected,output_cosine,0.9615757788997144
0.3,7,6,local_corrected,output_relative_rmse,0.2790639193262905
0.3,7,6,full_sparse,self_mass,0.005068438593980318
0.3,7,6,full_sparse,output_mse,0.007639729618858837
0.3,7,6,full_sparse,output_mae,0.06654075838741846
0.3,7,6,full_sparse,output_cosine,0.961961665423587
0.3,7,6,full_sparse,output_relative_rmse,0.2740618509124033
0.3,7,6,full_corrected,self_mass,0.002208191756267297
0.3,7,6,full_corrected,output_mse,0.009348462954221759
0.3,7,6,full_corrected,output_mae,0.0732342451956356
0.3,7,6,full_corrected,output_cosine,0.9572028927505016
0.3,7,6,full_corrected,output_relative_rmse,0.30375624378211796
0.3,7,7,dense,self_mass,0.011399476083170157
0.3,7,7,dense,output_mse,0.0
0.3,7,7,dense,output_mae,0.0
0.3,7,7,dense,output_cosine,1.0
0.3,7,7,dense,output_relative_rmse,0.0
0.3,7,7,local_sparse,self_mass,0.02248430243707844
0.3,7,7,local_sparse,output_mse,0.006272387533499568
0.3,7,7,local_sparse,output_mae,0.06002867198549211
0.3,7,7,local_sparse,output_cosine,0.9629958453588188
0.3,7,7,local_sparse,output_relative_rmse,0.27304779540281743
0.3,7,7,local_corrected,self_mass,0.011598552324358025
0.3,7,7,local_corrected,output_mse,0.0063117595113908465
0.3,7,7,local_corrected,output_mae,0.0601123809319688
0.3,7,7,local_corrected,output_cosine,0.962307172594592
0.3,7,7,local_corrected,output_relative_rmse,0.2738183141918853
0.3,7,7,full_sparse,self_mass,0.02198561988916481
0.3,7,7,full_sparse,output_mse,0.005404544827797508
0.3,7,7,full_sparse,output_mae,0.05602055392228067
0.3,7,7,full_sparse,output_cosine,0.9666065708734095
0.3,7,7,full_sparse,output_relative_rmse,0.25590573641238734
0.3,7,7,full_corrected,self_mass,0.011907355898074456
0.3,7,7,full_corrected,output_mse,0.0060733189243364905
0.3,7,7,full_corrected,output_mae,0.059289100929163396
0.3,7,7,full_corrected,output_cosine,0.9639569241553545
0.3,7,7,full_corrected,output_relative_rmse,0.27166660799412057
0.3,7,8,dense,self_mass,0.04147941876362893
0.3,7,8,dense,output_mse,0.0
0.3,7,8,dense,output_mae,0.0
0.3,7,8,dense,output_cosine,1.0
0.3,7,8,dense,output_relative_rmse,0.0
0.3,7,8,local_sparse,self_mass,0.07962205512740184
0.3,7,8,local_sparse,output_mse,0.015475646823688294
0.3,7,8,local_sparse,output_mae,0.09279377332131844
0.3,7,8,local_sparse,output_cosine,0.9673661328852177
0.3,7,8,local_sparse,output_relative_rmse,0.25616036041174084
0.3,7,8,local_corrected,self_mass,0.04333696743196924
0.3,7,8,local_corrected,output_mse,0.015743742322229082
0.3,7,8,local_corrected,output_mae,0.09327062343072612
0.3,7,8,local_corrected,output_cosine,0.9657464374322444
0.3,7,8,local_corrected,output_relative_rmse,0.2584523975965567
0.3,7,8,full_sparse,self_mass,0.07794497934082756
0.3,7,8,full_sparse,output_mse,0.015778637665789574
0.3,7,8,full_sparse,output_mae,0.09403398152790032
0.3,7,8,full_sparse,output_cosine,0.965362464543432
0.3,7,8,full_sparse,output_relative_rmse,0.2585381202516146
0.3,7,8,full_corrected,self_mass,0.04411213080311427
0.3,7,8,full_corrected,output_mse,0.017873769596917555
0.3,7,8,full_corrected,output_mae,0.09972002042923123
0.3,7,8,full_corrected,output_cosine,0.9618989161681384
0.3,7,8,full_corrected,output_relative_rmse,0.27530098997522146
0.3,7,9,dense,self_mass,0.004720379221907933
0.3,7,9,dense,output_mse,0.0
0.3,7,9,dense,output_mae,0.0
0.3,7,9,dense,output_cosine,1.0
0.3,7,9,dense,output_relative_rmse,0.0
0.3,7,9,local_sparse,self_mass,0.009404733607880189
0.3,7,9,local_sparse,output_mse,0.006142932697912329
0.3,7,9,local_sparse,output_mae,0.060677122048218735
0.3,7,9,local_sparse,output_cosine,0.9595719613134861
0.3,7,9,local_sparse,output_relative_rmse,0.2901671605068259
0.3,7,9,local_corrected,self_mass,0.004738592595458613
0.3,7,9,local_corrected,output_mse,0.006171164541228791
0.3,7,9,local_corrected,output_mae,0.06081343989353627
0.3,7,9,local_corrected,output_cosine,0.9592936406843364
0.3,7,9,local_corrected,output_relative_rmse,0.29085592372575775
0.3,7,9,full_sparse,self_mass,0.009364024221213185
0.3,7,9,full_sparse,output_mse,0.005060419981418818
0.3,7,9,full_sparse,output_mae,0.055325226348941214
0.3,7,9,full_sparse,output_cosine,0.9648797351401299
0.3,7,9,full_sparse,output_relative_rmse,0.26522354484768584
0.3,7,9,full_corrected,self_mass,0.004807485786841426
0.3,7,9,full_corrected,output_mse,0.005723517340811668
0.3,7,9,full_corrected,output_mae,0.05869040245306678
0.3,7,9,full_corrected,output_cosine,0.9620241727679968
0.3,7,9,full_corrected,output_relative_rmse,0.2824037868413143
0.3,7,10,dense,self_mass,0.037379894172772765
0.3,7,10,dense,output_mse,0.0
0.3,7,10,dense,output_mae,0.0
0.3,7,10,dense,output_cosine,1.0
0.3,7,10,dense,output_relative_rmse,0.0
0.3,7,10,local_sparse,self_mass,0.07571372644451912
0.3,7,10,local_sparse,output_mse,0.02936112087991205
0.3,7,10,local_sparse,output_mae,0.12369856427540071
0.3,7,10,local_sparse,output_cosine,0.9513576128520072
0.3,7,10,local_sparse,output_relative_rmse,0.31215776497265324
0.3,7,10,local_corrected,self_mass,0.040814241918269545
0.3,7,10,local_corrected,output_mse,0.03059057338759885
0.3,7,10,local_corrected,output_mae,0.12619965118938126
0.3,7,10,local_corrected,output_cosine,0.9491688089910895
0.3,7,10,local_corrected,output_relative_rmse,0.31864088197471574
0.3,7,10,full_sparse,self_mass,0.07590945062111132
0.3,7,10,full_sparse,output_mse,0.03032558221821091
0.3,7,10,full_sparse,output_mae,0.12842449647723697
0.3,7,10,full_sparse,output_cosine,0.9484088036697358
0.3,7,10,full_sparse,output_relative_rmse,0.31800786074018106
0.3,7,10,full_corrected,self_mass,0.041856915879179724
0.3,7,10,full_corrected,output_mse,0.03508752890411415
0.3,7,10,full_corrected,output_mae,0.1378674783045426
0.3,7,10,full_corrected,output_cosine,0.9433247295673937
0.3,7,10,full_corrected,output_relative_rmse,0.3422701175441034
0.3,7,11,dense,self_mass,0.00508551185066608
0.3,7,11,dense,output_mse,0.0
0.3,7,11,dense,output_mae,0.0
0.3,7,11,dense,output_cosine,1.0
0.3,7,11,dense,output_relative_rmse,0.0
0.3,7,11,local_sparse,self_mass,0.010167301739784307
0.3,7,11,local_sparse,output_mse,0.008004548270037048
0.3,7,11,local_sparse,output_mae,0.06678599590668455
0.3,7,11,local_sparse,output_cosine,0.959369788877666
0.3,7,11,local_sparse,output_relative_rmse,0.2854794603190385
0.3,7,11,local_corrected,self_mass,0.005191796227336454
0.3,7,11,local_corrected,output_mse,0.008073460350715322
0.3,7,11,local_corrected,output_mae,0.0669732524693245
0.3,7,11,local_corrected,output_cosine,0.9590476665180176
0.3,7,11,local_corrected,output_relative_rmse,0.2866717841825448
0.3,7,11,full_sparse,self_mass,0.010021500400398509
0.3,7,11,full_sparse,output_mse,0.007076933414282394
0.3,7,11,full_sparse,output_mae,0.06316529778996482
0.3,7,11,full_sparse,output_cosine,0.9629256958141923
0.3,7,11,full_sparse,output_relative_rmse,0.27090171931195073
0.3,7,11,full_corrected,self_mass,0.0053163787351877545
0.3,7,11,full_corrected,output_mse,0.008120705683722917
0.3,7,11,full_corrected,output_mae,0.0674597484030528
0.3,7,11,full_corrected,output_cosine,0.9600512499455363
0.3,7,11,full_corrected,output_relative_rmse,0.29112375958357006
0.3,8,0,dense,self_mass,0.030474516159301857
0.3,8,0,dense,output_mse,0.0
0.3,8,0,dense,output_mae,0.0
0.3,8,0,dense,output_cosine,1.0
0.3,8,0,dense,output_relative_rmse,0.0
0.3,8,0,local_sparse,self_mass,0.058647397127060685
0.3,8,0,local_sparse,output_mse,0.012851747071181308
0.3,8,0,local_sparse,output_mae,0.08490508868999314
0.3,8,0,local_sparse,output_cosine,0.9634921734686941
0.3,8,0,local_sparse,output_relative_rmse,0.27031745348358527
0.3,8,0,local_corrected,self_mass,0.03154454080504365
0.3,8,0,local_corrected,output_mse,0.01316650891021709
0.3,8,0,local_corrected,output_mae,0.08553728550032247
0.3,8,0,local_corrected,output_cosine,0.9616677165031433
0.3,8,0,local_corrected,output_relative_rmse,0.27342508488800377
0.3,8,0,full_sparse,self_mass,0.05786942786653526
0.3,8,0,full_sparse,output_mse,0.01228135291239596
0.3,8,0,full_sparse,output_mae,0.08309108372486662
0.3,8,0,full_sparse,output_cosine,0.963461406994611
0.3,8,0,full_sparse,output_relative_rmse,0.2644844654132612
0.3,8,0,full_corrected,self_mass,0.033046986878616735
0.3,8,0,full_corrected,output_mse,0.014334238339870353
0.3,8,0,full_corrected,output_mae,0.0894379211240448
0.3,8,0,full_corrected,output_cosine,0.9586384550202638
0.3,8,0,full_corrected,output_relative_rmse,0.2858912401716225
0.3,8,1,dense,self_mass,0.021389099814768997
0.3,8,1,dense,output_mse,0.0
0.3,8,1,dense,output_mae,0.0
0.3,8,1,dense,output_cosine,1.0
0.3,8,1,dense,output_relative_rmse,0.0
0.3,8,1,local_sparse,self_mass,0.04202316160444752
0.3,8,1,local_sparse,output_mse,0.015045840318634873
0.3,8,1,local_sparse,output_mae,0.09123350327718072
0.3,8,1,local_sparse,output_cosine,0.9712863021995872
0.3,8,1,local_sparse,output_relative_rmse,0.23443002364365384
0.3,8,1,local_corrected,self_mass,0.022125852075987495
0.3,8,1,local_corrected,output_mse,0.015458517364095314
0.3,8,1,local_corrected,output_mae,0.09222357651742641
0.3,8,1,local_corrected,output_cosine,0.97012611432001
0.3,8,1,local_corrected,output_relative_rmse,0.2375912846182473
0.3,8,1,full_sparse,self_mass,0.04178484430667595
0.3,8,1,full_sparse,output_mse,0.015374951743069687
0.3,8,1,full_sparse,output_mae,0.09313873799692374
0.3,8,1,full_sparse,output_cosine,0.9700544138904661
0.3,8,1,full_sparse,output_relative_rmse,0.23727582476567477
0.3,8,1,full_corrected,self_mass,0.021630892193570617
0.3,8,1,full_corrected,output_mse,0.017193526169648976
0.3,8,1,full_corrected,output_mae,0.09815940601401962
0.3,8,1,full_corrected,output_cosine,0.9669934855774045
0.3,8,1,full_corrected,output_relative_rmse,0.25096252909861505
0.3,8,2,dense,self_mass,0.015296973919248558
0.3,8,2,dense,output_mse,0.0
0.3,8,2,dense,output_mae,0.0
0.3,8,2,dense,output_cosine,1.0
0.3,8,2,dense,output_relative_rmse,0.0
0.3,8,2,local_sparse,self_mass,0.03018163478191127
0.3,8,2,local_sparse,output_mse,0.01282421980977233
0.3,8,2,local_sparse,output_mae,0.08204535079130437
0.3,8,2,local_sparse,output_cosine,0.9610173208639026
0.3,8,2,local_sparse,output_relative_rmse,0.2823205679305829
0.3,8,2,local_corrected,self_mass,0.015737512445411994
0.3,8,2,local_corrected,output_mse,0.013013316829528776
0.3,8,2,local_corrected,output_mae,0.08253481646534055
0.3,8,2,local_corrected,output_cosine,0.9601110951043665
0.3,8,2,local_corrected,output_relative_rmse,0.28438983048545197
0.3,8,2,full_sparse,self_mass,0.029868945410271408
0.3,8,2,full_sparse,output_mse,0.0126735844733048
0.3,8,2,full_sparse,output_mae,0.08213672926649451
0.3,8,2,full_sparse,output_cosine,0.9598492891527712
0.3,8,2,full_sparse,output_relative_rmse,0.2811588362674229
0.3,8,2,full_corrected,self_mass,0.016644478175294353
0.3,8,2,full_corrected,output_mse,0.01483096158153785
0.3,8,2,full_corrected,output_mae,0.08841718382609542
0.3,8,2,full_corrected,output_cosine,0.9557018815539777
0.3,8,2,full_corrected,output_relative_rmse,0.3044915410573594
0.3,8,3,dense,self_mass,0.03913516734610312
0.3,8,3,dense,output_mse,0.0
0.3,8,3,dense,output_mae,0.0
0.3,8,3,dense,output_cosine,1.0
0.3,8,3,dense,output_relative_rmse,0.0
0.3,8,3,local_sparse,self_mass,0.07864242058712989
0.3,8,3,local_sparse,output_mse,0.027999600493785692
0.3,8,3,local_sparse,output_mae,0.1209091630007606
0.3,8,3,local_sparse,output_cosine,0.9435889066662639
0.3,8,3,local_sparse,output_relative_rmse,0.339464713644702
0.3,8,3,local_corrected,self_mass,0.042309420779929496
0.3,8,3,local_corrected,output_mse,0.029207808503997512
0.3,8,3,local_corrected,output_mae,0.12327068645390682
0.3,8,3,local_corrected,output_cosine,0.9407963014673442
0.3,8,3,local_corrected,output_relative_rmse,0.34658230538479984
0.3,8,3,full_sparse,self_mass,0.07857901180977933
0.3,8,3,full_sparse,output_mse,0.029071072000078857
0.3,8,3,full_sparse,output_mae,0.12540206193807535
0.3,8,3,full_sparse,output_cosine,0.9401664258912206
0.3,8,3,full_sparse,output_relative_rmse,0.34589789382880554
0.3,8,3,full_corrected,self_mass,0.044312962287222035
0.3,8,3,full_corrected,output_mse,0.034087150586856296
0.3,8,3,full_corrected,output_mae,0.13563382459688
0.3,8,3,full_corrected,output_cosine,0.9334102438297123
0.3,8,3,full_corrected,output_relative_rmse,0.37473882536869496
0.3,8,4,dense,self_mass,0.003138436436529446
0.3,8,4,dense,output_mse,0.0
0.3,8,4,dense,output_mae,0.0
0.3,8,4,dense,output_cosine,1.0
0.3,8,4,dense,output_relative_rmse,0.0
0.3,8,4,local_sparse,self_mass,0.0062379935106946505
0.3,8,4,local_sparse,output_mse,0.005329578285454772
0.3,8,4,local_sparse,output_mae,0.05441188422264531
0.3,8,4,local_sparse,output_cosine,0.9631143717560917
0.3,8,4,local_sparse,output_relative_rmse,0.27605430834228173
0.3,8,4,local_corrected,self_mass,0.0031575743059875094
0.3,8,4,local_corrected,output_mse,0.005350217347768194
0.3,8,4,local_corrected,output_mae,0.054492212482728064
0.3,8,4,local_corrected,output_cosine,0.9629886792972684
0.3,8,4,local_corrected,output_relative_rmse,0.27666615368798375
0.3,8,4,full_sparse,self_mass,0.006195799816850922
0.3,8,4,full_sparse,output_mse,0.004708302883955184
0.3,8,4,full_sparse,output_mae,0.0513253481767606
0.3,8,4,full_sparse,output_cosine,0.9664317162241787
0.3,8,4,full_sparse,output_relative_rmse,0.26266408746596426
0.3,8,4,full_corrected,self_mass,0.003227357508876594
0.3,8,4,full_corrected,output_mse,0.00528246754220163
0.3,8,4,full_corrected,output_mae,0.0540817661822075
0.3,8,4,full_corrected,output_cosine,0.964028351707384
0.3,8,4,full_corrected,output_relative_rmse,0.27801668195752427
0.3,8,5,dense,self_mass,0.01783255262125749
0.3,8,5,dense,output_mse,0.0
0.3,8,5,dense,output_mae,0.0
0.3,8,5,dense,output_cosine,1.0
0.3,8,5,dense,output_relative_rmse,0.0
0.3,8,5,local_sparse,self_mass,0.03492800478488789
0.3,8,5,local_sparse,output_mse,0.008053090531575435
0.3,8,5,local_sparse,output_mae,0.06770855869399384
0.3,8,5,local_sparse,output_cosine,0.9689317285083234
0.3,8,5,local_sparse,output_relative_rmse,0.24723485758295283
0.3,8,5,local_corrected,self_mass,0.018151490276068216
0.3,8,5,local_corrected,output_mse,0.008124677415253245
0.3,8,5,local_corrected,output_mae,0.06788473459891975
0.3,8,5,local_corrected,output_cosine,0.9680316769517958
0.3,8,5,local_corrected,output_relative_rmse,0.24835128302220255
0.3,8,5,full_sparse,self_mass,0.034584128254209645
0.3,8,5,full_sparse,output_mse,0.0073352718663954875
0.3,8,5,full_sparse,output_mae,0.06512054232007358
0.3,8,5,full_sparse,output_cosine,0.9703841027803719
0.3,8,5,full_sparse,output_relative_rmse,0.2367912803310901
0.3,8,5,full_corrected,self_mass,0.018604076280098525
0.3,8,5,full_corrected,output_mse,0.008542985262465663
0.3,8,5,full_corrected,output_mae,0.0698698944033822
0.3,8,5,full_corrected,output_cosine,0.9670158629305661
0.3,8,5,full_corrected,output_relative_rmse,0.2553921557846479
0.3,8,6,dense,self_mass,0.040079393940686714
0.3,8,6,dense,output_mse,0.0
0.3,8,6,dense,output_mae,0.0
0.3,8,6,dense,output_cosine,1.0
0.3,8,6,dense,output_relative_rmse,0.0
0.3,8,6,local_sparse,self_mass,0.08055843392503448
0.3,8,6,local_sparse,output_mse,0.02391394693768234
0.3,8,6,local_sparse,output_mae,0.11273002173402347
0.3,8,6,local_sparse,output_cosine,0.947413177229464
0.3,8,6,local_sparse,output_relative_rmse,0.3294536220491864
0.3,8,6,local_corrected,self_mass,0.042989801688236184
0.3,8,6,local_corrected,output_mse,0.024990413490741048
0.3,8,6,local_corrected,output_mae,0.11506068205926567
0.3,8,6,local_corrected,output_cosine,0.9445271498989314
0.3,8,6,local_corrected,output_relative_rmse,0.3367571890121326
0.3,8,6,full_sparse,self_mass,0.0805246856471058
0.3,8,6,full_sparse,output_mse,0.024718212789593963
0.3,8,6,full_sparse,output_mae,0.11626617345609702
0.3,8,6,full_sparse,output_cosine,0.9440418726298958
0.3,8,6,full_sparse,output_relative_rmse,0.33535902021685615
0.3,8,6,full_corrected,self_mass,0.04408632186095929
0.3,8,6,full_corrected,output_mse,0.02896603189583402
0.3,8,6,full_corrected,output_mae,0.12568461868795566
0.3,8,6,full_corrected,output_cosine,0.9372082054615021
0.3,8,6,full_corrected,output_relative_rmse,0.3633643545326777
0.3,8,7,dense,self_mass,0.058170711861748714
0.3,8,7,dense,output_mse,0.0
0.3,8,7,dense,output_mae,0.0
0.3,8,7,dense,output_cosine,1.0
0.3,8,7,dense,output_relative_rmse,0.0
0.3,8,7,local_sparse,self_mass,0.10894923089654185
0.3,8,7,local_sparse,output_mse,0.016351320477042464
0.3,8,7,local_sparse,output_mae,0.09356149271479808
0.3,8,7,local_sparse,output_cosine,0.9676542994566262
0.3,8,7,local_sparse,output_relative_rmse,0.2603537505492568
0.3,8,7,local_corrected,self_mass,0.06066381685377564
0.3,8,7,local_corrected,output_mse,0.01661845619128144
0.3,8,7,local_corrected,output_mae,0.09384463346214034
0.3,8,7,local_corrected,output_cosine,0.965389747871086
0.3,8,7,local_corrected,output_relative_rmse,0.2623393618268892
0.3,8,7,full_sparse,self_mass,0.10805275812163018
0.3,8,7,full_sparse,output_mse,0.01615962318101083
0.3,8,7,full_sparse,output_mae,0.09432397042110097
0.3,8,7,full_sparse,output_cosine,0.9661663922015578
0.3,8,7,full_sparse,output_relative_rmse,0.25970822339877486
0.3,8,7,full_corrected,self_mass,0.06233087092550704
0.3,8,7,full_corrected,output_mse,0.018366959589911858
0.3,8,7,full_corrected,output_mae,0.1001530398207251
0.3,8,7,full_corrected,output_cosine,0.962064094375819
0.3,8,7,full_corrected,output_relative_rmse,0.27684431290253997
0.3,8,8,dense,self_mass,0.027680647595843766
0.3,8,8,dense,output_mse,0.0
0.3,8,8,dense,output_mae,0.0
0.3,8,8,dense,output_cosine,1.0
0.3,8,8,dense,output_relative_rmse,0.0
0.3,8,8,local_sparse,self_mass,0.05339369978173636
0.3,8,8,local_sparse,output_mse,0.011674142335323268
0.3,8,8,local_sparse,output_mae,0.08067003134055994
0.3,8,8,local_sparse,output_cosine,0.9626153449062258
0.3,8,8,local_sparse,output_relative_rmse,0.2737773059052415
0.3,8,8,local_corrected,self_mass,0.02827966717813979
0.3,8,8,local_corrected,output_mse,0.011778159900131868
0.3,8,8,local_corrected,output_mae,0.08071855072921608
0.3,8,8,local_corrected,output_cosine,0.9611808739136904
0.3,8,8,local_corrected,output_relative_rmse,0.2747331770369783
0.3,8,8,full_sparse,self_mass,0.052598209578718524
0.3,8,8,full_sparse,output_mse,0.011292098915873794
0.3,8,8,full_sparse,output_mae,0.07953210003324784
0.3,8,8,full_sparse,output_cosine,0.9623182949144393
0.3,8,8,full_sparse,output_relative_rmse,0.26986171706812456
0.3,8,8,full_corrected,self_mass,0.029141372917365516
0.3,8,8,full_corrected,output_mse,0.012891854959889315
0.3,8,8,full_corrected,output_mae,0.08455008111195639
0.3,8,8,full_corrected,output_cosine,0.9582409500144422
0.3,8,8,full_corrected,output_relative_rmse,0.2881352019030601
0.3,8,9,dense,self_mass,0.03285531121400709
0.3,8,9,dense,output_mse,0.0
0.3,8,9,dense,output_mae,0.0
0.3,8,9,dense,output_cosine,1.0
0.3,8,9,dense,output_relative_rmse,0.0
0.3,8,9,local_sparse,self_mass,0.06282429568091175
0.3,8,9,local_sparse,output_mse,0.020586556893249508
0.3,8,9,local_sparse,output_mae,0.10246239126718137
0.3,8,9,local_sparse,output_cosine,0.9795179753564298
0.3,8,9,local_sparse,output_relative_rmse,0.20031213088077493
0.3,8,9,local_corrected,self_mass,0.03546647091206978
0.3,8,9,local_corrected,output_mse,0.02125053735653637
0.3,8,9,local_corrected,output_mae,0.10376044563599862
0.3,8,9,local_corrected,output_cosine,0.9786282028071582
0.3,8,9,local_corrected,output_relative_rmse,0.20345886130235158
0.3,8,9,full_sparse,self_mass,0.06174979771822109
0.3,8,9,full_sparse,output_mse,0.027726209900720278
0.3,8,9,full_sparse,output_mae,0.12059612083248794
0.3,8,9,full_sparse,output_cosine,0.971335097681731
0.3,8,9,full_sparse,output_relative_rmse,0.23268238457967527
0.3,8,9,full_corrected,self_mass,0.03441745453164913
0.3,8,9,full_corrected,output_mse,0.0320844379675691
0.3,8,9,full_corrected,output_mae,0.12927430888521485
0.3,8,9,full_corrected,output_cosine,0.9678920682054013
0.3,8,9,full_corrected,output_relative_rmse,0.25022245390573516
0.3,8,10,dense,self_mass,0.0016317418792368699
0.3,8,10,dense,output_mse,0.0
0.3,8,10,dense,output_mae,0.0
0.3,8,10,dense,output_cosine,1.0
0.3,8,10,dense,output_relative_rmse,0.0
0.3,8,10,local_sparse,self_mass,0.0032765508017291722
0.3,8,10,local_sparse,output_mse,0.0059662347584890085
0.3,8,10,local_sparse,output_mae,0.0592215528304223
0.3,8,10,local_sparse,output_cosine,0.9609426555689424
0.3,8,10,local_sparse,output_relative_rmse,0.27770824439357966
0.3,8,10,local_corrected,self_mass,0.0016382755013637507
0.3,8,10,local_corrected,output_mse,0.005979254870908335
0.3,8,10,local_corrected,output_mae,0.059289273485774174
0.3,8,10,local_corrected,output_cosine,0.9608747193124145
0.3,8,10,local_corrected,output_relative_rmse,0.2780203183647245
0.3,8,10,full_sparse,self_mass,0.0033247607784687716
0.3,8,10,full_sparse,output_mse,0.005365911551962199
0.3,8,10,full_sparse,output_mae,0.0565786629304057
0.3,8,10,full_sparse,output_cosine,0.9639356206171215
0.3,8,10,full_sparse,output_relative_rmse,0.26574340951628983
0.3,8,10,full_corrected,self_mass,0.001475539139164539
0.3,8,10,full_corrected,output_mse,0.006371559903527668
0.3,8,10,full_corrected,output_mae,0.061450989844161086
0.3,8,10,full_corrected,output_cosine,0.9599259654060006
0.3,8,10,full_corrected,output_relative_rmse,0.28976025682641193
0.3,8,11,dense,self_mass,0.04564771201694384
0.3,8,11,dense,output_mse,0.0
0.3,8,11,dense,output_mae,0.0
0.3,8,11,dense,output_cosine,1.0
0.3,8,11,dense,output_relative_rmse,0.0
0.3,8,11,local_sparse,self_mass,0.08717364966287278
0.3,8,11,local_sparse,output_mse,0.01597152366412047
0.3,8,11,local_sparse,output_mae,0.09274451275996398
0.3,8,11,local_sparse,output_cosine,0.9669443643651903
0.3,8,11,local_sparse,output_relative_rmse,0.25850353328860365
0.3,8,11,local_corrected,self_mass,0.04809352675147238
0.3,8,11,local_corrected,output_mse,0.016238453343248693
0.3,8,11,local_corrected,output_mae,0.09323784927255474
0.3,8,11,local_corrected,output_cosine,0.965354822576046
0.3,8,11,local_corrected,output_relative_rmse,0.2606696098810062
0.3,8,11,full_sparse,self_mass,0.08634677355439635
0.3,8,11,full_sparse,output_mse,0.016337298602593364
0.3,8,11,full_sparse,output_mae,0.09482099355955143
0.3,8,11,full_sparse,output_cosine,0.9646752085536718
0.3,8,11,full_sparse,output_relative_rmse,0.26186191756278276
0.3,8,11,full_corrected,self_mass,0.049919337063329294
0.3,8,11,full_corrected,output_mse,0.018589424016681733
0.3,8,11,full_corrected,output_mae,0.1008141360944137
0.3,8,11,full_corrected,output_cosine,0.9610258075408638
0.3,8,11,full_corrected,output_relative_rmse,0.27937446371652186
0.5,3,0,dense,self_mass,0.01926092321809847
0.5,3,0,dense,output_mse,0.0
0.5,3,0,dense,output_mae,0.0
0.5,3,0,dense,output_cosine,1.0
0.5,3,0,dense,output_relative_rmse,0.0
0.5,3,0,local_sparse,self_mass,0.037645048381818924
0.5,3,0,local_sparse,output_mse,0.004854405300648068
0.5,3,0,local_sparse,output_mae,0.052942096735932864
0.5,3,0,local_sparse,output_cosine,0.9615369886159897
0.5,3,0,local_sparse,output_relative_rmse,0.28156952268909663
0.5,3,0,local_corrected,self_mass,0.0194946953561157
0.5,3,0,local_corrected,output_mse,0.004860521901264292
0.5,3,0,local_corrected,output_mae,0.0528651181521127
0.5,3,0,local_corrected,output_cosine,0.9601583206094801
0.5,3,0,local_corrected,output_relative_rmse,0.2817681854357943
0.5,3,0,full_sparse,self_mass,0.037645048592821695
0.5,3,0,full_sparse,output_mse,0.0048544052415309125
0.5,3,0,full_sparse,output_mae,0.05294209611020051
0.5,3,0,full_sparse,output_cosine,0.9615369881503284
0.5,3,0,full_sparse,output_relative_rmse,0.28156952071003616
0.5,3,0,full_corrected,self_mass,0.01949469547253102
0.5,3,0,full_corrected,output_mse,0.004860521806222096
0.5,3,0,full_corrected,output_mae,0.05286511754820822
0.5,3,0,full_corrected,output_cosine,0.9601583224721253
0.5,3,0,full_corrected,output_relative_rmse,0.28176818299107254
0.5,3,1,dense,self_mass,0.007841465772798983
0.5,3,1,dense,output_mse,0.0
0.5,3,1,dense,output_mae,0.0
0.5,3,1,dense,output_cosine,1.0
0.5,3,1,dense,output_relative_rmse,0.0
0.5,3,1,local_sparse,self_mass,0.015631236987246666
0.5,3,1,local_sparse,output_mse,0.0040238369624603365
0.5,3,1,local_sparse,output_mae,0.0480314087762963
0.5,3,1,local_sparse,output_cosine,0.9567012954503298
0.5,3,1,local_sparse,output_relative_rmse,0.29610450979089364
0.5,3,1,local_corrected,self_mass,0.007936099147627829
0.5,3,1,local_corrected,output_mse,0.004053476775425224
0.5,3,1,local_corrected,output_mae,0.04818631197849754
0.5,3,1,local_corrected,output_cosine,0.9562211439479142
0.5,3,1,local_corrected,output_relative_rmse,0.29726223729085177
0.5,3,1,full_sparse,self_mass,0.01563123697997071
0.5,3,1,full_sparse,output_mse,0.004023837001113861
0.5,3,1,full_sparse,output_mae,0.04803140880540013
0.5,3,1,full_sparse,output_cosine,0.9567012905608863
0.5,3,1,full_sparse,output_relative_rmse,0.2961045111587737
0.5,3,1,full_corrected,self_mass,0.007936099122161977
0.5,3,1,full_corrected,output_mse,0.004053476845911064
0.5,3,1,full_corrected,output_mae,0.04818631216039648
0.5,3,1,full_corrected,output_cosine,0.956221142783761
0.5,3,1,full_corrected,output_relative_rmse,0.2972622402012348
0.5,3,2,dense,self_mass,0.005026744502174552
0.5,3,2,dense,output_mse,0.0
0.5,3,2,dense,output_mae,0.0
0.5,3,2,dense,output_cosine,1.0
0.5,3,2,dense,output_relative_rmse,0.0
0.5,3,2,local_sparse,self_mass,0.010029434433818096
0.5,3,2,local_sparse,output_mse,0.0031726305805932498
0.5,3,2,local_sparse,output_mae,0.04334343325172085
0.5,3,2,local_sparse,output_cosine,0.9536060839891434
0.5,3,2,local_sparse,output_relative_rmse,0.30753902852302417
0.5,3,2,local_corrected,self_mass,0.005039969608333195
0.5,3,2,local_corrected,output_mse,0.0031899101995804813
0.5,3,2,local_corrected,output_mae,0.04344739126099739
0.5,3,2,local_corrected,output_cosine,0.9532450223341584
0.5,3,2,local_corrected,output_relative_rmse,0.3083785966737196
0.5,3,2,full_sparse,self_mass,0.010029434461102937
0.5,3,2,full_sparse,output_mse,0.003172630565586587
0.5,3,2,full_sparse,output_mae,0.04334343314985745
0.5,3,2,full_sparse,output_cosine,0.9536060846876353
0.5,3,2,full_sparse,output_relative_rmse,0.30753902869764715
0.5,3,2,full_corrected,self_mass,0.005039969595600269
0.5,3,2,full_corrected,output_mse,0.0031899101686576614
0.5,3,2,full_corrected,output_mae,0.04344739150837995
0.5,3,2,full_corrected,output_cosine,0.9532450241968036
0.5,3,2,full_corrected,output_relative_rmse,0.3083785947528668
0.5,3,3,dense,self_mass,0.0019978497230113135
0.5,3,3,dense,output_mse,0.0
0.5,3,3,dense,output_mae,0.0
0.5,3,3,dense,output_cosine,1.0
0.5,3,3,dense,output_relative_rmse,0.0
0.5,3,3,local_sparse,self_mass,0.004005232323834207
0.5,3,3,local_sparse,output_mse,0.003320103101486893
0.5,3,3,local_sparse,output_mae,0.04470470107480651
0.5,3,3,local_sparse,output_cosine,0.9602910133544356
0.5,3,3,local_sparse,output_relative_rmse,0.28335182400769554
0.5,3,3,local_corrected,self_mass,0.0020018728737341007
0.5,3,3,local_corrected,output_mse,0.003327407486267475
0.5,3,3,local_corrected,output_mae,0.044755705224815756
0.5,3,3,local_corrected,output_cosine,0.9601723153609782
0.5,3,3,local_corrected,output_relative_rmse,0.28369945095619187
0.5,3,3,full_sparse,self_mass,0.004005232325653196
0.5,3,3,full_sparse,output_mse,0.0033201030682903365
0.5,3,3,full_sparse,output_mae,0.04470470071100863
0.5,3,3,full_sparse,output_cosine,0.9602910114917904
0.5,3,3,full_sparse,output_relative_rmse,0.28335182266891934
0.5,3,3,full_corrected,self_mass,0.002001872866458143
0.5,3,3,full_corrected,output_mse,0.003327407457618392
0.5,3,3,full_corrected,output_mae,0.04475570496288128
0.5,3,3,full_corrected,output_cosine,0.9601723134983331
0.5,3,3,full_corrected,output_relative_rmse,0.2836994498211425
0.5,3,4,dense,self_mass,0.010071845061247586
0.5,3,4,dense,output_mse,0.0
0.5,3,4,dense,output_mae,0.0
0.5,3,4,dense,output_cosine,1.0
0.5,3,4,dense,output_relative_rmse,0.0
0.5,3,4,local_sparse,self_mass,0.02000926468099351
0.5,3,4,local_sparse,output_mse,0.004110200342438475
0.5,3,4,local_sparse,output_mae,0.04940897005144507
0.5,3,4,local_sparse,output_cosine,0.963076954241842
0.5,3,4,local_sparse,output_relative_rmse,0.2725491928285919
0.5,3,4,local_corrected,self_mass,0.01014344975919812
0.5,3,4,local_corrected,output_mse,0.004142516595948109
0.5,3,4,local_corrected,output_mae,0.049558584491023794
0.5,3,4,local_corrected,output_cosine,0.9624954126775265
0.5,3,4,local_corrected,output_relative_rmse,0.2736443790490739
0.5,3,4,full_sparse,self_mass,0.02000926462642383
0.5,3,4,full_sparse,output_mse,0.004110200350623927
0.5,3,4,full_sparse,output_mae,0.049408969876822084
0.5,3,4,full_sparse,output_cosine,0.9630769544746727
0.5,3,4,full_sparse,output_relative_rmse,0.2725491931196302
0.5,3,4,full_corrected,self_mass,0.010143449682800565
0.5,3,4,full_corrected,output_mse,0.004142516564570542
0.5,3,4,full_corrected,output_mae,0.049558584549231455
0.5,3,4,full_corrected,output_cosine,0.962495411047712
0.5,3,4,full_corrected,output_relative_rmse,0.2736443785834126
0.5,3,5,dense,self_mass,0.01728732098490582
0.5,3,5,dense,output_mse,0.0
0.5,3,5,dense,output_mae,0.0
0.5,3,5,dense,output_cosine,1.0
0.5,3,5,dense,output_relative_rmse,0.0
0.5,3,5,local_sparse,self_mass,0.03426395554561168
0.5,3,5,local_sparse,output_mse,0.010019922905485146
0.5,3,5,local_sparse,output_mae,0.07374021789291874
0.5,3,5,local_sparse,output_cosine,0.9660182404331863
0.5,3,5,local_sparse,output_relative_rmse,0.26438263745512813
0.5,3,5,local_corrected,self_mass,0.017891188459543628
0.5,3,5,local_corrected,output_mse,0.010251355744912871
0.5,3,5,local_corrected,output_mae,0.07440185590530746
0.5,3,5,local_corrected,output_cosine,0.9649922433309257
0.5,3,5,local_corrected,output_relative_rmse,0.2673987322486937
0.5,3,5,full_sparse,self_mass,0.034263955043570604
0.5,3,5,full_sparse,output_mse,0.01001992286364839
0.5,3,5,full_sparse,output_mae,0.07374021816940513
0.5,3,5,full_sparse,output_cosine,0.9660182406660169
0.5,3,5,full_sparse,output_relative_rmse,0.26438263891031966
0.5,3,5,full_corrected,self_mass,0.017891188141220482
0.5,3,5,full_corrected,output_mse,0.010251355744912871
0.5,3,5,full_corrected,output_mae,0.07440185610903427
0.5,3,5,full_corrected,output_cosine,0.9649922430980951
0.5,3,5,full_corrected,output_relative_rmse,0.2673987330053933
0.5,3,6,dense,self_mass,0.007088038171787048
0.5,3,6,dense,output_mse,0.0
0.5,3,6,dense,output_mae,0.0
0.5,3,6,dense,output_cosine,1.0
0.5,3,6,dense,output_relative_rmse,0.0
0.5,3,6,local_sparse,self_mass,0.014093705705818138
0.5,3,6,local_sparse,output_mse,0.0032425318113382673
0.5,3,6,local_sparse,output_mae,0.04345810909580905
0.5,3,6,local_sparse,output_cosine,0.9579874635674059
0.5,3,6,local_sparse,output_relative_rmse,0.2934925194713287
0.5,3,6,local_corrected,self_mass,0.0071252000707318075
0.5,3,6,local_corrected,output_mse,0.003260112407588167
0.5,3,6,local_corrected,output_mae,0.04355510378081817
0.5,3,6,local_corrected,output_cosine,0.9575570148881525
0.5,3,6,local_corrected,output_relative_rmse,0.29420883918646723
0.5,3,6,full_sparse,self_mass,0.01409370575856883
0.5,3,6,full_sparse,output_mse,0.0032425318090645305
0.5,3,6,full_sparse,output_mae,0.043458109168568626
0.5,3,6,full_sparse,output_cosine,0.957987466128543
0.5,3,6,full_sparse,output_relative_rmse,0.29349252057727426
0.5,3,6,full_corrected,self_mass,0.007125200054360903
0.5,3,6,full_corrected,output_mse,0.0032601124094071565
0.5,3,6,full_corrected,output_mae,0.04355510396999307
0.5,3,6,full_corrected,output_cosine,0.9575570155866444
0.5,3,6,full_corrected,output_relative_rmse,0.294208838196937
0.5,3,7,dense,self_mass,0.004680857529820059
0.5,3,7,dense,output_mse,0.0
0.5,3,7,dense,output_mae,0.0
0.5,3,7,dense,output_cosine,1.0
0.5,3,7,dense,output_relative_rmse,0.0
0.5,3,7,local_sparse,self_mass,0.009006081470943172
0.5,3,7,local_sparse,output_mse,0.0057029554545806604
0.5,3,7,local_sparse,output_mae,0.05035191748174839
0.5,3,7,local_sparse,output_cosine,0.9498222225811332
0.5,3,7,local_sparse,output_relative_rmse,0.33348523307358846
0.5,3,7,local_corrected,self_mass,0.0051028401367148035
0.5,3,7,local_corrected,output_mse,0.005749547583263848
0.5,3,7,local_corrected,output_mae,0.05052276157948654
0.5,3,7,local_corrected,output_cosine,0.9495893463026732
0.5,3,7,local_corrected,output_relative_rmse,0.33491862477967516
0.5,3,7,full_sparse,self_mass,0.009006081587358494
0.5,3,7,full_sparse,output_mse,0.005702955616698091
0.5,3,7,full_sparse,output_mae,0.05035191767819924
0.5,3,7,full_sparse,output_cosine,0.9498222237452865
0.5,3,7,full_sparse,output_relative_rmse,0.33348523775930516
0.5,3,7,full_corrected,self_mass,0.00510284026950103
0.5,3,7,full_corrected,output_mse,0.005749547680579781
0.5,3,7,full_corrected,output_mae,0.05052276157948654
0.5,3,7,full_corrected,output_cosine,0.9495893437415361
0.5,3,7,full_corrected,output_relative_rmse,0.3349186269042548
0.5,3,8,dense,self_mass,0.007961703837281675
0.5,3,8,dense,output_mse,0.0
0.5,3,8,dense,output_mae,0.0
0.5,3,8,dense,output_cosine,1.0
0.5,3,8,dense,output_relative_rmse,0.0
0.5,3,8,local_sparse,self_mass,0.015860196035646368
0.5,3,8,local_sparse,output_mse,0.0036889993916702224
0.5,3,8,local_sparse,output_mae,0.046379110135603696
0.5,3,8,local_sparse,output_cosine,0.9637106629088521
0.5,3,8,local_sparse,output_relative_rmse,0.266865450743353
0.5,3,8,local_corrected,self_mass,0.008010260338778608
0.5,3,8,local_corrected,output_mse,0.0037067402718093945
0.5,3,8,local_corrected,output_mae,0.04650340819353005
0.5,3,8,local_corrected,output_cosine,0.9634702317416668
0.5,3,8,local_corrected,output_relative_rmse,0.26755241898354143
0.5,3,8,full_sparse,self_mass,0.015860195951972855
0.5,3,8,full_sparse,output_mse,0.003688999365294876
0.5,3,8,full_sparse,output_mae,0.046379109982808586
0.5,3,8,full_sparse,output_cosine,0.9637106664013118
0.5,3,8,full_sparse,output_relative_rmse,0.2668654494045768
0.5,3,8,full_corrected,self_mass,0.008010260347873555
0.5,3,8,full_corrected,output_mse,0.0037067402527100057
0.5,3,8,full_corrected,output_mae,0.046503408142598346
0.5,3,8,full_corrected,output_cosine,0.9634702310431749
0.5,3,8,full_corrected,output_relative_rmse,0.26755241717910394
0.5,3,9,dense,self_mass,0.03275846908945823
0.5,3,9,dense,output_mse,0.0
0.5,3,9,dense,output_mae,0.0
0.5,3,9,dense,output_cosine,1.0
0.5,3,9,dense,output_relative_rmse,0.0
0.5,3,9,local_sparse,self_mass,0.06605342937109526
0.5,3,9,local_sparse,output_mse,0.020197833768179407
0.5,3,9,local_sparse,output_mae,0.10599348423420452
0.5,3,9,local_sparse,output_cosine,0.951662250328809
0.5,3,9,local_sparse,output_relative_rmse,0.3244130682433024
0.5,3,9,local_corrected,self_mass,0.034635096744750626
0.5,3,9,local_corrected,output_mse,0.02140598983532982
0.5,3,9,local_corrected,output_mae,0.10850608971668407
0.5,3,9,local_corrected,output_cosine,0.9476427817717195
0.5,3,9,local_corrected,output_relative_rmse,0.3337558149942197
0.5,3,9,full_sparse,self_mass,0.06605342983675655
0.5,3,9,full_sparse,output_mse,0.020197833615384297
0.5,3,9,full_sparse,output_mae,0.10599348382675089
0.5,3,9,full_sparse,output_cosine,0.9516622498631477
0.5,3,9,full_sparse,output_relative_rmse,0.3244130670791492
0.5,3,9,full_corrected,self_mass,0.03463509691937361
0.5,3,9,full_corrected,output_mse,0.021405989671620773
0.5,3,9,full_corrected,output_mae,0.10850608895998448
0.5,3,9,full_corrected,output_cosine,0.9476427799090743
0.5,3,9,full_corrected,output_relative_rmse,0.33375581447035074
0.5,3,10,dense,self_mass,0.0013295885937623098
0.5,3,10,dense,output_mse,0.0
0.5,3,10,dense,output_mae,0.0
0.5,3,10,dense,output_cosine,1.0
0.5,3,10,dense,output_relative_rmse,0.0
0.5,3,10,local_sparse,self_mass,0.002667766491867951
0.5,3,10,local_sparse,output_mse,0.003235795677483111
0.5,3,10,local_sparse,output_mae,0.043848780827829614
0.5,3,10,local_sparse,output_cosine,0.9657523352652788
0.5,3,10,local_sparse,output_relative_rmse,0.260088538605487
0.5,3,10,local_corrected,self_mass,0.0013317052853381028
0.5,3,10,local_corrected,output_mse,0.0032410672006335517
0.5,3,10,local_corrected,output_mae,0.043890428853046615
0.5,3,10,local_corrected,output_cosine,0.9657422031741589
0.5,3,10,local_corrected,output_relative_rmse,0.26032299557118677
0.5,3,10,full_sparse,self_mass,0.00266776651778855
0.5,3,10,full_sparse,output_mse,0.003235795640193828
0.5,3,10,full_sparse,output_mae,0.043848780427651946
0.5,3,10,full_sparse,output_cosine,0.9657523375935853
0.5,3,10,full_sparse,output_relative_rmse,0.26008853819803335
0.5,3,10,full_corrected,self_mass,0.0013317052962520393
0.5,3,10,full_corrected,output_mse,0.003241067158342048
0.5,3,10,full_corrected,output_mae,0.0438904286493198
0.5,3,10,full_corrected,output_cosine,0.9657422043383121
0.5,3,10,full_corrected,output_relative_rmse,0.2603229942615144
0.5,3,11,dense,self_mass,0.03329729977849638
0.5,3,11,dense,output_mse,0.0
0.5,3,11,dense,output_mae,0.0
0.5,3,11,dense,output_cosine,1.0
0.5,3,11,dense,output_relative_rmse,0.0
0.5,3,11,local_sparse,self_mass,0.06696198058489244
0.5,3,11,local_sparse,output_mse,0.02225697645917535
0.5,3,11,local_sparse,output_mae,0.11256678507197648
0.5,3,11,local_sparse,output_cosine,0.9499273204710335
0.5,3,11,local_sparse,output_relative_rmse,0.32260814594337717
0.5,3,11,local_corrected,self_mass,0.03494602638238575
0.5,3,11,local_corrected,output_mse,0.0235978491800779
0.5,3,11,local_corrected,output_mae,0.11534102555015124
0.5,3,11,local_corrected,output_cosine,0.9458436160348356
0.5,3,11,local_corrected,output_relative_rmse,0.3320847024442628
0.5,3,11,full_sparse,self_mass,0.06696198042482138
0.5,3,11,full_sparse,output_mse,0.022256976368225878
0.5,3,11,full_sparse,output_mae,0.11256678521749564
0.5,3,11,full_sparse,output_cosine,0.949927318142727
0.5,3,11,full_sparse,output_relative_rmse,0.32260814431356266
0.5,3,11,full_corrected,self_mass,0.034946026135003194
0.5,3,11,full_corrected,output_mse,0.023597849081852473
0.5,3,11,full_corrected,output_mae,0.11534102473524399
0.5,3,11,full_corrected,output_cosine,0.9458436176646501
0.5,3,11,full_corrected,output_relative_rmse,0.33208470180397853
0.5,4,0,dense,self_mass,0.020203489810228348
0.5,4,0,dense,output_mse,0.0
0.5,4,0,dense,output_mae,0.0
0.5,4,0,dense,output_cosine,1.0
0.5,4,0,dense,output_relative_rmse,0.0
0.5,4,0,local_sparse,self_mass,0.04094483055814635
0.5,4,0,local_sparse,output_mse,0.02300549952997244
0.5,4,0,local_sparse,output_mae,0.11400365681038238
0.5,4,0,local_sparse,output_cosine,0.9422078058123589
0.5,4,0,local_sparse,output_relative_rmse,0.34286188893020153
0.5,4,0,local_corrected,self_mass,0.021063704105472425
0.5,4,0,local_corrected,output_mse,0.023594693284394452
0.5,4,0,local_corrected,output_mae,0.11535230281879194
0.5,4,0,local_corrected,output_cosine,0.9405863247811794
0.5,4,0,local_corrected,output_relative_rmse,0.34726607863558456
0.5,4,0,full_sparse,self_mass,0.041188765862898435
0.5,4,0,full_sparse,output_mse,0.01994920938523137
0.5,4,0,full_sparse,output_mae,0.10617136280052364
0.5,4,0,full_sparse,output_cosine,0.9495084690861404
0.5,4,0,full_sparse,output_relative_rmse,0.31942619680194184
0.5,4,0,full_corrected,self_mass,0.021412198188045295
0.5,4,0,full_corrected,output_mse,0.021053902004496194
0.5,4,0,full_corrected,output_mae,0.10898439362063073
0.5,4,0,full_corrected,output_cosine,0.9478229801170528
0.5,4,0,full_corrected,output_relative_rmse,0.32816996186738834
0.5,4,1,dense,self_mass,0.04329833724477794
0.5,4,1,dense,output_mse,0.0
0.5,4,1,dense,output_mae,0.0
0.5,4,1,dense,output_cosine,1.0
0.5,4,1,dense,output_relative_rmse,0.0
0.5,4,1,local_sparse,self_mass,0.08623619918944314
0.5,4,1,local_sparse,output_mse,0.024489923740475206
0.5,4,1,local_sparse,output_mae,0.11888106193509884
0.5,4,1,local_sparse,output_cosine,0.9347562410403043
0.5,4,1,local_sparse,output_relative_rmse,0.3780751327285543
0.5,4,1,local_corrected,self_mass,0.04547946123784641
0.5,4,1,local_corrected,output_mse,0.026093748092534952
0.5,4,1,local_corrected,output_mae,0.12209836294641718
0.5,4,1,local_corrected,output_cosine,0.9277858624700457
0.5,4,1,local_corrected,output_relative_rmse,0.39022504712920636
0.5,4,1,full_sparse,self_mass,0.08788790214748587
0.5,4,1,full_sparse,output_mse,0.018505985728552332
0.5,4,1,full_sparse,output_mae,0.10271187743637711
0.5,4,1,full_sparse,output_cosine,0.9483449247200042
0.5,4,1,full_sparse,output_relative_rmse,0.3285049692494795
0.5,4,1,full_corrected,self_mass,0.04727516978891799
0.5,4,1,full_corrected,output_mse,0.020545836290693842
0.5,4,1,full_corrected,output_mae,0.10795034252805635
0.5,4,1,full_corrected,output_cosine,0.941752125043422
0.5,4,1,full_corrected,output_relative_rmse,0.3461436110083014
0.5,4,2,dense,self_mass,0.01891136513768288
0.5,4,2,dense,output_mse,0.0
0.5,4,2,dense,output_mae,0.0
0.5,4,2,dense,output_cosine,1.0
0.5,4,2,dense,output_relative_rmse,0.0
0.5,4,2,local_sparse,self_mass,0.03756083198095439
0.5,4,2,local_sparse,output_mse,0.015460950353372027
0.5,4,2,local_sparse,output_mae,0.0902686875051586
0.5,4,2,local_sparse,output_cosine,0.9428379524033517
0.5,4,2,local_sparse,output_relative_rmse,0.35795759019674733
0.5,4,2,local_corrected,self_mass,0.01950925024721073
0.5,4,2,local_corrected,output_mse,0.015752312447148142
0.5,4,2,local_corrected,output_mae,0.09087817728868686
0.5,4,2,local_corrected,output_cosine,0.9410297165159136
0.5,4,2,local_corrected,output_relative_rmse,0.36116985260741785
0.5,4,2,full_sparse,self_mass,0.03800328630313743
0.5,4,2,full_sparse,output_mse,0.014420967927435413
0.5,4,2,full_sparse,output_mae,0.0863588936481392
0.5,4,2,full_sparse,output_cosine,0.9466586816124618
0.5,4,2,full_sparse,output_relative_rmse,0.34500170819228515
0.5,4,2,full_corrected,self_mass,0.02047431426035473
0.5,4,2,full_corrected,output_mse,0.015170216202022857
0.5,4,2,full_corrected,output_mae,0.08844084072916303
0.5,4,2,full_corrected,output_cosine,0.944852514192462
0.5,4,2,full_corrected,output_relative_rmse,0.3536916761077009
0.5,4,3,dense,self_mass,0.014799323053011904
0.5,4,3,dense,output_mse,0.0
0.5,4,3,dense,output_mae,0.0
0.5,4,3,dense,output_cosine,1.0
0.5,4,3,dense,output_relative_rmse,0.0
0.5,4,3,local_sparse,self_mass,0.02925257312017493
0.5,4,3,local_sparse,output_mse,0.00667121203696297
0.5,4,3,local_sparse,output_mae,0.06231358816148713
0.5,4,3,local_sparse,output_cosine,0.961714374134317
0.5,4,3,local_sparse,output_relative_rmse,0.2791704869014211
0.5,4,3,local_corrected,self_mass,0.014952514437027276
0.5,4,3,local_corrected,output_mse,0.006742628816937213
0.5,4,3,local_corrected,output_mae,0.06254273813101463
0.5,4,3,local_corrected,output_cosine,0.9606316047720611
0.5,4,3,local_corrected,output_relative_rmse,0.28068748430814594
0.5,4,3,full_sparse,self_mass,0.029435944787110202
0.5,4,3,full_sparse,output_mse,0.005079863813989505
0.5,4,3,full_sparse,output_mae,0.05435573318391107
0.5,4,3,full_sparse,output_cosine,0.9703501786570996
0.5,4,3,full_sparse,output_relative_rmse,0.2439305525040254
0.5,4,3,full_corrected,self_mass,0.01536017152830027
0.5,4,3,full_corrected,output_mse,0.005362857794352749
0.5,4,3,full_corrected,output_mae,0.05573648388963193
0.5,4,3,full_corrected,output_cosine,0.9690235396847129
0.5,4,3,full_corrected,output_relative_rmse,0.2505612879176624
0.5,4,4,dense,self_mass,0.020891614607535303
0.5,4,4,dense,output_mse,0.0
0.5,4,4,dense,output_mae,0.0
0.5,4,4,dense,output_cosine,1.0
0.5,4,4,dense,output_relative_rmse,0.0
0.5,4,4,local_sparse,self_mass,0.04195858866296476
0.5,4,4,local_sparse,output_mse,0.016662074889609357
0.5,4,4,local_sparse,output_mae,0.09818310182890855
0.5,4,4,local_sparse,output_cosine,0.957914623664692
0.5,4,4,local_sparse,output_relative_rmse,0.28223079396411777
0.5,4,4,local_corrected,self_mass,0.02152189529078896
0.5,4,4,local_corrected,output_mse,0.017040502705640392
0.5,4,4,local_corrected,output_mae,0.09931814658921212
0.5,4,4,local_corrected,output_cosine,0.956834064098075
0.5,4,4,local_corrected,output_relative_rmse,0.2855013945954852
0.5,4,4,full_sparse,self_mass,0.0419554694526596
0.5,4,4,full_sparse,output_mse,0.013323290084372275
0.5,4,4,full_sparse,output_mae,0.08833271919866093
0.5,4,4,full_sparse,output_cosine,0.9658327184151858
0.5,4,4,full_sparse,output_relative_rmse,0.2525365661131218
0.5,4,4,full_corrected,self_mass,0.021370993545133388
0.5,4,4,full_corrected,output_mse,0.014025138661963865
0.5,4,4,full_corrected,output_mae,0.09061217223643325
0.5,4,4,full_corrected,output_cosine,0.9644694169983268
0.5,4,4,full_corrected,output_relative_rmse,0.25927079177927226
0.5,4,5,dense,self_mass,0.02049574991906411
0.5,4,5,dense,output_mse,0.0
0.5,4,5,dense,output_mae,0.0
0.5,4,5,dense,output_cosine,1.0
0.5,4,5,dense,output_relative_rmse,0.0
0.5,4,5,local_sparse,self_mass,0.04094770856318064
0.5,4,5,local_sparse,output_mse,0.017658519482210977
0.5,4,5,local_sparse,output_mae,0.09623225833638571
0.5,4,5,local_sparse,output_cosine,0.9457628955133259
0.5,4,5,local_sparse,output_relative_rmse,0.34251402638619766
0.5,4,5,local_corrected,self_mass,0.0214906044457166
0.5,4,5,local_corrected,output_mse,0.018044719416138832
0.5,4,5,local_corrected,output_mae,0.09711802312813234
0.5,4,5,local_corrected,output_cosine,0.9440844778437167
0.5,4,5,local_corrected,output_relative_rmse,0.34614194015739486
0.5,4,5,full_sparse,self_mass,0.0424209682532819
0.5,4,5,full_sparse,output_mse,0.017107816060160985
0.5,4,5,full_sparse,output_mae,0.09400969737907872
0.5,4,5,full_sparse,output_cosine,0.9478209316730499
0.5,4,5,full_sparse,output_relative_rmse,0.33677650504978374
0.5,4,5,full_corrected,self_mass,0.02326899044419406
0.5,4,5,full_corrected,output_mse,0.017976324539631605
0.5,4,5,full_corrected,output_mae,0.09635440637066495
0.5,4,5,full_corrected,output_cosine,0.9461315306834877
0.5,4,5,full_corrected,output_relative_rmse,0.3451899623614736
0.5,4,6,dense,self_mass,0.013906326692449511
0.5,4,6,dense,output_mse,0.0
0.5,4,6,dense,output_mae,0.0
0.5,4,6,dense,output_cosine,1.0
0.5,4,6,dense,output_relative_rmse,0.0
0.5,4,6,local_sparse,self_mass,0.03021516882290598
0.5,4,6,local_sparse,output_mse,0.037528824868786614
0.5,4,6,local_sparse,output_mae,0.13808761214022525
0.5,4,6,local_sparse,output_cosine,0.9364717814605683
0.5,4,6,local_sparse,output_relative_rmse,0.3630244112573564
0.5,4,6,local_corrected,self_mass,0.015999187860870734
0.5,4,6,local_corrected,output_mse,0.03824976742907893
0.5,4,6,local_corrected,output_mae,0.13929884808021598
0.5,4,6,local_corrected,output_cosine,0.9353020018897951
0.5,4,6,local_corrected,output_relative_rmse,0.36647427326533943
0.5,4,6,full_sparse,self_mass,0.03082080830790801
0.5,4,6,full_sparse,output_mse,0.03764821233926341
0.5,4,6,full_sparse,output_mae,0.1386295460688416
0.5,4,6,full_sparse,output_cosine,0.9374769791029394
0.5,4,6,full_sparse,output_relative_rmse,0.36354514223057777
0.5,4,6,full_corrected,self_mass,0.016834949263284216
0.5,4,6,full_corrected,output_mse,0.03940168162807822
0.5,4,6,full_corrected,output_mae,0.14172666921513155
0.5,4,6,full_corrected,output_cosine,0.9360036493744701
0.5,4,6,full_corrected,output_relative_rmse,0.3718831851147115
0.5,4,7,dense,self_mass,0.0025172925197693985
0.5,4,7,dense,output_mse,0.0
0.5,4,7,dense,output_mae,0.0
0.5,4,7,dense,output_cosine,1.0
0.5,4,7,dense,output_relative_rmse,0.0
0.5,4,7,local_sparse,self_mass,0.005052231808804208
0.5,4,7,local_sparse,output_mse,0.004858417811192339
0.5,4,7,local_sparse,output_mae,0.053908645175397396
0.5,4,7,local_sparse,output_cosine,0.9621508121490479
0.5,4,7,local_sparse,output_relative_rmse,0.271176922833547
0.5,4,7,local_corrected,self_mass,0.0025324840353277978
0.5,4,7,local_corrected,output_mse,0.00488241321500027
0.5,4,7,local_corrected,output_mae,0.05402345189941116
0.5,4,7,local_corrected,output_cosine,0.9619341779034585
0.5,4,7,local_corrected,output_relative_rmse,0.2718439631862566
0.5,4,7,full_sparse,self_mass,0.005060023563601135
0.5,4,7,full_sparse,output_mse,0.003255704021285055
0.5,4,7,full_sparse,output_mae,0.044468787920777686
0.5,4,7,full_sparse,output_cosine,0.9738594538066536
0.5,4,7,full_sparse,output_relative_rmse,0.22301159100607038
0.5,4,7,full_corrected,self_mass,0.0025296522251210263
0.5,4,7,full_corrected,output_mse,0.003448820843004796
0.5,4,7,full_corrected,output_mae,0.04565158160403371
0.5,4,7,full_corrected,output_cosine,0.9730199980549514
0.5,4,7,full_corrected,output_relative_rmse,0.22941628593252972
0.5,4,8,dense,self_mass,0.010904402629421384
0.5,4,8,dense,output_mse,0.0
0.5,4,8,dense,output_mae,0.0
0.5,4,8,dense,output_cosine,1.0
0.5,4,8,dense,output_relative_rmse,0.0
0.5,4,8,local_sparse,self_mass,0.023597890773089603
0.5,4,8,local_sparse,output_mse,0.03420343551624683
0.5,4,8,local_sparse,output_mae,0.12982025658129714
0.5,4,8,local_sparse,output_cosine,0.9498390040826052
0.5,4,8,local_sparse,output_relative_rmse,0.3191918745287694
0.5,4,8,local_corrected,self_mass,0.01267097910749726
0.5,4,8,local_corrected,output_mse,0.03476027655415237
0.5,4,8,local_corrected,output_mae,0.13073307790909894
0.5,4,8,local_corrected,output_cosine,0.9490210160147399
0.5,4,8,local_corrected,output_relative_rmse,0.32176221208646894
0.5,4,8,full_sparse,self_mass,0.023942410396557534
0.5,4,8,full_sparse,output_mse,0.03444647358628572
0.5,4,8,full_sparse,output_mae,0.1307581206492614
0.5,4,8,full_sparse,output_cosine,0.9505646610632539
0.5,4,8,full_sparse,output_relative_rmse,0.3203265474876389
0.5,4,8,full_corrected,self_mass,0.013237550247140462
0.5,4,8,full_corrected,output_mse,0.03611450718381093
0.5,4,8,full_corrected,output_mae,0.1338824724080041
0.5,4,8,full_corrected,output_cosine,0.949319584062323
0.5,4,8,full_corrected,output_relative_rmse,0.3279872302664444
0.5,4,9,dense,self_mass,0.01353838052637002
0.5,4,9,dense,output_mse,0.0
0.5,4,9,dense,output_mae,0.0
0.5,4,9,dense,output_cosine,1.0
0.5,4,9,dense,output_relative_rmse,0.0
0.5,4,9,local_sparse,self_mass,0.030215348186175106
0.5,4,9,local_sparse,output_mse,0.039441745619114954
0.5,4,9,local_sparse,output_mae,0.1411254683334846
0.5,4,9,local_sparse,output_cosine,0.9208699183072895
0.5,4,9,local_sparse,output_relative_rmse,0.4061130187474191
0.5,4,9,local_corrected,self_mass,0.015820551709111896
0.5,4,9,local_corrected,output_mse,0.04038611854775809
0.5,4,9,local_corrected,output_mae,0.1425971279386431
0.5,4,9,local_corrected,output_cosine,0.9191789599135518
0.5,4,9,local_corrected,output_relative_rmse,0.41090835025534034
0.5,4,9,full_sparse,self_mass,0.030554359400412068
0.5,4,9,full_sparse,output_mse,0.03857168220565654
0.5,4,9,full_sparse,output_mae,0.13956533535383642
0.5,4,9,full_sparse,output_cosine,0.9242206441704184
0.5,4,9,full_sparse,output_relative_rmse,0.4015399831114337
0.5,4,9,full_corrected,self_mass,0.016573436219914583
0.5,4,9,full_corrected,output_mse,0.040656859760929365
0.5,4,9,full_corrected,output_mae,0.14324549070443027
0.5,4,9,full_corrected,output_cosine,0.9221714425366372
0.5,4,9,full_corrected,output_relative_rmse,0.4122071457095444
0.5,4,10,dense,self_mass,0.0027132919872201455
0.5,4,10,dense,output_mse,0.0
0.5,4,10,dense,output_mae,0.0
0.5,4,10,dense,output_cosine,1.0
0.5,4,10,dense,output_relative_rmse,0.0
0.5,4,10,local_sparse,self_mass,0.005425910935628053
0.5,4,10,local_sparse,output_mse,0.004270867547802482
0.5,4,10,local_sparse,output_mae,0.04964481347997207
0.5,4,10,local_sparse,output_cosine,0.9626187440007925
0.5,4,10,local_sparse,output_relative_rmse,0.2763889511115849
0.5,4,10,local_corrected,self_mass,0.002740428147262719
0.5,4,10,local_corrected,output_mse,0.0042868833279499086
0.5,4,10,local_corrected,output_mae,0.04971597264375305
0.5,4,10,local_corrected,output_cosine,0.9625455075874925
0.5,4,10,local_corrected,output_relative_rmse,0.27684028787189163
0.5,4,10,full_sparse,self_mass,0.005458771874145896
0.5,4,10,full_sparse,output_mse,0.0033032281262421748
0.5,4,10,full_sparse,output_mae,0.04345927956455853
0.5,4,10,full_sparse,output_cosine,0.9707202392164618
0.5,4,10,full_sparse,output_relative_rmse,0.24366138959885575
0.5,4,10,full_corrected,self_mass,0.0028054332537976734
0.5,4,10,full_corrected,output_mse,0.0035606036572062294
0.5,4,10,full_corrected,output_mae,0.04495196805510204
0.5,4,10,full_corrected,output_cosine,0.9693485954776406
0.5,4,10,full_corrected,output_relative_rmse,0.2528787084738724
0.5,4,11,dense,self_mass,0.015014160480859573
0.5,4,11,dense,output_mse,0.0
0.5,4,11,dense,output_mae,0.0
0.5,4,11,dense,output_cosine,1.0
0.5,4,11,dense,output_relative_rmse,0.0
0.5,4,11,local_sparse,self_mass,0.029901046873419546
0.5,4,11,local_sparse,output_mse,0.012557143270896631
0.5,4,11,local_sparse,output_mae,0.0834782093152171
0.5,4,11,local_sparse,output_cosine,0.9583260780200362
0.5,4,11,local_sparse,output_relative_rmse,0.2923155506141484
0.5,4,11,local_corrected,self_mass,0.015431209376401966
0.5,4,11,local_corrected,output_mse,0.012811772949135047
0.5,4,11,local_corrected,output_mae,0.08407080059987493
0.5,4,11,local_corrected,output_cosine,0.957149213179946
0.5,4,11,local_corrected,output_relative_rmse,0.29518411454046145
0.5,4,11,full_sparse,self_mass,0.030433569474553224
0.5,4,11,full_sparse,output_mse,0.011382274985408003
0.5,4,11,full_sparse,output_mae,0.07894209789810702
0.5,4,11,full_sparse,output_cosine,0.9622072107158601
0.5,4,11,full_sparse,output_relative_rmse,0.277956755948253
0.5,4,11,full_corrected,self_mass,0.0163784813539678
0.5,4,11,full_corrected,output_mse,0.012059385802785982
0.5,4,11,full_corrected,output_mae,0.08104315085802227
0.5,4,11,full_corrected,output_cosine,0.9609140455722809
0.5,4,11,full_corrected,output_relative_rmse,0.28598720772424713
0.5,5,0,dense,self_mass,0.013792183959594695
0.5,5,0,dense,output_mse,0.0
0.5,5,0,dense,output_mae,0.0
0.5,5,0,dense,output_cosine,1.0
0.5,5,0,dense,output_relative_rmse,0.0
0.5,5,0,local_sparse,self_mass,0.027520292442204664
0.5,5,0,local_sparse,output_mse,0.010985616626385308
0.5,5,0,local_sparse,output_mae,0.07667203481832985
0.5,5,0,local_sparse,output_cosine,0.9799587700981647
0.5,5,0,local_sparse,output_relative_rmse,0.196543769154232
0.5,5,0,local_corrected,self_mass,0.014383165040271706
0.5,5,0,local_corrected,output_mse,0.011206909361135331
0.5,5,0,local_corrected,output_mae,0.07727384533791337
0.5,5,0,local_corrected,output_cosine,0.9794685880187899
0.5,5,0,local_corrected,output_relative_rmse,0.1985162894707173
0.5,5,0,full_sparse,self_mass,0.027673184282321017
0.5,5,0,full_sparse,output_mse,0.011785056693042861
0.5,5,0,full_sparse,output_mae,0.07996398452087305
0.5,5,0,full_sparse,output_cosine,0.9777941813226789
0.5,5,0,full_sparse,output_relative_rmse,0.20346066873753443
0.5,5,0,full_corrected,self_mass,0.014808936628469382
0.5,5,0,full_corrected,output_mse,0.012991491007596778
0.5,5,0,full_corrected,output_mae,0.0837628727167612
0.5,5,0,full_corrected,output_cosine,0.9761985125951469
0.5,5,0,full_corrected,output_relative_rmse,0.21379667124710977
0.5,5,1,dense,self_mass,0.004900910743344866
0.5,5,1,dense,output_mse,0.0
0.5,5,1,dense,output_mae,0.0
0.5,5,1,dense,output_cosine,1.0
0.5,5,1,dense,output_relative_rmse,0.0
0.5,5,1,local_sparse,self_mass,0.009780297095858259
0.5,5,1,local_sparse,output_mse,0.004657340106405172
0.5,5,1,local_sparse,output_mae,0.05172663775010733
0.5,5,1,local_sparse,output_cosine,0.9682036894373596
0.5,5,1,local_sparse,output_relative_rmse,0.25112631110823713
0.5,5,1,local_corrected,self_mass,0.0049353455051459605
0.5,5,1,local_corrected,output_mse,0.004681847586198273
0.5,5,1,local_corrected,output_mae,0.051855338242603466
0.5,5,1,local_corrected,output_cosine,0.9680176009424031
0.5,5,1,local_corrected,output_relative_rmse,0.2518333456828259
0.5,5,1,full_sparse,self_mass,0.00980285295372596
0.5,5,1,full_sparse,output_mse,0.003823666985226737
0.5,5,1,full_sparse,output_mae,0.04739686927496223
0.5,5,1,full_sparse,output_cosine,0.973131287144497
0.5,5,1,full_sparse,output_relative_rmse,0.23063700355123729
0.5,5,1,full_corrected,self_mass,0.004976526621248922
0.5,5,1,full_corrected,output_mse,0.004526135008745769
0.5,5,1,full_corrected,output_mae,0.051451620311127044
0.5,5,1,full_corrected,output_cosine,0.9692446691915393
0.5,5,1,full_corrected,output_relative_rmse,0.25120416036224924
0.5,5,2,dense,self_mass,0.008537006980986916
0.5,5,2,dense,output_mse,0.0
0.5,5,2,dense,output_mae,0.0
0.5,5,2,dense,output_cosine,1.0
0.5,5,2,dense,output_relative_rmse,0.0
0.5,5,2,local_sparse,self_mass,0.016989978579658782
0.5,5,2,local_sparse,output_mse,0.005371876880872151
0.5,5,2,local_sparse,output_mae,0.05596339184558019
0.5,5,2,local_sparse,output_cosine,0.9705571462400258
0.5,5,2,local_sparse,output_relative_rmse,0.2320904542284552
0.5,5,2,local_corrected,self_mass,0.008681489613991289
0.5,5,2,local_corrected,output_mse,0.005414867291619885
0.5,5,2,local_corrected,output_mae,0.0561202941898955
0.5,5,2,local_corrected,output_cosine,0.9702078122645617
0.5,5,2,local_corrected,output_relative_rmse,0.23292956210207194
0.5,5,2,full_sparse,self_mass,0.017019448077917332
0.5,5,2,full_sparse,output_mse,0.004960153652973531
0.5,5,2,full_sparse,output_mae,0.053459615824976936
0.5,5,2,full_sparse,output_cosine,0.973064323887229
0.5,5,2,full_sparse,output_relative_rmse,0.22230490882066078
0.5,5,2,full_corrected,self_mass,0.008887834004781325
0.5,5,2,full_corrected,output_mse,0.005594794420176186
0.5,5,2,full_corrected,output_mae,0.05673796680639498
0.5,5,2,full_corrected,output_cosine,0.9702408097218722
0.5,5,2,full_corrected,output_relative_rmse,0.23643488602829166
0.5,5,3,dense,self_mass,0.006709948334901128
0.5,5,3,dense,output_mse,0.0
0.5,5,3,dense,output_mae,0.0
0.5,5,3,dense,output_cosine,1.0
0.5,5,3,dense,output_relative_rmse,0.0
0.5,5,3,local_sparse,self_mass,0.013277972877403954
0.5,5,3,local_sparse,output_mse,0.006382185909387772
0.5,5,3,local_sparse,output_mae,0.06138134097272996
0.5,5,3,local_sparse,output_cosine,0.9679288314655423
0.5,5,3,local_sparse,output_relative_rmse,0.24835111881839111
0.5,5,3,local_corrected,self_mass,0.006799387017963454
0.5,5,3,local_corrected,output_mse,0.006430139880649222
0.5,5,3,local_corrected,output_mae,0.0615296357718762
0.5,5,3,local_corrected,output_cosine,0.9675676575861871
0.5,5,3,local_corrected,output_relative_rmse,0.24920290033333004
0.5,5,3,full_sparse,self_mass,0.013187261663915706
0.5,5,3,full_sparse,output_mse,0.0054205036594794365
0.5,5,3,full_sparse,output_mae,0.05652100274164695
0.5,5,3,full_sparse,output_cosine,0.9719650563783944
0.5,5,3,full_sparse,output_relative_rmse,0.23085684794932604
0.5,5,3,full_corrected,self_mass,0.006922316015334218
0.5,5,3,full_corrected,output_mse,0.006316884500847664
0.5,5,3,full_corrected,output_mae,0.06115344865247607
0.5,5,3,full_corrected,output_cosine,0.9675105831120163
0.5,5,3,full_corrected,output_relative_rmse,0.2501912953448482
0.5,5,4,dense,self_mass,0.042573194215947296
0.5,5,4,dense,output_mse,0.0
0.5,5,4,dense,output_mae,0.0
0.5,5,4,dense,output_cosine,1.0
0.5,5,4,dense,output_relative_rmse,0.0
0.5,5,4,local_sparse,self_mass,0.08377918588666944
0.5,5,4,local_sparse,output_mse,0.039983909653528826
0.5,5,4,local_sparse,output_mae,0.14065486786421388
0.5,5,4,local_sparse,output_cosine,0.94605348771438
0.5,5,4,local_sparse,output_relative_rmse,0.33358032756950706
0.5,5,4,local_corrected,self_mass,0.04738913563051028
0.5,5,4,local_corrected,output_mse,0.04123841742693912
0.5,5,4,local_corrected,output_mae,0.14300456771161407
0.5,5,4,local_corrected,output_cosine,0.943825728725642
0.5,5,4,local_corrected,output_relative_rmse,0.3389809098443948
0.5,5,4,full_sparse,self_mass,0.08589975991344545
0.5,5,4,full_sparse,output_mse,0.03905205221599317
0.5,5,4,full_sparse,output_mae,0.1408439239312429
0.5,5,4,full_sparse,output_cosine,0.9483083016239107
0.5,5,4,full_sparse,output_relative_rmse,0.3291192430187948
0.5,5,4,full_corrected,self_mass,0.05175173423049273
0.5,5,4,full_corrected,output_mse,0.042885676342848456
0.5,5,4,full_corrected,output_mae,0.14788031196803786
0.5,5,4,full_corrected,output_cosine,0.9450183028820902
0.5,5,4,full_corrected,output_relative_rmse,0.3451918188948184
0.5,5,5,dense,self_mass,0.02870949804491829
0.5,5,5,dense,output_mse,0.0
0.5,5,5,dense,output_mae,0.0
0.5,5,5,dense,output_cosine,1.0
0.5,5,5,dense,output_relative_rmse,0.0
0.5,5,5,local_sparse,self_mass,0.056031183317827526
0.5,5,5,local_sparse,output_mse,0.010961644858980435
0.5,5,5,local_sparse,output_mae,0.07675092393765226
0.5,5,5,local_sparse,output_cosine,0.9829597054049373
0.5,5,5,local_sparse,output_relative_rmse,0.17944879591232166
0.5,5,5,local_corrected,self_mass,0.030316482752823504
0.5,5,5,local_corrected,output_mse,0.011326356510835467
0.5,5,5,local_corrected,output_mae,0.07765779696637765
0.5,5,5,local_corrected,output_cosine,0.982242165831849
0.5,5,5,local_corrected,output_relative_rmse,0.18235332416952588
0.5,5,5,full_sparse,self_mass,0.05723306160507491
0.5,5,5,full_sparse,output_mse,0.01233756894725957
0.5,5,5,full_sparse,output_mae,0.0818795401864918
0.5,5,5,full_sparse,output_cosine,0.9804495833814144
0.5,5,5,full_sparse,output_relative_rmse,0.19023161873337813
0.5,5,5,full_corrected,self_mass,0.03225024891071371
0.5,5,5,full_corrected,output_mse,0.013587739666036214
0.5,5,5,full_corrected,output_mae,0.08559833352046553
0.5,5,5,full_corrected,output_cosine,0.9788603959605098
0.5,5,5,full_corrected,output_relative_rmse,0.19967641765833832
0.5,5,6,dense,self_mass,0.01883413780888077
0.5,5,6,dense,output_mse,0.0
0.5,5,6,dense,output_mae,0.0
0.5,5,6,dense,output_cosine,1.0
0.5,5,6,dense,output_relative_rmse,0.0
0.5,5,6,local_sparse,self_mass,0.038157792019774206
0.5,5,6,local_sparse,output_mse,0.020315922010922804
0.5,5,6,local_sparse,output_mae,0.10549382242606953
0.5,5,6,local_sparse,output_cosine,0.9594732800032943
0.5,5,6,local_sparse,output_relative_rmse,0.2858485686010681
0.5,5,6,local_corrected,self_mass,0.0197438493341906
0.5,5,6,local_corrected,output_mse,0.0208221277789562
0.5,5,6,local_corrected,output_mae,0.10674820872372948
0.5,5,6,local_corrected,output_cosine,0.9583661262877285
0.5,5,6,local_corrected,output_relative_rmse,0.28944814414717257
0.5,5,6,full_sparse,self_mass,0.03867549106507795
0.5,5,6,full_sparse,output_mse,0.020688759876065888
0.5,5,6,full_sparse,output_mae,0.1071239791053813
0.5,5,6,full_sparse,output_cosine,0.9590480637270957
0.5,5,6,full_sparse,output_relative_rmse,0.28845619806088507
0.5,5,6,full_corrected,self_mass,0.02030809061761829
0.5,5,6,full_corrected,output_mse,0.02303384299739264
0.5,5,6,full_corrected,output_mae,0.11253675745683722
0.5,5,6,full_corrected,output_cosine,0.9562997063621879
0.5,5,6,full_corrected,output_relative_rmse,0.30444519605953246
0.5,5,7,dense,self_mass,0.024086366927804193
0.5,5,7,dense,output_mse,0.0
0.5,5,7,dense,output_mae,0.0
0.5,5,7,dense,output_cosine,1.0
0.5,5,7,dense,output_relative_rmse,0.0
0.5,5,7,local_sparse,self_mass,0.047388841514475644
0.5,5,7,local_sparse,output_mse,0.014213646416465053
0.5,5,7,local_sparse,output_mae,0.09020214641350321
0.5,5,7,local_sparse,output_cosine,0.9694631933234632
0.5,5,7,local_sparse,output_relative_rmse,0.24544875032734126
0.5,5,7,local_corrected,self_mass,0.024595552422397304
0.5,5,7,local_corrected,output_mse,0.014572700167263974
0.5,5,7,local_corrected,output_mae,0.09110088052693754
0.5,5,7,local_corrected,output_cosine,0.9681051410734653
0.5,5,7,local_corrected,output_relative_rmse,0.24852638592710719
0.5,5,7,full_sparse,self_mass,0.04733873940858757
0.5,5,7,full_sparse,output_mse,0.011834902565169614
0.5,5,7,full_sparse,output_mae,0.0829957678943174
0.5,5,7,full_sparse,output_cosine,0.9739601777400821
0.5,5,7,full_sparse,output_relative_rmse,0.22401766531402245
0.5,5,7,full_corrected,self_mass,0.024860389738023514
0.5,5,7,full_corrected,output_mse,0.013259640045362175
0.5,5,7,full_corrected,output_mae,0.08749835782509763
0.5,5,7,full_corrected,output_cosine,0.9713038601912558
0.5,5,7,full_corrected,output_relative_rmse,0.237104170024395
0.5,5,8,dense,self_mass,0.036596924903278705
0.5,5,8,dense,output_mse,0.0
0.5,5,8,dense,output_mae,0.0
0.5,5,8,dense,output_cosine,1.0
0.5,5,8,dense,output_relative_rmse,0.0
0.5,5,8,local_sparse,self_mass,0.07105139171471819
0.5,5,8,local_sparse,output_mse,0.012592443421453936
0.5,5,8,local_sparse,output_mae,0.08440122770844027
0.5,5,8,local_sparse,output_cosine,0.9747201912105083
0.5,5,8,local_sparse,output_relative_rmse,0.22470303071895614
0.5,5,8,local_corrected,self_mass,0.03800164453423349
0.5,5,8,local_corrected,output_mse,0.012901862164653721
0.5,5,8,local_corrected,output_mae,0.08513839982333593
0.5,5,8,local_corrected,output_cosine,0.97338468558155
0.5,5,8,local_corrected,output_relative_rmse,0.22753677470609546
0.5,5,8,full_sparse,self_mass,0.07169704226544127
0.5,5,8,full_sparse,output_mse,0.011548726210094173
0.5,5,8,full_sparse,output_mae,0.08126906493271235
0.5,5,8,full_sparse,output_cosine,0.9763256283476949
0.5,5,8,full_sparse,output_relative_rmse,0.21526471857214347
0.5,5,8,full_corrected,self_mass,0.03979641260957578
0.5,5,8,full_corrected,output_mse,0.012763742432071012
0.5,5,8,full_corrected,output_mae,0.08512373821577057
0.5,5,8,full_corrected,output_cosine,0.9742077195551246
0.5,5,8,full_corrected,output_relative_rmse,0.22624979040119797
0.5,5,9,dense,self_mass,0.011017729942977894
0.5,5,9,dense,output_mse,0.0
0.5,5,9,dense,output_mae,0.0
0.5,5,9,dense,output_cosine,1.0
0.5,5,9,dense,output_relative_rmse,0.0
0.5,5,9,local_sparse,self_mass,0.023958729070727713
0.5,5,9,local_sparse,output_mse,0.04130731381883379
0.5,5,9,local_sparse,output_mae,0.14011003694031388
0.5,5,9,local_sparse,output_cosine,0.959128545364365
0.5,5,9,local_sparse,output_relative_rmse,0.28917432721937075
0.5,5,9,local_corrected,self_mass,0.012885048643511254
0.5,5,9,local_corrected,output_mse,0.042063868801051285
0.5,5,9,local_corrected,output_mae,0.1412311404128559
0.5,5,9,local_corrected,output_cosine,0.9583255455363542
0.5,5,9,local_corrected,output_relative_rmse,0.2918303277110681
0.5,5,9,full_sparse,self_mass,0.02434702470782213
0.5,5,9,full_sparse,output_mse,0.0470141010810039
0.5,5,9,full_sparse,output_mae,0.15267199475783855
0.5,5,9,full_sparse,output_cosine,0.9545074929483235
0.5,5,9,full_sparse,output_relative_rmse,0.3087217398569919
0.5,5,9,full_corrected,self_mass,0.013725821901971358
0.5,5,9,full_corrected,output_mse,0.051183552081056405
0.5,5,9,full_corrected,output_mae,0.15933377644978464
0.5,5,9,full_corrected,output_cosine,0.9522203339729458
0.5,5,9,full_corrected,output_relative_rmse,0.3222761491779238
0.5,5,10,dense,self_mass,0.017883670265291585
0.5,5,10,dense,output_mse,0.0
0.5,5,10,dense,output_mae,0.0
0.5,5,10,dense,output_cosine,1.0
0.5,5,10,dense,output_relative_rmse,0.0
0.5,5,10,local_sparse,self_mass,0.035238698073953856
0.5,5,10,local_sparse,output_mse,0.011866604189890495
0.5,5,10,local_sparse,output_mae,0.08094098472793121
0.5,5,10,local_sparse,output_cosine,0.9499983913265169
0.5,5,10,local_sparse,output_relative_rmse,0.32582588179502636
0.5,5,10,local_corrected,self_mass,0.018219175861304393
0.5,5,10,local_corrected,output_mse,0.012059437897733005
0.5,5,10,local_corrected,output_mae,0.08149252975999843
0.5,5,10,local_corrected,output_cosine,0.9487085619475693
0.5,5,10,local_corrected,output_relative_rmse,0.3284187761018984
0.5,5,10,full_sparse,self_mass,0.036133984074695036
0.5,5,10,full_sparse,output_mse,0.011547019279532833
0.5,5,10,full_sparse,output_mae,0.07962697120092344
0.5,5,10,full_sparse,output_cosine,0.9503890410996974
0.5,5,10,full_sparse,output_relative_rmse,0.32235946267610416
0.5,5,10,full_corrected,self_mass,0.019645773543743417
0.5,5,10,full_corrected,output_mse,0.012596490853866271
0.5,5,10,full_corrected,output_mae,0.08311429445166141
0.5,5,10,full_corrected,output_cosine,0.947353991214186
0.5,5,10,full_corrected,output_relative_rmse,0.33687945071142167
0.5,5,11,dense,self_mass,0.008521607720467728
0.5,5,11,dense,output_mse,0.0
0.5,5,11,dense,output_mae,0.0
0.5,5,11,dense,output_cosine,1.0
0.5,5,11,dense,output_relative_rmse,0.0
0.5,5,11,local_sparse,self_mass,0.01693409954532399
0.5,5,11,local_sparse,output_mse,0.005878952605598897
0.5,5,11,local_sparse,output_mae,0.05871282359294128
0.5,5,11,local_sparse,output_cosine,0.9640914124902338
0.5,5,11,local_sparse,output_relative_rmse,0.266762864892371
0.5,5,11,local_corrected,self_mass,0.008603357104220777
0.5,5,11,local_corrected,output_mse,0.0059158115468562755
0.5,5,11,local_corrected,output_mae,0.05885785140708322
0.5,5,11,local_corrected,output_cosine,0.9636592757888138
0.5,5,11,local_corrected,output_relative_rmse,0.2675677404331509
0.5,5,11,full_sparse,self_mass,0.016860460418683942
0.5,5,11,full_sparse,output_mse,0.005099407733723638
0.5,5,11,full_sparse,output_mae,0.05467986462463159
0.5,5,11,full_sparse,output_cosine,0.9685294111259282
0.5,5,11,full_sparse,output_relative_rmse,0.24850917147705331
0.5,5,11,full_corrected,self_mass,0.00873383367616043
0.5,5,11,full_corrected,output_mse,0.005827642939948419
0.5,5,11,full_corrected,output_mae,0.0582086558570154
0.5,5,11,full_corrected,output_cosine,0.9653542987070978
0.5,5,11,full_corrected,output_relative_rmse,0.2657564551336691
0.5,6,0,dense,self_mass,0.022903204853719217
0.5,6,0,dense,output_mse,0.0
0.5,6,0,dense,output_mae,0.0
0.5,6,0,dense,output_cosine,1.0
0.5,6,0,dense,output_relative_rmse,0.0
0.5,6,0,local_sparse,self_mass,0.04601086367256357
0.5,6,0,local_sparse,output_mse,0.025193741499606404
0.5,6,0,local_sparse,output_mae,0.11112474997935351
0.5,6,0,local_sparse,output_cosine,0.9580291989259422
0.5,6,0,local_sparse,output_relative_rmse,0.3032966018654406
0.5,6,0,local_corrected,self_mass,0.024574809685873333
0.5,6,0,local_corrected,output_mse,0.025832973295109696
0.5,6,0,local_corrected,output_mae,0.11233312088006642
0.5,6,0,local_corrected,output_cosine,0.9566622220445424
0.5,6,0,local_corrected,output_relative_rmse,0.3070815233513713
0.5,6,0,full_sparse,self_mass,0.046009450510609895
0.5,6,0,full_sparse,output_mse,0.026784319528815104
0.5,6,0,full_sparse,output_mae,0.11531110861687921
0.5,6,0,full_sparse,output_cosine,0.9549573890399188
0.5,6,0,full_sparse,output_relative_rmse,0.3124204507912509
0.5,6,0,full_corrected,self_mass,0.026172039526500157
0.5,6,0,full_corrected,output_mse,0.029625982737343293
0.5,6,0,full_corrected,output_mae,0.1215285703074187
0.5,6,0,full_corrected,output_cosine,0.9516402597073466
0.5,6,0,full_corrected,output_relative_rmse,0.3289865904953331
0.5,6,1,dense,self_mass,0.024390158025198616
0.5,6,1,dense,output_mse,0.0
0.5,6,1,dense,output_mae,0.0
0.5,6,1,dense,output_cosine,1.0
0.5,6,1,dense,output_relative_rmse,0.0
0.5,6,1,local_sparse,self_mass,0.048047069685708266
0.5,6,1,local_sparse,output_mse,0.011133596122817835
0.5,6,1,local_sparse,output_mae,0.0780595866672229
0.5,6,1,local_sparse,output_cosine,0.9711194061674178
0.5,6,1,local_sparse,output_relative_rmse,0.24105168139794841
0.5,6,1,local_corrected,self_mass,0.02503588634863263
0.5,6,1,local_corrected,output_mse,0.011416111248763627
0.5,6,1,local_corrected,output_mae,0.07879362319363281
0.5,6,1,local_corrected,output_cosine,0.9699492016807199
0.5,6,1,local_corrected,output_relative_rmse,0.24417124467436224
0.5,6,1,full_sparse,self_mass,0.04856195505999494
0.5,6,1,full_sparse,output_mse,0.010853226122890192
0.5,6,1,full_sparse,output_mae,0.07765128345636185
0.5,6,1,full_sparse,output_cosine,0.9712394427042454
0.5,6,1,full_sparse,output_relative_rmse,0.23824129672721028
0.5,6,1,full_corrected,self_mass,0.026106643406819785
0.5,6,1,full_corrected,output_mse,0.012060143946655444
0.5,6,1,full_corrected,output_mae,0.08172270747309085
0.5,6,1,full_corrected,output_cosine,0.9685791907832026
0.5,6,1,full_corrected,output_relative_rmse,0.251542518788483
0.5,6,2,dense,self_mass,0.022416032807086594
0.5,6,2,dense,output_mse,0.0
0.5,6,2,dense,output_mae,0.0
0.5,6,2,dense,output_cosine,1.0
0.5,6,2,dense,output_relative_rmse,0.0
0.5,6,2,local_sparse,self_mass,0.04474045496681356
0.5,6,2,local_sparse,output_mse,0.022331469279379235
0.5,6,2,local_sparse,output_mae,0.10557823276030831
0.5,6,2,local_sparse,output_cosine,0.9747607845347375
0.5,6,2,local_sparse,output_relative_rmse,0.22382799198385328
0.5,6,2,local_corrected,self_mass,0.02446234460330743
0.5,6,2,local_corrected,output_mse,0.022950029422645457
0.5,6,2,local_corrected,output_mae,0.1068519969121553
0.5,6,2,local_corrected,output_cosine,0.9739498663693666
0.5,6,2,local_corrected,output_relative_rmse,0.22699313942575827
0.5,6,2,full_sparse,self_mass,0.044186467574036215
0.5,6,2,full_sparse,output_mse,0.02635226683196379
0.5,6,2,full_sparse,output_mae,0.11671061572269537
0.5,6,2,full_sparse,output_cosine,0.9698238703422248
0.5,6,2,full_sparse,output_relative_rmse,0.24354211537865922
0.5,6,2,full_corrected,self_mass,0.02511014274568879
0.5,6,2,full_corrected,output_mse,0.02993983218766516
0.5,6,2,full_corrected,output_mae,0.12428748453385197
0.5,6,2,full_corrected,output_cosine,0.9670057324692607
0.5,6,2,full_corrected,output_relative_rmse,0.2597068235045299
0.5,6,3,dense,self_mass,0.01220752657900448
0.5,6,3,dense,output_mse,0.0
0.5,6,3,dense,output_mae,0.0
0.5,6,3,dense,output_cosine,1.0
0.5,6,3,dense,output_relative_rmse,0.0
0.5,6,3,local_sparse,self_mass,0.024304909420607146
0.5,6,3,local_sparse,output_mse,0.010426654947877978
0.5,6,3,local_sparse,output_mae,0.077089903090382
0.5,6,3,local_sparse,output_cosine,0.9597302679903805
0.5,6,3,local_sparse,output_relative_rmse,0.28916242421837524
0.5,6,3,local_corrected,self_mass,0.012474684026528848
0.5,6,3,local_corrected,output_mse,0.010476898229171638
0.5,6,3,local_corrected,output_mae,0.07722041766101029
0.5,6,3,local_corrected,output_cosine,0.9590673358179629
0.5,6,3,local_corrected,output_relative_rmse,0.2898884681635536
0.5,6,3,full_sparse,self_mass,0.024470735792419873
0.5,6,3,full_sparse,output_mse,0.008343984254679526
0.5,6,3,full_sparse,output_mae,0.06905500665016007
0.5,6,3,full_sparse,output_cosine,0.9667193866334856
0.5,6,3,full_sparse,output_relative_rmse,0.2599955223558936
0.5,6,3,full_corrected,self_mass,0.013197818259868654
0.5,6,3,full_corrected,output_mse,0.009561889259202871
0.5,6,3,full_corrected,output_mae,0.07376414966711309
0.5,6,3,full_corrected,output_cosine,0.9632282003294677
0.5,6,3,full_corrected,output_relative_rmse,0.2788731274777092
0.5,6,4,dense,self_mass,0.005832065314280044
0.5,6,4,dense,output_mse,0.0
0.5,6,4,dense,output_mae,0.0
0.5,6,4,dense,output_cosine,1.0
0.5,6,4,dense,output_relative_rmse,0.0
0.5,6,4,local_sparse,self_mass,0.011774552749557188
0.5,6,4,local_sparse,output_mse,0.011934328149436624
0.5,6,4,local_sparse,output_mae,0.08238539370358922
0.5,6,4,local_sparse,output_cosine,0.9703738843090832
0.5,6,4,local_sparse,output_relative_rmse,0.23873130365973338
0.5,6,4,local_corrected,self_mass,0.005952712236648949
0.5,6,4,local_corrected,output_mse,0.012038829976518173
0.5,6,4,local_corrected,output_mae,0.08271487345336936
0.5,6,4,local_corrected,output_cosine,0.9700780084822327
0.5,6,4,local_corrected,output_relative_rmse,0.23979434702778235
0.5,6,4,full_sparse,self_mass,0.011722735698640463
0.5,6,4,full_sparse,output_mse,0.010138287094378029
0.5,6,4,full_sparse,output_mae,0.07621184265008196
0.5,6,4,full_sparse,output_cosine,0.9742922617588192
0.5,6,4,full_sparse,output_relative_rmse,0.2208558800339233
0.5,6,4,full_corrected,self_mass,0.005838605854478374
0.5,6,4,full_corrected,output_mse,0.011700293342073564
0.5,6,4,full_corrected,output_mae,0.08165989417466335
0.5,6,4,full_corrected,output_cosine,0.9715683942195028
0.5,6,4,full_corrected,output_relative_rmse,0.2372334158862941
0.5,6,5,dense,self_mass,0.0064638246376489406
0.5,6,5,dense,output_mse,0.0
0.5,6,5,dense,output_mae,0.0
0.5,6,5,dense,output_cosine,1.0
0.5,6,5,dense,output_relative_rmse,0.0
0.5,6,5,local_sparse,self_mass,0.012867170917161275
0.5,6,5,local_sparse,output_mse,0.010289946848388354
0.5,6,5,local_sparse,output_mae,0.07507778985018376
0.5,6,5,local_sparse,output_cosine,0.9644406563602388
0.5,6,5,local_sparse,output_relative_rmse,0.26460382115328684
0.5,6,5,local_corrected,self_mass,0.006570333007402951
0.5,6,5,local_corrected,output_mse,0.010341915607568808
0.5,6,5,local_corrected,output_mae,0.07524282523081638
0.5,6,5,local_corrected,output_cosine,0.964145093690604
0.5,6,5,local_corrected,output_relative_rmse,0.2652658216538839
0.5,6,5,full_sparse,self_mass,0.012709547223494155
0.5,6,5,full_sparse,output_mse,0.010165259402128868
0.5,6,5,full_sparse,output_mae,0.07495331222889945
0.5,6,5,full_sparse,output_cosine,0.9644697392359376
0.5,6,5,full_sparse,output_relative_rmse,0.2628990818047896
0.5,6,5,full_corrected,self_mass,0.006662549993961875
0.5,6,5,full_corrected,output_mse,0.011546606969204731
0.5,6,5,full_corrected,output_mae,0.07977576361736283
0.5,6,5,full_corrected,output_cosine,0.9610023945569992
0.5,6,5,full_corrected,output_relative_rmse,0.28062576439697295
0.5,6,6,dense,self_mass,0.006548931097313471
0.5,6,6,dense,output_mse,0.0
0.5,6,6,dense,output_mae,0.0
0.5,6,6,dense,output_cosine,1.0
0.5,6,6,dense,output_relative_rmse,0.0
0.5,6,6,local_sparse,self_mass,0.013048541011812631
0.5,6,6,local_sparse,output_mse,0.006354011535222526
0.5,6,6,local_sparse,output_mae,0.06110595118661877
0.5,6,6,local_sparse,output_cosine,0.9726510411128402
0.5,6,6,local_sparse,output_relative_rmse,0.23031162543338723
0.5,6,6,local_corrected,self_mass,0.006613936096073303
0.5,6,6,local_corrected,output_mse,0.006406217975381878
0.5,6,6,local_corrected,output_mae,0.06130042987933848
0.5,6,6,local_corrected,output_cosine,0.9723592391237617
0.5,6,6,local_corrected,output_relative_rmse,0.2312368176644668
0.5,6,6,full_sparse,self_mass,0.013100252246658783
0.5,6,6,full_sparse,output_mse,0.005294715646414261
0.5,6,6,full_sparse,output_mae,0.05603158340090886
0.5,6,6,full_sparse,output_cosine,0.9764459358993918
0.5,6,6,full_sparse,output_relative_rmse,0.2114138936449308
0.5,6,6,full_corrected,self_mass,0.006799892543313035
0.5,6,6,full_corrected,output_mse,0.0060811125358668505
0.5,6,6,full_corrected,output_mae,0.05992162226175424
0.5,6,6,full_corrected,output_cosine,0.9737100035417825
0.5,6,6,full_corrected,output_relative_rmse,0.2267494513944257
0.5,6,7,dense,self_mass,0.017041825250998954
0.5,6,7,dense,output_mse,0.0
0.5,6,7,dense,output_mae,0.0
0.5,6,7,dense,output_cosine,1.0
0.5,6,7,dense,output_relative_rmse,0.0
0.5,6,7,local_sparse,self_mass,0.033639715489698574
0.5,6,7,local_sparse,output_mse,0.014804945230935118
0.5,6,7,local_sparse,output_mae,0.08698845782782882
0.5,6,7,local_sparse,output_cosine,0.9763922211714089
0.5,6,7,local_sparse,output_relative_rmse,0.2131664808257483
0.5,6,7,local_corrected,self_mass,0.018202166987975943
0.5,6,7,local_corrected,output_mse,0.015113807523448486
0.5,6,7,local_corrected,output_mae,0.08769849510281347
0.5,6,7,local_corrected,output_cosine,0.9758045906201005
0.5,6,7,local_corrected,output_relative_rmse,0.21549058027449064
0.5,6,7,full_sparse,self_mass,0.0338187271845527
0.5,6,7,full_sparse,output_mse,0.018141125305191963
0.5,6,7,full_sparse,output_mae,0.09706890952656977
0.5,6,7,full_sparse,output_cosine,0.9704130007885396
0.5,6,7,full_sparse,output_relative_rmse,0.23680675093783066
0.5,6,7,full_corrected,self_mass,0.01864879375898454
0.5,6,7,full_corrected,output_mse,0.019906071704099304
0.5,6,7,full_corrected,output_mae,0.10157575081393588
0.5,6,7,full_corrected,output_cosine,0.9682535124011338
0.5,6,7,full_corrected,output_relative_rmse,0.24847999028861523
0.5,6,8,dense,self_mass,0.041546617008862086
0.5,6,8,dense,output_mse,0.0
0.5,6,8,dense,output_mae,0.0
0.5,6,8,dense,output_cosine,1.0
0.5,6,8,dense,output_relative_rmse,0.0
0.5,6,8,local_sparse,self_mass,0.0796751021334785
0.5,6,8,local_sparse,output_mse,0.012368132829578826
0.5,6,8,local_sparse,output_mae,0.08282624688581564
0.5,6,8,local_sparse,output_cosine,0.9769744828809053
0.5,6,8,local_sparse,output_relative_rmse,0.21373235739883967
0.5,6,8,local_corrected,self_mass,0.043083485528768506
0.5,6,8,local_corrected,output_mse,0.012646405682971817
0.5,6,8,local_corrected,output_mae,0.08342340636590961
0.5,6,8,local_corrected,output_cosine,0.9757958694826812
0.5,6,8,local_corrected,output_relative_rmse,0.2161196302913595
0.5,6,8,full_sparse,self_mass,0.08068221640132833
0.5,6,8,full_sparse,output_mse,0.012656476133997785
0.5,6,8,full_sparse,output_mae,0.08441895715077408
0.5,6,8,full_sparse,output_cosine,0.9757315469905734
0.5,6,8,full_sparse,output_relative_rmse,0.21643991864402778
0.5,6,8,full_corrected,self_mass,0.04651631211163476
0.5,6,8,full_corrected,output_mse,0.014127882628599764
0.5,6,8,full_corrected,output_mae,0.0890364730876172
0.5,6,8,full_corrected,output_cosine,0.9731869669631124
0.5,6,8,full_corrected,output_relative_rmse,0.22874402333400212
0.5,6,9,dense,self_mass,0.006781657114970585
0.5,6,9,dense,output_mse,0.0
0.5,6,9,dense,output_mae,0.0
0.5,6,9,dense,output_cosine,1.0
0.5,6,9,dense,output_relative_rmse,0.0
0.5,6,9,local_sparse,self_mass,0.013563420199716347
0.5,6,9,local_sparse,output_mse,0.010351277222071076
0.5,6,9,local_sparse,output_mae,0.07514479516248684
0.5,6,9,local_sparse,output_cosine,0.9693241275381297
0.5,6,9,local_sparse,output_relative_rmse,0.24430053008836694
0.5,6,9,local_corrected,self_mass,0.006948637616915221
0.5,6,9,local_corrected,output_mse,0.01043434115308628
0.5,6,9,local_corrected,output_mae,0.07537009475345258
0.5,6,9,local_corrected,output_cosine,0.9690116981510073
0.5,6,9,local_corrected,output_relative_rmse,0.24523513484746218
0.5,6,9,full_sparse,self_mass,0.013564390252213343
0.5,6,9,full_sparse,output_mse,0.010530924603699532
0.5,6,9,full_sparse,output_mae,0.0757193578465376
0.5,6,9,full_sparse,output_cosine,0.9687591863330454
0.5,6,9,full_sparse,output_relative_rmse,0.24592441273853183
0.5,6,9,full_corrected,self_mass,0.007045488837775338
0.5,6,9,full_corrected,output_mse,0.011887512380781118
0.5,6,9,full_corrected,output_mae,0.08027512233820744
0.5,6,9,full_corrected,output_cosine,0.9661427543032914
0.5,6,9,full_corrected,output_relative_rmse,0.26181421597721055
0.5,6,10,dense,self_mass,0.03579219383391319
0.5,6,10,dense,output_mse,0.0
0.5,6,10,dense,output_mae,0.0
0.5,6,10,dense,output_cosine,1.0
0.5,6,10,dense,output_relative_rmse,0.0
0.5,6,10,local_sparse,self_mass,0.06905316434131237
0.5,6,10,local_sparse,output_mse,0.01085007297933771
0.5,6,10,local_sparse,output_mae,0.07851480538374744
0.5,6,10,local_sparse,output_cosine,0.9768393468111753
0.5,6,10,local_sparse,output_relative_rmse,0.21609738358529285
0.5,6,10,local_corrected,self_mass,0.0366740128811216
0.5,6,10,local_corrected,output_mse,0.011114460796306957
0.5,6,10,local_corrected,output_mae,0.0790895334794186
0.5,6,10,local_corrected,output_cosine,0.9754959300626069
0.5,6,10,local_corrected,output_relative_rmse,0.2187653216533363
0.5,6,10,full_sparse,self_mass,0.06984453738550656
0.5,6,10,full_sparse,output_mse,0.010436595859573572
0.5,6,10,full_sparse,output_mae,0.07742989723919891
0.5,6,10,full_sparse,output_cosine,0.9767655804753304
0.5,6,10,full_sparse,output_relative_rmse,0.21229871310060844
0.5,6,10,full_corrected,self_mass,0.039120460067351814
0.5,6,10,full_corrected,output_mse,0.011571385900424502
0.5,6,10,full_corrected,output_mae,0.0813246278121369
0.5,6,10,full_corrected,output_cosine,0.9744047981221229
0.5,6,10,full_corrected,output_relative_rmse,0.22357352799735963
0.5,6,11,dense,self_mass,0.012368601433990989
0.5,6,11,dense,output_mse,0.0
0.5,6,11,dense,output_mae,0.0
0.5,6,11,dense,output_cosine,1.0
0.5,6,11,dense,output_relative_rmse,0.0
0.5,6,11,local_sparse,self_mass,0.025503724988084286
0.5,6,11,local_sparse,output_mse,0.021630900409945752
0.5,6,11,local_sparse,output_mae,0.10446818020136561
0.5,6,11,local_sparse,output_cosine,0.9741241778247058
0.5,6,11,local_sparse,output_relative_rmse,0.22910405427683145
0.5,6,11,local_corrected,self_mass,0.013417977610515663
0.5,6,11,local_corrected,output_mse,0.022099529140177765
0.5,6,11,local_corrected,output_mae,0.10538673811242916
0.5,6,11,local_corrected,output_cosine,0.9734871664550155
0.5,6,11,local_corrected,output_relative_rmse,0.23154534527566284
0.5,6,11,full_sparse,self_mass,0.02547436853274121
0.5,6,11,full_sparse,output_mse,0.02548240221585729
0.5,6,11,full_sparse,output_mae,0.11505766495247371
0.5,6,11,full_sparse,output_cosine,0.9693706147372723
0.5,6,11,full_sparse,output_relative_rmse,0.24890294624492526
0.5,6,11,full_corrected,self_mass,0.013697656093427213
0.5,6,11,full_corrected,output_mse,0.028566993059939705
0.5,6,11,full_corrected,output_mae,0.12162266985978931
0.5,6,11,full_corrected,output_cosine,0.9669349994510412
0.5,6,11,full_corrected,output_relative_rmse,0.2637013763305731
0.5,7,0,dense,self_mass,0.02054782718550996
0.5,7,0,dense,output_mse,0.0
0.5,7,0,dense,output_mae,0.0
0.5,7,0,dense,output_cosine,1.0
0.5,7,0,dense,output_relative_rmse,0.0
0.5,7,0,local_sparse,self_mass,0.04009800840867683
0.5,7,0,local_sparse,output_mse,0.007078917035869381
0.5,7,0,local_sparse,output_mae,0.06317924677568953
0.5,7,0,local_sparse,output_cosine,0.9798274007625878
0.5,7,0,local_sparse,output_relative_rmse,0.19585474563064054
0.5,7,0,local_corrected,self_mass,0.020934067888447316
0.5,7,0,local_corrected,output_mse,0.007174253176344791
0.5,7,0,local_corrected,output_mae,0.06340048389392905
0.5,7,0,local_corrected,output_cosine,0.9792202252428979
0.5,7,0,local_corrected,output_relative_rmse,0.19717088667675853
0.5,7,0,full_sparse,self_mass,0.03984854575537611
0.5,7,0,full_sparse,output_mse,0.007885409213486128
0.5,7,0,full_sparse,output_mae,0.06725867997738533
0.5,7,0,full_sparse,output_cosine,0.9765030378475785
0.5,7,0,full_sparse,output_relative_rmse,0.20753388438606635
0.5,7,0,full_corrected,self_mass,0.021812113518535625
0.5,7,0,full_corrected,output_mse,0.008902418516299804
0.5,7,0,full_corrected,output_mae,0.07123887175112031
0.5,7,0,full_corrected,output_cosine,0.9739957456476986
0.5,7,0,full_corrected,output_relative_rmse,0.22064334200695157
0.5,7,1,dense,self_mass,0.013658636698892224
0.5,7,1,dense,output_mse,0.0
0.5,7,1,dense,output_mae,0.0
0.5,7,1,dense,output_cosine,1.0
0.5,7,1,dense,output_relative_rmse,0.0
0.5,7,1,local_sparse,self_mass,0.026877009731833823
0.5,7,1,local_sparse,output_mse,0.009431451296222804
0.5,7,1,local_sparse,output_mae,0.07142528906115331
0.5,7,1,local_sparse,output_cosine,0.9776040136348456
0.5,7,1,local_sparse,output_relative_rmse,0.2110408082662616
0.5,7,1,local_corrected,self_mass,0.013991095183882862
0.5,7,1,local_corrected,output_mse,0.00957979413215071
0.5,7,1,local_corrected,output_mae,0.0718502535164589
0.5,7,1,local_corrected,output_cosine,0.97716583032161
0.5,7,1,local_corrected,output_relative_rmse,0.21268766539287753
0.5,7,1,full_sparse,self_mass,0.026962902913510334
0.5,7,1,full_sparse,output_mse,0.011634697330009658
0.5,7,1,full_sparse,output_mae,0.07939914752205368
0.5,7,1,full_sparse,output_cosine,0.9707078984938562
0.5,7,1,full_sparse,output_relative_rmse,0.23499613453168422
0.5,7,1,full_corrected,self_mass,0.014553814833561773
0.5,7,1,full_corrected,output_mse,0.01385959892104438
0.5,7,1,full_corrected,output_mae,0.08641077672655229
0.5,7,1,full_corrected,output_cosine,0.9665951794013381
0.5,7,1,full_corrected,output_relative_rmse,0.25679894123459235
0.5,7,2,dense,self_mass,0.007195812417194247
0.5,7,2,dense,output_mse,0.0
0.5,7,2,dense,output_mae,0.0
0.5,7,2,dense,output_cosine,1.0
0.5,7,2,dense,output_relative_rmse,0.0
0.5,7,2,local_sparse,self_mass,0.014409812392841559
0.5,7,2,local_sparse,output_mse,0.007205362864624476
0.5,7,2,local_sparse,output_mae,0.06357192443101667
0.5,7,2,local_sparse,output_cosine,0.9715665546245873
0.5,7,2,local_sparse,output_relative_rmse,0.2361968050536234
0.5,7,2,local_corrected,self_mass,0.007289199991646456
0.5,7,2,local_corrected,output_mse,0.007266400773914938
0.5,7,2,local_corrected,output_mae,0.06382246778230183
0.5,7,2,local_corrected,output_cosine,0.9712644931860268
0.5,7,2,local_corrected,output_relative_rmse,0.23719789102324285
0.5,7,2,full_sparse,self_mass,0.01440429657122877
0.5,7,2,full_sparse,output_mse,0.007270931053426466
0.5,7,2,full_sparse,output_mae,0.06431601490476169
0.5,7,2,full_sparse,output_cosine,0.9699452442582697
0.5,7,2,full_sparse,output_relative_rmse,0.23810938198585063
0.5,7,2,full_corrected,self_mass,0.007199073321316973
0.5,7,2,full_corrected,output_mse,0.008493864696902165
0.5,7,2,full_corrected,output_mae,0.06938549078768119
0.5,7,2,full_corrected,output_cosine,0.9663489065133035
0.5,7,2,full_corrected,output_relative_rmse,0.257826117973309
0.5,7,3,dense,self_mass,0.021264208811771823
0.5,7,3,dense,output_mse,0.0
0.5,7,3,dense,output_mae,0.0
0.5,7,3,dense,output_cosine,1.0
0.5,7,3,dense,output_relative_rmse,0.0
0.5,7,3,local_sparse,self_mass,0.043274304502119776
0.5,7,3,local_sparse,output_mse,0.020552289963234216
0.5,7,3,local_sparse,output_mae,0.10367661659256555
0.5,7,3,local_sparse,output_cosine,0.9657025532796979
0.5,7,3,local_sparse,output_relative_rmse,0.2578613642253913
0.5,7,3,local_corrected,self_mass,0.02274882090932806
0.5,7,3,local_corrected,output_mse,0.021135969320312142
0.5,7,3,local_corrected,output_mae,0.10503029235405847
0.5,7,3,local_corrected,output_cosine,0.9646834067534655
0.5,7,3,local_corrected,output_relative_rmse,0.26155917189316824
0.5,7,3,full_sparse,self_mass,0.04359412458143197
0.5,7,3,full_sparse,output_mse,0.02256657429461484
0.5,7,3,full_sparse,output_mae,0.11173809654428624
0.5,7,3,full_sparse,output_cosine,0.9617804123554379
0.5,7,3,full_sparse,output_relative_rmse,0.27089678356423974
0.5,7,3,full_corrected,self_mass,0.023508352271164767
0.5,7,3,full_corrected,output_mse,0.025847641707514413
0.5,7,3,full_corrected,output_mae,0.11921839640126564
0.5,7,3,full_corrected,output_cosine,0.9581359687726945
0.5,7,3,full_corrected,output_relative_rmse,0.2902402253821492
0.5,7,4,dense,self_mass,0.005808346420963062
0.5,7,4,dense,output_mse,0.0
0.5,7,4,dense,output_mae,0.0
0.5,7,4,dense,output_cosine,1.0
0.5,7,4,dense,output_relative_rmse,0.0
0.5,7,4,local_sparse,self_mass,0.01150703909479489
0.5,7,4,local_sparse,output_mse,0.00462911729073312
0.5,7,4,local_sparse,output_mae,0.05182592372875661
0.5,7,4,local_sparse,output_cosine,0.977881247876212
0.5,7,4,local_sparse,output_relative_rmse,0.20617025549290702
0.5,7,4,local_corrected,self_mass,0.005822446316415153
0.5,7,4,local_corrected,output_mse,0.004658181467220857
0.5,7,4,local_corrected,output_mae,0.051952617170172743
0.5,7,4,local_corrected,output_cosine,0.9777046123053879
0.5,7,4,local_corrected,output_relative_rmse,0.20677523608901538
0.5,7,4,full_sparse,self_mass,0.011494807784401928
0.5,7,4,full_sparse,output_mse,0.004741207712868345
0.5,7,4,full_sparse,output_mae,0.052580008981749415
0.5,7,4,full_sparse,output_cosine,0.9768918643239886
0.5,7,4,full_sparse,output_relative_rmse,0.20874711274518631
0.5,7,4,full_corrected,self_mass,0.005986516787743312
0.5,7,4,full_corrected,output_mse,0.00532428519181849
0.5,7,4,full_corrected,output_mae,0.05562048226420302
0.5,7,4,full_corrected,output_cosine,0.9746015120763332
0.5,7,4,full_corrected,output_relative_rmse,0.2216024154331535
0.5,7,5,dense,self_mass,0.007439351385983173
0.5,7,5,dense,output_mse,0.0
0.5,7,5,dense,output_mae,0.0
0.5,7,5,dense,output_cosine,1.0
0.5,7,5,dense,output_relative_rmse,0.0
0.5,7,5,local_sparse,self_mass,0.014803741651121527
0.5,7,5,local_sparse,output_mse,0.008743007629163912
0.5,7,5,local_sparse,output_mae,0.07048266479978338
0.5,7,5,local_sparse,output_cosine,0.9582206788472831
0.5,7,5,local_sparse,output_relative_rmse,0.2906344495713711
0.5,7,5,local_corrected,self_mass,0.007540046755821095
0.5,7,5,local_corrected,output_mse,0.008799654202448437
0.5,7,5,local_corrected,output_mae,0.07067430928873364
0.5,7,5,local_corrected,output_cosine,0.9577739406377077
0.5,7,5,local_corrected,output_relative_rmse,0.2916894100490026
0.5,7,5,full_sparse,self_mass,0.014756721837329678
0.5,7,5,full_sparse,output_mse,0.007243915928484057
0.5,7,5,full_sparse,output_mae,0.06443871291412506
0.5,7,5,full_sparse,output_cosine,0.9641787144355476
0.5,7,5,full_sparse,output_relative_rmse,0.2676223610760644
0.5,7,5,full_corrected,self_mass,0.007748297470243415
0.5,7,5,full_corrected,output_mse,0.008120368512209097
0.5,7,5,full_corrected,output_mae,0.06821462869993411
0.5,7,5,full_corrected,output_cosine,0.9613818835932761
0.5,7,5,full_corrected,output_relative_rmse,0.2842002105899155
0.5,7,6,dense,self_mass,0.00189288052433767
0.5,7,6,dense,output_mse,0.0
0.5,7,6,dense,output_mae,0.0
0.5,7,6,dense,output_cosine,1.0
0.5,7,6,dense,output_relative_rmse,0.0
0.5,7,6,local_sparse,self_mass,0.0038072171719250036
0.5,7,6,local_sparse,output_mse,0.0068729521981367725
0.5,7,6,local_sparse,output_mae,0.06258776588947512
0.5,7,6,local_sparse,output_cosine,0.9682171123567969
0.5,7,6,local_sparse,output_relative_rmse,0.2523600428539794
0.5,7,6,local_corrected,self_mass,0.001911933864448656
0.5,7,6,local_corrected,output_mse,0.006891269131301669
0.5,7,6,local_corrected,output_mae,0.06266753526870161
0.5,7,6,local_corrected,output_cosine,0.9681688463315368
0.5,7,6,local_corrected,output_relative_rmse,0.2527229214028921
0.5,7,6,full_sparse,self_mass,0.003803318843438319
0.5,7,6,full_sparse,output_mse,0.006784350791349425
0.5,7,6,full_sparse,output_mae,0.06242833465512376
0.5,7,6,full_sparse,output_cosine,0.9679014303255826
0.5,7,6,full_sparse,output_relative_rmse,0.25162523376639
0.5,7,6,full_corrected,self_mass,0.0017235867492217949
0.5,7,6,full_corrected,output_mse,0.008196889191822265
0.5,7,6,full_corrected,output_mae,0.06845401691680308
0.5,7,6,full_corrected,output_cosine,0.9633333031088114
0.5,7,6,full_corrected,output_relative_rmse,0.2772193842683919
0.5,7,7,dense,self_mass,0.008572691009248956
0.5,7,7,dense,output_mse,0.0
0.5,7,7,dense,output_mae,0.0
0.5,7,7,dense,output_cosine,1.0
0.5,7,7,dense,output_relative_rmse,0.0
0.5,7,7,local_sparse,self_mass,0.01701497827161802
0.5,7,7,local_sparse,output_mse,0.0058959423281521595
0.5,7,7,local_sparse,output_mae,0.05795492047764128
0.5,7,7,local_sparse,output_cosine,0.9681450282223523
0.5,7,7,local_sparse,output_relative_rmse,0.25036239871405996
0.5,7,7,local_corrected,self_mass,0.008697480514456402
0.5,7,7,local_corrected,output_mse,0.005933630913204979
0.5,7,7,local_corrected,output_mae,0.05807729529624339
0.5,7,7,local_corrected,output_cosine,0.9676943570375443
0.5,7,7,local_corrected,output_relative_rmse,0.25122597871813923
0.5,7,7,full_sparse,self_mass,0.016855118145031156
0.5,7,7,full_sparse,output_mse,0.005231066521446337
0.5,7,7,full_sparse,output_mae,0.054927242279518396
0.5,7,7,full_sparse,output_cosine,0.9708781894296408
0.5,7,7,full_sparse,output_relative_rmse,0.23725788117735647
0.5,7,7,full_corrected,self_mass,0.008984038293419871
0.5,7,7,full_corrected,output_mse,0.0058677296674432
0.5,7,7,full_corrected,output_mae,0.05826723019708879
0.5,7,7,full_corrected,output_cosine,0.9678848111070693
0.5,7,7,full_corrected,output_relative_rmse,0.25207015429623425
0.5,7,8,dense,self_mass,0.023432709520420758
0.5,7,8,dense,output_mse,0.0
0.5,7,8,dense,output_mae,0.0
0.5,7,8,dense,output_cosine,1.0
0.5,7,8,dense,output_relative_rmse,0.0
0.5,7,8,local_sparse,self_mass,0.04596547345863655
0.5,7,8,local_sparse,output_mse,0.010536260631852201
0.5,7,8,local_sparse,output_mae,0.07658546154561918
0.5,7,8,local_sparse,output_cosine,0.9722800147719681
0.5,7,8,local_sparse,output_relative_rmse,0.2325084189651534
0.5,7,8,local_corrected,self_mass,0.02414637941910769
0.5,7,8,local_corrected,output_mse,0.010758665146568092
0.5,7,8,local_corrected,output_mae,0.07713235155097209
0.5,7,8,local_corrected,output_cosine,0.9713187052402645
0.5,7,8,local_corrected,output_relative_rmse,0.23493435481213965
0.5,7,8,full_sparse,self_mass,0.04585831497388426
0.5,7,8,full_sparse,output_mse,0.010966758240101626
0.5,7,8,full_sparse,output_mae,0.07867411924235057
0.5,7,8,full_sparse,output_cosine,0.9700684531126171
0.5,7,8,full_sparse,output_relative_rmse,0.23797321802703664
0.5,7,8,full_corrected,self_mass,0.025187772975186817
0.5,7,8,full_corrected,output_mse,0.01241163663326006
0.5,7,8,full_corrected,output_mae,0.08352153052692302
0.5,7,8,full_corrected,output_cosine,0.9670952053274959
0.5,7,8,full_corrected,output_relative_rmse,0.25332301104208454
0.5,7,9,dense,self_mass,0.003807720037912077
0.5,7,9,dense,output_mse,0.0
0.5,7,9,dense,output_mae,0.0
0.5,7,9,dense,output_cosine,1.0
0.5,7,9,dense,output_relative_rmse,0.0
0.5,7,9,local_sparse,self_mass,0.00761722704191925
0.5,7,9,local_sparse,output_mse,0.0056473145682502945
0.5,7,9,local_sparse,output_mae,0.05757998897752259
0.5,7,9,local_sparse,output_cosine,0.9657576892059296
0.5,7,9,local_sparse,output_relative_rmse,0.2625234801089391
0.5,7,9,local_corrected,self_mass,0.0038290026313916314
0.5,7,9,local_corrected,output_mse,0.0056680216039239895
0.5,7,9,local_corrected,output_mae,0.05768494593212381
0.5,7,9,local_corrected,output_cosine,0.9656109230127186
0.5,7,9,local_corrected,output_relative_rmse,0.2630251738883089
0.5,7,9,full_sparse,self_mass,0.007638414657776593
0.5,7,9,full_sparse,output_mse,0.004845271784233773
0.5,7,9,full_sparse,output_mae,0.053799938134034164
0.5,7,9,full_sparse,output_cosine,0.9693657166790217
0.5,7,9,full_sparse,output_relative_rmse,0.24627385372878052
0.5,7,9,full_corrected,self_mass,0.003918279542631353
0.5,7,9,full_corrected,output_mse,0.005569246812228812
0.5,7,9,full_corrected,output_mae,0.05756905490125064
0.5,7,9,full_corrected,output_cosine,0.9658912585582584
0.5,7,9,full_corrected,output_relative_rmse,0.2642900825594552
0.5,7,10,dense,self_mass,0.02531087202805793
0.5,7,10,dense,output_mse,0.0
0.5,7,10,dense,output_mae,0.0
0.5,7,10,dense,output_cosine,1.0
0.5,7,10,dense,output_relative_rmse,0.0
0.5,7,10,local_sparse,self_mass,0.05151965633558575
0.5,7,10,local_sparse,output_mse,0.026986314933310496
0.5,7,10,local_sparse,output_mae,0.11754735908471048
0.5,7,10,local_sparse,output_cosine,0.9613641726318747
0.5,7,10,local_sparse,output_relative_rmse,0.2749349846271798
0.5,7,10,local_corrected,self_mass,0.027567951954551972
0.5,7,10,local_corrected,output_mse,0.027792389457317768
0.5,7,10,local_corrected,output_mae,0.11923516957904212
0.5,7,10,local_corrected,output_cosine,0.9601382079999894
0.5,7,10,local_corrected,output_relative_rmse,0.27904615632724017
0.5,7,10,full_sparse,self_mass,0.05187667196150869
0.5,7,10,full_sparse,output_mse,0.029169767643907107
0.5,7,10,full_sparse,output_mae,0.12600613961694762
0.5,7,10,full_sparse,output_cosine,0.9572421512566507
0.5,7,10,full_sparse,output_relative_rmse,0.2868628068245016
0.5,7,10,full_corrected,self_mass,0.028371376029099338
0.5,7,10,full_corrected,output_mse,0.03310708348726621
0.5,7,10,full_corrected,output_mae,0.13404971876298077
0.5,7,10,full_corrected,output_cosine,0.9532624741550535
0.5,7,10,full_corrected,output_relative_rmse,0.30593243171460927
0.5,7,11,dense,self_mass,0.003687031230128923
0.5,7,11,dense,output_mse,0.0
0.5,7,11,dense,output_mae,0.0
0.5,7,11,dense,output_cosine,1.0
0.5,7,11,dense,output_relative_rmse,0.0
0.5,7,11,local_sparse,self_mass,0.007379627450063708
0.5,7,11,local_sparse,output_mse,0.007884012330123369
0.5,7,11,local_sparse,output_mae,0.06545592816837598
0.5,7,11,local_sparse,output_cosine,0.9667806760407984
0.5,7,11,local_sparse,output_relative_rmse,0.2550914938619826
0.5,7,11,local_corrected,self_mass,0.0037462276050064247
0.5,7,11,local_corrected,output_mse,0.007929494248855917
0.5,7,11,local_corrected,output_mae,0.06559000044944696
0.5,7,11,local_corrected,output_cosine,0.9666127178352326
0.5,7,11,local_corrected,output_relative_rmse,0.25580857193563133
0.5,7,11,full_sparse,self_mass,0.007329061610107601
0.5,7,11,full_sparse,output_mse,0.007188665942521766
0.5,7,11,full_sparse,output_mae,0.06326473553781398
0.5,7,11,full_sparse,output_cosine,0.9679258815012872
0.5,7,11,full_sparse,output_relative_rmse,0.24952201853739098
0.5,7,11,full_corrected,self_mass,0.0037926928685010353
0.5,7,11,full_corrected,output_mse,0.008112405535939615
0.5,7,11,full_corrected,output_mae,0.06733341691142414
0.5,7,11,full_corrected,output_cosine,0.9649539776146412
0.5,7,11,full_corrected,output_relative_rmse,0.26618588471319526
0.5,8,0,dense,self_mass,0.02462803476737463
0.5,8,0,dense,output_mse,0.0
0.5,8,0,dense,output_mae,0.0
0.5,8,0,dense,output_cosine,1.0
0.5,8,0,dense,output_relative_rmse,0.0
0.5,8,0,local_sparse,self_mass,0.04804133567085955
0.5,8,0,local_sparse,output_mse,0.011829847841909213
0.5,8,0,local_sparse,output_mae,0.08048495091497898
0.5,8,0,local_sparse,output_cosine,0.9705516535323113
0.5,8,0,local_sparse,output_relative_rmse,0.24115943897049874
0.5,8,0,local_corrected,self_mass,0.02546719710881007
0.5,8,0,local_corrected,output_mse,0.012184877514300751
0.5,8,0,local_corrected,output_mae,0.08133372868178412
0.5,8,0,local_corrected,output_cosine,0.9692385133821517
0.5,8,0,local_corrected,output_relative_rmse,0.24459848023252562
0.5,8,0,full_sparse,self_mass,0.048202425066847354
0.5,8,0,full_sparse,output_mse,0.012368135789074586
0.5,8,0,full_sparse,output_mae,0.08267108399013523
0.5,8,0,full_sparse,output_cosine,0.9680082786362618
0.5,8,0,full_sparse,output_relative_rmse,0.2472960102604702
0.5,8,0,full_corrected,self_mass,0.02693435238325037
0.5,8,0,full_corrected,output_mse,0.014245705533539876
0.5,8,0,full_corrected,output_mae,0.08844808113644831
0.5,8,0,full_corrected,output_cosine,0.9640036742202938
0.5,8,0,full_corrected,output_relative_rmse,0.2655812921002507
0.5,8,1,dense,self_mass,0.015704899597039912
0.5,8,1,dense,output_mse,0.0
0.5,8,1,dense,output_mae,0.0
0.5,8,1,dense,output_cosine,1.0
0.5,8,1,dense,output_relative_rmse,0.0
0.5,8,1,local_sparse,self_mass,0.031057929918461014
0.5,8,1,local_sparse,output_mse,0.010633541185598006
0.5,8,1,local_sparse,output_mae,0.07606100858538412
0.5,8,1,local_sparse,output_cosine,0.9762322027236223
0.5,8,1,local_sparse,output_relative_rmse,0.21469998246175237
0.5,8,1,local_corrected,self_mass,0.016077265767307836
0.5,8,1,local_corrected,output_mse,0.010878417438107135
0.5,8,1,local_corrected,output_mae,0.07672282606654335
0.5,8,1,local_corrected,output_cosine,0.9755103515926749
0.5,8,1,local_corrected,output_relative_rmse,0.21706081563024782
0.5,8,1,full_sparse,self_mass,0.03100136028297129
0.5,8,1,full_sparse,output_mse,0.011532993221408105
0.5,8,1,full_sparse,output_mae,0.08061193146568257
0.5,8,1,full_sparse,output_cosine,0.9732559327967465
0.5,8,1,full_sparse,output_relative_rmse,0.22509692574385554
0.5,8,1,full_corrected,self_mass,0.01595267065385997
0.5,8,1,full_corrected,output_mse,0.012953432715221425
0.5,8,1,full_corrected,output_mae,0.08517905218468513
0.5,8,1,full_corrected,output_cosine,0.9703701538965106
0.5,8,1,full_corrected,output_relative_rmse,0.23901131132151932
0.5,8,2,dense,self_mass,0.008067958787250973
0.5,8,2,dense,output_mse,0.0
0.5,8,2,dense,output_mae,0.0
0.5,8,2,dense,output_cosine,1.0
0.5,8,2,dense,output_relative_rmse,0.0
0.5,8,2,local_sparse,self_mass,0.016150475590620772
0.5,8,2,local_sparse,output_mse,0.012957614934748563
0.5,8,2,local_sparse,output_mae,0.08178741288429592
0.5,8,2,local_sparse,output_cosine,0.9668629460502416
0.5,8,2,local_sparse,output_relative_rmse,0.2595985095249489
0.5,8,2,local_corrected,self_mass,0.008338196920703922
0.5,8,2,local_corrected,output_mse,0.013086439133076055
0.5,8,2,local_corrected,output_mae,0.0821362309216056
0.5,8,2,local_corrected,output_cosine,0.9664459964260459
0.5,8,2,local_corrected,output_relative_rmse,0.26090533926617354
0.5,8,2,full_sparse,self_mass,0.016115979951791815
0.5,8,2,full_sparse,output_mse,0.014114661615167279
0.5,8,2,full_sparse,output_mae,0.08628827487700619
0.5,8,2,full_sparse,output_cosine,0.9624172097537667
0.5,8,2,full_sparse,output_relative_rmse,0.27159296633908525
0.5,8,2,full_corrected,self_mass,0.008894178455193469
0.5,8,2,full_corrected,output_mse,0.0161779989120987
0.5,8,2,full_corrected,output_mae,0.09222329744079616
0.5,8,2,full_corrected,output_cosine,0.9588799260091037
0.5,8,2,full_corrected,output_relative_rmse,0.2913009751937352
0.5,8,3,dense,self_mass,0.024421934751444496
0.5,8,3,dense,output_mse,0.0
0.5,8,3,dense,output_mae,0.0
0.5,8,3,dense,output_cosine,1.0
0.5,8,3,dense,output_relative_rmse,0.0
0.5,8,3,local_sparse,self_mass,0.04994401871226728
0.5,8,3,local_sparse,output_mse,0.02724321013010922
0.5,8,3,local_sparse,output_mae,0.11799567172420211
0.5,8,3,local_sparse,output_cosine,0.9546299346257001
0.5,8,3,local_sparse,output_relative_rmse,0.30301157681969926
0.5,8,3,local_corrected,self_mass,0.026370110572315753
0.5,8,3,local_corrected,output_mse,0.028195125680213096
0.5,8,3,local_corrected,output_mae,0.1198371275968384
0.5,8,3,local_corrected,output_cosine,0.9530026414431632
0.5,8,3,local_corrected,output_relative_rmse,0.30817490321351215
0.5,8,3,full_sparse,self_mass,0.049976311849604826
0.5,8,3,full_sparse,output_mse,0.0302014552980836
0.5,8,3,full_sparse,output_mae,0.1275767361803446
0.5,8,3,full_sparse,output_cosine,0.9490946959704161
0.5,8,3,full_sparse,output_relative_rmse,0.31876897177426144
0.5,8,3,full_corrected,self_mass,0.027451165071397554
0.5,8,3,full_corrected,output_mse,0.03449684496081318
0.5,8,3,full_corrected,output_mae,0.13622925925301388
0.5,8,3,full_corrected,output_cosine,0.9441728743258864
0.5,8,3,full_corrected,output_relative_rmse,0.341294672107324
0.5,8,4,dense,self_mass,0.002824095862251852
0.5,8,4,dense,output_mse,0.0
0.5,8,4,dense,output_mae,0.0
0.5,8,4,dense,output_cosine,1.0
0.5,8,4,dense,output_relative_rmse,0.0
0.5,8,4,local_sparse,self_mass,0.005654169674926379
0.5,8,4,local_sparse,output_mse,0.006068660314213048
0.5,8,4,local_sparse,output_mae,0.055616694982745685
0.5,8,4,local_sparse,output_cosine,0.9700388463679701
0.5,8,4,local_sparse,output_relative_rmse,0.24621524644317105
0.5,8,4,local_corrected,self_mass,0.002849341192813881
0.5,8,4,local_corrected,output_mse,0.006093344687087665
0.5,8,4,local_corrected,output_mae,0.055708253450575285
0.5,8,4,local_corrected,output_cosine,0.96994096506387
0.5,8,4,local_corrected,output_relative_rmse,0.24682523222872987
0.5,8,4,full_sparse,self_mass,0.0056298711851923144
0.5,8,4,full_sparse,output_mse,0.005449514044357784
0.5,8,4,full_sparse,output_mae,0.05443117368849926
0.5,8,4,full_sparse,output_cosine,0.9711650998797268
0.5,8,4,full_sparse,output_relative_rmse,0.24335419171256945
0.5,8,4,full_corrected,self_mass,0.0028854088041043724
0.5,8,4,full_corrected,output_mse,0.006068400150070374
0.5,8,4,full_corrected,output_mae,0.057350584014784545
0.5,8,4,full_corrected,output_cosine,0.9685521514620632
0.5,8,4,full_corrected,output_relative_rmse,0.25776012206915766
0.5,8,5,dense,self_mass,0.011992315970928757
0.5,8,5,dense,output_mse,0.0
0.5,8,5,dense,output_mae,0.0
0.5,8,5,dense,output_cosine,1.0
0.5,8,5,dense,output_relative_rmse,0.0
0.5,8,5,local_sparse,self_mass,0.023760957417835016
0.5,8,5,local_sparse,output_mse,0.006440202284920815
0.5,8,5,local_sparse,output_mae,0.06014828885963652
0.5,8,5,local_sparse,output_cosine,0.9726948118768632
0.5,8,5,local_sparse,output_relative_rmse,0.2283582581731025
0.5,8,5,local_corrected,self_mass,0.01217407244257629
0.5,8,5,local_corrected,output_mse,0.006515800165743713
0.5,8,5,local_corrected,output_mae,0.060382347903214395
0.5,8,5,local_corrected,output_cosine,0.972142112441361
0.5,8,5,local_corrected,output_relative_rmse,0.2296587557939347
0.5,8,5,full_sparse,self_mass,0.023760531985317357
0.5,8,5,full_sparse,output_mse,0.006340908405036316
0.5,8,5,full_sparse,output_mae,0.06010843315743841
0.5,8,5,full_sparse,output_cosine,0.9724142968188971
0.5,8,5,full_sparse,output_relative_rmse,0.22790343416272663
0.5,8,5,full_corrected,self_mass,0.012508681347753736
0.5,8,5,full_corrected,output_mse,0.007333034139264782
0.5,8,5,full_corrected,output_mae,0.06418518038117327
0.5,8,5,full_corrected,output_cosine,0.9692264315672219
0.5,8,5,full_corrected,output_relative_rmse,0.24481599661521614
0.5,8,6,dense,self_mass,0.026931024323857855
0.5,8,6,dense,output_mse,0.0
0.5,8,6,dense,output_mae,0.0
0.5,8,6,dense,output_cosine,1.0
0.5,8,6,dense,output_relative_rmse,0.0
0.5,8,6,local_sparse,self_mass,0.054869929277629126
0.5,8,6,local_sparse,output_mse,0.02350647000639583
0.5,8,6,local_sparse,output_mae,0.11085437014116906
0.5,8,6,local_sparse,output_cosine,0.9560042705852538
0.5,8,6,local_sparse,output_relative_rmse,0.29833521536784247
0.5,8,6,local_corrected,self_mass,0.028772117886546766
0.5,8,6,local_corrected,output_mse,0.024455790342472028
0.5,8,6,local_corrected,output_mae,0.1128743588051293
0.5,8,6,local_corrected,output_cosine,0.9540535600390285
0.5,8,6,local_corrected,output_relative_rmse,0.30438019800931215
0.5,8,6,full_sparse,self_mass,0.05516340024769306
0.5,8,6,full_sparse,output_mse,0.02529769579996355
0.5,8,6,full_sparse,output_mae,0.1174097251787316
0.5,8,6,full_sparse,output_cosine,0.9512134015094489
0.5,8,6,full_sparse,output_relative_rmse,0.31013290194096044
0.5,8,6,full_corrected,self_mass,0.02964062702085357
0.5,8,6,full_corrected,output_mse,0.028999976770137437
0.5,8,6,full_corrected,output_mae,0.12552664475515485
0.5,8,6,full_corrected,output_cosine,0.9461166900582612
0.5,8,6,full_corrected,output_relative_rmse,0.332695271121338
0.5,8,7,dense,self_mass,0.039604829100426286
0.5,8,7,dense,output_mse,0.0
0.5,8,7,dense,output_mae,0.0
0.5,8,7,dense,output_cosine,1.0
0.5,8,7,dense,output_relative_rmse,0.0
0.5,8,7,local_sparse,self_mass,0.07638170752761653
0.5,8,7,local_sparse,output_mse,0.012859466111876827
0.5,8,7,local_sparse,output_mae,0.0818929231754737
0.5,8,7,local_sparse,output_cosine,0.9744143313728273
0.5,8,7,local_sparse,output_relative_rmse,0.2301059365272522
0.5,8,7,local_corrected,self_mass,0.04122540073876735
0.5,8,7,local_corrected,output_mse,0.01328295738221641
0.5,8,7,local_corrected,output_mae,0.08277468456071801
0.5,8,7,local_corrected,output_cosine,0.9728587190620601
0.5,8,7,local_corrected,output_relative_rmse,0.2337774009210989
0.5,8,7,full_sparse,self_mass,0.07667999998375308
0.5,8,7,full_sparse,output_mse,0.013818408549923333
0.5,8,7,full_sparse,output_mae,0.08656890979909804
0.5,8,7,full_sparse,output_cosine,0.9709081989713013
0.5,8,7,full_sparse,output_relative_rmse,0.23994566389592364
0.5,8,7,full_corrected,self_mass,0.04301314723488758
0.5,8,7,full_corrected,output_mse,0.01565373953235394
0.5,8,7,full_corrected,output_mae,0.09175292126019485
0.5,8,7,full_corrected,output_cosine,0.9674471186008304
0.5,8,7,full_corrected,output_relative_rmse,0.25581027136649936
0.5,8,8,dense,self_mass,0.016495334917635773
0.5,8,8,dense,output_mse,0.0
0.5,8,8,dense,output_mae,0.0
0.5,8,8,dense,output_cosine,1.0
0.5,8,8,dense,output_relative_rmse,0.0
0.5,8,8,local_sparse,self_mass,0.03224183778365841
0.5,8,8,local_sparse,output_mse,0.00951903850727831
0.5,8,8,local_sparse,output_mae,0.07230036638793536
0.5,8,8,local_sparse,output_cosine,0.9683503156993538
0.5,8,8,local_sparse,output_relative_rmse,0.24950899119721726
0.5,8,8,local_corrected,self_mass,0.016769027310147067
0.5,8,8,local_corrected,output_mse,0.009644846187256917
0.5,8,8,local_corrected,output_mae,0.07259809233073611
0.5,8,8,local_corrected,output_cosine,0.967507041990757
0.5,8,8,local_corrected,output_relative_rmse,0.25107564666541293
0.5,8,8,full_sparse,self_mass,0.03189932279201457
0.5,8,8,full_sparse,output_mse,0.009962253100638918
0.5,8,8,full_sparse,output_mae,0.07411230882280506
0.5,8,8,full_sparse,output_cosine,0.966211159946397
0.5,8,8,full_sparse,output_relative_rmse,0.25521776790264994
0.5,8,8,full_corrected,self_mass,0.017291058644332225
0.5,8,8,full_corrected,output_mse,0.011299750250145735
0.5,8,8,full_corrected,output_mae,0.07876560412114486
0.5,8,8,full_corrected,output_cosine,0.962534649297595
0.5,8,8,full_corrected,output_relative_rmse,0.27221045491751283
0.5,8,9,dense,self_mass,0.018919308837212157
0.5,8,9,dense,output_mse,0.0
0.5,8,9,dense,output_mae,0.0
0.5,8,9,dense,output_cosine,1.0
0.5,8,9,dense,output_relative_rmse,0.0
0.5,8,9,local_sparse,self_mass,0.03701472907050629
0.5,8,9,local_sparse,output_mse,0.014191006015607854
0.5,8,9,local_sparse,output_mae,0.08524216354999226
0.5,8,9,local_sparse,output_cosine,0.9842165908776224
0.5,8,9,local_sparse,output_relative_rmse,0.1741393722477369
0.5,8,9,local_corrected,self_mass,0.02004900043721136
0.5,8,9,local_corrected,output_mse,0.014562295596078911
0.5,8,9,local_corrected,output_mae,0.08602891468035523
0.5,8,9,local_corrected,output_cosine,0.9837437318637967
0.5,8,9,local_corrected,output_relative_rmse,0.17638561085914262
0.5,8,9,full_sparse,self_mass,0.036721792836033273
0.5,8,9,full_sparse,output_mse,0.022324634588585468
0.5,8,9,full_sparse,output_mae,0.10775978650781326
0.5,8,9,full_sparse,output_cosine,0.9734413428232074
0.5,8,9,full_sparse,output_relative_rmse,0.21909014589618891
0.5,8,9,full_corrected,self_mass,0.020285256803617813
0.5,8,9,full_corrected,output_mse,0.025664695360319456
0.5,8,9,full_corrected,output_mae,0.11539095165790059
0.5,8,9,full_corrected,output_cosine,0.9703528545796871
0.5,8,9,full_corrected,output_relative_rmse,0.2348971154424362
0.5,8,10,dense,self_mass,0.0013401315375176637
0.5,8,10,dense,output_mse,0.0
0.5,8,10,dense,output_mae,0.0
0.5,8,10,dense,output_cosine,1.0
0.5,8,10,dense,output_relative_rmse,0.0
0.5,8,10,local_sparse,self_mass,0.0026913682627309754
0.5,8,10,local_sparse,output_mse,0.0055006729248816555
0.5,8,10,local_sparse,output_mae,0.05622190032590879
0.5,8,10,local_sparse,output_cosine,0.9682418783195317
0.5,8,10,local_sparse,output_relative_rmse,0.2497468540968839
0.5,8,10,local_corrected,self_mass,0.0013450564854338154
0.5,8,10,local_corrected,output_mse,0.005511052837391617
0.5,8,10,local_corrected,output_mae,0.056280962031451054
0.5,8,10,local_corrected,output_cosine,0.9682041485793889
0.5,8,10,local_corrected,output_relative_rmse,0.24999628774821758
0.5,8,10,full_sparse,self_mass,0.002678848270988965
0.5,8,10,full_sparse,output_mse,0.005307950075803092
0.5,8,10,full_sparse,output_mae,0.05596891339519061
0.5,8,10,full_sparse,output_cosine,0.9686098289676011
0.5,8,10,full_sparse,output_relative_rmse,0.24792056588921696
0.5,8,10,full_corrected,self_mass,0.0012323393395945459
0.5,8,10,full_corrected,output_mse,0.006116923360423243
0.5,8,10,full_corrected,output_mae,0.06006897181214299
0.5,8,10,full_corrected,output_cosine,0.9650270766578615
0.5,8,10,full_corrected,output_relative_rmse,0.26665317587321624
0.5,8,11,dense,self_mass,0.02807190011299099
0.5,8,11,dense,output_mse,0.0
0.5,8,11,dense,output_mae,0.0
0.5,8,11,dense,output_cosine,1.0
0.5,8,11,dense,output_relative_rmse,0.0
0.5,8,11,local_sparse,self_mass,0.05468941106664715
0.5,8,11,local_sparse,output_mse,0.010743867878773017
0.5,8,11,local_sparse,output_mae,0.07607443076267373
0.5,8,11,local_sparse,output_cosine,0.9750915633048862
0.5,8,11,local_sparse,output_relative_rmse,0.2230763647821732
0.5,8,11,local_corrected,self_mass,0.029126465276931413
0.5,8,11,local_corrected,output_mse,0.01098699551403115
0.5,8,11,local_corrected,output_mae,0.07669197455106769
0.5,8,11,local_corrected,output_cosine,0.9741182588040829
0.5,8,11,local_corrected,output_relative_rmse,0.22565554711036384
0.5,8,11,full_sparse,self_mass,0.05473080233059591
0.5,8,11,full_sparse,output_mse,0.011696951083649765
0.5,8,11,full_sparse,output_mae,0.08059425272222143
0.5,8,11,full_sparse,output_cosine,0.9715467244386673
0.5,8,11,full_sparse,output_relative_rmse,0.23306097657768987
0.5,8,11,full_corrected,self_mass,0.030519609466864495
0.5,8,11,full_corrected,output_mse,0.01322630428148841
0.5,8,11,full_corrected,output_mae,0.08546221874712501
0.5,8,11,full_corrected,output_cosine,0.9685142484959215
0.5,8,11,full_corrected,output_relative_rmse,0.24798700524843298
0.7,3,0,dense,self_mass,0.01317473719609552
0.7,3,0,dense,output_mse,0.0
0.7,3,0,dense,output_mae,0.0
0.7,3,0,dense,output_cosine,1.0
0.7,3,0,dense,output_relative_rmse,0.0
0.7,3,0,local_sparse,self_mass,0.025955622964829672
0.7,3,0,local_sparse,output_mse,0.004051351253110624
0.7,3,0,local_sparse,output_mae,0.04853369516058592
0.7,3,0,local_sparse,output_cosine,0.9621132304891944
0.7,3,0,local_sparse,output_relative_rmse,0.2787382008682471
0.7,3,0,local_corrected,self_mass,0.013278881946462207
0.7,3,0,local_corrected,output_mse,0.004088258618139662
0.7,3,0,local_corrected,output_mae,0.04864803401869722
0.7,3,0,local_corrected,output_cosine,0.961100279353559
0.7,3,0,local_corrected,output_relative_rmse,0.27985396920121275
0.7,3,0,full_sparse,self_mass,0.02595562312853872
0.7,3,0,full_sparse,output_mse,0.004051351244925172
0.7,3,0,full_sparse,output_mae,0.048533694993238896
0.7,3,0,full_sparse,output_cosine,0.9621132330503315
0.7,3,0,full_sparse,output_relative_rmse,0.2787382005772088
0.7,3,0,full_corrected,self_mass,0.013278881837322842
0.7,3,0,full_corrected,output_mse,0.00408825856356998
0.7,3,0,full_corrected,output_mae,0.048648033778590616
0.7,3,0,full_corrected,output_cosine,0.961100280052051
0.7,3,0,full_corrected,output_relative_rmse,0.27985396768781357
0.7,3,1,dense,self_mass,0.005740718269407807
0.7,3,1,dense,output_mse,0.0
0.7,3,1,dense,output_mae,0.0
0.7,3,1,dense,output_cosine,1.0
0.7,3,1,dense,output_relative_rmse,0.0
0.7,3,1,local_sparse,self_mass,0.011452673437815974
0.7,3,1,local_sparse,output_mse,0.0031741363286528212
0.7,3,1,local_sparse,output_mae,0.04303427390550496
0.7,3,1,local_sparse,output_cosine,0.9625378111377358
0.7,3,1,local_sparse,output_relative_rmse,0.2728029183926992
0.7,3,1,local_corrected,self_mass,0.005780333718576003
0.7,3,1,local_corrected,output_mse,0.0031935680831338686
0.7,3,1,local_corrected,output_mae,0.04314777704712469
0.7,3,1,local_corrected,output_cosine,0.9622854611370713
0.7,3,1,local_corrected,output_relative_rmse,0.27364148854394443
0.7,3,1,full_sparse,self_mass,0.011452673537860392
0.7,3,1,full_sparse,output_mse,0.003174136300913233
0.7,3,1,full_sparse,output_mae,0.0430342742765788
0.7,3,1,full_sparse,output_cosine,0.9625378113705665
0.7,3,1,full_sparse,output_relative_rmse,0.2728029170248192
0.7,3,1,full_corrected,self_mass,0.005780333734037413
0.7,3,1,full_corrected,output_mse,0.003193568068127206
0.7,3,1,full_corrected,output_mae,0.04314777716354001
0.7,3,1,full_corrected,output_cosine,0.962285459972918
0.7,3,1,full_corrected,output_relative_rmse,0.2736414885148406
0.7,3,2,dense,self_mass,0.004596687001139799
0.7,3,2,dense,output_mse,0.0
0.7,3,2,dense,output_mae,0.0
0.7,3,2,dense,output_cosine,1.0
0.7,3,2,dense,output_relative_rmse,0.0
0.7,3,2,local_sparse,self_mass,0.009167468258965528
0.7,3,2,local_sparse,output_mse,0.003351297533754405
0.7,3,2,local_sparse,output_mae,0.04424923577607842
0.7,3,2,local_sparse,output_cosine,0.9549576262943447
0.7,3,2,local_sparse,output_relative_rmse,0.3028482193185482
0.7,3,2,local_corrected,self_mass,0.0046038109558139695
0.7,3,2,local_corrected,output_mse,0.003367316027834022
0.7,3,2,local_corrected,output_mae,0.0443422092939727
0.7,3,2,local_corrected,output_cosine,0.9546721712686121
0.7,3,2,local_corrected,output_relative_rmse,0.3035875743080396
0.7,3,2,full_sparse,self_mass,0.009167468335363083
0.7,3,2,full_sparse,output_mse,0.003351297586959845
0.7,3,2,full_sparse,output_mae,0.04424923571787076
0.7,3,2,full_sparse,output_cosine,0.9549576269928366
0.7,3,2,full_sparse,output_relative_rmse,0.30284822089015506
0.7,3,2,full_corrected,self_mass,0.0046038109740038635
0.7,3,2,full_corrected,output_mse,0.003367316059211589
0.7,3,2,full_corrected,output_mae,0.04434220932307653
0.7,3,2,full_corrected,output_cosine,0.9546721721999347
0.7,3,2,full_corrected,output_relative_rmse,0.30358757614158094
0.7,3,3,dense,self_mass,0.0017302333660609293
0.7,3,3,dense,output_mse,0.0
0.7,3,3,dense,output_mae,0.0
0.7,3,3,dense,output_cosine,1.0
0.7,3,3,dense,output_relative_rmse,0.0
0.7,3,3,local_sparse,self_mass,0.003468698617780319
0.7,3,3,local_sparse,output_mse,0.003142954024951905
0.7,3,3,local_sparse,output_mae,0.04298415435187053
0.7,3,3,local_sparse,output_cosine,0.9653198511805385
0.7,3,3,local_sparse,output_relative_rmse,0.26377659739227965
0.7,3,3,local_corrected,self_mass,0.0017327656180441409
0.7,3,3,local_corrected,output_mse,0.0031470469202758977
0.7,3,3,local_corrected,output_mae,0.04301950664375909
0.7,3,3,local_corrected,output_cosine,0.9652584381401539
0.7,3,3,local_corrected,output_relative_rmse,0.2640160424634814
0.7,3,3,full_sparse,self_mass,0.003468698610959109
0.7,3,3,full_sparse,output_mse,0.0031429540035787795
0.7,3,3,full_sparse,output_mae,0.04298415425728308
0.7,3,3,full_sparse,output_cosine,0.965319850249216
0.7,3,3,full_sparse,output_relative_rmse,0.26377659710124135
0.7,3,3,full_corrected,self_mass,0.0017327656239558564
0.7,3,3,full_corrected,output_mse,0.0031470468966290355
0.7,3,3,full_corrected,output_mae,0.04301950656372355
0.7,3,3,full_corrected,output_cosine,0.9652584393043071
0.7,3,3,full_corrected,output_relative_rmse,0.2640160421724431
0.7,3,4,dense,self_mass,0.007463766500222846
0.7,3,4,dense,output_mse,0.0
0.7,3,4,dense,output_mae,0.0
0.7,3,4,dense,output_cosine,1.0
0.7,3,4,dense,output_relative_rmse,0.0
0.7,3,4,local_sparse,self_mass,0.01487433703368879
0.7,3,4,local_sparse,output_mse,0.0037273325806381763
0.7,3,4,local_sparse,output_mae,0.046883263989002444
0.7,3,4,local_sparse,output_cosine,0.9657044461928308
0.7,3,4,local_sparse,output_relative_rmse,0.2624943290720694
0.7,3,4,local_corrected,self_mass,0.007507127316785045
0.7,3,4,local_corrected,output_mse,0.0037523198329836305
0.7,3,4,local_corrected,output_mae,0.047021167920320295
0.7,3,4,local_corrected,output_cosine,0.9653459405526519
0.7,3,4,local_corrected,output_relative_rmse,0.2633968797454145
0.7,3,4,full_sparse,self_mass,0.014874337059154641
0.7,3,4,full_sparse,output_mse,0.0037273325410751568
0.7,3,4,full_sparse,output_mae,0.046883263865311164
0.7,3,4,full_sparse,output_cosine,0.9657044489867985
0.7,3,4,full_sparse,output_relative_rmse,0.2624943291011732
0.7,3,4,full_corrected,self_mass,0.0075071273058711085
0.7,3,4,full_corrected,output_mse,0.0037523198384405987
0.7,3,4,full_corrected,output_mae,0.047021168131323066
0.7,3,4,full_corrected,output_cosine,0.9653459410183132
0.7,3,4,full_corrected,output_relative_rmse,0.2633968797745183
0.7,3,5,dense,self_mass,0.00951991604961222
0.7,3,5,dense,output_mse,0.0
0.7,3,5,dense,output_mae,0.0
0.7,3,5,dense,output_cosine,1.0
0.7,3,5,dense,output_relative_rmse,0.0
0.7,3,5,local_sparse,self_mass,0.018991854160049115
0.7,3,5,local_sparse,output_mse,0.00677358087614266
0.7,3,5,local_sparse,output_mae,0.06163106657913886
0.7,3,5,local_sparse,output_cosine,0.9708671735133976
0.7,3,5,local_sparse,output_relative_rmse,0.23949119495227933
0.7,3,5,local_corrected,self_mass,0.009692308123703697
0.7,3,5,local_corrected,output_mse,0.006881810804770794
0.7,3,5,local_corrected,output_mae,0.062004311112104915
0.7,3,5,local_corrected,output_cosine,0.970299910986796
0.7,3,5,local_corrected,output_relative_rmse,0.24134464052622207
0.7,3,5,full_sparse,self_mass,0.01899185432557715
0.7,3,5,full_sparse,output_mse,0.0067735807833742
0.7,3,5,full_sparse,output_mae,0.06163106621534098
0.7,3,5,full_sparse,output_cosine,0.9708671730477363
0.7,3,5,full_sparse,output_relative_rmse,0.2394911918672733
0.7,3,5,full_corrected,self_mass,0.009692308201010746
0.7,3,5,full_corrected,output_mse,0.006881810722006776
0.7,3,5,full_corrected,output_mae,0.06200431066099554
0.7,3,5,full_corrected,output_cosine,0.9702999093569815
0.7,3,5,full_corrected,output_relative_rmse,0.24134464000235312
0.7,3,6,dense,self_mass,0.004989087378817203
0.7,3,6,dense,output_mse,0.0
0.7,3,6,dense,output_mae,0.0
0.7,3,6,dense,output_cosine,1.0
0.7,3,6,dense,output_relative_rmse,0.0
0.7,3,6,local_sparse,self_mass,0.009976806190024945
0.7,3,6,local_sparse,output_mse,0.0029027937127921177
0.7,3,6,local_sparse,output_mae,0.04124940495239571
0.7,3,6,local_sparse,output_cosine,0.9636153704486787
0.7,3,6,local_sparse,output_relative_rmse,0.2697234009974636
0.7,3,6,local_corrected,self_mass,0.0050231831019118545
0.7,3,6,local_corrected,output_mse,0.0029215212684903236
0.7,3,6,local_corrected,output_mae,0.04135875251813559
0.7,3,6,local_corrected,output_cosine,0.9633860818576068
0.7,3,6,local_corrected,output_relative_rmse,0.2704804360982962
0.7,3,6,full_sparse,self_mass,0.009976806222766754
0.7,3,6,full_sparse,output_mse,0.0029027937544015003
0.7,3,6,full_sparse,output_mae,0.04124940507608699
0.7,3,6,full_sparse,output_cosine,0.9636153681203723
0.7,3,6,full_sparse,output_relative_rmse,0.269723402307136
0.7,3,6,full_corrected,self_mass,0.0050231830928169074
0.7,3,6,full_corrected,output_mse,0.0029215212734925444
0.7,3,6,full_corrected,output_mae,0.04135875260544708
0.7,3,6,full_corrected,output_cosine,0.9633860855828971
0.7,3,6,full_corrected,output_relative_rmse,0.2704804363893345
0.7,3,7,dense,self_mass,0.003142848766856332
0.7,3,7,dense,output_mse,0.0
0.7,3,7,dense,output_mae,0.0
0.7,3,7,dense,output_cosine,1.0
0.7,3,7,dense,output_relative_rmse,0.0
0.7,3,7,local_sparse,self_mass,0.006224980808838154
0.7,3,7,local_sparse,output_mse,0.005828663196780326
0.7,3,7,local_sparse,output_mae,0.05010356045386288
0.7,3,7,local_sparse,output_cosine,0.9594042936805636
0.7,3,7,local_sparse,output_relative_rmse,0.2828681958199013
0.7,3,7,local_corrected,self_mass,0.0033258543476222258
0.7,3,7,local_corrected,output_mse,0.005858081527094328
0.7,3,7,local_corrected,output_mae,0.05023355799494311
0.7,3,7,local_corrected,output_cosine,0.9592790007591248
0.7,3,7,local_corrected,output_relative_rmse,0.28373964384081773
0.7,3,7,full_sparse,self_mass,0.006224980813385628
0.7,3,7,full_sparse,output_mse,0.005828663162674275
0.7,3,7,full_sparse,output_mae,0.050103559988201596
0.7,3,7,full_sparse,output_cosine,0.9594042950775474
0.7,3,7,full_sparse,output_relative_rmse,0.28286819416098297
0.7,3,7,full_corrected,self_mass,0.0033258543576266675
0.7,3,7,full_corrected,output_mse,0.005858081556425532
0.7,3,7,full_corrected,output_mae,0.050233557347382884
0.7,3,7,full_corrected,output_cosine,0.9592790016904473
0.7,3,7,full_corrected,output_relative_rmse,0.2837396430550143
0.7,3,8,dense,self_mass,0.006706758033942606
0.7,3,8,dense,output_mse,0.0
0.7,3,8,dense,output_mae,0.0
0.7,3,8,dense,output_cosine,1.0
0.7,3,8,dense,output_relative_rmse,0.0
0.7,3,8,local_sparse,self_mass,0.01339652955357451
0.7,3,8,local_sparse,output_mse,0.0043890377969546535
0.7,3,8,local_sparse,output_mae,0.049726080396794714
0.7,3,8,local_sparse,output_cosine,0.967040023766458
0.7,3,8,local_sparse,output_relative_rmse,0.2546672754106112
0.7,3,8,local_corrected,self_mass,0.006760067501090816
0.7,3,8,local_corrected,output_mse,0.004407085368256958
0.7,3,8,local_corrected,output_mae,0.04985288497846341
0.7,3,8,local_corrected,output_cosine,0.9669084476772696
0.7,3,8,local_corrected,output_relative_rmse,0.25523386808345094
0.7,3,8,full_sparse,self_mass,0.013396529660894885
0.7,3,8,full_sparse,output_mse,0.004389037896544323
0.7,3,8,full_sparse,output_mae,0.049726080360414926
0.7,3,8,full_sparse,output_cosine,0.9670400184113532
0.7,3,8,full_sparse,output_relative_rmse,0.25466727768070996
0.7,3,8,full_corrected,self_mass,0.0067600675001813215
0.7,3,8,full_corrected,output_mse,0.0044070854651181435
0.7,3,8,full_corrected,output_mae,0.049852885080326814
0.7,3,8,full_corrected,output_cosine,0.9669084474444389
0.7,3,8,full_corrected,output_relative_rmse,0.2552338703244459
0.7,3,9,dense,self_mass,0.026283709390554577
0.7,3,9,dense,output_mse,0.0
0.7,3,9,dense,output_mae,0.0
0.7,3,9,dense,output_cosine,1.0
0.7,3,9,dense,output_relative_rmse,0.0
0.7,3,9,local_sparse,self_mass,0.05330434878123924
0.7,3,9,local_sparse,output_mse,0.018540108916567988
0.7,3,9,local_sparse,output_mae,0.1017295740020927
0.7,3,9,local_sparse,output_cosine,0.9568092836998403
0.7,3,9,local_sparse,output_relative_rmse,0.3091464100871235
0.7,3,9,local_corrected,self_mass,0.027603436290519312
0.7,3,9,local_corrected,output_mse,0.01956739337038016
0.7,3,9,local_corrected,output_mae,0.10398597168386914
0.7,3,9,local_corrected,output_cosine,0.9535150595474988
0.7,3,9,local_corrected,output_relative_rmse,0.31743258686037734
0.7,3,9,full_sparse,self_mass,0.05330434863572009
0.7,3,9,full_sparse,output_mse,0.018540108951128786
0.7,3,9,full_sparse,output_mae,0.10172957382746972
0.7,3,9,full_sparse,output_cosine,0.9568092792760581
0.7,3,9,full_sparse,output_relative_rmse,0.309146411716938
0.7,3,9,full_corrected,self_mass,0.0276034363268991
0.7,3,9,full_corrected,output_mse,0.019567393421311863
0.7,3,9,full_corrected,output_mae,0.10398597104358487
0.7,3,9,full_corrected,output_cosine,0.9535150593146682
0.7,3,9,full_corrected,output_relative_rmse,0.31743258563801646
0.7,3,10,dense,self_mass,0.0013361447490751743
0.7,3,10,dense,output_mse,0.0
0.7,3,10,dense,output_mae,0.0
0.7,3,10,dense,output_cosine,1.0
0.7,3,10,dense,output_relative_rmse,0.0
0.7,3,10,local_sparse,self_mass,0.0026817710077011725
0.7,3,10,local_sparse,output_mse,0.0031438687806257803
0.7,3,10,local_sparse,output_mae,0.04293552819581237
0.7,3,10,local_sparse,output_cosine,0.9721465453039855
0.7,3,10,local_sparse,output_relative_rmse,0.23177688653231598
0.7,3,10,local_corrected,self_mass,0.0013388634006332722
0.7,3,10,local_corrected,output_mse,0.0031484674441344396
0.7,3,10,local_corrected,output_mae,0.04297547518945066
0.7,3,10,local_corrected,output_cosine,0.9721384472213686
0.7,3,10,local_corrected,output_relative_rmse,0.23198032280197367
0.7,3,10,full_sparse,self_mass,0.0026817709881470364
0.7,3,10,full_sparse,output_mse,0.003143868821553042
0.7,3,10,full_sparse,output_mae,0.04293552848685067
0.7,3,10,full_sparse,output_cosine,0.9721465460024774
0.7,3,10,full_sparse,output_relative_rmse,0.23177688824944198
0.7,3,10,full_corrected,self_mass,0.0013388634019975143
0.7,3,10,full_corrected,output_mse,0.0031484674814237223
0.7,3,10,full_corrected,output_mae,0.04297547553869663
0.7,3,10,full_corrected,output_cosine,0.9721384444274008
0.7,3,10,full_corrected,output_relative_rmse,0.23198032518848777
0.7,3,11,dense,self_mass,0.027002822025679052
0.7,3,11,dense,output_mse,0.0
0.7,3,11,dense,output_mae,0.0
0.7,3,11,dense,output_cosine,1.0
0.7,3,11,dense,output_relative_rmse,0.0
0.7,3,11,local_sparse,self_mass,0.05443800409557298
0.7,3,11,local_sparse,output_mse,0.018887862577685155
0.7,3,11,local_sparse,output_mae,0.10403257474536076
0.7,3,11,local_sparse,output_cosine,0.9558512284420431
0.7,3,11,local_sparse,output_relative_rmse,0.30444164626533166
0.7,3,11,local_corrected,self_mass,0.02812489782081684
0.7,3,11,local_corrected,output_mse,0.01990102633862989
0.7,3,11,local_corrected,output_mae,0.106300960178487
0.7,3,11,local_corrected,output_cosine,0.9525838007684797
0.7,3,11,local_corrected,output_relative_rmse,0.3124223334598355
0.7,3,11,full_sparse,self_mass,0.05443800438661128
0.7,3,11,full_sparse,output_mse,0.018887862617702922
0.7,3,11,full_sparse,output_mae,0.10403257483267225
0.7,3,11,full_sparse,output_cosine,0.9558512284420431
0.7,3,11,full_sparse,output_relative_rmse,0.30444164597429335
0.7,3,11,full_corrected,self_mass,0.02812489797361195
0.7,3,11,full_corrected,output_mse,0.019901026316802017
0.7,3,11,full_corrected,output_mae,0.10630096096429043
0.7,3,11,full_corrected,output_cosine,0.9525838040281087
0.7,3,11,full_corrected,output_relative_rmse,0.31242233311058953
0.7,4,0,dense,self_mass,0.012960540736457915
0.7,4,0,dense,output_mse,0.0
0.7,4,0,dense,output_mae,0.0
0.7,4,0,dense,output_cosine,1.0
0.7,4,0,dense,output_relative_rmse,0.0
0.7,4,0,local_sparse,self_mass,0.026371157389803557
0.7,4,0,local_sparse,output_mse,0.019102033736999147
0.7,4,0,local_sparse,output_mae,0.10328515057335608
0.7,4,0,local_sparse,output_cosine,0.9493564306758344
0.7,4,0,local_sparse,output_relative_rmse,0.32021578442072496
0.7,4,0,local_corrected,self_mass,0.01343278764943534
0.7,4,0,local_corrected,output_mse,0.019383674603886902
0.7,4,0,local_corrected,output_mae,0.1040419033379294
0.7,4,0,local_corrected,output_cosine,0.9488157087471336
0.7,4,0,local_corrected,output_relative_rmse,0.32260507211321965
0.7,4,0,full_sparse,self_mass,0.026380819304904435
0.7,4,0,full_sparse,output_mse,0.01629182773467619
0.7,4,0,full_sparse,output_mae,0.09565640715300106
0.7,4,0,full_sparse,output_cosine,0.9569868340622634
0.7,4,0,full_sparse,output_relative_rmse,0.2956069144420326
0.7,4,0,full_corrected,self_mass,0.013528415644032066
0.7,4,0,full_corrected,output_mse,0.01694511343157501
0.7,4,0,full_corrected,output_mae,0.09754644721397199
0.7,4,0,full_corrected,output_cosine,0.9563542325049639
0.7,4,0,full_corrected,output_relative_rmse,0.30149009329034016
0.7,4,1,dense,self_mass,0.037183091801125556
0.7,4,1,dense,output_mse,0.0
0.7,4,1,dense,output_mae,0.0
0.7,4,1,dense,output_cosine,1.0
0.7,4,1,dense,output_relative_rmse,0.0
0.7,4,1,local_sparse,self_mass,0.07423434089287184
0.7,4,1,local_sparse,output_mse,0.018998976029251935
0.7,4,1,local_sparse,output_mae,0.10472329158801585
0.7,4,1,local_sparse,output_cosine,0.9480814342387021
0.7,4,1,local_sparse,output_relative_rmse,0.336343148665037
0.7,4,1,local_corrected,self_mass,0.03882185574184405
0.7,4,1,local_corrected,output_mse,0.02020408634780324
0.7,4,1,local_corrected,output_mae,0.1074054681812413
0.7,4,1,local_corrected,output_cosine,0.9427737598307431
0.7,4,1,local_corrected,output_relative_rmse,0.3468122014310211
0.7,4,1,full_sparse,self_mass,0.0755019623611588
0.7,4,1,full_sparse,output_mse,0.014378258936631028
0.7,4,1,full_sparse,output_mae,0.09087378962431103
0.7,4,1,full_sparse,output_cosine,0.9590700042899698
0.7,4,1,full_sparse,output_relative_rmse,0.29257205658359453
0.7,4,1,full_corrected,self_mass,0.03998143970966339
0.7,4,1,full_corrected,output_mse,0.015848404949792894
0.7,4,1,full_corrected,output_mae,0.09500220970949158
0.7,4,1,full_corrected,output_cosine,0.9540855444502085
0.7,4,1,full_corrected,output_relative_rmse,0.3071420968626626
0.7,4,2,dense,self_mass,0.008979512177575089
0.7,4,2,dense,output_mse,0.0
0.7,4,2,dense,output_mae,0.0
0.7,4,2,dense,output_cosine,1.0
0.7,4,2,dense,output_relative_rmse,0.0
0.7,4,2,local_sparse,self_mass,0.018004473138717003
0.7,4,2,local_sparse,output_mse,0.007958307787703234
0.7,4,2,local_sparse,output_mae,0.06633595113817137
0.7,4,2,local_sparse,output_cosine,0.9531864188611507
0.7,4,2,local_sparse,output_relative_rmse,0.3168528050882742
0.7,4,2,local_corrected,self_mass,0.009128447535658779
0.7,4,2,local_corrected,output_mse,0.00806015113266767
0.7,4,2,local_corrected,output_mae,0.06666529577341862
0.7,4,2,local_corrected,output_cosine,0.9523529610596597
0.7,4,2,local_corrected,output_relative_rmse,0.3187633723136969
0.7,4,2,full_sparse,self_mass,0.018174417185946368
0.7,4,2,full_sparse,output_mse,0.007099566412762215
0.7,4,2,full_sparse,output_mae,0.06214767454366665
0.7,4,2,full_sparse,output_cosine,0.9585969946347177
0.7,4,2,full_sparse,output_relative_rmse,0.29847671143943444
0.7,4,2,full_corrected,self_mass,0.009416044886165764
0.7,4,2,full_corrected,output_mse,0.007394349077003426
0.7,4,2,full_corrected,output_mae,0.06330658018123358
0.7,4,2,full_corrected,output_cosine,0.9577870031353086
0.7,4,2,full_corrected,output_relative_rmse,0.30435232329182327
0.7,4,3,dense,self_mass,0.010161180231079925
0.7,4,3,dense,output_mse,0.0
0.7,4,3,dense,output_mae,0.0
0.7,4,3,dense,output_cosine,1.0
0.7,4,3,dense,output_relative_rmse,0.0
0.7,4,3,local_sparse,self_mass,0.020088342662347713
0.7,4,3,local_sparse,output_mse,0.004619339742021111
0.7,4,3,local_sparse,output_mae,0.05193468654761091
0.7,4,3,local_sparse,output_cosine,0.9672733133193105
0.7,4,3,local_sparse,output_relative_rmse,0.25708992980071343
0.7,4,3,local_corrected,self_mass,0.010174158944209921
0.7,4,3,local_corrected,output_mse,0.004668112904710142
0.7,4,3,local_corrected,output_mae,0.05214078904828057
0.7,4,3,local_corrected,output_cosine,0.9666073305997998
0.7,4,3,local_corrected,output_relative_rmse,0.2584106393624097
0.7,4,3,full_sparse,self_mass,0.020226199623721186
0.7,4,3,full_sparse,output_mse,0.003443643332047941
0.7,4,3,full_sparse,output_mae,0.04494932445959421
0.7,4,3,full_sparse,output_cosine,0.9753765265922993
0.7,4,3,full_sparse,output_relative_rmse,0.2225947919068858
0.7,4,3,full_corrected,self_mass,0.010389722061518114
0.7,4,3,full_corrected,output_mse,0.003587293783766654
0.7,4,3,full_corrected,output_mae,0.045831429422833025
0.7,4,3,full_corrected,output_cosine,0.9746023451443762
0.7,4,3,full_corrected,output_relative_rmse,0.22724566847318783
0.7,4,4,dense,self_mass,0.015358220673078904
0.7,4,4,dense,output_mse,0.0
0.7,4,4,dense,output_mae,0.0
0.7,4,4,dense,output_cosine,1.0
0.7,4,4,dense,output_relative_rmse,0.0
0.7,4,4,local_sparse,self_mass,0.031038533299579285
0.7,4,4,local_sparse,output_mse,0.015510244840697851
0.7,4,4,local_sparse,output_mae,0.09414757648482919
0.7,4,4,local_sparse,output_cosine,0.9596962388604879
0.7,4,4,local_sparse,output_relative_rmse,0.27915126946754754
0.7,4,4,local_corrected,self_mass,0.015798034735780675
0.7,4,4,local_corrected,output_mse,0.015766476371936733
0.7,4,4,local_corrected,output_mae,0.09498928664834239
0.7,4,4,local_corrected,output_cosine,0.9591778295580298
0.7,4,4,local_corrected,output_relative_rmse,0.2814981730771251
0.7,4,4,full_sparse,self_mass,0.030906098931154702
0.7,4,4,full_sparse,output_mse,0.012165477373855538
0.7,4,4,full_sparse,output_mae,0.08400775396148674
0.7,4,4,full_sparse,output_cosine,0.9683911914471537
0.7,4,4,full_sparse,output_relative_rmse,0.24725585372652858
0.7,4,4,full_corrected,self_mass,0.01564115081419004
0.7,4,4,full_corrected,output_mse,0.01270671080237662
0.7,4,4,full_corrected,output_mae,0.08586039874353446
0.7,4,4,full_corrected,output_cosine,0.967659508343786
0.7,4,4,full_corrected,output_relative_rmse,0.2528028778033331
0.7,4,5,dense,self_mass,0.01077003920727293
0.7,4,5,dense,output_mse,0.0
0.7,4,5,dense,output_mae,0.0
0.7,4,5,dense,output_cosine,1.0
0.7,4,5,dense,output_relative_rmse,0.0
0.7,4,5,local_sparse,self_mass,0.021596257258352125
0.7,4,5,local_sparse,output_mse,0.0088956785539267
0.7,4,5,local_sparse,output_mae,0.06966892989294138
0.7,4,5,local_sparse,output_cosine,0.9592223465442657
0.7,4,5,local_sparse,output_relative_rmse,0.29173739592079073
0.7,4,5,local_corrected,self_mass,0.01102907199128822
0.7,4,5,local_corrected,output_mse,0.009031597028297256
0.7,4,5,local_corrected,output_mae,0.07009706941607874
0.7,4,5,local_corrected,output_cosine,0.9584185145795345
0.7,4,5,local_corrected,output_relative_rmse,0.2938666590489447
0.7,4,5,full_sparse,self_mass,0.0222216301735898
0.7,4,5,full_sparse,output_mse,0.008363095454114955
0.7,4,5,full_sparse,output_mae,0.06710767047479749
0.7,4,5,full_sparse,output_cosine,0.9623516972642392
0.7,4,5,full_sparse,output_relative_rmse,0.2821449110051617
0.7,4,5,full_corrected,self_mass,0.011641163415333722
0.7,4,5,full_corrected,output_mse,0.008736575302464189
0.7,4,5,full_corrected,output_mae,0.06849520924151875
0.7,4,5,full_corrected,output_cosine,0.9615009801927954
0.7,4,5,full_corrected,output_relative_rmse,0.28817648463882506
0.7,4,6,dense,self_mass,0.008171999521437101
0.7,4,6,dense,output_mse,0.0
0.7,4,6,dense,output_mae,0.0
0.7,4,6,dense,output_cosine,1.0
0.7,4,6,dense,output_relative_rmse,0.0
0.7,4,6,local_sparse,self_mass,0.017454019711294677
0.7,4,6,local_sparse,output_mse,0.023491819119954016
0.7,4,6,local_sparse,output_mae,0.11083469892037101
0.7,4,6,local_sparse,output_cosine,0.9527150050271302
0.7,4,6,local_sparse,output_relative_rmse,0.3108257881249301
0.7,4,6,local_corrected,self_mass,0.009054145979462191
0.7,4,6,local_corrected,output_mse,0.023776019406795967
0.7,4,6,local_corrected,output_mae,0.1114619642321486
0.7,4,6,local_corrected,output_cosine,0.9521180919837207
0.7,4,6,local_corrected,output_relative_rmse,0.3126738397986628
0.7,4,6,full_sparse,self_mass,0.017726135225530015
0.7,4,6,full_sparse,output_mse,0.023524201213149354
0.7,4,6,full_sparse,output_mae,0.11127191651030444
0.7,4,6,full_sparse,output_cosine,0.9538880027830601
0.7,4,6,full_sparse,output_relative_rmse,0.31102206121431664
0.7,4,6,full_corrected,self_mass,0.009381143900100142
0.7,4,6,full_corrected,output_mse,0.024404426156252157
0.7,4,6,full_corrected,output_mae,0.11323670478304848
0.7,4,6,full_corrected,output_cosine,0.9530691192485392
0.7,4,6,full_corrected,output_relative_rmse,0.31669448816683143
0.7,4,7,dense,self_mass,0.0019577975795073144
0.7,4,7,dense,output_mse,0.0
0.7,4,7,dense,output_mae,0.0
0.7,4,7,dense,output_cosine,1.0
0.7,4,7,dense,output_relative_rmse,0.0
0.7,4,7,local_sparse,self_mass,0.003929422828150564
0.7,4,7,local_sparse,output_mse,0.0036259023167986015
0.7,4,7,local_sparse,output_mae,0.04637918958906084
0.7,4,7,local_sparse,output_cosine,0.9648921194020659
0.7,4,7,local_sparse,output_relative_rmse,0.26379111720598303
0.7,4,7,local_corrected,self_mass,0.0019646618443402986
0.7,4,7,local_corrected,output_mse,0.0036365183577800053
0.7,4,7,local_corrected,output_mae,0.046445145701
0.7,4,7,local_corrected,output_cosine,0.9647782437968999
0.7,4,7,local_corrected,output_relative_rmse,0.2642049636633601
0.7,4,7,full_sparse,self_mass,0.0039331469724857016
0.7,4,7,full_sparse,output_mse,0.002317998006219568
0.7,4,7,full_sparse,output_mae,0.03744181520596612
0.7,4,7,full_sparse,output_cosine,0.9769765289966017
0.7,4,7,full_sparse,output_relative_rmse,0.2125392338493839
0.7,4,7,full_corrected,self_mass,0.0019598169446908287
0.7,4,7,full_corrected,output_mse,0.0024270724575217173
0.7,4,7,full_corrected,output_mae,0.03824107190303039
0.7,4,7,full_corrected,output_cosine,0.9764706706628203
0.7,4,7,full_corrected,output_relative_rmse,0.21736323976074345
0.7,4,8,dense,self_mass,0.007988056015165057
0.7,4,8,dense,output_mse,0.0
0.7,4,8,dense,output_mae,0.0
0.7,4,8,dense,output_cosine,1.0
0.7,4,8,dense,output_relative_rmse,0.0
0.7,4,8,local_sparse,self_mass,0.01651969381964591
0.7,4,8,local_sparse,output_mse,0.02026520445360802
0.7,4,8,local_sparse,output_mae,0.10213164394372143
0.7,4,8,local_sparse,output_cosine,0.9658105163834989
0.7,4,8,local_sparse,output_relative_rmse,0.26458733348408714
0.7,4,8,local_corrected,self_mass,0.008787840934019187
0.7,4,8,local_corrected,output_mse,0.020488871330599068
0.7,4,8,local_corrected,output_mae,0.10261510555574205
0.7,4,8,local_corrected,output_cosine,0.9653820043895394
0.7,4,8,local_corrected,output_relative_rmse,0.2660372495884076
0.7,4,8,full_sparse,self_mass,0.016674148826496094
0.7,4,8,full_sparse,output_mse,0.02012778276548488
0.7,4,8,full_sparse,output_mae,0.10214969294611365
0.7,4,8,full_sparse,output_cosine,0.9669482409954071
0.7,4,8,full_sparse,output_relative_rmse,0.2636124261189252
0.7,4,8,full_corrected,self_mass,0.009045473078003852
0.7,4,8,full_corrected,output_mse,0.020965687808711664
0.7,4,8,full_corrected,output_mae,0.1041771394375246
0.7,4,8,full_corrected,output_cosine,0.9662423888221383
0.7,4,8,full_corrected,output_relative_rmse,0.26898663834435865
0.7,4,9,dense,self_mass,0.00789213775897224
0.7,4,9,dense,output_mse,0.0
0.7,4,9,dense,output_mae,0.0
0.7,4,9,dense,output_cosine,1.0
0.7,4,9,dense,output_relative_rmse,0.0
0.7,4,9,local_sparse,self_mass,0.01717645390817779
0.7,4,9,local_sparse,output_mse,0.02656705485424027
0.7,4,9,local_sparse,output_mae,0.11677588723250665
0.7,4,9,local_sparse,output_cosine,0.939726750832051
0.7,4,9,local_sparse,output_relative_rmse,0.35205887962365523
0.7,4,9,local_corrected,self_mass,0.008825513065858104
0.7,4,9,local_corrected,output_mse,0.026963188087393064
0.7,4,9,local_corrected,output_mae,0.11752780343522318
0.7,4,9,local_corrected,output_cosine,0.9389353792648762
0.7,4,9,local_corrected,output_relative_rmse,0.3546246890327893
0.7,4,9,full_sparse,self_mass,0.017266812810703414
0.7,4,9,full_sparse,output_mse,0.02571541636280017
0.7,4,9,full_sparse,output_mae,0.11510236817412078
0.7,4,9,full_sparse,output_cosine,0.9432168828789145
0.7,4,9,full_sparse,output_relative_rmse,0.34642297943355516
0.7,4,9,full_corrected,self_mass,0.009051487108081346
0.7,4,9,full_corrected,output_mse,0.026755628819955746
0.7,4,9,full_corrected,output_mae,0.11735842024791054
0.7,4,9,full_corrected,output_cosine,0.9421819727867842
0.7,4,9,full_corrected,output_relative_rmse,0.35329415323212743
0.7,4,10,dense,self_mass,0.0021686097270503524
0.7,4,10,dense,output_mse,0.0
0.7,4,10,dense,output_mae,0.0
0.7,4,10,dense,output_cosine,1.0
0.7,4,10,dense,output_relative_rmse,0.0
0.7,4,10,local_sparse,self_mass,0.0043505998992259265
0.7,4,10,local_sparse,output_mse,0.004078912937529822
0.7,4,10,local_sparse,output_mae,0.04784268423827598
0.7,4,10,local_sparse,output_cosine,0.9682337313424796
0.7,4,10,local_sparse,output_relative_rmse,0.2532633077353239
0.7,4,10,local_corrected,self_mass,0.00219738636906186
0.7,4,10,local_corrected,output_mse,0.004088407391009241
0.7,4,10,local_corrected,output_mae,0.04788965864281636
0.7,4,10,local_corrected,output_cosine,0.9681941147428006
0.7,4,10,local_corrected,output_relative_rmse,0.25349994577118196
0.7,4,10,full_sparse,self_mass,0.00437387219426455
0.7,4,10,full_sparse,output_mse,0.003106278540144558
0.7,4,10,full_sparse,output_mae,0.041576556126528885
0.7,4,10,full_sparse,output_cosine,0.9758426898624748
0.7,4,10,full_sparse,output_relative_rmse,0.22164651076309383
0.7,4,10,full_corrected,self_mass,0.00223649533063508
0.7,4,10,full_corrected,output_mse,0.0033380202621628996
0.7,4,10,full_corrected,output_mae,0.04288158724375535
0.7,4,10,full_corrected,output_cosine,0.9746965556405485
0.7,4,10,full_corrected,output_relative_rmse,0.2293323621561285
0.7,4,11,dense,self_mass,0.007607226250001986
0.7,4,11,dense,output_mse,0.0
0.7,4,11,dense,output_mae,0.0
0.7,4,11,dense,output_cosine,1.0
0.7,4,11,dense,output_relative_rmse,0.0
0.7,4,11,local_sparse,self_mass,0.015233543417707551
0.7,4,11,local_sparse,output_mse,0.007006008787357132
0.7,4,11,local_sparse,output_mae,0.063545976561727
0.7,4,11,local_sparse,output_cosine,0.9657271490432322
0.7,4,11,local_sparse,output_relative_rmse,0.2610528378863819
0.7,4,11,local_corrected,self_mass,0.0077139951590652345
0.7,4,11,local_corrected,output_mse,0.00708457488053682
0.7,4,11,local_corrected,output_mae,0.06381976361444686
0.7,4,11,local_corrected,output_cosine,0.9652610416524112
0.7,4,11,local_corrected,output_relative_rmse,0.2624521958641708
0.7,4,11,full_sparse,self_mass,0.01546526486708899
0.7,4,11,full_sparse,output_mse,0.006103567593527259
0.7,4,11,full_sparse,output_mae,0.05909980434807949
0.7,4,11,full_sparse,output_cosine,0.9704562341794372
0.7,4,11,full_sparse,output_relative_rmse,0.24309413053561002
0.7,4,11,full_corrected,self_mass,0.008038580076572543
0.7,4,11,full_corrected,output_mse,0.006389643757756858
0.7,4,11,full_corrected,output_mae,0.060315253809676506
0.7,4,11,full_corrected,output_cosine,0.9698668404016644
0.7,4,11,full_corrected,output_relative_rmse,0.2485576966428198
0.7,5,0,dense,self_mass,0.008784346953689237
0.7,5,0,dense,output_mse,0.0
0.7,5,0,dense,output_mae,0.0
0.7,5,0,dense,output_cosine,1.0
0.7,5,0,dense,output_relative_rmse,0.0
0.7,5,0,local_sparse,self_mass,0.01747051601341809
0.7,5,0,local_sparse,output_mse,0.006929783925443189
0.7,5,0,local_sparse,output_mae,0.061953610056662
0.7,5,0,local_sparse,output_cosine,0.9839393852744251
0.7,5,0,local_sparse,output_relative_rmse,0.17317789196386002
0.7,5,0,local_corrected,self_mass,0.00893856387847336
0.7,5,0,local_corrected,output_mse,0.0070258642444969155
0.7,5,0,local_corrected,output_mae,0.062281842139782384
0.7,5,0,local_corrected,output_cosine,0.983672060770914
0.7,5,0,local_corrected,output_relative_rmse,0.17437660577706993
0.7,5,0,full_sparse,self_mass,0.017676635059615364
0.7,5,0,full_sparse,output_mse,0.0071558826939508435
0.7,5,0,full_sparse,output_mae,0.0630743316578446
0.7,5,0,full_sparse,output_cosine,0.9831818195525557
0.7,5,0,full_sparse,output_relative_rmse,0.1756141342339106
0.7,5,0,full_corrected,self_mass,0.009221678004905698
0.7,5,0,full_corrected,output_mse,0.007795141696078645
0.7,5,0,full_corrected,output_mae,0.065710587266949
0.7,5,0,full_corrected,output_cosine,0.9821076442021877
0.7,5,0,full_corrected,output_relative_rmse,0.1834290255792439
0.7,5,1,dense,self_mass,0.0037620465591317043
0.7,5,1,dense,output_mse,0.0
0.7,5,1,dense,output_mae,0.0
0.7,5,1,dense,output_cosine,1.0
0.7,5,1,dense,output_relative_rmse,0.0
0.7,5,1,local_sparse,self_mass,0.0075092725946888095
0.7,5,1,local_sparse,output_mse,0.0037777880309022294
0.7,5,1,local_sparse,output_mae,0.046602064940088894
0.7,5,1,local_sparse,output_cosine,0.9764449666254222
0.7,5,1,local_sparse,output_relative_rmse,0.21417568443575874
0.7,5,1,local_corrected,self_mass,0.0037752153220935725
0.7,5,1,local_corrected,output_mse,0.0037936427934255335
0.7,5,1,local_corrected,output_mae,0.046699349557457026
0.7,5,1,local_corrected,output_cosine,0.9763649879023433
0.7,5,1,local_corrected,output_relative_rmse,0.214657951524714
0.7,5,1,full_sparse,self_mass,0.007528088943217881
0.7,5,1,full_sparse,output_mse,0.0028662747454291093
0.7,5,1,full_sparse,output_mae,0.041454304417129606
0.7,5,1,full_sparse,output_cosine,0.9814803663175553
0.7,5,1,full_sparse,output_relative_rmse,0.19090543620404787
0.7,5,1,full_corrected,self_mass,0.0037920619870419614
0.7,5,1,full_corrected,output_mse,0.0033128478071375866
0.7,5,1,full_corrected,output_mae,0.04451604604400927
0.7,5,1,full_corrected,output_cosine,0.9788096509873867
0.7,5,1,full_corrected,output_relative_rmse,0.2053959112672601
0.7,5,2,dense,self_mass,0.0058491268873694935
0.7,5,2,dense,output_mse,0.0
0.7,5,2,dense,output_mae,0.0
0.7,5,2,dense,output_cosine,1.0
0.7,5,2,dense,output_relative_rmse,0.0
0.7,5,2,local_sparse,self_mass,0.011666769460134674
0.7,5,2,local_sparse,output_mse,0.004125133089928568
0.7,5,2,local_sparse,output_mae,0.049153309781104326
0.7,5,2,local_sparse,output_cosine,0.9759747749194503
0.7,5,2,local_sparse,output_relative_rmse,0.2132438448315952
0.7,5,2,local_corrected,self_mass,0.005896725268030423
0.7,5,2,local_corrected,output_mse,0.004152256025918177
0.7,5,2,local_corrected,output_mae,0.04927433163538808
0.7,5,2,local_corrected,output_cosine,0.9758010106161237
0.7,5,2,local_corrected,output_relative_rmse,0.21393005084246397
0.7,5,2,full_sparse,self_mass,0.011790986147389049
0.7,5,2,full_sparse,output_mse,0.003623015529683471
0.7,5,2,full_sparse,output_mae,0.0457898546665092
0.7,5,2,full_sparse,output_cosine,0.9791090039070696
0.7,5,2,full_sparse,output_relative_rmse,0.19907762701041065
0.7,5,2,full_corrected,self_mass,0.006063088854716625
0.7,5,2,full_corrected,output_mse,0.004061423342591297
0.7,5,2,full_corrected,output_mae,0.048405054883915
0.7,5,2,full_corrected,output_cosine,0.9770224164240062
0.7,5,2,full_corrected,output_relative_rmse,0.21104670083150268
0.7,5,3,dense,self_mass,0.004587062914652051
0.7,5,3,dense,output_mse,0.0
0.7,5,3,dense,output_mae,0.0
0.7,5,3,dense,output_cosine,1.0
0.7,5,3,dense,output_relative_rmse,0.0
0.7,5,3,local_sparse,self_mass,0.009130284877755912
0.7,5,3,local_sparse,output_mse,0.005913238572247792
0.7,5,3,local_sparse,output_mae,0.058537780059850775
0.7,5,3,local_sparse,output_cosine,0.9718560394831002
0.7,5,3,local_sparse,output_relative_rmse,0.23193772029480897
0.7,5,3,local_corrected,self_mass,0.0046451032012555515
0.7,5,3,local_corrected,output_mse,0.005943308008227177
0.7,5,3,local_corrected,output_mae,0.05864589614793658
0.7,5,3,local_corrected,output_cosine,0.9716838190797716
0.7,5,3,local_corrected,output_relative_rmse,0.2324403433012776
0.7,5,3,full_sparse,self_mass,0.009121049108216539
0.7,5,3,full_sparse,output_mse,0.00469247086039104
0.7,5,3,full_sparse,output_mae,0.05220127613574732
0.7,5,3,full_sparse,output_cosine,0.9777879556640983
0.7,5,3,full_sparse,output_relative_rmse,0.2078242201532703
0.7,5,3,full_corrected,self_mass,0.004711873250926146
0.7,5,3,full_corrected,output_mse,0.005338521678822872
0.7,5,3,full_corrected,output_mae,0.05584668123628944
0.7,5,3,full_corrected,output_cosine,0.9747345072682947
0.7,5,3,full_corrected,output_relative_rmse,0.22287180059356615
0.7,5,4,dense,self_mass,0.027956653844739776
0.7,5,4,dense,output_mse,0.0
0.7,5,4,dense,output_mae,0.0
0.7,5,4,dense,output_cosine,1.0
0.7,5,4,dense,output_relative_rmse,0.0
0.7,5,4,local_sparse,self_mass,0.05609915273817023
0.7,5,4,local_sparse,output_mse,0.03005464281886816
0.7,5,4,local_sparse,output_mae,0.12296525394776836
0.7,5,4,local_sparse,output_cosine,0.9567645078059286
0.7,5,4,local_sparse,output_relative_rmse,0.29646765597863123
0.7,5,4,local_corrected,self_mass,0.030390423813514644
0.7,5,4,local_corrected,output_mse,0.03077753099569236
0.7,5,4,local_corrected,output_mae,0.12451347467140295
0.7,5,4,local_corrected,output_cosine,0.9556725409347564
0.7,5,4,local_corrected,output_relative_rmse,0.3001401511137374
0.7,5,4,full_sparse,self_mass,0.05765020604303572
0.7,5,4,full_sparse,output_mse,0.027907329127629055
0.7,5,4,full_sparse,output_mae,0.11970330373151228
0.7,5,4,full_sparse,output_cosine,0.9612930808216333
0.7,5,4,full_sparse,output_relative_rmse,0.284014540258795
0.7,5,4,full_corrected,self_mass,0.03291410890597035
0.7,5,4,full_corrected,output_mse,0.03023775375186233
0.7,5,4,full_corrected,output_mae,0.12474712371476926
0.7,5,4,full_corrected,output_cosine,0.9594037758652121
0.7,5,4,full_corrected,output_relative_rmse,0.2959292315063067
0.7,5,5,dense,self_mass,0.019299780065921368
0.7,5,5,dense,output_mse,0.0
0.7,5,5,dense,output_mae,0.0
0.7,5,5,dense,output_cosine,1.0
0.7,5,5,dense,output_relative_rmse,0.0
0.7,5,5,local_sparse,self_mass,0.03788385635562008
0.7,5,5,local_sparse,output_mse,0.00692988732134836
0.7,5,5,local_sparse,output_mae,0.06174745138559956
0.7,5,5,local_sparse,output_cosine,0.986306058941409
0.7,5,5,local_sparse,output_relative_rmse,0.1581469669181388
0.7,5,5,local_corrected,self_mass,0.01980988918148796
0.7,5,5,local_corrected,output_mse,0.007116565278920461
0.7,5,5,local_corrected,output_mae,0.062352347682463005
0.7,5,5,local_corrected,output_cosine,0.9858639491721988
0.7,5,5,local_corrected,output_relative_rmse,0.16024528129491955
0.7,5,5,full_sparse,self_mass,0.03894489078811603
0.7,5,5,full_sparse,output_mse,0.0075018732277385425
0.7,5,5,full_sparse,output_mae,0.06442210629757028
0.7,5,5,full_sparse,output_cosine,0.9851576432120055
0.7,5,5,full_sparse,output_relative_rmse,0.16403825144516304
0.7,5,5,full_corrected,self_mass,0.021114098075486254
0.7,5,5,full_corrected,output_mse,0.008181648845493328
0.7,5,5,full_corrected,output_mae,0.0670517316320911
0.7,5,5,full_corrected,output_cosine,0.984073983039707
0.7,5,5,full_corrected,output_relative_rmse,0.17138283370877616
0.7,5,6,dense,self_mass,0.012538245593532338
0.7,5,6,dense,output_mse,0.0
0.7,5,6,dense,output_mae,0.0
0.7,5,6,dense,output_cosine,1.0
0.7,5,6,dense,output_relative_rmse,0.0
0.7,5,6,local_sparse,self_mass,0.02549601098507992
0.7,5,6,local_sparse,output_mse,0.013921472445872496
0.7,5,6,local_sparse,output_mae,0.08747093523561489
0.7,5,6,local_sparse,output_cosine,0.9690743258688599
0.7,5,6,local_sparse,output_relative_rmse,0.25194722425658256
0.7,5,6,local_corrected,self_mass,0.013019837115280097
0.7,5,6,local_corrected,output_mse,0.014155922794088838
0.7,5,6,local_corrected,output_mae,0.08817975471902173
0.7,5,6,local_corrected,output_cosine,0.9685253798961639
0.7,5,6,local_corrected,output_relative_rmse,0.2540808147750795
0.7,5,6,full_sparse,self_mass,0.025690702441352187
0.7,5,6,full_sparse,output_mse,0.014066988269405556
0.7,5,6,full_sparse,output_mae,0.0888184481736971
0.7,5,6,full_sparse,output_cosine,0.969083656091243
0.7,5,6,full_sparse,output_relative_rmse,0.2536226668744348
0.7,5,6,full_corrected,self_mass,0.013251222278995556
0.7,5,6,full_corrected,output_mse,0.01533384197682608
0.7,5,6,full_corrected,output_mae,0.09244764912000392
0.7,5,6,full_corrected,output_cosine,0.967572625959292
0.7,5,6,full_corrected,output_relative_rmse,0.2648550870944746
0.7,5,7,dense,self_mass,0.02055665607986157
0.7,5,7,dense,output_mse,0.0
0.7,5,7,dense,output_mae,0.0
0.7,5,7,dense,output_cosine,1.0
0.7,5,7,dense,output_relative_rmse,0.0
0.7,5,7,local_sparse,self_mass,0.04057196512439987
0.7,5,7,local_sparse,output_mse,0.010320874493118026
0.7,5,7,local_sparse,output_mae,0.07675003440817818
0.7,5,7,local_sparse,output_cosine,0.9757091081701219
0.7,5,7,local_sparse,output_relative_rmse,0.2202162621251773
0.7,5,7,local_corrected,self_mass,0.02089209792757174
0.7,5,7,local_corrected,output_mse,0.01055245265524718
0.7,5,7,local_corrected,output_mae,0.07743228631443344
0.7,5,7,local_corrected,output_cosine,0.9747804321814328
0.7,5,7,local_corrected,output_relative_rmse,0.2226231450913474
0.7,5,7,full_sparse,self_mass,0.04079816774901701
0.7,5,7,full_sparse,output_mse,0.008441527116701764
0.7,5,7,full_sparse,output_mae,0.0700331990228733
0.7,5,7,full_sparse,output_cosine,0.9800149870570749
0.7,5,7,full_sparse,output_relative_rmse,0.19857460164348595
0.7,5,7,full_corrected,self_mass,0.021277418953104643
0.7,5,7,full_corrected,output_mse,0.009265786791729624
0.7,5,7,full_corrected,output_mae,0.07308450306300074
0.7,5,7,full_corrected,output_cosine,0.9784030355513096
0.7,5,7,full_corrected,output_relative_rmse,0.20807266235351562
0.7,5,8,dense,self_mass,0.024908535204303917
0.7,5,8,dense,output_mse,0.0
0.7,5,8,dense,output_mae,0.0
0.7,5,8,dense,output_cosine,1.0
0.7,5,8,dense,output_relative_rmse,0.0
0.7,5,8,local_sparse,self_mass,0.04918869867105968
0.7,5,8,local_sparse,output_mse,0.008988277570097125
0.7,5,8,local_sparse,output_mae,0.07124263298464939
0.7,5,8,local_sparse,output_cosine,0.978632859652862
0.7,5,8,local_sparse,output_relative_rmse,0.20544865453848615
0.7,5,8,local_corrected,self_mass,0.025700133992359042
0.7,5,8,local_corrected,output_mse,0.0091813315411855
0.7,5,8,local_corrected,output_mae,0.07180464221164584
0.7,5,8,local_corrected,output_cosine,0.9778615110553801
0.7,5,8,local_corrected,output_relative_rmse,0.20774898218223825
0.7,5,8,full_sparse,self_mass,0.04997243527031969
0.7,5,8,full_sparse,output_mse,0.007729173397819977
0.7,5,8,full_sparse,output_mae,0.0665211876766989
0.7,5,8,full_sparse,output_cosine,0.9815962954889983
0.7,5,8,full_sparse,output_relative_rmse,0.19026811665389687
0.7,5,8,full_corrected,self_mass,0.026900897326413542
0.7,5,8,full_corrected,output_mse,0.008431161360931583
0.7,5,8,full_corrected,output_mae,0.06924500709283166
0.7,5,8,full_corrected,output_cosine,0.980233371257782
0.7,5,8,full_corrected,output_relative_rmse,0.19862012343946844
0.7,5,9,dense,self_mass,0.007609564472659258
0.7,5,9,dense,output_mse,0.0
0.7,5,9,dense,output_mae,0.0
0.7,5,9,dense,output_cosine,1.0
0.7,5,9,dense,output_relative_rmse,0.0
0.7,5,9,local_sparse,self_mass,0.015698029765189858
0.7,5,9,local_sparse,output_mse,0.02514527197490679
0.7,5,9,local_sparse,output_mae,0.11202343573677354
0.7,5,9,local_sparse,output_cosine,0.9731371651869267
0.7,5,9,local_sparse,output_relative_rmse,0.2345199509873055
0.7,5,9,local_corrected,self_mass,0.008379606270409568
0.7,5,9,local_corrected,output_mse,0.025464821708737873
0.7,5,9,local_corrected,output_mae,0.11259559352765791
0.7,5,9,local_corrected,output_cosine,0.9727697062771767
0.7,5,9,local_corrected,output_relative_rmse,0.23600551398703828
0.7,5,9,full_sparse,self_mass,0.016052227072577807
0.7,5,9,full_sparse,output_mse,0.02834322060152772
0.7,5,9,full_sparse,output_mae,0.12094524930580519
0.7,5,9,full_sparse,output_cosine,0.970644808607176
0.7,5,9,full_sparse,output_relative_rmse,0.2491953605785966
0.7,5,9,full_corrected,self_mass,0.008925939837354235
0.7,5,9,full_corrected,output_mse,0.030658088802738348
0.7,5,9,full_corrected,output_mae,0.12561839204863645
0.7,5,9,full_corrected,output_cosine,0.96929702302441
0.7,5,9,full_corrected,output_relative_rmse,0.25937340286327526
0.7,5,10,dense,self_mass,0.010155149160709698
0.7,5,10,dense,output_mse,0.0
0.7,5,10,dense,output_mae,0.0
0.7,5,10,dense,output_cosine,1.0
0.7,5,10,dense,output_relative_rmse,0.0
0.7,5,10,local_sparse,self_mass,0.02018616071654833
0.7,5,10,local_sparse,output_mse,0.006780467616408714
0.7,5,10,local_sparse,output_mae,0.06206235502031632
0.7,5,10,local_sparse,output_cosine,0.9627104671671987
0.7,5,10,local_sparse,output_relative_rmse,0.2767620896338485
0.7,5,10,local_corrected,self_mass,0.01024681722628884
0.7,5,10,local_corrected,output_mse,0.0068570926709980995
0.7,5,10,local_corrected,output_mae,0.06235837274289224
0.7,5,10,local_corrected,output_cosine,0.9621089154388756
0.7,5,10,local_corrected,output_relative_rmse,0.27831150486599654
0.7,5,10,full_sparse,self_mass,0.02066733101310092
0.7,5,10,full_sparse,output_mse,0.0061004184317425825
0.7,5,10,full_sparse,output_mae,0.058787092319107614
0.7,5,10,full_sparse,output_cosine,0.96601119521074
0.7,5,10,full_sparse,output_relative_rmse,0.26339771441416815
0.7,5,10,full_corrected,self_mass,0.010829197493876563
0.7,5,10,full_corrected,output_mse,0.006597286735086527
0.7,5,10,full_corrected,output_mae,0.061048736635711975
0.7,5,10,full_corrected,output_cosine,0.9641261792276055
0.7,5,10,full_corrected,output_relative_rmse,0.27420525992056355
0.7,5,11,dense,self_mass,0.006299041410784412
0.7,5,11,dense,output_mse,0.0
0.7,5,11,dense,output_mae,0.0
0.7,5,11,dense,output_cosine,1.0
0.7,5,11,dense,output_relative_rmse,0.0
0.7,5,11,local_sparse,self_mass,0.012536710049971589
0.7,5,11,local_sparse,output_mse,0.004732707528546598
0.7,5,11,local_sparse,output_mae,0.052543855214025825
0.7,5,11,local_sparse,output_cosine,0.9711895370855927
0.7,5,11,local_sparse,output_relative_rmse,0.23796757438685745
0.7,5,11,local_corrected,self_mass,0.00633197592014767
0.7,5,11,local_corrected,output_mse,0.00476104877770922
0.7,5,11,local_corrected,output_mae,0.0526798772989423
0.7,5,11,local_corrected,output_cosine,0.9709420928265899
0.7,5,11,local_corrected,output_relative_rmse,0.23862332486896776
0.7,5,11,full_sparse,self_mass,0.012611186239155359
0.7,5,11,full_sparse,output_mse,0.0038303071601148986
0.7,5,11,full_sparse,output_mae,0.047428044061234687
0.7,5,11,full_sparse,output_cosine,0.9764952952973545
0.7,5,11,full_sparse,output_relative_rmse,0.21452895930269733
0.7,5,11,full_corrected,self_mass,0.006469485500929295
0.7,5,11,full_corrected,output_mse,0.004259876454852929
0.7,5,11,full_corrected,output_mae,0.049852992306114174
0.7,5,11,full_corrected,output_cosine,0.9745489961933345
0.7,5,11,full_corrected,output_relative_rmse,0.22659145019133575
0.7,6,0,dense,self_mass,0.010227987953840056
0.7,6,0,dense,output_mse,0.0
0.7,6,0,dense,output_mae,0.0
0.7,6,0,dense,output_cosine,1.0
0.7,6,0,dense,output_relative_rmse,0.0
0.7,6,0,local_sparse,self_mass,0.020515940899713314
0.7,6,0,local_sparse,output_mse,0.012932514256135619
0.7,6,0,local_sparse,output_mae,0.08137050579534844
0.7,6,0,local_sparse,output_cosine,0.9702291546855122
0.7,6,0,local_sparse,output_relative_rmse,0.25009972957195714
0.7,6,0,local_corrected,self_mass,0.010556680016634346
0.7,6,0,local_corrected,output_mse,0.013141940514287853
0.7,6,0,local_corrected,output_mae,0.08187474006263074
0.7,6,0,local_corrected,output_cosine,0.9697140888310969
0.7,6,0,local_corrected,output_relative_rmse,0.25203262345166877
0.7,6,0,full_sparse,self_mass,0.020734985413582763
0.7,6,0,full_sparse,output_mse,0.012985035735255224
0.7,6,0,full_sparse,output_mae,0.08129996494972147
0.7,6,0,full_sparse,output_cosine,0.9705579606816173
0.7,6,0,full_sparse,output_relative_rmse,0.24900627235183492
0.7,6,0,full_corrected,self_mass,0.011222889937016589
0.7,6,0,full_corrected,output_mse,0.014188951751748391
0.7,6,0,full_corrected,output_mae,0.08510110485076439
0.7,6,0,full_corrected,output_cosine,0.9687788006849587
0.7,6,0,full_corrected,output_relative_rmse,0.26071904390119016
0.7,6,1,dense,self_mass,0.017579466864845017
0.7,6,1,dense,output_mse,0.0
0.7,6,1,dense,output_mae,0.0
0.7,6,1,dense,output_cosine,1.0
0.7,6,1,dense,output_relative_rmse,0.0
0.7,6,1,local_sparse,self_mass,0.034846736285544466
0.7,6,1,local_sparse,output_mse,0.007180254944614717
0.7,6,1,local_sparse,output_mae,0.06331436858454254
0.7,6,1,local_sparse,output_cosine,0.9766459490638226
0.7,6,1,local_sparse,output_relative_rmse,0.21682822529692203
0.7,6,1,local_corrected,self_mass,0.017901041886943858
0.7,6,1,local_corrected,output_mse,0.007333053035836201
0.7,6,1,local_corrected,output_mae,0.06381774926558137
0.7,6,1,local_corrected,output_cosine,0.9759367986116558
0.7,6,1,local_corrected,output_relative_rmse,0.21913991292240098
0.7,6,1,full_sparse,self_mass,0.035431508302281145
0.7,6,1,full_sparse,output_mse,0.0066965211785827705
0.7,6,1,full_sparse,output_mae,0.0614607016032096
0.7,6,1,full_sparse,output_cosine,0.9778877377975732
0.7,6,1,full_sparse,output_relative_rmse,0.20950097183231264
0.7,6,1,full_corrected,self_mass,0.01864019194545108
0.7,6,1,full_corrected,output_mse,0.007386311958271108
0.7,6,1,full_corrected,output_mae,0.06437214672041591
0.7,6,1,full_corrected,output_cosine,0.9761447061318904
0.7,6,1,full_corrected,output_relative_rmse,0.2200976642780006
0.7,6,2,dense,self_mass,0.01208985010998731
0.7,6,2,dense,output_mse,0.0
0.7,6,2,dense,output_mae,0.0
0.7,6,2,dense,output_cosine,1.0
0.7,6,2,dense,output_relative_rmse,0.0
0.7,6,2,local_sparse,self_mass,0.024498066304659005
0.7,6,2,local_sparse,output_mse,0.013710432209336432
0.7,6,2,local_sparse,output_mae,0.08407143072690815
0.7,6,2,local_sparse,output_cosine,0.9804285024292767
0.7,6,2,local_sparse,output_relative_rmse,0.19492846698267385
0.7,6,2,local_corrected,self_mass,0.01281814510730328
0.7,6,2,local_corrected,output_mse,0.013952594922557182
0.7,6,2,local_corrected,output_mae,0.08471670048311353
0.7,6,2,local_corrected,output_cosine,0.9800623671617359
0.7,6,2,local_corrected,output_relative_rmse,0.19666201315703802
0.7,6,2,full_sparse,self_mass,0.024624238387332298
0.7,6,2,full_sparse,output_mse,0.014811347045906587
0.7,6,2,full_sparse,output_mae,0.08813694385753479
0.7,6,2,full_sparse,output_cosine,0.9787355384323746
0.7,6,2,full_sparse,output_relative_rmse,0.20274471875745803
0.7,6,2,full_corrected,self_mass,0.013415835510386387
0.7,6,2,full_corrected,output_mse,0.016521942896360997
0.7,6,2,full_corrected,output_mae,0.09302692262281198
0.7,6,2,full_corrected,output_cosine,0.9771128725260496
0.7,6,2,full_corrected,output_relative_rmse,0.2144089891226031
0.7,6,3,dense,self_mass,0.007712749058555346
0.7,6,3,dense,output_mse,0.0
0.7,6,3,dense,output_mae,0.0
0.7,6,3,dense,output_cosine,1.0
0.7,6,3,dense,output_relative_rmse,0.0
0.7,6,3,local_sparse,self_mass,0.015411197920911945
0.7,6,3,local_sparse,output_mse,0.0076984461111351266
0.7,6,3,local_sparse,output_mae,0.06638553073571529
0.7,6,3,local_sparse,output_cosine,0.9688662935514003
0.7,6,3,local_sparse,output_relative_rmse,0.25143557097180746
0.7,6,3,local_corrected,self_mass,0.007822308240065468
0.7,6,3,local_corrected,output_mse,0.007738405558939121
0.7,6,3,local_corrected,output_mae,0.0665321031701751
0.7,6,3,local_corrected,output_cosine,0.9685873778071254
0.7,6,3,local_corrected,output_relative_rmse,0.2521202827920206
0.7,6,3,full_sparse,self_mass,0.015534350532107055
0.7,6,3,full_sparse,output_mse,0.005785010724594031
0.7,6,3,full_sparse,output_mae,0.05775513590197079
0.7,6,3,full_sparse,output_cosine,0.976035948144272
0.7,6,3,full_sparse,output_relative_rmse,0.2190005709126126
0.7,6,3,full_corrected,self_mass,0.00815194537244679
0.7,6,3,full_corrected,output_mse,0.006516030759485147
0.7,6,3,full_corrected,output_mae,0.06123059443780221
0.7,6,3,full_corrected,output_cosine,0.9737259317189455
0.7,6,3,full_corrected,output_relative_rmse,0.23281776744988747
0.7,6,4,dense,self_mass,0.005196057844841562
0.7,6,4,dense,output_mse,0.0
0.7,6,4,dense,output_mae,0.0
0.7,6,4,dense,output_cosine,1.0
0.7,6,4,dense,output_relative_rmse,0.0
0.7,6,4,local_sparse,self_mass,0.010454826815475826
0.7,6,4,local_sparse,output_mse,0.00857846918006544
0.7,6,4,local_sparse,output_mae,0.06997977798164356
0.7,6,4,local_sparse,output_cosine,0.9764785445295274
0.7,6,4,local_sparse,output_relative_rmse,0.21274746657582
0.7,6,4,local_corrected,self_mass,0.005269701924589754
0.7,6,4,local_corrected,output_mse,0.008637048519631207
0.7,6,4,local_corrected,output_mae,0.07021040166728199
0.7,6,4,local_corrected,output_cosine,0.9762931463774294
0.7,6,4,local_corrected,output_relative_rmse,0.2135028487246018
0.7,6,4,full_sparse,self_mass,0.010406329056422692
0.7,6,4,full_sparse,output_mse,0.0067594678221212234
0.7,6,4,full_sparse,output_mae,0.06256950135866646
0.7,6,4,full_sparse,output_cosine,0.9811298598069698
0.7,6,4,full_sparse,output_relative_rmse,0.18936813290929422
0.7,6,4,full_corrected,self_mass,0.005196353408791765
0.7,6,4,full_corrected,output_mse,0.007672350251596072
0.7,6,4,full_corrected,output_mae,0.06651189067633823
0.7,6,4,full_corrected,output_cosine,0.9793520350940526
0.7,6,4,full_corrected,output_relative_rmse,0.2017505021940451
0.7,6,5,dense,self_mass,0.0026044579872177565
0.7,6,5,dense,output_mse,0.0
0.7,6,5,dense,output_mae,0.0
0.7,6,5,dense,output_cosine,1.0
0.7,6,5,dense,output_relative_rmse,0.0
0.7,6,5,local_sparse,self_mass,0.00529879953364798
0.7,6,5,local_sparse,output_mse,0.013451939250444411
0.7,6,5,local_sparse,output_mae,0.08327388772158884
0.7,6,5,local_sparse,output_cosine,0.9669802132993937
0.7,6,5,local_sparse,output_relative_rmse,0.2558677426422946
0.7,6,5,local_corrected,self_mass,0.0026771011196160543
0.7,6,5,local_corrected,output_mse,0.013483566113791312
0.7,6,5,local_corrected,output_mae,0.08338111350894906
0.7,6,5,local_corrected,output_cosine,0.9668922547716647
0.7,6,5,local_corrected,output_relative_rmse,0.2561870869831182
0.7,6,5,full_sparse,self_mass,0.005264577563593775
0.7,6,5,full_sparse,output_mse,0.012833983932068804
0.7,6,5,full_sparse,output_mae,0.08211734906944912
0.7,6,5,full_sparse,output_cosine,0.968615532387048
0.7,6,5,full_sparse,output_relative_rmse,0.24970778642455116
0.7,6,5,full_corrected,self_mass,0.002720673527846884
0.7,6,5,full_corrected,output_mse,0.014014016143846675
0.7,6,5,full_corrected,output_mae,0.0859557610237971
0.7,6,5,full_corrected,output_cosine,0.9665390090085566
0.7,6,5,full_corrected,output_relative_rmse,0.2615963196149096
0.7,6,6,dense,self_mass,0.003816442962943256
0.7,6,6,dense,output_mse,0.0
0.7,6,6,dense,output_mae,0.0
0.7,6,6,dense,output_cosine,1.0
0.7,6,6,dense,output_relative_rmse,0.0
0.7,6,6,local_sparse,self_mass,0.00765310833685362
0.7,6,6,local_sparse,output_mse,0.004794853417479317
0.7,6,6,local_sparse,output_mae,0.052967444353271276
0.7,6,6,local_sparse,output_cosine,0.9782807021401823
0.7,6,6,local_sparse,output_relative_rmse,0.2032306652108673
0.7,6,6,local_corrected,self_mass,0.003845925378300308
0.7,6,6,local_corrected,output_mse,0.0048171065304813965
0.7,6,6,local_corrected,output_mae,0.053081292848219164
0.7,6,6,local_corrected,output_cosine,0.978175099240616
0.7,6,6,local_corrected,output_relative_rmse,0.20369667327031493
0.7,6,6,full_sparse,self_mass,0.007696897138885106
0.7,6,6,full_sparse,output_mse,0.0036259820685700106
0.7,6,6,full_sparse,output_mae,0.04654660834057722
0.7,6,6,full_sparse,output_cosine,0.9833942910190672
0.7,6,6,full_sparse,output_relative_rmse,0.17812486045295373
0.7,6,6,full_corrected,self_mass,0.0038972602333160467
0.7,6,6,full_corrected,output_mse,0.00405266912002844
0.7,6,6,full_corrected,output_mae,0.04914053118409356
0.7,6,6,full_corrected,output_cosine,0.9817077487241477
0.7,6,6,full_corrected,output_relative_rmse,0.18857306573772803
0.7,6,7,dense,self_mass,0.009591844343958655
0.7,6,7,dense,output_mse,0.0
0.7,6,7,dense,output_mae,0.0
0.7,6,7,dense,output_cosine,1.0
0.7,6,7,dense,output_relative_rmse,0.0
0.7,6,7,local_sparse,self_mass,0.019066940198172233
0.7,6,7,local_sparse,output_mse,0.008502142536599422
0.7,6,7,local_sparse,output_mae,0.06768164900131524
0.7,6,7,local_sparse,output_cosine,0.9818235361017287
0.7,6,7,local_sparse,output_relative_rmse,0.1841523950570263
0.7,6,7,local_corrected,self_mass,0.009913061545375967
0.7,6,7,local_corrected,output_mse,0.008621220315035316
0.7,6,7,local_corrected,output_mae,0.06805175801855512
0.7,6,7,local_corrected,output_cosine,0.9815504681318998
0.7,6,7,local_corrected,output_relative_rmse,0.18548456666758284
0.7,6,7,full_sparse,self_mass,0.019283756464574253
0.7,6,7,full_sparse,output_mse,0.009901254817123117
0.7,6,7,full_sparse,output_mae,0.07311061875952873
0.7,6,7,full_sparse,output_cosine,0.978496384806931
0.7,6,7,full_sparse,output_relative_rmse,0.19931259815348312
0.7,6,7,full_corrected,self_mass,0.010276420016452903
0.7,6,7,full_corrected,output_mse,0.010703786008889438
0.7,6,7,full_corrected,output_mae,0.07599203108111396
0.7,6,7,full_corrected,output_cosine,0.9771531270816922
0.7,6,7,full_corrected,output_relative_rmse,0.20754845411283895
0.7,6,8,dense,self_mass,0.02737367835288751
0.7,6,8,dense,output_mse,0.0
0.7,6,8,dense,output_mae,0.0
0.7,6,8,dense,output_cosine,1.0
0.7,6,8,dense,output_relative_rmse,0.0
0.7,6,8,local_sparse,self_mass,0.05359698300162563
0.7,6,8,local_sparse,output_mse,0.007912162603133766
0.7,6,8,local_sparse,output_mae,0.06662026274716482
0.7,6,8,local_sparse,output_cosine,0.9812861212994903
0.7,6,8,local_sparse,output_relative_rmse,0.19083670366671868
0.7,6,8,local_corrected,self_mass,0.028092057713365648
0.7,6,8,local_corrected,output_mse,0.008095012091871467
0.7,6,8,local_corrected,output_mae,0.06709664009395055
0.7,6,8,local_corrected,output_cosine,0.9805326212663203
0.7,6,8,local_corrected,output_relative_rmse,0.192928139178548
0.7,6,8,full_sparse,self_mass,0.05484366174641764
0.7,6,8,full_sparse,output_mse,0.007454150532794301
0.7,6,8,full_sparse,output_mae,0.0650337115948787
0.7,6,8,full_sparse,output_cosine,0.9822036914993078
0.7,6,8,full_sparse,output_relative_rmse,0.18515646827290766
0.7,6,8,full_corrected,self_mass,0.030159739621012704
0.7,6,8,full_corrected,output_mse,0.008206835694181791
0.7,6,8,full_corrected,output_mae,0.06811792125517968
0.7,6,8,full_corrected,output_cosine,0.980564592871815
0.7,6,8,full_corrected,output_relative_rmse,0.1943632762413472
0.7,6,9,dense,self_mass,0.0034087937740423513
0.7,6,9,dense,output_mse,0.0
0.7,6,9,dense,output_mae,0.0
0.7,6,9,dense,output_cosine,1.0
0.7,6,9,dense,output_relative_rmse,0.0
0.7,6,9,local_sparse,self_mass,0.006828979256169987
0.7,6,9,local_sparse,output_mse,0.007477356151866843
0.7,6,9,local_sparse,output_mae,0.06406636993051507
0.7,6,9,local_sparse,output_cosine,0.9753578312229365
0.7,6,9,local_sparse,output_relative_rmse,0.22175490911467932
0.7,6,9,local_corrected,self_mass,0.0034546301858426887
0.7,6,9,local_corrected,output_mse,0.00750968928605289
0.7,6,9,local_corrected,output_mae,0.06418797842343338
0.7,6,9,local_corrected,output_cosine,0.9752545414958149
0.7,6,9,local_corrected,output_relative_rmse,0.22224369348259643
0.7,6,9,full_sparse,self_mass,0.0068454985766948084
0.7,6,9,full_sparse,output_mse,0.007412619013393851
0.7,6,9,full_sparse,output_mae,0.06329521066800226
0.7,6,9,full_sparse,output_cosine,0.975721085909754
0.7,6,9,full_sparse,output_relative_rmse,0.2198581225820817
0.7,6,9,full_corrected,self_mass,0.003505422804664704
0.7,6,9,full_corrected,output_mse,0.008150821752678894
0.7,6,9,full_corrected,output_mae,0.06638115375244524
0.7,6,9,full_corrected,output_cosine,0.9740256858058274
0.7,6,9,full_corrected,output_relative_rmse,0.23109238629695028
0.7,6,10,dense,self_mass,0.022339073660987196
0.7,6,10,dense,output_mse,0.0
0.7,6,10,dense,output_mae,0.0
0.7,6,10,dense,output_cosine,1.0
0.7,6,10,dense,output_relative_rmse,0.0
0.7,6,10,local_sparse,self_mass,0.04393530297966208
0.7,6,10,local_sparse,output_mse,0.006792589978886099
0.7,6,10,local_sparse,output_mae,0.062467389143421315
0.7,6,10,local_sparse,output_cosine,0.9802899428177625
0.7,6,10,local_sparse,output_relative_rmse,0.19795369452913292
0.7,6,10,local_corrected,self_mass,0.022738025400030892
0.7,6,10,local_corrected,output_mse,0.006939696789231675
0.7,6,10,local_corrected,output_mae,0.0628868933126796
0.7,6,10,local_corrected,output_cosine,0.9794874298386276
0.7,6,10,local_corrected,output_relative_rmse,0.20001223115832545
0.7,6,10,full_sparse,self_mass,0.04474012373975711
0.7,6,10,full_sparse,output_mse,0.006124925251697277
0.7,6,10,full_sparse,output_mae,0.05957646592287347
0.7,6,10,full_sparse,output_cosine,0.9817721366416663
0.7,6,10,full_sparse,output_relative_rmse,0.1882570229936391
0.7,6,10,full_corrected,self_mass,0.024086429435556056
0.7,6,10,full_corrected,output_mse,0.006704029782667931
0.7,6,10,full_corrected,output_mae,0.06223730617784895
0.7,6,10,full_corrected,output_cosine,0.980157031212002
0.7,6,10,full_corrected,output_relative_rmse,0.197099246957805
0.7,6,11,dense,self_mass,0.006912572313922283
0.7,6,11,dense,output_mse,0.0
0.7,6,11,dense,output_mae,0.0
0.7,6,11,dense,output_cosine,1.0
0.7,6,11,dense,output_relative_rmse,0.0
0.7,6,11,local_sparse,self_mass,0.014007408704856061
0.7,6,11,local_sparse,output_mse,0.012673551162151853
0.7,6,11,local_sparse,output_mae,0.08156866417266428
0.7,6,11,local_sparse,output_cosine,0.9804437384009361
0.7,6,11,local_sparse,output_relative_rmse,0.19652391874114983
0.7,6,11,local_corrected,self_mass,0.007186440288933227
0.7,6,11,local_corrected,output_mse,0.012822234342820593
0.7,6,11,local_corrected,output_mae,0.08196690859040245
0.7,6,11,local_corrected,output_cosine,0.9801811049692333
0.7,6,11,local_corrected,output_relative_rmse,0.19766418242943473
0.7,6,11,full_sparse,self_mass,0.014091537605054327
0.7,6,11,full_sparse,output_mse,0.014042624432477169
0.7,6,11,full_sparse,output_mae,0.08665217549423687
0.7,6,11,full_sparse,output_cosine,0.9783846857026219
0.7,6,11,full_sparse,output_relative_rmse,0.20694540516706184
0.7,6,11,full_corrected,self_mass,0.007400939810395357
0.7,6,11,full_corrected,output_mse,0.01553969702035829
0.7,6,11,full_corrected,output_mae,0.09093863544694614
0.7,6,11,full_corrected,output_cosine,0.9768968168646097
0.7,6,11,full_corrected,output_relative_rmse,0.21768908613012172
0.7,7,0,dense,self_mass,0.012669400501181372
0.7,7,0,dense,output_mse,0.0
0.7,7,0,dense,output_mae,0.0
0.7,7,0,dense,output_cosine,1.0
0.7,7,0,dense,output_relative_rmse,0.0
0.7,7,0,local_sparse,self_mass,0.025080595598410582
0.7,7,0,local_sparse,output_mse,0.005006824197607784
0.7,7,0,local_sparse,output_mae,0.05291624458186561
0.7,7,0,local_sparse,output_cosine,0.9820334240794182
0.7,7,0,local_sparse,output_relative_rmse,0.18339996083523147
0.7,7,0,local_corrected,self_mass,0.012853169877416804
0.7,7,0,local_corrected,output_mse,0.0050735730951601
0.7,7,0,local_corrected,output_mae,0.05315911630168557
0.7,7,0,local_corrected,output_cosine,0.9816771151963621
0.7,7,0,local_corrected,output_relative_rmse,0.1846616181137506
0.7,7,0,full_sparse,self_mass,0.02525433916162001
0.7,7,0,full_sparse,output_mse,0.004929885705223569
0.7,7,0,full_sparse,output_mae,0.05293869724118849
0.7,7,0,full_sparse,output_cosine,0.9819521724712104
0.7,7,0,full_sparse,output_relative_rmse,0.1825851223547943
0.7,7,0,full_corrected,self_mass,0.013385063046371215
0.7,7,0,full_corrected,output_mse,0.005453460268654453
0.7,7,0,full_corrected,output_mae,0.05549183896800969
0.7,7,0,full_corrected,output_cosine,0.9804048945661634
0.7,7,0,full_corrected,output_relative_rmse,0.19191286296700127
0.7,7,1,dense,self_mass,0.007692898246205004
0.7,7,1,dense,output_mse,0.0
0.7,7,1,dense,output_mae,0.0
0.7,7,1,dense,output_cosine,1.0
0.7,7,1,dense,output_relative_rmse,0.0
0.7,7,1,local_sparse,self_mass,0.015185133241175208
0.7,7,1,local_sparse,output_mse,0.007143102477584762
0.7,7,1,local_sparse,output_mae,0.062316982468473725
0.7,7,1,local_sparse,output_cosine,0.9798931737896055
0.7,7,1,local_sparse,output_relative_rmse,0.19760913113714196
0.7,7,1,local_corrected,self_mass,0.007771169025545532
0.7,7,1,local_corrected,output_mse,0.007206241137737379
0.7,7,1,local_corrected,output_mae,0.06256913959805388
0.7,7,1,local_corrected,output_cosine,0.9797027439344674
0.7,7,1,local_corrected,output_relative_rmse,0.19850550274713896
0.7,7,1,full_sparse,self_mass,0.015334304893258377
0.7,7,1,full_sparse,output_mse,0.008000033170901588
0.7,7,1,full_sparse,output_mae,0.06601853572647087
0.7,7,1,full_sparse,output_cosine,0.9763270674739033
0.7,7,1,full_sparse,output_relative_rmse,0.2108408189669717
0.7,7,1,full_corrected,self_mass,0.008090714661193488
0.7,7,1,full_corrected,output_mse,0.00909965274604474
0.7,7,1,full_corrected,output_mae,0.07039488907321356
0.7,7,1,full_corrected,output_cosine,0.9738820192869753
0.7,7,1,full_corrected,output_relative_rmse,0.22555138848838396
0.7,7,2,dense,self_mass,0.005004047670809086
0.7,7,2,dense,output_mse,0.0
0.7,7,2,dense,output_mae,0.0
0.7,7,2,dense,output_cosine,1.0
0.7,7,2,dense,output_relative_rmse,0.0
0.7,7,2,local_sparse,self_mass,0.010037638385256287
0.7,7,2,local_sparse,output_mse,0.0055509962476207875
0.7,7,2,local_sparse,output_mae,0.05586167983710766
0.7,7,2,local_sparse,output_cosine,0.9772595127578825
0.7,7,2,local_sparse,output_relative_rmse,0.2082939191313926
0.7,7,2,local_corrected,self_mass,0.005051630437719723
0.7,7,2,local_corrected,output_mse,0.005583002906405454
0.7,7,2,local_corrected,output_mae,0.05601437792938668
0.7,7,2,local_corrected,output_cosine,0.9771134755574167
0.7,7,2,local_corrected,output_relative_rmse,0.2089114615228027
0.7,7,2,full_sparse,self_mass,0.010042101061117137
0.7,7,2,full_sparse,output_mse,0.005157067061645648
0.7,7,2,full_sparse,output_mae,0.05415563182759797
0.7,7,2,full_sparse,output_cosine,0.978187701664865
0.7,7,2,full_sparse,output_relative_rmse,0.201302949921228
0.7,7,2,full_corrected,self_mass,0.005030315302519739
0.7,7,2,full_corrected,output_mse,0.005914972743084945
0.7,7,2,full_corrected,output_mae,0.05781539480085485
0.7,7,2,full_corrected,output_cosine,0.9760542968288064
0.7,7,2,full_corrected,output_relative_rmse,0.21557997821946628
0.7,7,3,dense,self_mass,0.013263811641081702
0.7,7,3,dense,output_mse,0.0
0.7,7,3,dense,output_mae,0.0
0.7,7,3,dense,output_cosine,1.0
0.7,7,3,dense,output_relative_rmse,0.0
0.7,7,3,local_sparse,self_mass,0.026776612601679517
0.7,7,3,local_sparse,output_mse,0.01470981113925518
0.7,7,3,local_sparse,output_mae,0.08784493782150093
0.7,7,3,local_sparse,output_cosine,0.9756610135082155
0.7,7,3,local_sparse,output_relative_rmse,0.21720596702652983
0.7,7,3,local_corrected,self_mass,0.013921855637818226
0.7,7,3,local_corrected,output_mse,0.014952071313018678
0.7,7,3,local_corrected,output_mae,0.08851964866335038
0.7,7,3,local_corrected,output_cosine,0.9752285783179104
0.7,7,3,local_corrected,output_relative_rmse,0.21900431488757022
0.7,7,3,full_sparse,self_mass,0.026969996226398507
0.7,7,3,full_sparse,output_mse,0.015981563807144994
0.7,7,3,full_sparse,output_mae,0.09441817822516896
0.7,7,3,full_sparse,output_cosine,0.9730468699708581
0.7,7,3,full_sparse,output_relative_rmse,0.22782514008576982
0.7,7,3,full_corrected,self_mass,0.014311834776890464
0.7,7,3,full_corrected,output_mse,0.01773352685813734
0.7,7,3,full_corrected,output_mae,0.09913319915358443
0.7,7,3,full_corrected,output_cosine,0.971113283187151
0.7,7,3,full_corrected,output_relative_rmse,0.24010033454396762
0.7,7,4,dense,self_mass,0.003171225509049691
0.7,7,4,dense,output_mse,0.0
0.7,7,4,dense,output_mae,0.0
0.7,7,4,dense,output_cosine,1.0
0.7,7,4,dense,output_relative_rmse,0.0
0.7,7,4,local_sparse,self_mass,0.006332354950245644
0.7,7,4,local_sparse,output_mse,0.0037008883746239007
0.7,7,4,local_sparse,output_mae,0.04606838073232211
0.7,7,4,local_sparse,output_cosine,0.98196871438995
0.7,7,4,local_sparse,output_relative_rmse,0.18686817926936783
0.7,7,4,local_corrected,self_mass,0.0031782565911271377
0.7,7,4,local_corrected,output_mse,0.0037151350152271334
0.7,7,4,local_corrected,output_mae,0.046150142392434645
0.7,7,4,local_corrected,output_cosine,0.9818970959167928
0.7,7,4,local_corrected,output_relative_rmse,0.18720981641672552
0.7,7,4,full_sparse,self_mass,0.0063413079387828475
0.7,7,4,full_sparse,output_mse,0.003394856360500853
0.7,7,4,full_sparse,output_mae,0.04457232231652597
0.7,7,4,full_sparse,output_cosine,0.9829249009490013
0.7,7,4,full_sparse,output_relative_rmse,0.18011556193232536
0.7,7,4,full_corrected,self_mass,0.003233962346257613
0.7,7,4,full_corrected,output_mse,0.0037414275193441426
0.7,7,4,full_corrected,output_mae,0.046753145921684336
0.7,7,4,full_corrected,output_cosine,0.9814505276735872
0.7,7,4,full_corrected,output_relative_rmse,0.189484971400816
0.7,7,5,dense,self_mass,0.004693019942351384
0.7,7,5,dense,output_mse,0.0
0.7,7,5,dense,output_mae,0.0
0.7,7,5,dense,output_cosine,1.0
0.7,7,5,dense,output_relative_rmse,0.0
0.7,7,5,local_sparse,self_mass,0.009410360378751648
0.7,7,5,local_sparse,output_mse,0.007174914348979655
0.7,7,5,local_sparse,output_mae,0.0633197702918551
0.7,7,5,local_sparse,output_cosine,0.9675938312429935
0.7,7,5,local_sparse,output_relative_rmse,0.2559709966008086
0.7,7,5,local_corrected,self_mass,0.004751917617795698
0.7,7,5,local_corrected,output_mse,0.0072079489468706015
0.7,7,5,local_corrected,output_mae,0.06345311097538797
0.7,7,5,local_corrected,output_cosine,0.967413995647803
0.7,7,5,local_corrected,output_relative_rmse,0.25665728852618486
0.7,7,5,full_sparse,self_mass,0.009419750487722922
0.7,7,5,full_sparse,output_mse,0.0054189420884540596
0.7,7,5,full_sparse,output_mae,0.05558287998428568
0.7,7,5,full_sparse,output_cosine,0.9736669005360454
0.7,7,5,full_sparse,output_relative_rmse,0.2277180797245819
0.7,7,5,full_corrected,self_mass,0.004858274096477544
0.7,7,5,full_corrected,output_mse,0.005949664963509349
0.7,7,5,full_corrected,output_mae,0.05819452246942092
0.7,7,5,full_corrected,output_cosine,0.9718761264812201
0.7,7,5,full_corrected,output_relative_rmse,0.23903059010626748
0.7,7,6,dense,self_mass,0.0015280842893616864
0.7,7,6,dense,output_mse,0.0
0.7,7,6,dense,output_mae,0.0
0.7,7,6,dense,output_cosine,1.0
0.7,7,6,dense,output_relative_rmse,0.0
0.7,7,6,local_sparse,self_mass,0.0030753054084016185
0.7,7,6,local_sparse,output_mse,0.005457924080928933
0.7,7,6,local_sparse,output_mae,0.055631312367040664
0.7,7,6,local_sparse,output_cosine,0.9754341004882008
0.7,7,6,local_sparse,output_relative_rmse,0.21903190697776154
0.7,7,6,local_corrected,self_mass,0.0015388833113547662
0.7,7,6,local_corrected,output_mse,0.005470341378895682
0.7,7,6,local_corrected,output_mae,0.055694805829261895
0.7,7,6,local_corrected,output_cosine,0.9754132190719247
0.7,7,6,local_corrected,output_relative_rmse,0.21927399464766495
0.7,7,6,full_sparse,self_mass,0.003037417236555484
0.7,7,6,full_sparse,output_mse,0.005054325431501638
0.7,7,6,full_sparse,output_mae,0.05381154031783808
0.7,7,6,full_sparse,output_cosine,0.9767218872439116
0.7,7,6,full_sparse,output_relative_rmse,0.2115324162878096
0.7,7,6,full_corrected,self_mass,0.0014288586664861214
0.7,7,6,full_corrected,output_mse,0.005823308834351337
0.7,7,6,full_corrected,output_mae,0.057695140450960025
0.7,7,6,full_corrected,output_cosine,0.9741603799629956
0.7,7,6,full_corrected,output_relative_rmse,0.22747738807811402
0.7,7,7,dense,self_mass,0.006040531526195991
0.7,7,7,dense,output_mse,0.0
0.7,7,7,dense,output_mae,0.0
0.7,7,7,dense,output_cosine,1.0
0.7,7,7,dense,output_relative_rmse,0.0
0.7,7,7,local_sparse,self_mass,0.012095876116291038
0.7,7,7,local_sparse,output_mse,0.004820479002319189
0.7,7,7,local_sparse,output_mae,0.05253539694240317
0.7,7,7,local_sparse,output_cosine,0.9737892607226968
0.7,7,7,local_sparse,output_relative_rmse,0.22417138831224293
0.7,7,7,local_corrected,self_mass,0.006123776001004444
0.7,7,7,local_corrected,output_mse,0.004851559811186235
0.7,7,7,local_corrected,output_mae,0.05266761394159403
0.7,7,7,local_corrected,output_cosine,0.9735850703436881
0.7,7,7,local_corrected,output_relative_rmse,0.22487928631016985
0.7,7,7,full_sparse,self_mass,0.012088567029422848
0.7,7,7,full_sparse,output_mse,0.00393631628685398
0.7,7,7,full_sparse,output_mae,0.04780442509945715
0.7,7,7,full_sparse,output_cosine,0.9778049951419234
0.7,7,7,full_sparse,output_relative_rmse,0.20451769614010118
0.7,7,7,full_corrected,self_mass,0.006291097774010268
0.7,7,7,full_corrected,output_mse,0.004390035245251056
0.7,7,7,full_corrected,output_mae,0.05054291735723382
0.7,7,7,full_corrected,output_cosine,0.9756546746939421
0.7,7,7,full_corrected,output_relative_rmse,0.21641376448678784
0.7,7,8,dense,self_mass,0.013441248433082364
0.7,7,8,dense,output_mse,0.0
0.7,7,8,dense,output_mae,0.0
0.7,7,8,dense,output_cosine,1.0
0.7,7,8,dense,output_relative_rmse,0.0
0.7,7,8,local_sparse,self_mass,0.026592342925141566
0.7,7,8,local_sparse,output_mse,0.006528899678414746
0.7,7,8,local_sparse,output_mae,0.06053981898003258
0.7,7,8,local_sparse,output_cosine,0.9779875667300075
0.7,7,8,local_sparse,output_relative_rmse,0.2052767391433008
0.7,7,8,local_corrected,self_mass,0.013646078103192849
0.7,7,8,local_corrected,output_mse,0.006638919728175097
0.7,7,8,local_corrected,output_mae,0.060912746062967926
0.7,7,8,local_corrected,output_cosine,0.9775176523253322
0.7,7,8,local_corrected,output_relative_rmse,0.20696602831594646
0.7,7,8,full_sparse,self_mass,0.02680958747441764
0.7,7,8,full_sparse,output_mse,0.006103979555973638
0.7,7,8,full_sparse,output_mae,0.05888022393628489
0.7,7,8,full_sparse,output_cosine,0.9791745473630726
0.7,7,8,full_sparse,output_relative_rmse,0.19922703510383144
0.7,7,8,full_corrected,self_mass,0.01430117002746556
0.7,7,8,full_corrected,output_mse,0.006839106835286657
0.7,7,8,full_corrected,output_mae,0.062219911196734756
0.7,7,8,full_corrected,output_cosine,0.97714972961694
0.7,7,8,full_corrected,output_relative_rmse,0.21105298429029062
0.7,7,9,dense,self_mass,0.0030517634536408877
0.7,7,9,dense,output_mse,0.0
0.7,7,9,dense,output_mae,0.0
0.7,7,9,dense,output_cosine,1.0
0.7,7,9,dense,output_relative_rmse,0.0
0.7,7,9,local_sparse,self_mass,0.006125476617853565
0.7,7,9,local_sparse,output_mse,0.00500963773993135
0.7,7,9,local_sparse,output_mae,0.05385472968919203
0.7,7,9,local_sparse,output_cosine,0.9732295118737966
0.7,7,9,local_sparse,output_relative_rmse,0.2285366084834095
0.7,7,9,local_corrected,self_mass,0.00307166466018316
0.7,7,9,local_corrected,output_mse,0.005027456900279503
0.7,7,9,local_corrected,output_mae,0.05394941530539654
0.7,7,9,local_corrected,output_cosine,0.9731495177838951
0.7,7,9,local_corrected,output_relative_rmse,0.22897027028375305
0.7,7,9,full_sparse,self_mass,0.006137410719020409
0.7,7,9,full_sparse,output_mse,0.003970913453485991
0.7,7,9,full_sparse,output_mae,0.04836741137842182
0.7,7,9,full_sparse,output_cosine,0.9779990026727319
0.7,7,9,full_sparse,output_relative_rmse,0.20616677062935196
0.7,7,9,full_corrected,self_mass,0.003119906826668739
0.7,7,9,full_corrected,output_mse,0.004434958856109006
0.7,7,9,full_corrected,output_mae,0.05113283907121513
0.7,7,9,full_corrected,output_cosine,0.9759058603085577
0.7,7,9,full_corrected,output_relative_rmse,0.2183000361546874
0.7,7,10,dense,self_mass,0.015483316154131899
0.7,7,10,dense,output_mse,0.0
0.7,7,10,dense,output_mae,0.0
0.7,7,10,dense,output_cosine,1.0
0.7,7,10,dense,output_relative_rmse,0.0
0.7,7,10,local_sparse,self_mass,0.03135630619362928
0.7,7,10,local_sparse,output_mse,0.018920169084594818
0.7,7,10,local_sparse,output_mae,0.09865968226222321
0.7,7,10,local_sparse,output_cosine,0.9720803680829704
0.7,7,10,local_sparse,output_relative_rmse,0.2323592221364379
0.7,7,10,local_corrected,self_mass,0.016574763249082025
0.7,7,10,local_corrected,output_mse,0.019225195377657656
0.7,7,10,local_corrected,output_mae,0.09944849935709499
0.7,7,10,local_corrected,output_cosine,0.9715548567473888
0.7,7,10,local_corrected,output_relative_rmse,0.23423409601673484
0.7,7,10,full_sparse,self_mass,0.03159397544368403
0.7,7,10,full_sparse,output_mse,0.020482065119722392
0.7,7,10,full_sparse,output_mae,0.10606108303181827
0.7,7,10,full_sparse,output_cosine,0.9690753284376115
0.7,7,10,full_sparse,output_relative_rmse,0.24323004379402846
0.7,7,10,full_corrected,self_mass,0.01699212467428879
0.7,7,10,full_corrected,output_mse,0.022611456530285068
0.7,7,10,full_corrected,output_mae,0.11129698058357462
0.7,7,10,full_corrected,output_cosine,0.9668963646981865
0.7,7,10,full_corrected,output_relative_rmse,0.25566353590693325
0.7,7,11,dense,self_mass,0.0024945561362983426
0.7,7,11,dense,output_mse,0.0
0.7,7,11,dense,output_mae,0.0
0.7,7,11,dense,output_cosine,1.0
0.7,7,11,dense,output_relative_rmse,0.0
0.7,7,11,local_sparse,self_mass,0.004983248860298772
0.7,7,11,local_sparse,output_mse,0.007159191034133983
0.7,7,11,local_sparse,output_mae,0.061777230715961196
0.7,7,11,local_sparse,output_cosine,0.9748962784651667
0.7,7,11,local_sparse,output_relative_rmse,0.22108922706684098
0.7,7,11,local_corrected,self_mass,0.0025181741957567283
0.7,7,11,local_corrected,output_mse,0.00717591742386503
0.7,7,11,local_corrected,output_mae,0.06183993874583393
0.7,7,11,local_corrected,output_cosine,0.9748463483992964
0.7,7,11,local_corrected,output_relative_rmse,0.22135576061555184
0.7,7,11,full_sparse,self_mass,0.00493104699489777
0.7,7,11,full_sparse,output_mse,0.006173324725750717
0.7,7,11,full_sparse,output_mae,0.05857086640025955
0.7,7,11,full_sparse,output_cosine,0.9769517397508025
0.7,7,11,full_sparse,output_relative_rmse,0.2132289441942703
0.7,7,11,full_corrected,self_mass,0.0024919891820900375
0.7,7,11,full_corrected,output_mse,0.0069257712366379565
0.7,7,11,full_corrected,output_mae,0.06191669714462478
0.7,7,11,full_corrected,output_cosine,0.9747581761330366
0.7,7,11,full_corrected,output_relative_rmse,0.22588473779615015
0.7,8,0,dense,self_mass,0.016936242373049026
0.7,8,0,dense,output_mse,0.0
0.7,8,0,dense,output_mae,0.0
0.7,8,0,dense,output_cosine,1.0
0.7,8,0,dense,output_relative_rmse,0.0
0.7,8,0,local_sparse,self_mass,0.03353768186934758
0.7,8,0,local_sparse,output_mse,0.008878187166374119
0.7,8,0,local_sparse,output_mae,0.0694980808038963
0.7,8,0,local_sparse,output_cosine,0.9760091435164213
0.7,8,0,local_sparse,output_relative_rmse,0.21812148299068213
0.7,8,0,local_corrected,self_mass,0.017342386334348703
0.7,8,0,local_corrected,output_mse,0.009086325993848732
0.7,8,0,local_corrected,output_mae,0.07009375920461025
0.7,8,0,local_corrected,output_cosine,0.9752942780032754
0.7,8,0,local_corrected,output_relative_rmse,0.22048505384009331
0.7,8,0,full_sparse,self_mass,0.0339009631643421
0.7,8,0,full_sparse,output_mse,0.008689745987794595
0.7,8,0,full_sparse,output_mae,0.06934145477134734
0.7,8,0,full_sparse,output_cosine,0.9757757924962789
0.7,8,0,full_sparse,output_relative_rmse,0.2160865676123649
0.7,8,0,full_corrected,self_mass,0.01820973939175019
0.7,8,0,full_corrected,output_mse,0.009606268984498456
0.7,8,0,full_corrected,output_mae,0.07284338944009505
0.7,8,0,full_corrected,output_cosine,0.9737475875299424
0.7,8,0,full_corrected,output_relative_rmse,0.22732344298856333
0.7,8,1,dense,self_mass,0.011163225351992878
0.7,8,1,dense,output_mse,0.0
0.7,8,1,dense,output_mae,0.0
0.7,8,1,dense,output_cosine,1.0
0.7,8,1,dense,output_relative_rmse,0.0
0.7,8,1,local_sparse,self_mass,0.022272528265602887
0.7,8,1,local_sparse,output_mse,0.006459567134697863
0.7,8,1,local_sparse,output_mae,0.0595851452453644
0.7,8,1,local_sparse,output_cosine,0.9803905121516436
0.7,8,1,local_sparse,output_relative_rmse,0.19552805993589573
0.7,8,1,local_corrected,self_mass,0.011366818769602105
0.7,8,1,local_corrected,output_mse,0.006550166634042398
0.7,8,1,local_corrected,output_mae,0.059894253594393376
0.7,8,1,local_corrected,output_cosine,0.9800372838508338
0.7,8,1,local_corrected,output_relative_rmse,0.19682004294008948
0.7,8,1,full_sparse,self_mass,0.022291215071163606
0.7,8,1,full_sparse,output_mse,0.006582215732578334
0.7,8,1,full_sparse,output_mae,0.06098076803755248
0.7,8,1,full_sparse,output_cosine,0.9795606641564518
0.7,8,1,full_sparse,output_relative_rmse,0.1983686336898245
0.7,8,1,full_corrected,self_mass,0.011392595488359802
0.7,8,1,full_corrected,output_mse,0.007198128834716044
0.7,8,1,full_corrected,output_mae,0.06372223702055635
0.7,8,1,full_corrected,output_cosine,0.9778903187252581
0.7,8,1,full_corrected,output_relative_rmse,0.2078679216792807
0.7,8,2,dense,self_mass,0.0035404205718805315
0.7,8,2,dense,output_mse,0.0
0.7,8,2,dense,output_mae,0.0
0.7,8,2,dense,output_cosine,1.0
0.7,8,2,dense,output_relative_rmse,0.0
0.7,8,2,local_sparse,self_mass,0.007098362137185177
0.7,8,2,local_sparse,output_mse,0.010783703931338096
0.7,8,2,local_sparse,output_mae,0.07422168414632324
0.7,8,2,local_sparse,output_cosine,0.9718496170826256
0.7,8,2,local_sparse,output_relative_rmse,0.2378004154888913
0.7,8,2,local_corrected,self_mass,0.003651019438621006
0.7,8,2,local_corrected,output_mse,0.010833902748345281
0.7,8,2,local_corrected,output_mae,0.07438519276911393
0.7,8,2,local_corrected,output_cosine,0.971710306359455
0.7,8,2,local_corrected,output_relative_rmse,0.23832826112629846
0.7,8,2,full_sparse,self_mass,0.007089055392498267
0.7,8,2,full_sparse,output_mse,0.011336228002619464
0.7,8,2,full_sparse,output_mae,0.07682501680392306
0.7,8,2,full_sparse,output_cosine,0.9700339275877923
0.7,8,2,full_sparse,output_relative_rmse,0.24429052416235209
0.7,8,2,full_corrected,self_mass,0.003853648643826091
0.7,8,2,full_corrected,output_mse,0.012532891196315177
0.7,8,2,full_corrected,output_mae,0.08082808107428718
0.7,8,2,full_corrected,output_cosine,0.968017028644681
0.7,8,2,full_corrected,output_relative_rmse,0.25728667160728946
0.7,8,3,dense,self_mass,0.012652579605855863
0.7,8,3,dense,output_mse,0.0
0.7,8,3,dense,output_mae,0.0
0.7,8,3,dense,output_cosine,1.0
0.7,8,3,dense,output_relative_rmse,0.0
0.7,8,3,local_sparse,self_mass,0.02583106491510989
0.7,8,3,local_sparse,output_mse,0.019624460148406797
0.7,8,3,local_sparse,output_mae,0.10024356497160625
0.7,8,3,local_sparse,output_cosine,0.9661282012239099
0.7,8,3,local_sparse,output_relative_rmse,0.2610296690254472
0.7,8,3,local_corrected,self_mass,0.01335939165619493
0.7,8,3,local_corrected,output_mse,0.019978361495304853
0.7,8,3,local_corrected,output_mae,0.10106389271095395
0.7,8,3,local_corrected,output_cosine,0.9654801113065332
0.7,8,3,local_corrected,output_relative_rmse,0.2633042871602811
0.7,8,3,full_sparse,self_mass,0.025814301621721825
0.7,8,3,full_sparse,output_mse,0.021491408750080154
0.7,8,3,full_sparse,output_mae,0.1076517400360899
0.7,8,3,full_sparse,output_cosine,0.9625016297213733
0.7,8,3,full_sparse,output_relative_rmse,0.2738780668587424
0.7,8,3,full_corrected,self_mass,0.013705918265259243
0.7,8,3,full_corrected,output_mse,0.02366376857025898
0.7,8,3,full_corrected,output_mae,0.11301184608601034
0.7,8,3,full_corrected,output_cosine,0.9599998218473047
0.7,8,3,full_corrected,output_relative_rmse,0.2877769995247945
0.7,8,4,dense,self_mass,0.002418891922388866
0.7,8,4,dense,output_mse,0.0
0.7,8,4,dense,output_mae,0.0
0.7,8,4,dense,output_cosine,1.0
0.7,8,4,dense,output_relative_rmse,0.0
0.7,8,4,local_sparse,self_mass,0.004845316758292029
0.7,8,4,local_sparse,output_mse,0.006204602572324802
0.7,8,4,local_sparse,output_mae,0.05473239222919801
0.7,8,4,local_sparse,output_cosine,0.977010254515335
0.7,8,4,local_sparse,output_relative_rmse,0.2118350602395367
0.7,8,4,local_corrected,self_mass,0.0024282012889216276
0.7,8,4,local_corrected,output_mse,0.00621770303860103
0.7,8,4,local_corrected,output_mae,0.054793062910903245
0.7,8,4,local_corrected,output_cosine,0.9769767506513745
0.7,8,4,local_corrected,output_relative_rmse,0.21211631456390023
0.7,8,4,full_sparse,self_mass,0.004837186262193427
0.7,8,4,full_sparse,output_mse,0.005034987506633115
0.7,8,4,full_sparse,output_mae,0.05170479483786039
0.7,8,4,full_sparse,output_cosine,0.9794266149401665
0.7,8,4,full_sparse,output_relative_rmse,0.20187039830489084
0.7,8,4,full_corrected,self_mass,0.002432686178735821
0.7,8,4,full_corrected,output_mse,0.005446640226637101
0.7,8,4,full_corrected,output_mae,0.05402360431617126
0.7,8,4,full_corrected,output_cosine,0.9779293762985617
0.7,8,4,full_corrected,output_relative_rmse,0.2113258768513333
0.7,8,5,dense,self_mass,0.007966656108692405
0.7,8,5,dense,output_mse,0.0
0.7,8,5,dense,output_mae,0.0
0.7,8,5,dense,output_cosine,1.0
0.7,8,5,dense,output_relative_rmse,0.0
0.7,8,5,local_sparse,self_mass,0.0158895317108545
0.7,8,5,local_sparse,output_mse,0.004954465404807706
0.7,8,5,local_sparse,output_mae,0.05194508094427874
0.7,8,5,local_sparse,output_cosine,0.9777015820145607
0.7,8,5,local_sparse,output_relative_rmse,0.20859312952961773
0.7,8,5,local_corrected,self_mass,0.008057143009864376
0.7,8,5,local_corrected,output_mse,0.004998301864361565
0.7,8,5,local_corrected,output_mae,0.05211655573657481
0.7,8,5,local_corrected,output_cosine,0.9774157626088709
0.7,8,5,local_corrected,output_relative_rmse,0.20955491191125475
0.7,8,5,full_sparse,self_mass,0.01594699816268985
0.7,8,5,full_sparse,output_mse,0.004529431360879244
0.7,8,5,full_sparse,output_mae,0.05047946358536137
0.7,8,5,full_sparse,output_cosine,0.9786062608473003
0.7,8,5,full_sparse,output_relative_rmse,0.2020123667025473
0.7,8,5,full_corrected,self_mass,0.008247886325989384
0.7,8,5,full_corrected,output_mse,0.005083160439880885
0.7,8,5,full_corrected,output_mae,0.05328043090412393
0.7,8,5,full_corrected,output_cosine,0.9766222997568548
0.7,8,5,full_corrected,output_relative_rmse,0.2140859029314015
0.7,8,6,dense,self_mass,0.015344408484452288
0.7,8,6,dense,output_mse,0.0
0.7,8,6,dense,output_mae,0.0
0.7,8,6,dense,output_cosine,1.0
0.7,8,6,dense,output_relative_rmse,0.0
0.7,8,6,local_sparse,self_mass,0.031235658560035517
0.7,8,6,local_sparse,output_mse,0.01777975950790278
0.7,8,6,local_sparse,output_mae,0.09607363812392578
0.7,8,6,local_sparse,output_cosine,0.9649495265912265
0.7,8,6,local_sparse,output_relative_rmse,0.2657071676803753
0.7,8,6,local_corrected,self_mass,0.01604974947804294
0.7,8,6,local_corrected,output_mse,0.018226291937025962
0.7,8,6,local_corrected,output_mae,0.09716515727632213
0.7,8,6,local_corrected,output_cosine,0.9640302762854844
0.7,8,6,local_corrected,output_relative_rmse,0.2690392053918913
0.7,8,6,full_sparse,self_mass,0.03132077584086801
0.7,8,6,full_sparse,output_mse,0.018585510862976662
0.7,8,6,full_sparse,output_mae,0.10032660141587257
0.7,8,6,full_sparse,output_cosine,0.9625810757279396
0.7,8,6,full_sparse,output_relative_rmse,0.2725556775694713
0.7,8,6,full_corrected,self_mass,0.016378518110286677
0.7,8,6,full_corrected,output_mse,0.02057996020084829
0.7,8,6,full_corrected,output_mae,0.10549233300844207
0.7,8,6,full_corrected,output_cosine,0.9598953598178923
0.7,8,6,full_corrected,output_relative_rmse,0.2872059009387158
0.7,8,7,dense,self_mass,0.025703995022922754
0.7,8,7,dense,output_mse,0.0
0.7,8,7,dense,output_mae,0.0
0.7,8,7,dense,output_cosine,1.0
0.7,8,7,dense,output_relative_rmse,0.0
0.7,8,7,local_sparse,self_mass,0.05030603313934989
0.7,8,7,local_sparse,output_mse,0.00836880041151744
0.7,8,7,local_sparse,output_mae,0.06613045476842672
0.7,8,7,local_sparse,output_cosine,0.9805941660888493
0.7,8,7,local_sparse,output_relative_rmse,0.19920517029822804
0.7,8,7,local_corrected,self_mass,0.026341868095187237
0.7,8,7,local_corrected,output_mse,0.008641109119707835
0.7,8,7,local_corrected,output_mae,0.06685458333231509
0.7,8,7,local_corrected,output_cosine,0.9797219280153513
0.7,8,7,local_corrected,output_relative_rmse,0.20234019847703166
0.7,8,7,full_sparse,self_mass,0.050929179808008485
0.7,8,7,full_sparse,output_mse,0.008646984865663399
0.7,8,7,full_sparse,output_mae,0.06843629888317082
0.7,8,7,full_sparse,output_cosine,0.9790104308631271
0.7,8,7,full_sparse,output_relative_rmse,0.20415205013705418
0.7,8,7,full_corrected,self_mass,0.0275160748133203
0.7,8,7,full_corrected,output_mse,0.009635484590035048
0.7,8,7,full_corrected,output_mae,0.07201942996471189
0.7,8,7,full_corrected,output_cosine,0.9769722814671695
0.7,8,7,full_corrected,output_relative_rmse,0.21577062879805453
0.7,8,8,dense,self_mass,0.008110699880489847
0.7,8,8,dense,output_mse,0.0
0.7,8,8,dense,output_mae,0.0
0.7,8,8,dense,output_cosine,1.0
0.7,8,8,dense,output_relative_rmse,0.0
0.7,8,8,local_sparse,self_mass,0.016080026052804897
0.7,8,8,local_sparse,output_mse,0.006915138919794117
0.7,8,8,local_sparse,output_mae,0.06105892967025284
0.7,8,8,local_sparse,output_cosine,0.9752723670098931
0.7,8,8,local_sparse,output_relative_rmse,0.22195353705319576
0.7,8,8,local_corrected,self_mass,0.008239555923864827
0.7,8,8,local_corrected,output_mse,0.006987118184042629
0.7,8,8,local_corrected,output_mae,0.061284127383260056
0.7,8,8,local_corrected,output_cosine,0.9749413863755763
0.7,8,8,local_corrected,output_relative_rmse,0.22300569780054502
0.7,8,8,full_sparse,self_mass,0.01604426998528652
0.7,8,8,full_sparse,output_mse,0.006884337477913505
0.7,8,8,full_sparse,output_mae,0.061144754945416935
0.7,8,8,full_sparse,output_cosine,0.9748398002702743
0.7,8,8,full_sparse,output_relative_rmse,0.22226840734947473
0.7,8,8,full_corrected,self_mass,0.008474870786812971
0.7,8,8,full_corrected,output_mse,0.007540665813394298
0.7,8,8,full_corrected,output_mae,0.06396718505129684
0.7,8,8,full_corrected,output_cosine,0.9729517691303045
0.7,8,8,full_corrected,output_relative_rmse,0.23308904917212203
0.7,8,9,dense,self_mass,0.010072349889014731
0.7,8,9,dense,output_mse,0.0
0.7,8,9,dense,output_mae,0.0
0.7,8,9,dense,output_cosine,1.0
0.7,8,9,dense,output_relative_rmse,0.0
0.7,8,9,local_sparse,self_mass,0.019930614371332922
0.7,8,9,local_sparse,output_mse,0.00802828536097877
0.7,8,9,local_sparse,output_mae,0.0650611609016778
0.7,8,9,local_sparse,output_cosine,0.9874266888946295
0.7,8,9,local_sparse,output_relative_rmse,0.15350886201485991
0.7,8,9,local_corrected,self_mass,0.010412295698188245
0.7,8,9,local_corrected,output_mse,0.008156128266818996
0.7,8,9,local_corrected,output_mae,0.06544530518294778
0.7,8,9,local_corrected,output_cosine,0.98720039636828
0.7,8,9,local_corrected,output_relative_rmse,0.15474888289463706
0.7,8,9,full_sparse,self_mass,0.01976785598708375
0.7,8,9,full_sparse,output_mse,0.012437750803655945
0.7,8,9,full_sparse,output_mae,0.08099091892654542
0.7,8,9,full_sparse,output_cosine,0.9791262552607805
0.7,8,9,full_sparse,output_relative_rmse,0.1920834681368433
0.7,8,9,full_corrected,self_mass,0.0106555121810743
0.7,8,9,full_corrected,output_mse,0.013795109364764357
0.7,8,9,full_corrected,output_mae,0.08527428365778178
0.7,8,9,full_corrected,output_cosine,0.9773692989256233
0.7,8,9,full_corrected,output_relative_rmse,0.20239558644243516
0.7,8,10,dense,self_mass,0.0012223285618802038
0.7,8,10,dense,output_mse,0.0
0.7,8,10,dense,output_mae,0.0
0.7,8,10,dense,output_cosine,1.0
0.7,8,10,dense,output_relative_rmse,0.0
0.7,8,10,local_sparse,self_mass,0.002454917881095753
0.7,8,10,local_sparse,output_mse,0.0049551748084013525
0.7,8,10,local_sparse,output_mae,0.051658701049746014
0.7,8,10,local_sparse,output_cosine,0.9769060336984694
0.7,8,10,local_sparse,output_relative_rmse,0.21458635738235898
0.7,8,10,local_corrected,self_mass,0.0012259580304316842
0.7,8,10,local_corrected,output_mse,0.004962622328548605
0.7,8,10,local_corrected,output_mae,0.05170954792993143
0.7,8,10,local_corrected,output_cosine,0.976889017270878
0.7,8,10,local_corrected,output_relative_rmse,0.21478119964012876
0.7,8,10,full_sparse,self_mass,0.0024407445532688143
0.7,8,10,full_sparse,output_mse,0.004677057081607927
0.7,8,10,full_sparse,output_mae,0.05113136443833355
0.7,8,10,full_sparse,output_cosine,0.9773426472675055
0.7,8,10,full_sparse,output_relative_rmse,0.21186875679995865
0.7,8,10,full_corrected,self_mass,0.0011580438583678188
0.7,8,10,full_corrected,output_mse,0.005139305368174973
0.7,8,10,full_corrected,output_mae,0.05377906899957452
0.7,8,10,full_corrected,output_cosine,0.9753298941068351
0.7,8,10,full_corrected,output_relative_rmse,0.2231044996296987
0.7,8,11,dense,self_mass,0.01608211842176388
0.7,8,11,dense,output_mse,0.0
0.7,8,11,dense,output_mae,0.0
0.7,8,11,dense,output_cosine,1.0
0.7,8,11,dense,output_relative_rmse,0.0
0.7,8,11,local_sparse,self_mass,0.03188907462754287
0.7,8,11,local_sparse,output_mse,0.00664199820266731
0.7,8,11,local_sparse,output_mae,0.06006192917993758
0.7,8,11,local_sparse,output_cosine,0.9809927516616881
0.7,8,11,local_sparse,output_relative_rmse,0.19105491481604986
0.7,8,11,local_corrected,self_mass,0.01651252479496179
0.7,8,11,local_corrected,output_mse,0.006761390318843041
0.7,8,11,local_corrected,output_mae,0.06045248970622197
0.7,8,11,local_corrected,output_cosine,0.9805467699188739
0.7,8,11,local_corrected,output_relative_rmse,0.19276405818527564
0.7,8,11,full_sparse,self_mass,0.03205168465501629
0.7,8,11,full_sparse,output_mse,0.006857787964690942
0.7,8,11,full_sparse,output_mae,0.062076659451122396
0.7,8,11,full_sparse,output_cosine,0.9794646792579442
0.7,8,11,full_sparse,output_relative_rmse,0.19637070799944922
0.7,8,11,full_corrected,self_mass,0.01717788820678834
0.7,8,11,full_corrected,output_mse,0.007542099667261937
0.7,8,11,full_corrected,output_mae,0.06503515075019095
0.7,8,11,full_corrected,output_cosine,0.977813394041732
0.7,8,11,full_corrected,output_relative_rmse,0.20610390312504023
0.85,3,0,dense,self_mass,0.009187822503008647
0.85,3,0,dense,output_mse,0.0
0.85,3,0,dense,output_mae,0.0
0.85,3,0,dense,output_cosine,1.0
0.85,3,0,dense,output_relative_rmse,0.0
0.85,3,0,local_sparse,self_mass,0.01819150332812569
0.85,3,0,local_sparse,output_mse,0.0037277804185578134
0.85,3,0,local_sparse,output_mae,0.04648767834441969
0.85,3,0,local_sparse,output_cosine,0.9653841606341302
0.85,3,0,local_sparse,output_relative_rmse,0.26630669631413184
0.85,3,0,local_corrected,self_mass,0.009225054567650659
0.85,3,0,local_corrected,output_mse,0.0037548767431871966
0.85,3,0,local_corrected,output_mae,0.04662156831182074
0.85,3,0,local_corrected,output_cosine,0.9648533398285508
0.85,3,0,local_corrected,output_relative_rmse,0.2672082143253647
0.85,3,0,full_sparse,self_mass,0.0181915031207609
0.85,3,0,full_sparse,output_mse,0.0037277804176483187
0.85,3,0,full_sparse,output_mae,0.04648767843900714
0.85,3,0,full_sparse,output_cosine,0.9653841597028077
0.85,3,0,full_sparse,output_relative_rmse,0.26630669605219737
0.85,3,0,full_corrected,self_mass,0.009225054556736723
0.85,3,0,full_corrected,output_mse,0.003754876735911239
0.85,3,0,full_corrected,output_mae,0.046621568682894576
0.85,3,0,full_corrected,output_cosine,0.9648533395957202
0.85,3,0,full_corrected,output_relative_rmse,0.26720821412163787
0.85,3,1,dense,self_mass,0.004352892189672275
0.85,3,1,dense,output_mse,0.0
0.85,3,1,dense,output_mae,0.0
0.85,3,1,dense,output_cosine,1.0
0.85,3,1,dense,output_relative_rmse,0.0
0.85,3,1,local_sparse,self_mass,0.008707677008715109
0.85,3,1,local_sparse,output_mse,0.0028789824150408094
0.85,3,1,local_sparse,output_mae,0.040823328294209205
0.85,3,1,local_sparse,output_cosine,0.9692680528387427
0.85,3,1,local_sparse,output_relative_rmse,0.24714177279383875
0.85,3,1,local_corrected,self_mass,0.00437688860893104
0.85,3,1,local_corrected,output_mse,0.0028905709868922713
0.85,3,1,local_corrected,output_mae,0.04090241919038817
0.85,3,1,local_corrected,output_cosine,0.9691372329834849
0.85,3,1,local_corrected,output_relative_rmse,0.24764808849431574
0.85,3,1,full_sparse,self_mass,0.008707677032361971
0.85,3,1,full_sparse,output_mse,0.002878982404126873
0.85,3,1,full_sparse,output_mae,0.04082332813413814
0.85,3,1,full_sparse,output_cosine,0.9692680516745895
0.85,3,1,full_sparse,output_relative_rmse,0.24714177119312808
0.85,3,1,full_corrected,self_mass,0.004376888638944365
0.85,3,1,full_corrected,output_mse,0.0028905709768878296
0.85,3,1,full_corrected,output_mae,0.04090241920494009
0.85,3,1,full_corrected,output_cosine,0.9691372329834849
0.85,3,1,full_corrected,output_relative_rmse,0.2476480881741736
0.85,3,2,dense,self_mass,0.004128423313886742
0.85,3,2,dense,output_mse,0.0
0.85,3,2,dense,output_mae,0.0
0.85,3,2,dense,output_cosine,1.0
0.85,3,2,dense,output_relative_rmse,0.0
0.85,3,2,local_sparse,self_mass,0.008216634019845515
0.85,3,2,local_sparse,output_mse,0.003745964703739446
0.85,3,2,local_sparse,output_mae,0.04634579086268786
0.85,3,2,local_sparse,output_cosine,0.960512826917693
0.85,3,2,local_sparse,output_relative_rmse,0.28277970978524536
0.85,3,2,local_corrected,self_mass,0.004125498789107951
0.85,3,2,local_corrected,output_mse,0.003764047183722141
0.85,3,2,local_corrected,output_mae,0.046450261972495355
0.85,3,2,local_corrected,output_cosine,0.9602881886530668
0.85,3,2,local_corrected,output_relative_rmse,0.2834492271649651
0.85,3,2,full_sparse,self_mass,0.008216634076234186
0.85,3,2,full_sparse,output_mse,0.0037459647069226776
0.85,3,2,full_sparse,output_mae,0.046345790855411906
0.85,3,2,full_sparse,output_cosine,0.960512827616185
0.85,3,2,full_sparse,output_relative_rmse,0.28277971036732197
0.85,3,2,full_corrected,self_mass,0.004125498774556036
0.85,3,2,full_corrected,output_mse,0.003764047182357899
0.85,3,2,full_corrected,output_mae,0.046450262067082804
0.85,3,2,full_corrected,output_cosine,0.960288186557591
0.85,3,2,full_corrected,output_relative_rmse,0.28344922815449536
0.85,3,3,dense,self_mass,0.0014814392359312478
0.85,3,3,dense,output_mse,0.0
0.85,3,3,dense,output_mae,0.0
0.85,3,3,dense,output_cosine,1.0
0.85,3,3,dense,output_relative_rmse,0.0
0.85,3,3,local_sparse,self_mass,0.0029684495334549865
0.85,3,3,local_sparse,output_mse,0.0032727480838730116
0.85,3,3,local_sparse,output_mae,0.043096559020341374
0.85,3,3,local_sparse,output_cosine,0.9733120142482221
0.85,3,3,local_sparse,output_relative_rmse,0.22717218220350333
0.85,3,3,local_corrected,self_mass,0.0014825647408542864
0.85,3,3,local_corrected,output_mse,0.0032762764994913596
0.85,3,3,local_corrected,output_mae,0.04313246147648897
0.85,3,3,local_corrected,output_cosine,0.9732865174300969
0.85,3,3,local_corrected,output_relative_rmse,0.22737994708586484
0.85,3,3,full_sparse,self_mass,0.0029684495125366084
0.85,3,3,full_sparse,output_mse,0.0032727481338952202
0.85,3,3,full_sparse,output_mae,0.043096559500554577
0.85,3,3,full_sparse,output_cosine,0.9733120144810528
0.85,3,3,full_sparse,output_relative_rmse,0.22717218214529566
0.85,3,3,full_corrected,self_mass,0.0014825647349425708
0.85,3,3,full_corrected,output_mse,0.0032762765436018526
0.85,3,3,full_corrected,output_mae,0.04313246178207919
0.85,3,3,full_corrected,output_cosine,0.9732865190599114
0.85,3,3,full_corrected,output_relative_rmse,0.22737994769704528
0.85,3,4,dense,self_mass,0.0058011880437334185
0.85,3,4,dense,output_mse,0.0
0.85,3,4,dense,output_mae,0.0
0.85,3,4,dense,output_cosine,1.0
0.85,3,4,dense,output_relative_rmse,0.0
0.85,3,4,local_sparse,self_mass,0.011561401135622873
0.85,3,4,local_sparse,output_mse,0.0033946105609174992
0.85,3,4,local_sparse,output_mae,0.04472280696063535
0.85,3,4,local_sparse,output_cosine,0.9734711584169418
0.85,3,4,local_sparse,output_relative_rmse,0.229370550456224
0.85,3,4,local_corrected,self_mass,0.0058214082127960864
0.85,3,4,local_corrected,output_mse,0.0034160517770942533
0.85,3,4,local_corrected,output_mae,0.04484920527465874
0.85,3,4,local_corrected,output_cosine,0.973263791995123
0.85,3,4,local_corrected,output_relative_rmse,0.23011404124554247
0.85,3,4,full_sparse,self_mass,0.011561401172002661
0.85,3,4,full_sparse,output_mse,0.0033946106264011178
0.85,3,4,full_sparse,output_mae,0.04472280754271196
0.85,3,4,full_sparse,output_cosine,0.9734711558558047
0.85,3,4,full_sparse,output_relative_rmse,0.2293705524643883
0.85,3,4,full_corrected,self_mass,0.005821408208248613
0.85,3,4,full_corrected,output_mse,0.003416051807562326
0.85,3,4,full_corrected,output_mae,0.04484920564573258
0.85,3,4,full_corrected,output_cosine,0.9732637929264456
0.85,3,4,full_corrected,output_relative_rmse,0.230114042526111
0.85,3,5,dense,self_mass,0.005124379580593086
0.85,3,5,dense,output_mse,0.0
0.85,3,5,dense,output_mae,0.0
0.85,3,5,dense,output_cosine,1.0
0.85,3,5,dense,output_relative_rmse,0.0
0.85,3,5,local_sparse,self_mass,0.010238070322884596
0.85,3,5,local_sparse,output_mse,0.005191371155888191
0.85,3,5,local_sparse,output_mae,0.0549061836063629
0.85,3,5,local_sparse,output_cosine,0.9711777111515403
0.85,3,5,local_sparse,output_relative_rmse,0.23311653110431507
0.85,3,5,local_corrected,self_mass,0.005165457589100697
0.85,3,5,local_corrected,output_mse,0.0052384245454959455
0.85,3,5,local_corrected,output_mae,0.05510945850983262
0.85,3,5,local_corrected,output_cosine,0.9708841564133763
0.85,3,5,local_corrected,output_relative_rmse,0.2340870327607263
0.85,3,5,full_sparse,self_mass,0.010238070421110024
0.85,3,5,full_sparse,output_mse,0.005191371136788803
0.85,3,5,full_sparse,output_mae,0.05490618354815524
0.85,3,5,full_sparse,output_cosine,0.9711777090560645
0.85,3,5,full_sparse,output_relative_rmse,0.23311653203563765
0.85,3,5,full_corrected,self_mass,0.005165457592738676
0.85,3,5,full_corrected,output_mse,0.005238424547314935
0.85,3,5,full_corrected,output_mae,0.055109458524384536
0.85,3,5,full_corrected,output_cosine,0.9708841580431908
0.85,3,5,full_corrected,output_relative_rmse,0.23408703313907608
0.85,3,6,dense,self_mass,0.0033914714467755402
0.85,3,6,dense,output_mse,0.0
0.85,3,6,dense,output_mae,0.0
0.85,3,6,dense,output_cosine,1.0
0.85,3,6,dense,output_relative_rmse,0.0
0.85,3,6,local_sparse,self_mass,0.006803977335039235
0.85,3,6,local_sparse,output_mse,0.003016146024265254
0.85,3,6,local_sparse,output_mae,0.04180460813950049
0.85,3,6,local_sparse,output_cosine,0.9707724570762366
0.85,3,6,local_sparse,output_relative_rmse,0.23886079047224484
0.85,3,6,local_corrected,self_mass,0.0034212659152217384
0.85,3,6,local_corrected,output_mse,0.00303330957012804
0.85,3,6,local_corrected,output_mae,0.04190505416045198
0.85,3,6,local_corrected,output_cosine,0.9706782645080239
0.85,3,6,local_corrected,output_relative_rmse,0.2394481559167616
0.85,3,6,full_sparse,self_mass,0.006803977372328518
0.85,3,6,full_sparse,output_mse,0.0030161460131239437
0.85,3,6,full_sparse,output_mae,0.041804607993981335
0.85,3,6,full_sparse,output_cosine,0.9707724605686963
0.85,3,6,full_sparse,output_relative_rmse,0.23886078971554525
0.85,3,6,full_corrected,self_mass,0.003421265918859717
0.85,3,6,full_corrected,output_mse,0.0030333095655805664
0.85,3,6,full_corrected,output_mae,0.04190505437145475
0.85,3,6,full_corrected,output_cosine,0.9706782670691609
0.85,3,6,full_corrected,output_relative_rmse,0.23944815603317693
0.85,3,7,dense,self_mass,0.002528642670768022
0.85,3,7,dense,output_mse,0.0
0.85,3,7,dense,output_mae,0.0
0.85,3,7,dense,output_cosine,1.0
0.85,3,7,dense,output_relative_rmse,0.0
0.85,3,7,local_sparse,self_mass,0.005039121499976318
0.85,3,7,local_sparse,output_mse,0.003355043508236122
0.85,3,7,local_sparse,output_mae,0.04220219043781981
0.85,3,7,local_sparse,output_cosine,0.9714278504252434
0.85,3,7,local_sparse,output_relative_rmse,0.23781119845807552
0.85,3,7,local_corrected,self_mass,0.002577072735675756
0.85,3,7,local_corrected,output_mse,0.0033690366453811293
0.85,3,7,local_corrected,output_mae,0.042276650958228856
0.85,3,7,local_corrected,output_cosine,0.9713588973972946
0.85,3,7,local_corrected,output_relative_rmse,0.23829349980223924
0.85,3,7,full_sparse,self_mass,0.005039121485424403
0.85,3,7,full_sparse,output_mse,0.0033550435755387298
0.85,3,7,full_sparse,output_mae,0.0422021909544128
0.85,3,7,full_sparse,output_cosine,0.9714278480969369
0.85,3,7,full_sparse,output_relative_rmse,0.23781119793420658
0.85,3,7,full_corrected,self_mass,0.002577072721123841
0.85,3,7,full_corrected,output_mse,0.0033690367242797947
0.85,3,7,full_corrected,output_mae,0.04227665128564695
0.85,3,7,full_corrected,output_cosine,0.9713588994927704
0.85,3,7,full_corrected,output_relative_rmse,0.23829349942388944
0.85,3,8,dense,self_mass,0.0049370593519597605
0.85,3,8,dense,output_mse,0.0
0.85,3,8,dense,output_mae,0.0
0.85,3,8,dense,output_cosine,1.0
0.85,3,8,dense,output_relative_rmse,0.0
0.85,3,8,local_sparse,self_mass,0.009911311538417067
0.85,3,8,local_sparse,output_mse,0.0057451387347100535
0.85,3,8,local_sparse,output_mae,0.05592248532047961
0.85,3,8,local_sparse,output_cosine,0.9733142051845789
0.85,3,8,local_sparse,output_relative_rmse,0.22645512322196737
0.85,3,8,local_corrected,self_mass,0.004992195395061572
0.85,3,8,local_corrected,output_mse,0.0057607433382145246
0.85,3,8,local_corrected,output_mae,0.056037412126897834
0.85,3,8,local_corrected,output_cosine,0.9732784561347216
0.85,3,8,local_corrected,output_relative_rmse,0.2267952243273612
0.85,3,8,full_sparse,self_mass,0.009911311598443717
0.85,3,8,full_sparse,output_mse,0.00574513870105875
0.85,3,8,full_sparse,output_mae,0.05592248550965451
0.85,3,8,full_sparse,output_cosine,0.9733142075128853
0.85,3,8,full_sparse,output_relative_rmse,0.22645512328017503
0.85,3,8,full_corrected,self_mass,0.0049921953832381405
0.85,3,8,full_corrected,output_mse,0.005760743310020189
0.85,3,8,full_corrected,output_mae,0.05603741217055358
0.85,3,8,full_corrected,output_cosine,0.9732784579973668
0.85,3,8,full_corrected,output_relative_rmse,0.22679522348335013
0.85,3,9,dense,self_mass,0.020519370471447473
0.85,3,9,dense,output_mse,0.0
0.85,3,9,dense,output_mae,0.0
0.85,3,9,dense,output_cosine,1.0
0.85,3,9,dense,output_relative_rmse,0.0
0.85,3,9,local_sparse,self_mass,0.04152590701414738
0.85,3,9,local_sparse,output_mse,0.014971266904467484
0.85,3,9,local_sparse,output_mae,0.09232861152850091
0.85,3,9,local_sparse,output_cosine,0.9618167793378234
0.85,3,9,local_sparse,output_relative_rmse,0.2902613440528512
0.85,3,9,local_corrected,self_mass,0.021331281335733365
0.85,3,9,local_corrected,output_mse,0.015644994484318886
0.85,3,9,local_corrected,output_mae,0.09397261633421294
0.85,3,9,local_corrected,output_cosine,0.9592731618322432
0.85,3,9,local_corrected,output_relative_rmse,0.2966660484089516
0.85,3,9,full_sparse,self_mass,0.04152590740704909
0.85,3,9,full_sparse,output_mse,0.014971266715292586
0.85,3,9,full_sparse,output_mae,0.09232861155760475
0.85,3,9,full_sparse,output_cosine,0.9618167784065008
0.85,3,9,full_sparse,output_relative_rmse,0.29026134248124436
0.85,3,9,full_corrected,self_mass,0.021331281226594
0.85,3,9,full_corrected,output_mse,0.015644994386093458
0.85,3,9,full_corrected,output_mae,0.0939726161013823
0.85,3,9,full_corrected,output_cosine,0.9592731636948884
0.85,3,9,full_corrected,output_relative_rmse,0.29666604701196775
0.85,3,10,dense,self_mass,0.001405254358928687
0.85,3,10,dense,output_mse,0.0
0.85,3,10,dense,output_mae,0.0
0.85,3,10,dense,output_cosine,1.0
0.85,3,10,dense,output_relative_rmse,0.0
0.85,3,10,local_sparse,self_mass,0.002819975279180653
0.85,3,10,local_sparse,output_mse,0.0033807148838604917
0.85,3,10,local_sparse,output_mae,0.04435768439725507
0.85,3,10,local_sparse,output_cosine,0.9777506298851222
0.85,3,10,local_sparse,output_relative_rmse,0.20431233002454974
0.85,3,10,local_corrected,self_mass,0.0014081850688398845
0.85,3,10,local_corrected,output_mse,0.0033846842502498475
0.85,3,10,local_corrected,output_mae,0.044391925366653595
0.85,3,10,local_corrected,output_cosine,0.9777489935513586
0.85,3,10,local_corrected,output_relative_rmse,0.2044666397268884
0.85,3,10,full_sparse,self_mass,0.002819975263264496
0.85,3,10,full_sparse,output_mse,0.0033807149006861437
0.85,3,10,full_sparse,output_mae,0.04435768427356379
0.85,3,10,full_sparse,output_cosine,0.9777506294194609
0.85,3,10,full_sparse,output_relative_rmse,0.20431233040289953
0.85,3,10,full_corrected,self_mass,0.0014081850772527105
0.85,3,10,full_corrected,output_mse,0.003384684257071058
0.85,3,10,full_corrected,output_mae,0.04439192551217275
0.85,3,10,full_corrected,output_cosine,0.9777489928528666
0.85,3,10,full_corrected,output_relative_rmse,0.2044666403962765
0.85,3,11,dense,self_mass,0.02070666879444616
0.85,3,11,dense,output_mse,0.0
0.85,3,11,dense,output_mae,0.0
0.85,3,11,dense,output_cosine,1.0
0.85,3,11,dense,output_relative_rmse,0.0
0.85,3,11,local_sparse,self_mass,0.04161887682857923
0.85,3,11,local_sparse,output_mse,0.01449498045258224
0.85,3,11,local_sparse,output_mae,0.09160550305387005
0.85,3,11,local_sparse,output_cosine,0.9622768044937402
0.85,3,11,local_sparse,output_relative_rmse,0.28080320480512455
0.85,3,11,local_corrected,self_mass,0.02134814103192184
0.85,3,11,local_corrected,output_mse,0.015119468425837113
0.85,3,11,local_corrected,output_mae,0.09316962887533009
0.85,3,11,local_corrected,output_cosine,0.9599760242272168
0.85,3,11,local_corrected,output_relative_rmse,0.28675084182759747
0.85,3,11,full_sparse,self_mass,0.04161887647933327
0.85,3,11,full_sparse,output_mse,0.01449498054353171
0.85,3,11,full_sparse,output_mae,0.091605503577739
0.85,3,11,full_sparse,output_cosine,0.9622768030967563
0.85,3,11,full_sparse,output_relative_rmse,0.2808032045722939
0.85,3,11,full_corrected,self_mass,0.021348140842746943
0.85,3,11,full_corrected,output_mse,0.01511946846585488
0.85,3,11,full_corrected,output_mae,0.09316962980665267
0.85,3,11,full_corrected,output_cosine,0.9599760239943862
0.85,3,11,full_corrected,output_relative_rmse,0.2867508421186358
0.85,4,0,dense,self_mass,0.008237238034780603
0.85,4,0,dense,output_mse,0.0
0.85,4,0,dense,output_mae,0.0
0.85,4,0,dense,output_cosine,1.0
0.85,4,0,dense,output_relative_rmse,0.0
0.85,4,0,local_sparse,self_mass,0.0168150272074854
0.85,4,0,local_sparse,output_mse,0.015362197857029969
0.85,4,0,local_sparse,output_mae,0.09210481855552644
0.85,4,0,local_sparse,output_cosine,0.9587235164362937
0.85,4,0,local_sparse,output_relative_rmse,0.28728539048461244
0.85,4,0,local_corrected,self_mass,0.008517610777744267
0.85,4,0,local_corrected,output_mse,0.015489760704440414
0.85,4,0,local_corrected,output_mae,0.09252801351249218
0.85,4,0,local_corrected,output_cosine,0.9586575594730675
0.85,4,0,local_corrected,output_relative_rmse,0.288513237319421
0.85,4,0,full_sparse,self_mass,0.016776573515016935
0.85,4,0,full_sparse,output_mse,0.013306195973200374
0.85,4,0,full_sparse,output_mae,0.08614292423590086
0.85,4,0,full_sparse,output_cosine,0.9645706571172923
0.85,4,0,full_sparse,output_relative_rmse,0.26702670147642493
0.85,4,0,full_corrected,self_mass,0.008536064523468667
0.85,4,0,full_corrected,output_mse,0.013588495736257755
0.85,4,0,full_corrected,output_mae,0.08711371118261013
0.85,4,0,full_corrected,output_cosine,0.9644573566038162
0.85,4,0,full_corrected,output_relative_rmse,0.2698823293321766
0.85,4,1,dense,self_mass,0.03075471374177141
0.85,4,1,dense,output_mse,0.0
0.85,4,1,dense,output_mae,0.0
0.85,4,1,dense,output_cosine,1.0
0.85,4,1,dense,output_relative_rmse,0.0
0.85,4,1,local_sparse,self_mass,0.0614733744005207
0.85,4,1,local_sparse,output_mse,0.014434857472224394
0.85,4,1,local_sparse,output_mae,0.09149240751867183
0.85,4,1,local_sparse,output_cosine,0.9586708510760218
0.85,4,1,local_sparse,output_relative_rmse,0.2989435181953013
0.85,4,1,local_corrected,self_mass,0.03191793007863453
0.85,4,1,local_corrected,output_mse,0.0152690362665453
0.85,4,1,local_corrected,output_mae,0.09357107535470277
0.85,4,1,local_corrected,output_cosine,0.9548443621024489
0.85,4,1,local_corrected,output_relative_rmse,0.30741828959435225
0.85,4,1,full_sparse,self_mass,0.06209746237436775
0.85,4,1,full_sparse,output_mse,0.011411899518861901
0.85,4,1,full_sparse,output_mae,0.08129706824547611
0.85,4,1,full_sparse,output_cosine,0.9662736512254924
0.85,4,1,full_sparse,output_relative_rmse,0.265797603642568
0.85,4,1,full_corrected,self_mass,0.03245320615678793
0.85,4,1,full_corrected,output_mse,0.012348330223176163
0.85,4,1,full_corrected,output_mae,0.08411844063084573
0.85,4,1,full_corrected,output_cosine,0.9627448550891131
0.85,4,1,full_corrected,output_relative_rmse,0.27647893293760717
0.85,4,2,dense,self_mass,0.004578056447826384
0.85,4,2,dense,output_mse,0.0
0.85,4,2,dense,output_mae,0.0
0.85,4,2,dense,output_cosine,1.0
0.85,4,2,dense,output_relative_rmse,0.0
0.85,4,2,local_sparse,self_mass,0.009204327183397254
0.85,4,2,local_sparse,output_mse,0.004724850658476498
0.85,4,2,local_sparse,output_mae,0.052264166275563184
0.85,4,2,local_sparse,output_cosine,0.963415973354131
0.85,4,2,local_sparse,output_relative_rmse,0.2747665654460434
0.85,4,2,local_corrected,self_mass,0.004621924923412735
0.85,4,2,local_corrected,output_mse,0.004756735675528034
0.85,4,2,local_corrected,output_mae,0.05241339003259782
0.85,4,2,local_corrected,output_cosine,0.9631229799706489
0.85,4,2,local_corrected,output_relative_rmse,0.275651508505689
0.85,4,2,full_sparse,self_mass,0.009225247618815047
0.85,4,2,full_sparse,output_mse,0.004048686656915379
0.85,4,2,full_sparse,output_mae,0.048152970455703326
0.85,4,2,full_sparse,output_cosine,0.9690250242128968
0.85,4,2,full_sparse,output_relative_rmse,0.2531193546601571
0.85,4,2,full_corrected,self_mass,0.004681279880969669
0.85,4,2,full_corrected,output_mse,0.0041313131528113445
0.85,4,2,full_corrected,output_mae,0.048610999874654226
0.85,4,2,full_corrected,output_cosine,0.9687671577557921
0.85,4,2,full_corrected,output_relative_rmse,0.2555763565178495
0.85,4,3,dense,self_mass,0.007671660350752063
0.85,4,3,dense,output_mse,0.0
0.85,4,3,dense,output_mae,0.0
0.85,4,3,dense,output_cosine,1.0
0.85,4,3,dense,output_relative_rmse,0.0
0.85,4,3,local_sparse,self_mass,0.015206940974167082
0.85,4,3,local_sparse,output_mse,0.0033516459961902
0.85,4,3,local_sparse,output_mae,0.044463906378950924
0.85,4,3,local_sparse,output_cosine,0.9735680473968387
0.85,4,3,local_sparse,output_relative_rmse,0.22866968830931
0.85,4,3,local_corrected,self_mass,0.00766518407726835
0.85,4,3,local_corrected,output_mse,0.003383191475904823
0.85,4,3,local_corrected,output_mae,0.04463488911278546
0.85,4,3,local_corrected,output_cosine,0.9731785415206105
0.85,4,3,local_corrected,output_relative_rmse,0.22971255195443518
0.85,4,3,full_sparse,self_mass,0.015303071828384418
0.85,4,3,full_sparse,output_mse,0.0023765417129197886
0.85,4,3,full_sparse,output_mae,0.03764797585608903
0.85,4,3,full_sparse,output_cosine,0.9810335864312947
0.85,4,3,full_sparse,output_relative_rmse,0.1928788255318068
0.85,4,3,full_corrected,self_mass,0.007772049009872717
0.85,4,3,full_corrected,output_mse,0.002418969248083158
0.85,4,3,full_corrected,output_mae,0.037989168864442036
0.85,4,3,full_corrected,output_cosine,0.9807806597091258
0.85,4,3,full_corrected,output_relative_rmse,0.19466252395068295
0.85,4,4,dense,self_mass,0.011646822084003361
0.85,4,4,dense,output_mse,0.0
0.85,4,4,dense,output_mae,0.0
0.85,4,4,dense,output_cosine,1.0
0.85,4,4,dense,output_relative_rmse,0.0
0.85,4,4,local_sparse,self_mass,0.0236658686408191
0.85,4,4,local_sparse,output_mse,0.013931944891737658
0.85,4,4,local_sparse,output_mae,0.0882162045018049
0.85,4,4,local_sparse,output_cosine,0.9643204028252512
0.85,4,4,local_sparse,output_relative_rmse,0.26491758809424937
0.85,4,4,local_corrected,self_mass,0.011992836716672173
0.85,4,4,local_corrected,output_mse,0.014081806355534354
0.85,4,4,local_corrected,output_mae,0.08877877428312786
0.85,4,4,local_corrected,output_cosine,0.9641487444750965
0.85,4,4,local_corrected,output_relative_rmse,0.26641475269570947
0.85,4,4,full_sparse,self_mass,0.02357166433648672
0.85,4,4,full_sparse,output_mse,0.011149746140290517
0.85,4,4,full_sparse,output_mae,0.07956105344055686
0.85,4,4,full_sparse,output_cosine,0.9714447930455208
0.85,4,4,full_sparse,output_relative_rmse,0.23702367540681735
0.85,4,4,full_corrected,self_mass,0.011916231876966776
0.85,4,4,full_corrected,output_mse,0.01141677024315868
0.85,4,4,full_corrected,output_mae,0.08059221942676231
0.85,4,4,full_corrected,output_cosine,0.9712323450949043
0.85,4,4,full_corrected,output_relative_rmse,0.23994001210667193
0.85,4,5,dense,self_mass,0.006134614937764127
0.85,4,5,dense,output_mse,0.0
0.85,4,5,dense,output_mae,0.0
0.85,4,5,dense,output_cosine,1.0
0.85,4,5,dense,output_relative_rmse,0.0
0.85,4,5,local_sparse,self_mass,0.01231750353872485
0.85,4,5,local_sparse,output_mse,0.0051049507187599374
0.85,4,5,local_sparse,output_mae,0.054072015584097244
0.85,4,5,local_sparse,output_cosine,0.9684999708551913
0.85,4,5,local_sparse,output_relative_rmse,0.2526029809960164
0.85,4,5,local_corrected,self_mass,0.006212889864400495
0.85,4,5,local_corrected,output_mse,0.0051534357235141215
0.85,4,5,local_corrected,output_mae,0.054292829416226596
0.85,4,5,local_corrected,output_cosine,0.9681419392582029
0.85,4,5,local_corrected,output_relative_rmse,0.25375695212278515
0.85,4,5,full_sparse,self_mass,0.012505476974183694
0.85,4,5,full_sparse,output_mse,0.004575666497203201
0.85,4,5,full_sparse,output_mae,0.05094326478865696
0.85,4,5,full_sparse,output_cosine,0.9721049619838595
0.85,4,5,full_sparse,output_relative_rmse,0.2380317618662957
0.85,4,5,full_corrected,self_mass,0.006389738833604497
0.85,4,5,full_corrected,output_mse,0.004687055919930572
0.85,4,5,full_corrected,output_mae,0.051526745162846055
0.85,4,5,full_corrected,output_cosine,0.971788494149223
0.85,4,5,full_corrected,output_relative_rmse,0.24077661032788455
0.85,4,6,dense,self_mass,0.004984308140592475
0.85,4,6,dense,output_mse,0.0
0.85,4,6,dense,output_mae,0.0
0.85,4,6,dense,output_cosine,1.0
0.85,4,6,dense,output_relative_rmse,0.0
0.85,4,6,local_sparse,self_mass,0.010639351248755702
0.85,4,6,local_sparse,output_mse,0.015533810639681178
0.85,4,6,local_sparse,output_mae,0.09120734740281478
0.85,4,6,local_sparse,output_cosine,0.9636015240103006
0.85,4,6,local_sparse,output_relative_rmse,0.26920094760134816
0.85,4,6,local_corrected,self_mass,0.005445596678328002
0.85,4,6,local_corrected,output_mse,0.01566022297447489
0.85,4,6,local_corrected,output_mae,0.0915574851387646
0.85,4,6,local_corrected,output_cosine,0.9632938262075186
0.85,4,6,local_corrected,output_relative_rmse,0.2702862417791039
0.85,4,6,full_sparse,self_mass,0.010724024072260363
0.85,4,6,full_sparse,output_mse,0.015316910703404574
0.85,4,6,full_sparse,output_mae,0.09095042978879064
0.85,4,6,full_sparse,output_cosine,0.9647304497193545
0.85,4,6,full_sparse,output_relative_rmse,0.26743160252226517
0.85,4,6,full_corrected,self_mass,0.005542564089410007
0.85,4,6,full_corrected,output_mse,0.01566913734677655
0.85,4,6,full_corrected,output_mae,0.09196633205283433
0.85,4,6,full_corrected,output_cosine,0.9642951332498342
0.85,4,6,full_corrected,output_relative_rmse,0.2704628815408796
0.85,4,7,dense,self_mass,0.0018258250288454292
0.85,4,7,dense,output_mse,0.0
0.85,4,7,dense,output_mae,0.0
0.85,4,7,dense,output_cosine,1.0
0.85,4,7,dense,output_relative_rmse,0.0
0.85,4,7,local_sparse,self_mass,0.0036682082145489403
0.85,4,7,local_sparse,output_mse,0.0029936566306787427
0.85,4,7,local_sparse,output_mae,0.042005862611404154
0.85,4,7,local_sparse,output_cosine,0.9691757701802999
0.85,4,7,local_sparse,output_relative_rmse,0.24445109275984578
0.85,4,7,local_corrected,self_mass,0.0018322071423426678
0.85,4,7,local_corrected,output_mse,0.0029998163799973554
0.85,4,7,local_corrected,output_mae,0.04205472151807044
0.85,4,7,local_corrected,output_cosine,0.9691213802434504
0.85,4,7,local_corrected,output_relative_rmse,0.24474848445970565
0.85,4,7,full_sparse,self_mass,0.003669278876259341
0.85,4,7,full_sparse,output_mse,0.0019282386849681643
0.85,4,7,full_sparse,output_mae,0.03402563631243538
0.85,4,7,full_sparse,output_cosine,0.9797434536740184
0.85,4,7,full_sparse,output_relative_rmse,0.19823473333963193
0.85,4,7,full_corrected,self_mass,0.0018273615323778358
0.85,4,7,full_corrected,output_mse,0.0019571882126001583
0.85,4,7,full_corrected,output_mae,0.034287028829567134
0.85,4,7,full_corrected,output_cosine,0.9796880765352398
0.85,4,7,full_corrected,output_relative_rmse,0.19969001150457188
0.85,4,8,dense,self_mass,0.0062638602139486466
0.85,4,8,dense,output_mse,0.0
0.85,4,8,dense,output_mae,0.0
0.85,4,8,dense,output_cosine,1.0
0.85,4,8,dense,output_relative_rmse,0.0
0.85,4,8,local_sparse,self_mass,0.012615429232027964
0.85,4,8,local_sparse,output_mse,0.01267208009994647
0.85,4,8,local_sparse,output_mae,0.0824979729950428
0.85,4,8,local_sparse,output_cosine,0.9756267734337598
0.85,4,8,local_sparse,output_relative_rmse,0.2203675407799892
0.85,4,8,local_corrected,self_mass,0.006677136991129373
0.85,4,8,local_corrected,output_mse,0.01277807129008579
0.85,4,8,local_corrected,output_mae,0.08278294108458795
0.85,4,8,local_corrected,output_cosine,0.9753617725800723
0.85,4,8,local_corrected,output_relative_rmse,0.2212714872439392
0.85,4,8,full_sparse,self_mass,0.012677268552579335
0.85,4,8,full_sparse,output_mse,0.012280690316401888
0.85,4,8,full_sparse,output_mae,0.08155716706824023
0.85,4,8,full_sparse,output_cosine,0.9768399805761874
0.85,4,8,full_sparse,output_relative_rmse,0.21686056844191626
0.85,4,8,full_corrected,self_mass,0.00678513376351475
0.85,4,8,full_corrected,output_mse,0.012603889099409571
0.85,4,8,full_corrected,output_mae,0.08258354234567378
0.85,4,8,full_corrected,output_cosine,0.9764809282496572
0.85,4,8,full_corrected,output_relative_rmse,0.21967149042757228
0.85,4,9,dense,self_mass,0.00497906637883716
0.85,4,9,dense,output_mse,0.0
0.85,4,9,dense,output_mae,0.0
0.85,4,9,dense,output_cosine,1.0
0.85,4,9,dense,output_relative_rmse,0.0
0.85,4,9,local_sparse,self_mass,0.010628685495248646
0.85,4,9,local_sparse,output_mse,0.01780697594585945
0.85,4,9,local_sparse,output_mae,0.09653458109823987
0.85,4,9,local_sparse,output_cosine,0.9536335370503366
0.85,4,9,local_sparse,output_relative_rmse,0.3050302930059843
0.85,4,9,local_corrected,self_mass,0.005416857738055114
0.85,4,9,local_corrected,output_mse,0.017981668785068905
0.85,4,9,local_corrected,output_mae,0.09694048113306053
0.85,4,9,local_corrected,output_cosine,0.9532592301256955
0.85,4,9,local_corrected,output_relative_rmse,0.3064781513530761
0.85,4,9,full_sparse,self_mass,0.01064943197343382
0.85,4,9,full_sparse,output_mse,0.01711762473132694
0.85,4,9,full_sparse,output_mae,0.0948882338416297
0.85,4,9,full_sparse,output_cosine,0.9562711771577597
0.85,4,9,full_sparse,output_relative_rmse,0.29892925830790773
0.85,4,9,full_corrected,self_mass,0.005484638583766355
0.85,4,9,full_corrected,output_mse,0.017529183020087657
0.85,4,9,full_corrected,output_mae,0.09602506383089349
0.85,4,9,full_corrected,output_cosine,0.9557966813445091
0.85,4,9,full_corrected,output_relative_rmse,0.30245864839525893
0.85,4,10,dense,self_mass,0.0016558053732751432
0.85,4,10,dense,output_mse,0.0
0.85,4,10,dense,output_mae,0.0
0.85,4,10,dense,output_cosine,1.0
0.85,4,10,dense,output_relative_rmse,0.0
0.85,4,10,local_sparse,self_mass,0.0033471183796791593
0.85,4,10,local_sparse,output_mse,0.003526985989537934
0.85,4,10,local_sparse,output_mae,0.04474806155485567
0.85,4,10,local_sparse,output_cosine,0.9744887673296034
0.85,4,10,local_sparse,output_relative_rmse,0.2261228974093683
0.85,4,10,local_corrected,self_mass,0.0016867479941993224
0.85,4,10,local_corrected,output_mse,0.003530117435275315
0.85,4,10,local_corrected,output_mae,0.044775777867471334
0.85,4,10,local_corrected,output_cosine,0.9744822753127664
0.85,4,10,local_corrected,output_relative_rmse,0.22625252383295447
0.85,4,10,full_sparse,self_mass,0.0033501073039587936
0.85,4,10,full_sparse,output_mse,0.0026406668978324888
0.85,4,10,full_sparse,output_mae,0.03874431664007716
0.85,4,10,full_sparse,output_cosine,0.9810803977306932
0.85,4,10,full_sparse,output_relative_rmse,0.19538241194095463
0.85,4,10,full_corrected,self_mass,0.0017007257472414494
0.85,4,10,full_corrected,output_mse,0.0027007235244127514
0.85,4,10,full_corrected,output_mae,0.039150655597040895
0.85,4,10,full_corrected,output_cosine,0.980912190862
0.85,4,10,full_corrected,output_relative_rmse,0.19743945382651873
0.85,4,11,dense,self_mass,0.004177802065896685
0.85,4,11,dense,output_mse,0.0
0.85,4,11,dense,output_mae,0.0
0.85,4,11,dense,output_cosine,1.0
0.85,4,11,dense,output_relative_rmse,0.0
0.85,4,11,local_sparse,self_mass,0.008407345690102375
0.85,4,11,local_sparse,output_mse,0.004815844623863086
0.85,4,11,local_sparse,output_mae,0.05318805540446192
0.85,4,11,local_sparse,output_cosine,0.9714132950175554
0.85,4,11,local_sparse,output_relative_rmse,0.23766311549115926
0.85,4,11,local_corrected,self_mass,0.004224361179240077
0.85,4,11,local_corrected,output_mse,0.0048493969102310075
0.85,4,11,local_corrected,output_mae,0.05334567799582146
0.85,4,11,local_corrected,output_cosine,0.9712228286080062
0.85,4,11,local_corrected,output_relative_rmse,0.23843496677000076
0.85,4,11,full_sparse,self_mass,0.008475664407342265
0.85,4,11,full_sparse,output_mse,0.0039888734490887146
0.85,4,11,full_sparse,output_mae,0.04839301230094861
0.85,4,11,full_sparse,output_cosine,0.9765921395737678
0.85,4,11,full_sparse,output_relative_rmse,0.21541020774748176
0.85,4,11,full_corrected,self_mass,0.004317378724408627
0.85,4,11,full_corrected,output_mse,0.004078099056187057
0.85,4,11,full_corrected,output_mae,0.04889178596204147
0.85,4,11,full_corrected,output_cosine,0.9764202646911144
0.85,4,11,full_corrected,output_relative_rmse,0.2176950800640043
0.85,5,0,dense,self_mass,0.006371944856255141
0.85,5,0,dense,output_mse,0.0
0.85,5,0,dense,output_mae,0.0
0.85,5,0,dense,output_cosine,1.0
0.85,5,0,dense,output_relative_rmse,0.0
0.85,5,0,local_sparse,self_mass,0.012675428828515578
0.85,5,0,local_sparse,output_mse,0.005059414638708404
0.85,5,0,local_sparse,output_mae,0.052669998272904195
0.85,5,0,local_sparse,output_cosine,0.9860467256512493
0.85,5,0,local_sparse,output_relative_rmse,0.16062642069300637
0.85,5,0,local_corrected,self_mass,0.006424096222872322
0.85,5,0,local_corrected,output_mse,0.005099663273085753
0.85,5,0,local_corrected,output_mae,0.05284798533830326
0.85,5,0,local_corrected,output_cosine,0.9859082160983235
0.85,5,0,local_corrected,output_relative_rmse,0.16127018720726483
0.85,5,0,full_sparse,self_mass,0.012734779656966566
0.85,5,0,full_sparse,output_mse,0.004436204137618915
0.85,5,0,full_sparse,output_mae,0.04931434441823512
0.85,5,0,full_sparse,output_cosine,0.9880340970121324
0.85,5,0,full_sparse,output_relative_rmse,0.14888129575410858
0.85,5,0,full_corrected,self_mass,0.006533386564115062
0.85,5,0,full_corrected,output_mse,0.0046620510238426505
0.85,5,0,full_corrected,output_mae,0.05051010886381846
0.85,5,0,full_corrected,output_cosine,0.9876364844385535
0.85,5,0,full_corrected,output_relative_rmse,0.1527676699042786
0.85,5,1,dense,self_mass,0.0032652889262863027
0.85,5,1,dense,output_mse,0.0
0.85,5,1,dense,output_mae,0.0
0.85,5,1,dense,output_cosine,1.0
0.85,5,1,dense,output_relative_rmse,0.0
0.85,5,1,local_sparse,self_mass,0.006534302385261981
0.85,5,1,local_sparse,output_mse,0.003427196293614543
0.85,5,1,local_sparse,output_mae,0.04439048758649733
0.85,5,1,local_sparse,output_cosine,0.9808786052744836
0.85,5,1,local_sparse,output_relative_rmse,0.1911239399923943
0.85,5,1,local_corrected,self_mass,0.003282170373495319
0.85,5,1,local_corrected,output_mse,0.003437661695670613
0.85,5,1,local_corrected,output_mae,0.044457360447268
0.85,5,1,local_corrected,output_cosine,0.9808461349457502
0.85,5,1,local_corrected,output_relative_rmse,0.1914128596545197
0.85,5,1,full_sparse,self_mass,0.006532791636345792
0.85,5,1,full_sparse,output_mse,0.002401243816166243
0.85,5,1,full_sparse,output_mae,0.03784862143947976
0.85,5,1,full_sparse,output_cosine,0.9866390477400273
0.85,5,1,full_sparse,output_relative_rmse,0.161512359889457
0.85,5,1,full_corrected,self_mass,0.003280627239291789
0.85,5,1,full_corrected,output_mse,0.002534379798817099
0.85,5,1,full_corrected,output_mae,0.038922210631426424
0.85,5,1,full_corrected,output_cosine,0.9859159006737173
0.85,5,1,full_corrected,output_relative_rmse,0.16658051282865927
0.85,5,2,dense,self_mass,0.0044997063282608
0.85,5,2,dense,output_mse,0.0
0.85,5,2,dense,output_mae,0.0
0.85,5,2,dense,output_cosine,1.0
0.85,5,2,dense,output_relative_rmse,0.0
0.85,5,2,local_sparse,self_mass,0.00898281775698706
0.85,5,2,local_sparse,output_mse,0.0035328893827681895
0.85,5,2,local_sparse,output_mae,0.04535879957256839
0.85,5,2,local_sparse,output_cosine,0.9805563481058925
0.85,5,2,local_sparse,output_relative_rmse,0.1912864348560106
0.85,5,2,local_corrected,self_mass,0.004524635970028612
0.85,5,2,local_corrected,output_mse,0.0035476555026434653
0.85,5,2,local_corrected,output_mae,0.04543909357744269
0.85,5,2,local_corrected,output_cosine,0.9804735558573157
0.85,5,2,local_corrected,output_relative_rmse,0.1916789616807364
0.85,5,2,full_sparse,self_mass,0.009016705907924916
0.85,5,2,full_sparse,output_mse,0.002643590435582155
0.85,5,2,full_sparse,output_mae,0.03913031296542613
0.85,5,2,full_sparse,output_cosine,0.9856898451689631
0.85,5,2,full_sparse,output_relative_rmse,0.16480811825022101
0.85,5,2,full_corrected,self_mass,0.004585126373058301
0.85,5,2,full_corrected,output_mse,0.0027819235965580447
0.85,5,2,full_corrected,output_mae,0.04010171691334108
0.85,5,2,full_corrected,output_cosine,0.985182635486126
0.85,5,2,full_corrected,output_relative_rmse,0.16906530444975942
0.85,5,3,dense,self_mass,0.0032503736210856005
0.85,5,3,dense,output_mse,0.0
0.85,5,3,dense,output_mae,0.0
0.85,5,3,dense,output_cosine,1.0
0.85,5,3,dense,output_relative_rmse,0.0
0.85,5,3,local_sparse,self_mass,0.006488885140242928
0.85,5,3,local_sparse,output_mse,0.005545406863802782
0.85,5,3,local_sparse,output_mae,0.05648923029366415
0.85,5,3,local_sparse,output_cosine,0.9760781836230308
0.85,5,3,local_sparse,output_relative_rmse,0.21333981622592546
0.85,5,3,local_corrected,self_mass,0.003275994536579674
0.85,5,3,local_corrected,output_mse,0.005564224875797663
0.85,5,3,local_corrected,output_mae,0.05656447033106815
0.85,5,3,local_corrected,output_cosine,0.9759865596424788
0.85,5,3,local_corrected,output_relative_rmse,0.2136523290828336
0.85,5,3,full_sparse,self_mass,0.006493611527730536
0.85,5,3,full_sparse,output_mse,0.0037199458138275077
0.85,5,3,full_sparse,output_mae,0.04651723888673587
0.85,5,3,full_sparse,output_cosine,0.9841930775437504
0.85,5,3,full_sparse,output_relative_rmse,0.17524818124365993
0.85,5,3,full_corrected,self_mass,0.0032924095894486527
0.85,5,3,full_corrected,output_mse,0.003962449547543656
0.85,5,3,full_corrected,output_mae,0.04803893571806839
0.85,5,3,full_corrected,output_cosine,0.9833464857656509
0.85,5,3,full_corrected,output_relative_rmse,0.18106665305094793
0.85,5,4,dense,self_mass,0.01927413823432289
0.85,5,4,dense,output_mse,0.0
0.85,5,4,dense,output_mae,0.0
0.85,5,4,dense,output_cosine,1.0
0.85,5,4,dense,output_relative_rmse,0.0
0.85,5,4,local_sparse,self_mass,0.038810858568467665
0.85,5,4,local_sparse,output_mse,0.02172231609438313
0.85,5,4,local_sparse,output_mae,0.10672693268861622
0.85,5,4,local_sparse,output_cosine,0.9667706745676696
0.85,5,4,local_sparse,output_relative_rmse,0.255729551310651
0.85,5,4,local_corrected,self_mass,0.020507453446043655
0.85,5,4,local_corrected,output_mse,0.022080337403167505
0.85,5,4,local_corrected,output_mae,0.10766657537897117
0.85,5,4,local_corrected,output_cosine,0.966289565898478
0.85,5,4,local_corrected,output_relative_rmse,0.25783515541115776
0.85,5,4,full_sparse,self_mass,0.039510161164798774
0.85,5,4,full_sparse,output_mse,0.018106141931639286
0.85,5,4,full_sparse,output_mae,0.09832341695437208
0.85,5,4,full_sparse,output_cosine,0.9734587860293686
0.85,5,4,full_sparse,output_relative_rmse,0.23162493359996006
0.85,5,4,full_corrected,self_mass,0.021551398567680735
0.85,5,4,full_corrected,output_mse,0.019133250061713625
0.85,5,4,full_corrected,output_mae,0.10111826856154948
0.85,5,4,full_corrected,output_cosine,0.9726392095908523
0.85,5,4,full_corrected,output_relative_rmse,0.23812186112627387
0.85,5,5,dense,self_mass,0.01496127673817682
0.85,5,5,dense,output_mse,0.0
0.85,5,5,dense,output_mae,0.0
0.85,5,5,dense,output_cosine,1.0
0.85,5,5,dense,output_relative_rmse,0.0
0.85,5,5,local_sparse,self_mass,0.02947476904228097
0.85,5,5,local_sparse,output_mse,0.005443672343517392
0.85,5,5,local_sparse,output_mae,0.054821978104882874
0.85,5,5,local_sparse,output_cosine,0.9875007520895451
0.85,5,5,local_sparse,output_relative_rmse,0.1498032649687957
0.85,5,5,local_corrected,self_mass,0.015227453142870218
0.85,5,5,local_corrected,output_mse,0.0055440246032958385
0.85,5,5,local_corrected,output_mae,0.055204409087309614
0.85,5,5,local_corrected,output_cosine,0.9872251045890152
0.85,5,5,local_corrected,output_relative_rmse,0.15115477578365244
0.85,5,5,full_sparse,self_mass,0.029980542851262726
0.85,5,5,full_sparse,output_mse,0.004791209380982764
0.85,5,5,full_sparse,output_mae,0.05160823433834594
0.85,5,5,full_sparse,output_cosine,0.9893599995411932
0.85,5,5,full_sparse,output_relative_rmse,0.1390673054556828
0.85,5,5,full_corrected,self_mass,0.015867972586420365
0.85,5,5,full_corrected,output_mse,0.005057724813468667
0.85,5,5,full_corrected,output_mae,0.05292995065974537
0.85,5,5,full_corrected,output_cosine,0.9889214485883713
0.85,5,5,full_corrected,output_relative_rmse,0.14290777666610666
0.85,5,6,dense,self_mass,0.009600994040738442
0.85,5,6,dense,output_mse,0.0
0.85,5,6,dense,output_mae,0.0
0.85,5,6,dense,output_cosine,1.0
0.85,5,6,dense,output_relative_rmse,0.0
0.85,5,6,local_sparse,self_mass,0.01952307288956945
0.85,5,6,local_sparse,output_mse,0.009154829480394255
0.85,5,6,local_sparse,output_mae,0.07164690307399724
0.85,5,6,local_sparse,output_cosine,0.9767078589648008
0.85,5,6,local_sparse,output_relative_rmse,0.2172270566225052
0.85,5,6,local_corrected,self_mass,0.009900917017148458
0.85,5,6,local_corrected,output_mse,0.009263423988159047
0.85,5,6,local_corrected,output_mae,0.07208568224450573
0.85,5,6,local_corrected,output_cosine,0.9764016999397427
0.85,5,6,local_corrected,output_relative_rmse,0.21856274124002084
0.85,5,6,full_sparse,self_mass,0.019605699915700825
0.85,5,6,full_sparse,output_mse,0.008670651069223823
0.85,5,6,full_sparse,output_mae,0.07032746728509665
0.85,5,6,full_sparse,output_cosine,0.9783249846659601
0.85,5,6,full_sparse,output_relative_rmse,0.21110450761625543
0.85,5,6,full_corrected,self_mass,0.010018490893344278
0.85,5,6,full_corrected,output_mse,0.009154105977358995
0.85,5,6,full_corrected,output_mae,0.0721202498243656
0.85,5,6,full_corrected,output_cosine,0.9776661756914109
0.85,5,6,full_corrected,output_relative_rmse,0.21691636100877076
0.85,5,7,dense,self_mass,0.01826344247092493
0.85,5,7,dense,output_mse,0.0
0.85,5,7,dense,output_mae,0.0
0.85,5,7,dense,output_cosine,1.0
0.85,5,7,dense,output_relative_rmse,0.0
0.85,5,7,local_sparse,self_mass,0.036121648736298084
0.85,5,7,local_sparse,output_mse,0.007333704020311416
0.85,5,7,local_sparse,output_mae,0.06490649523038883
0.85,5,7,local_sparse,output_cosine,0.9802404248621315
0.85,5,7,local_sparse,output_relative_rmse,0.19840192882111296
0.85,5,7,local_corrected,self_mass,0.018507073691580445
0.85,5,7,local_corrected,output_mse,0.007464982983947266
0.85,5,7,local_corrected,output_mae,0.06537863572884817
0.85,5,7,local_corrected,output_cosine,0.97960847732611
0.85,5,7,local_corrected,output_relative_rmse,0.20016390472301282
0.85,5,7,full_sparse,self_mass,0.03642228350508958
0.85,5,7,full_sparse,output_mse,0.005447361952064966
0.85,5,7,full_sparse,output_mae,0.05636073158530053
0.85,5,7,full_sparse,output_cosine,0.9855326768010855
0.85,5,7,full_sparse,output_relative_rmse,0.17000878491671756
0.85,5,7,full_corrected,self_mass,0.018863616402086336
0.85,5,7,full_corrected,output_mse,0.0057969291738118045
0.85,5,7,full_corrected,output_mae,0.05797973157314118
0.85,5,7,full_corrected,output_cosine,0.9847801667638123
0.85,5,7,full_corrected,output_relative_rmse,0.17539462819695473
0.85,5,8,dense,self_mass,0.018394150600215653
0.85,5,8,dense,output_mse,0.0
0.85,5,8,dense,output_mae,0.0
0.85,5,8,dense,output_cosine,1.0
0.85,5,8,dense,output_relative_rmse,0.0
0.85,5,8,local_sparse,self_mass,0.036487266937911045
0.85,5,8,local_sparse,output_mse,0.006515066564134031
0.85,5,8,local_sparse,output_mae,0.06122276608948596
0.85,5,8,local_sparse,output_cosine,0.981913834810257
0.85,5,8,local_sparse,output_relative_rmse,0.1877497711975593
0.85,5,8,local_corrected,self_mass,0.018791796759614954
0.85,5,8,local_corrected,output_mse,0.006631490979998489
0.85,5,8,local_corrected,output_mae,0.06163201013987418
0.85,5,8,local_corrected,output_cosine,0.9814174985513091
0.85,5,8,local_corrected,output_relative_rmse,0.18946083277114667
0.85,5,8,full_sparse,self_mass,0.03695258365041809
0.85,5,8,full_sparse,output_mse,0.0050602739042915346
0.85,5,8,full_sparse,output_mae,0.05400433923932724
0.85,5,8,full_sparse,output_cosine,0.9862019352149218
0.85,5,8,full_sparse,output_relative_rmse,0.1640850933326874
0.85,5,8,full_corrected,self_mass,0.01939923352256301
0.85,5,8,full_corrected,output_mse,0.005339534005543101
0.85,5,8,full_corrected,output_mae,0.055356525277602486
0.85,5,8,full_corrected,output_cosine,0.9856270479504019
0.85,5,8,full_corrected,output_relative_rmse,0.16850981052266434
0.85,5,9,dense,self_mass,0.005298188776123425
0.85,5,9,dense,output_mse,0.0
0.85,5,9,dense,output_mae,0.0
0.85,5,9,dense,output_cosine,1.0
0.85,5,9,dense,output_relative_rmse,0.0
0.85,5,9,local_sparse,self_mass,0.010841128301763092
0.85,5,9,local_sparse,output_mse,0.015833896564799943
0.85,5,9,local_sparse,output_mae,0.09143512479204219
0.85,5,9,local_sparse,output_cosine,0.9812795384787023
0.85,5,9,local_sparse,output_relative_rmse,0.19335838188999332
0.85,5,9,local_corrected,self_mass,0.0056752307887109055
0.85,5,9,local_corrected,output_mse,0.01599720753438305
0.85,5,9,local_corrected,output_mae,0.09180039633065462
0.85,5,9,local_corrected,output_cosine,0.981080076424405
0.85,5,9,local_corrected,output_relative_rmse,0.1943235746002756
0.85,5,9,full_sparse,self_mass,0.011007690339283727
0.85,5,9,full_sparse,output_mse,0.016047868792156805
0.85,5,9,full_sparse,output_mae,0.09298012434737757
0.85,5,9,full_sparse,output_cosine,0.9816396706737578
0.85,5,9,full_sparse,output_relative_rmse,0.19404462771490216
0.85,5,9,full_corrected,self_mass,0.005913188042995898
0.85,5,9,full_corrected,output_mse,0.01693224387781811
0.85,5,9,full_corrected,output_mae,0.09541585326951463
0.85,5,9,full_corrected,output_cosine,0.9810901232995093
0.85,5,9,full_corrected,output_relative_rmse,0.19939994189189747
0.85,5,10,dense,self_mass,0.00650187775863742
0.85,5,10,dense,output_mse,0.0
0.85,5,10,dense,output_mae,0.0
0.85,5,10,dense,output_cosine,1.0
0.85,5,10,dense,output_relative_rmse,0.0
0.85,5,10,local_sparse,self_mass,0.012952026430866681
0.85,5,10,local_sparse,output_mse,0.004448282773410028
0.85,5,10,local_sparse,output_mae,0.05069183072191663
0.85,5,10,local_sparse,output_cosine,0.9721912834793329
0.85,5,10,local_sparse,output_relative_rmse,0.23729992084554397
0.85,5,10,local_corrected,self_mass,0.006525441113808483
0.85,5,10,local_corrected,output_mse,0.004485525258587586
0.85,5,10,local_corrected,output_mae,0.05087687529885443
0.85,5,10,local_corrected,output_cosine,0.9719524825923145
0.85,5,10,local_corrected,output_relative_rmse,0.23825270173256285
0.85,5,10,full_sparse,self_mass,0.013127697238815017
0.85,5,10,full_sparse,output_mse,0.003529552793224866
0.85,5,10,full_sparse,output_mae,0.04524692735867575
0.85,5,10,full_sparse,output_cosine,0.9780986052937806
0.85,5,10,full_sparse,output_relative_rmse,0.21120924007846043
0.85,5,10,full_corrected,self_mass,0.006727962936565746
0.85,5,10,full_corrected,output_mse,0.003698674329370988
0.85,5,10,full_corrected,output_mae,0.04627805864583934
0.85,5,10,full_corrected,output_cosine,0.9774446932133287
0.85,5,10,full_corrected,output_relative_rmse,0.21628772307303734
0.85,5,11,dense,self_mass,0.004912824570055818
0.85,5,11,dense,output_mse,0.0
0.85,5,11,dense,output_mae,0.0
0.85,5,11,dense,output_cosine,1.0
0.85,5,11,dense,output_relative_rmse,0.0
0.85,5,11,local_sparse,self_mass,0.009838363199378364
0.85,5,11,local_sparse,output_mse,0.003764381092878466
0.85,5,11,local_sparse,output_mae,0.04678013922966784
0.85,5,11,local_sparse,output_cosine,0.9776098404545337
0.85,5,11,local_sparse,output_relative_rmse,0.20791016213479452
0.85,5,11,local_corrected,self_mass,0.0049503473410368315
0.85,5,11,local_corrected,output_mse,0.003779474726798071
0.85,5,11,local_corrected,output_mae,0.04686938208033098
0.85,5,11,local_corrected,output_cosine,0.9775171482469887
0.85,5,11,local_corrected,output_relative_rmse,0.20832534620421939
0.85,5,11,full_sparse,self_mass,0.009886718598863808
0.85,5,11,full_sparse,output_mse,0.0027349467040949094
0.85,5,11,full_sparse,output_mae,0.04012907073047245
0.85,5,11,full_sparse,output_cosine,0.9839698907453567
0.85,5,11,full_sparse,output_relative_rmse,0.17650803795550019
0.85,5,11,full_corrected,self_mass,0.005018593718887132
0.85,5,11,full_corrected,output_mse,0.0028773684271072852
0.85,5,11,full_corrected,output_mae,0.041127366122964304
0.85,5,11,full_corrected,output_cosine,0.9833906178828329
0.85,5,11,full_corrected,output_relative_rmse,0.1813296781037934
0.85,6,0,dense,self_mass,0.00430748632606992
0.85,6,0,dense,output_mse,0.0
0.85,6,0,dense,output_mae,0.0
0.85,6,0,dense,output_cosine,1.0
0.85,6,0,dense,output_relative_rmse,0.0
0.85,6,0,local_sparse,self_mass,0.008677338768393383
0.85,6,0,local_sparse,output_mse,0.006633781416894635
0.85,6,0,local_sparse,output_mae,0.06073675211519003
0.85,6,0,local_sparse,output_cosine,0.9775858642533422
0.85,6,0,local_sparse,output_relative_rmse,0.21317557635484263
0.85,6,0,local_corrected,self_mass,0.004383876697374944
0.85,6,0,local_corrected,output_mse,0.006682650163384096
0.85,6,0,local_corrected,output_mae,0.060926529244170524
0.85,6,0,local_corrected,output_cosine,0.9774233540520072
0.85,6,0,local_corrected,output_relative_rmse,0.21390402660472319
0.85,6,0,full_sparse,self_mass,0.00871756561264192
0.85,6,0,full_sparse,output_mse,0.005846554244271829
0.85,6,0,full_sparse,output_mae,0.05652037732943427
0.85,6,0,full_sparse,output_cosine,0.9809752313885838
0.85,6,0,full_sparse,output_relative_rmse,0.1973760411492549
0.85,6,0,full_corrected,self_mass,0.0045200474432931514
0.85,6,0,full_corrected,output_mse,0.006173959815441776
0.85,6,0,full_corrected,output_mae,0.058082996314624324
0.85,6,0,full_corrected,output_cosine,0.9803555915132165
0.85,6,0,full_corrected,output_relative_rmse,0.20289643233991228
0.85,6,1,dense,self_mass,0.013999270515341777
0.85,6,1,dense,output_mse,0.0
0.85,6,1,dense,output_mae,0.0
0.85,6,1,dense,output_cosine,1.0
0.85,6,1,dense,output_relative_rmse,0.0
0.85,6,1,local_sparse,self_mass,0.02783280339644989
0.85,6,1,local_sparse,output_mse,0.004890936043011607
0.85,6,1,local_sparse,output_mae,0.05238434400962433
0.85,6,1,local_sparse,output_cosine,0.9803055834490806
0.85,6,1,local_sparse,output_relative_rmse,0.19742773866164498
0.85,6,1,local_corrected,self_mass,0.014194432318618055
0.85,6,1,local_corrected,output_mse,0.004959015760505281
0.85,6,1,local_corrected,output_mae,0.052680093787785154
0.85,6,1,local_corrected,output_cosine,0.979881739243865
0.85,6,1,local_corrected,output_relative_rmse,0.1988989656965714
0.85,6,1,full_sparse,self_mass,0.0281410760289873
0.85,6,1,full_sparse,output_mse,0.003729892911906063
0.85,6,1,full_sparse,output_mae,0.0463194826443214
0.85,6,1,full_sparse,output_cosine,0.9847605319228023
0.85,6,1,full_sparse,output_relative_rmse,0.17300225183134899
0.85,6,1,full_corrected,self_mass,0.014581259594706353
0.85,6,1,full_corrected,output_mse,0.003931637717869307
0.85,6,1,full_corrected,output_mae,0.0475154140003724
0.85,6,1,full_corrected,output_cosine,0.9840784785337746
0.85,6,1,full_corrected,output_relative_rmse,0.1778639477561228
0.85,6,2,dense,self_mass,0.006385540578776272
0.85,6,2,dense,output_mse,0.0
0.85,6,2,dense,output_mae,0.0
0.85,6,2,dense,output_cosine,1.0
0.85,6,2,dense,output_relative_rmse,0.0
0.85,6,2,local_sparse,self_mass,0.012895986801595427
0.85,6,2,local_sparse,output_mse,0.00906813597157452
0.85,6,2,local_sparse,output_mae,0.07023641878913622
0.85,6,2,local_sparse,output_cosine,0.9832375205587596
0.85,6,2,local_sparse,output_relative_rmse,0.17951501382049173
0.85,6,2,local_corrected,self_mass,0.006621688246923441
0.85,6,2,local_corrected,output_mse,0.009160422068816843
0.85,6,2,local_corrected,output_mae,0.07054920837981626
0.85,6,2,local_corrected,output_cosine,0.9830601611174643
0.85,6,2,local_corrected,output_relative_rmse,0.1804076387488749
0.85,6,2,full_sparse,self_mass,0.012918615864691674
0.85,6,2,full_sparse,output_mse,0.008185705185496772
0.85,6,2,full_sparse,output_mae,0.06689051278226543
0.85,6,2,full_sparse,output_cosine,0.9850500274915248
0.85,6,2,full_sparse,output_relative_rmse,0.16931855538859963
0.85,6,2,full_corrected,self_mass,0.0067938610327473725
0.85,6,2,full_corrected,output_mse,0.008730793736503983
0.85,6,2,full_corrected,output_mae,0.0690325594478054
0.85,6,2,full_corrected,output_cosine,0.9844845787156373
0.85,6,2,full_corrected,output_relative_rmse,0.17495346465148032
0.85,6,3,dense,self_mass,0.005010981612940668
0.85,6,3,dense,output_mse,0.0
0.85,6,3,dense,output_mae,0.0
0.85,6,3,dense,output_cosine,1.0
0.85,6,3,dense,output_relative_rmse,0.0
0.85,6,3,local_sparse,self_mass,0.010031885254647932
0.85,6,3,local_sparse,output_mse,0.005821256322633417
0.85,6,3,local_sparse,output_mae,0.057491703526466154
0.85,6,3,local_sparse,output_cosine,0.9776594215072691
0.85,6,3,local_sparse,output_relative_rmse,0.21127546989009716
0.85,6,3,local_corrected,self_mass,0.005056489773778594
0.85,6,3,local_corrected,output_mse,0.005845687119290233
0.85,6,3,local_corrected,output_mae,0.05760543193900958
0.85,6,3,local_corrected,output_cosine,0.9775609248317778
0.85,6,3,local_corrected,output_relative_rmse,0.21174218755913898
0.85,6,3,full_sparse,self_mass,0.01007391748498776
0.85,6,3,full_sparse,output_mse,0.003864755020458688
0.85,6,3,full_sparse,output_mae,0.04722096731711645
0.85,6,3,full_sparse,output_cosine,0.9849916147068143
0.85,6,3,full_sparse,output_relative_rmse,0.17235961148981005
0.85,6,3,full_corrected,self_mass,0.005173600423404423
0.85,6,3,full_corrected,output_mse,0.004122165479202522
0.85,6,3,full_corrected,output_mae,0.04868874452949967
0.85,6,3,full_corrected,output_cosine,0.9843057666439563
0.85,6,3,full_corrected,output_relative_rmse,0.17801358495489694
0.85,6,4,dense,self_mass,0.0048674118506824016
0.85,6,4,dense,output_mse,0.0
0.85,6,4,dense,output_mae,0.0
0.85,6,4,dense,output_cosine,1.0
0.85,6,4,dense,output_relative_rmse,0.0
0.85,6,4,local_sparse,self_mass,0.00979163763440738
0.85,6,4,local_sparse,output_mse,0.006550980520842131
0.85,6,4,local_sparse,output_mae,0.061087673384463415
0.85,6,4,local_sparse,output_cosine,0.9808550381567329
0.85,6,4,local_sparse,output_relative_rmse,0.19310964332544245
0.85,6,4,local_corrected,self_mass,0.004918176413411857
0.85,6,4,local_corrected,output_mse,0.006582848958714749
0.85,6,4,local_corrected,output_mae,0.06123769735859241
0.85,6,4,local_corrected,output_cosine,0.9807342907879502
0.85,6,4,local_corrected,output_relative_rmse,0.19364676318946294
0.85,6,4,full_sparse,self_mass,0.009746519610416726
0.85,6,4,full_sparse,output_mse,0.004318447142850346
0.85,6,4,full_sparse,output_mae,0.04990541623556055
0.85,6,4,full_sparse,output_cosine,0.9873084428254515
0.85,6,4,full_sparse,output_relative_rmse,0.15700698032742366
0.85,6,4,full_corrected,self_mass,0.004876861962657131
0.85,6,4,full_corrected,output_mse,0.004649082474770694
0.85,6,4,full_corrected,output_mae,0.05172635422786698
0.85,6,4,full_corrected,output_cosine,0.9866400058381259
0.85,6,4,full_corrected,output_relative_rmse,0.16297229207702912
0.85,6,5,dense,self_mass,0.0008522949162568239
0.85,6,5,dense,output_mse,0.0
0.85,6,5,dense,output_mae,0.0
0.85,6,5,dense,output_cosine,1.0
0.85,6,5,dense,output_relative_rmse,0.0
0.85,6,5,local_sparse,self_mass,0.0017859468968595138
0.85,6,5,local_sparse,output_mse,0.023903895838884637
0.85,6,5,local_sparse,output_mae,0.10777021976537071
0.85,6,5,local_sparse,output_cosine,0.9635098341386765
0.85,6,5,local_sparse,output_relative_rmse,0.26762995636090636
0.85,6,5,local_corrected,self_mass,0.0009015618958869709
0.85,6,5,local_corrected,output_mse,0.023921200867334846
0.85,6,5,local_corrected,output_mae,0.10782450516126119
0.85,6,5,local_corrected,output_cosine,0.9634806215763092
0.85,6,5,local_corrected,output_relative_rmse,0.267724231001921
0.85,6,5,full_sparse,self_mass,0.0017762570732884342
0.85,6,5,full_sparse,output_mse,0.023297465068026213
0.85,6,5,full_sparse,output_mae,0.10787794616771862
0.85,6,5,full_sparse,output_cosine,0.9653332307934761
0.85,6,5,full_sparse,output_relative_rmse,0.26374925539130345
0.85,6,5,full_corrected,self_mass,0.0009052609649415899
0.85,6,5,full_corrected,output_mse,0.024039389041718096
0.85,6,5,full_corrected,output_mae,0.10986883321311325
0.85,6,5,full_corrected,output_cosine,0.9647491206414998
0.85,6,5,full_corrected,output_relative_rmse,0.2680333059397526
0.85,6,6,dense,self_mass,0.002181145313443267
0.85,6,6,dense,output_mse,0.0
0.85,6,6,dense,output_mae,0.0
0.85,6,6,dense,output_cosine,1.0
0.85,6,6,dense,output_relative_rmse,0.0
0.85,6,6,local_sparse,self_mass,0.004374367649688793
0.85,6,6,local_sparse,output_mse,0.0038470170238724677
0.85,6,6,local_sparse,output_mae,0.04730912590457592
0.85,6,6,local_sparse,output_cosine,0.9831812931224704
0.85,6,6,local_sparse,output_relative_rmse,0.17951077889301814
0.85,6,6,local_corrected,self_mass,0.002189553054904536
0.85,6,6,local_corrected,output_mse,0.003856320630347909
0.85,6,6,local_corrected,output_mae,0.04737230229511624
0.85,6,6,local_corrected,output_cosine,0.9831547434441745
0.85,6,6,local_corrected,output_relative_rmse,0.17974375866469927
0.85,6,6,full_sparse,self_mass,0.004382404333227896
0.85,6,6,full_sparse,output_mse,0.0026437296789936227
0.85,6,6,full_sparse,output_mae,0.03942566124169389
0.85,6,6,full_sparse,output_cosine,0.9884643631521612
0.85,6,6,full_sparse,output_relative_rmse,0.14864680814207532
0.85,6,6,full_corrected,self_mass,0.002192075443417707
0.85,6,6,full_corrected,output_mse,0.0027802905785847543
0.85,6,6,full_corrected,output_mae,0.040451926543028094
0.85,6,6,full_corrected,output_cosine,0.9879703291226178
0.85,6,6,full_corrected,output_relative_rmse,0.15267190310987644
0.85,6,7,dense,self_mass,0.006658267052443989
0.85,6,7,dense,output_mse,0.0
0.85,6,7,dense,output_mae,0.0
0.85,6,7,dense,output_cosine,1.0
0.85,6,7,dense,output_relative_rmse,0.0
0.85,6,7,local_sparse,self_mass,0.013173491239285795
0.85,6,7,local_sparse,output_mse,0.005705505709556746
0.85,6,7,local_sparse,output_mae,0.05606969437212683
0.85,6,7,local_sparse,output_cosine,0.9857940950896591
0.85,6,7,local_sparse,output_relative_rmse,0.16227946965955198
0.85,6,7,local_corrected,self_mass,0.00674670080843498
0.85,6,7,local_corrected,output_mse,0.005766744137417845
0.85,6,7,local_corrected,output_mae,0.05631117984012235
0.85,6,7,local_corrected,output_cosine,0.9856310626491904
0.85,6,7,local_corrected,output_relative_rmse,0.16316511956392787
0.85,6,7,full_sparse,self_mass,0.013218185787991388
0.85,6,7,full_sparse,output_mse,0.005369528026221815
0.85,6,7,full_sparse,output_mae,0.05425802098761778
0.85,6,7,full_sparse,output_cosine,0.9866215803194791
0.85,6,7,full_sparse,output_relative_rmse,0.15721529960865155
0.85,6,7,full_corrected,self_mass,0.006876018384900817
0.85,6,7,full_corrected,output_mse,0.005595993467977678
0.85,6,7,full_corrected,output_mae,0.05539063368632924
0.85,6,7,full_corrected,output_cosine,0.9862299093510956
0.85,6,7,full_corrected,output_relative_rmse,0.16056672783452086
0.85,6,8,dense,self_mass,0.020196229525026865
0.85,6,8,dense,output_mse,0.0
0.85,6,8,dense,output_mae,0.0
0.85,6,8,dense,output_cosine,1.0
0.85,6,8,dense,output_relative_rmse,0.0
0.85,6,8,local_sparse,self_mass,0.03980361868889304
0.85,6,8,local_sparse,output_mse,0.005367971322812082
0.85,6,8,local_sparse,output_mae,0.05506392756069545
0.85,6,8,local_sparse,output_cosine,0.9839806822128594
0.85,6,8,local_sparse,output_relative_rmse,0.17642282124143094
0.85,6,8,local_corrected,self_mass,0.020515629639703548
0.85,6,8,local_corrected,output_mse,0.00547824271097852
0.85,6,8,local_corrected,output_mae,0.05544554990774486
0.85,6,8,local_corrected,output_cosine,0.9834442192222923
0.85,6,8,local_corrected,output_relative_rmse,0.17812530291848816
0.85,6,8,full_sparse,self_mass,0.04040590311342385
0.85,6,8,full_sparse,output_mse,0.004200483396289201
0.85,6,8,full_sparse,output_mae,0.0491053391888272
0.85,6,8,full_sparse,output_cosine,0.9874585235957056
0.85,6,8,full_sparse,output_relative_rmse,0.1556851154891774
0.85,6,8,full_corrected,self_mass,0.02139950805940316
0.85,6,8,full_corrected,output_mse,0.0044604334630093945
0.85,6,8,full_corrected,output_mae,0.0504741759141325
0.85,6,8,full_corrected,output_cosine,0.9867625935003161
0.85,6,8,full_corrected,output_relative_rmse,0.16028844911488704
0.85,6,9,dense,self_mass,0.0017624820001174157
0.85,6,9,dense,output_mse,0.0
0.85,6,9,dense,output_mae,0.0
0.85,6,9,dense,output_cosine,1.0
0.85,6,9,dense,output_relative_rmse,0.0
0.85,6,9,local_sparse,self_mass,0.0035299718033456884
0.85,6,9,local_sparse,output_mse,0.0051804391600853705
0.85,6,9,local_sparse,output_mae,0.053839337269891985
0.85,6,9,local_sparse,output_cosine,0.9814310057554394
0.85,6,9,local_sparse,output_relative_rmse,0.19207129909773357
0.85,6,9,local_corrected,self_mass,0.0017729659315364188
0.85,6,9,local_corrected,output_mse,0.005185550650821824
0.85,6,9,local_corrected,output_mae,0.05388602099992568
0.85,6,9,local_corrected,output_cosine,0.9814028006512672
0.85,6,9,local_corrected,output_relative_rmse,0.19220536857028492
0.85,6,9,full_sparse,self_mass,0.003511705214577887
0.85,6,9,full_sparse,output_mse,0.004153980518822209
0.85,6,9,full_sparse,output_mae,0.04853388177434681
0.85,6,9,full_sparse,output_cosine,0.9849168960936368
0.85,6,9,full_sparse,output_relative_rmse,0.17193380586104468
0.85,6,9,full_corrected,self_mass,0.0017705445388855878
0.85,6,9,full_corrected,output_mse,0.004332986070494371
0.85,6,9,full_corrected,output_mae,0.0496071002271492
0.85,6,9,full_corrected,output_cosine,0.9844720019027591
0.85,6,9,full_corrected,output_relative_rmse,0.17590154975187033
0.85,6,10,dense,self_mass,0.015200061159703182
0.85,6,10,dense,output_mse,0.0
0.85,6,10,dense,output_mae,0.0
0.85,6,10,dense,output_cosine,1.0
0.85,6,10,dense,output_relative_rmse,0.0
0.85,6,10,local_sparse,self_mass,0.030076242983341217
0.85,6,10,local_sparse,output_mse,0.004430210211012309
0.85,6,10,local_sparse,output_mae,0.050852210391894914
0.85,6,10,local_sparse,output_cosine,0.982593696564436
0.85,6,10,local_sparse,output_relative_rmse,0.18591472212574445
0.85,6,10,local_corrected,self_mass,0.01535393995072809
0.85,6,10,local_corrected,output_mse,0.004490524316679512
0.85,6,10,local_corrected,output_mae,0.051066351516055875
0.85,6,10,local_corrected,output_cosine,0.9821121443528682
0.85,6,10,local_corrected,output_relative_rmse,0.1871284293010831
0.85,6,10,full_sparse,self_mass,0.030397381036891602
0.85,6,10,full_sparse,output_mse,0.0033905222348948882
0.85,6,10,full_sparse,output_mae,0.04475477603409672
0.85,6,10,full_sparse,output_cosine,0.9863967029377818
0.85,6,10,full_sparse,output_relative_rmse,0.16281618038192391
0.85,6,10,full_corrected,self_mass,0.015875583718298003
0.85,6,10,full_corrected,output_mse,0.0035822158074552135
0.85,6,10,full_corrected,output_mae,0.04590909307444235
0.85,6,10,full_corrected,output_cosine,0.9857292145024985
0.85,6,10,full_corrected,output_relative_rmse,0.16730321824434213
0.85,6,11,dense,self_mass,0.004327052554344846
0.85,6,11,dense,output_mse,0.0
0.85,6,11,dense,output_mae,0.0
0.85,6,11,dense,output_cosine,1.0
0.85,6,11,dense,output_relative_rmse,0.0
0.85,6,11,local_sparse,self_mass,0.008730138210012228
0.85,6,11,local_sparse,output_mse,0.007945895401462622
0.85,6,11,local_sparse,output_mae,0.06600500257627573
0.85,6,11,local_sparse,output_cosine,0.9846193033736199
0.85,6,11,local_sparse,output_relative_rmse,0.17163240173249505
0.85,6,11,local_corrected,self_mass,0.0044250945838939515
0.85,6,11,local_corrected,output_mse,0.00800040806279867
0.85,6,11,local_corrected,output_mae,0.06619969005987514
0.85,6,11,local_corrected,output_cosine,0.9845005280803889
0.85,6,11,local_corrected,output_relative_rmse,0.172194336890243
0.85,6,11,full_sparse,self_mass,0.008726456957447226
0.85,6,11,full_sparse,output_mse,0.00745041008485714
0.85,6,11,full_sparse,output_mae,0.06421133039111737
0.85,6,11,full_sparse,output_cosine,0.9858361706137657
0.85,6,11,full_sparse,output_relative_rmse,0.16596944734919816
0.85,6,11,full_corrected,self_mass,0.004483279854866851
0.85,6,11,full_corrected,output_mse,0.007897066168879974
0.85,6,11,full_corrected,output_mae,0.06601586540637072
0.85,6,11,full_corrected,output_cosine,0.9853108385577798
0.85,6,11,full_corrected,output_relative_rmse,0.1709695571626071
0.85,7,0,dense,self_mass,0.008789120298388298
0.85,7,0,dense,output_mse,0.0
0.85,7,0,dense,output_mae,0.0
0.85,7,0,dense,output_cosine,1.0
0.85,7,0,dense,output_relative_rmse,0.0
0.85,7,0,local_sparse,self_mass,0.017501719208667055
0.85,7,0,local_sparse,output_mse,0.004380963783660263
0.85,7,0,local_sparse,output_mae,0.04998630286718253
0.85,7,0,local_sparse,output_cosine,0.9821454409975559
0.85,7,0,local_sparse,output_relative_rmse,0.18243860141956247
0.85,7,0,local_corrected,self_mass,0.008892877847756608
0.85,7,0,local_corrected,output_mse,0.004413392273818317
0.85,7,0,local_corrected,output_mae,0.05012796542723663
0.85,7,0,local_corrected,output_cosine,0.9819588442333043
0.85,7,0,local_corrected,output_relative_rmse,0.1831140745198354
0.85,7,0,full_sparse,self_mass,0.01751333618085482
0.85,7,0,full_sparse,output_mse,0.003494428304975372
0.85,7,0,full_sparse,output_mae,0.0444144221037277
0.85,7,0,full_sparse,output_cosine,0.9861621351446956
0.85,7,0,full_sparse,output_relative_rmse,0.16106768645113334
0.85,7,0,full_corrected,self_mass,0.00904557832836872
0.85,7,0,full_corrected,output_mse,0.003704679833163027
0.85,7,0,full_corrected,output_mae,0.045611693276441656
0.85,7,0,full_corrected,output_cosine,0.9855928842443973
0.85,7,0,full_corrected,output_relative_rmse,0.16577135561965406
0.85,7,1,dense,self_mass,0.0051458364841892035
0.85,7,1,dense,output_mse,0.0
0.85,7,1,dense,output_mae,0.0
0.85,7,1,dense,output_cosine,1.0
0.85,7,1,dense,output_relative_rmse,0.0
0.85,7,1,local_sparse,self_mass,0.010185522780375322
0.85,7,1,local_sparse,output_mse,0.0058383305031384225
0.85,7,1,local_sparse,output_mae,0.05669439200573834
0.85,7,1,local_sparse,output_cosine,0.9822867305483669
0.85,7,1,local_sparse,output_relative_rmse,0.18583285636850633
0.85,7,1,local_corrected,self_mass,0.005170377746253507
0.85,7,1,local_corrected,output_mse,0.0058732203196996124
0.85,7,1,local_corrected,output_mae,0.05685975453525316
0.85,7,1,local_corrected,output_cosine,0.9821897302754223
0.85,7,1,local_corrected,output_relative_rmse,0.186345060239546
0.85,7,1,full_sparse,self_mass,0.010161591567339201
0.85,7,1,full_sparse,output_mse,0.005379899954732537
0.85,7,1,full_sparse,output_mae,0.05405770549259614
0.85,7,1,full_sparse,output_cosine,0.9838142264634371
0.85,7,1,full_sparse,output_relative_rmse,0.17705437217955478
0.85,7,1,full_corrected,self_mass,0.005262095446141757
0.85,7,1,full_corrected,output_mse,0.0058300509231230535
0.85,7,1,full_corrected,output_mae,0.05616025734343566
0.85,7,1,full_corrected,output_cosine,0.9829630113672465
0.85,7,1,full_corrected,output_relative_rmse,0.18414343838230707
0.85,7,2,dense,self_mass,0.0034755760425468907
0.85,7,2,dense,output_mse,0.0
0.85,7,2,dense,output_mae,0.0
0.85,7,2,dense,output_cosine,1.0
0.85,7,2,dense,output_relative_rmse,0.0
0.85,7,2,local_sparse,self_mass,0.006966963685044902
0.85,7,2,local_sparse,output_mse,0.00460617047656342
0.85,7,2,local_sparse,output_mae,0.050842023658333346
0.85,7,2,local_sparse,output_cosine,0.9812287993263453
0.85,7,2,local_sparse,output_relative_rmse,0.19055319321341813
0.85,7,2,local_corrected,self_mass,0.003497859994240571
0.85,7,2,local_corrected,output_mse,0.004620507118943351
0.85,7,2,local_corrected,output_mae,0.050931589721585624
0.85,7,2,local_corrected,output_cosine,0.9811714047100395
0.85,7,2,local_corrected,output_relative_rmse,0.19088271100190468
0.85,7,2,full_sparse,self_mass,0.006957225459700567
0.85,7,2,full_sparse,output_mse,0.0035756077427322452
0.85,7,2,full_sparse,output_mae,0.045111172388715204
0.85,7,2,full_sparse,output_cosine,0.9851213856600225
0.85,7,2,full_sparse,output_relative_rmse,0.16825321587384678
0.85,7,2,full_corrected,self_mass,0.0034909502460322983
0.85,7,2,full_corrected,output_mse,0.003869388626753789
0.85,7,2,full_corrected,output_mae,0.04681784520653309
0.85,7,2,full_corrected,output_cosine,0.9843769525177777
0.85,7,2,full_corrected,output_relative_rmse,0.17489297955762595
0.85,7,3,dense,self_mass,0.008676510935401893
0.85,7,3,dense,output_mse,0.0
0.85,7,3,dense,output_mae,0.0
0.85,7,3,dense,output_cosine,1.0
0.85,7,3,dense,output_relative_rmse,0.0
0.85,7,3,local_sparse,self_mass,0.01737029873402207
0.85,7,3,local_sparse,output_mse,0.01046487166240695
0.85,7,3,local_sparse,output_mae,0.07441810316231567
0.85,7,3,local_sparse,output_cosine,0.9817868683021516
0.85,7,3,local_sparse,output_relative_rmse,0.18746501300483942
0.85,7,3,local_corrected,self_mass,0.00892368489439832
0.85,7,3,local_corrected,output_mse,0.010567857816567994
0.85,7,3,local_corrected,output_mae,0.07477694771660026
0.85,7,3,local_corrected,output_cosine,0.9815705374348909
0.85,7,3,local_corrected,output_relative_rmse,0.18842652847524732
0.85,7,3,full_sparse,self_mass,0.017474190819484647
0.85,7,3,full_sparse,output_mse,0.010461237521667499
0.85,7,3,full_sparse,output_mae,0.07650115322030615
0.85,7,3,full_sparse,output_cosine,0.9814289521891624
0.85,7,3,full_sparse,output_relative_rmse,0.1884971612598747
0.85,7,3,full_corrected,self_mass,0.009108352329349145
0.85,7,3,full_corrected,output_mse,0.011111425219496596
0.85,7,3,full_corrected,output_mae,0.07875841454369947
0.85,7,3,full_corrected,output_cosine,0.9806769567076117
0.85,7,3,full_corrected,output_relative_rmse,0.19442683923989534
0.85,7,4,dense,self_mass,0.0019197609885850397
0.85,7,4,dense,output_mse,0.0
0.85,7,4,dense,output_mae,0.0
0.85,7,4,dense,output_cosine,1.0
0.85,7,4,dense,output_relative_rmse,0.0
0.85,7,4,local_sparse,self_mass,0.003859383136841643
0.85,7,4,local_sparse,output_mse,0.003329040363723834
0.85,7,4,local_sparse,output_mae,0.043573652787017636
0.85,7,4,local_sparse,output_cosine,0.9858845504932106
0.85,7,4,local_sparse,output_relative_rmse,0.1649741290602833
0.85,7,4,local_corrected,self_mass,0.0019318109580126475
0.85,7,4,local_corrected,output_mse,0.0033356905532855308
0.85,7,4,local_corrected,output_mae,0.043621272656309884
0.85,7,4,local_corrected,output_cosine,0.985870061442256
0.85,7,4,local_corrected,output_relative_rmse,0.16515038514626212
0.85,7,4,full_sparse,self_mass,0.0038552939613509807
0.85,7,4,full_sparse,output_mse,0.00264553845181581
0.85,7,4,full_sparse,output_mae,0.039172659679024946
0.85,7,4,full_sparse,output_cosine,0.9887068981770426
0.85,7,4,full_sparse,output_relative_rmse,0.14686240343144163
0.85,7,4,full_corrected,self_mass,0.0019387746501706715
0.85,7,4,full_corrected,output_mse,0.0027550988809252885
0.85,7,4,full_corrected,output_mae,0.04001336359215202
0.85,7,4,full_corrected,output_cosine,0.9883675563614815
0.85,7,4,full_corrected,output_relative_rmse,0.15005831967573613
0.85,7,5,dense,self_mass,0.00358773898005893
0.85,7,5,dense,output_mse,0.0
0.85,7,5,dense,output_mae,0.0
0.85,7,5,dense,output_cosine,1.0
0.85,7,5,dense,output_relative_rmse,0.0
0.85,7,5,local_sparse,self_mass,0.007177212410169886
0.85,7,5,local_sparse,output_mse,0.005392110756929469
0.85,7,5,local_sparse,output_mae,0.0542520665039774
0.85,7,5,local_sparse,output_cosine,0.977621907601133
0.85,7,5,local_sparse,output_relative_rmse,0.20877132238820195
0.85,7,5,local_corrected,self_mass,0.003605240813612909
0.85,7,5,local_corrected,output_mse,0.005412792123934196
0.85,7,5,local_corrected,output_mae,0.054359745015972294
0.85,7,5,local_corrected,output_cosine,0.9775484290439636
0.85,7,5,local_corrected,output_relative_rmse,0.20923137498903088
0.85,7,5,full_sparse,self_mass,0.007202190839961986
0.85,7,5,full_sparse,output_mse,0.0035978511427856574
0.85,7,5,full_sparse,output_mae,0.04471731984085636
0.85,7,5,full_sparse,output_cosine,0.9845922540407628
0.85,7,5,full_sparse,output_relative_rmse,0.1734821980644483
0.85,7,5,full_corrected,self_mass,0.003650520989594952
0.85,7,5,full_corrected,output_mse,0.0038110715759103186
0.85,7,5,full_corrected,output_mae,0.04598050875210902
0.85,7,5,full_corrected,output_cosine,0.9839600354898721
0.85,7,5,full_corrected,output_relative_rmse,0.1785910846083425
0.85,7,6,dense,self_mass,0.001506686500874821
0.85,7,6,dense,output_mse,0.0
0.85,7,6,dense,output_mae,0.0
0.85,7,6,dense,output_cosine,1.0
0.85,7,6,dense,output_relative_rmse,0.0
0.85,7,6,local_sparse,self_mass,0.0030291823798052064
0.85,7,6,local_sparse,output_mse,0.0046479664561047684
0.85,7,6,local_sparse,output_mae,0.05135858852008823
0.85,7,6,local_sparse,output_cosine,0.9813199082855135
0.85,7,6,local_sparse,output_relative_rmse,0.19070954315247945
0.85,7,6,local_corrected,self_mass,0.001513906519903685
0.85,7,6,local_corrected,output_mse,0.004657377963212639
0.85,7,6,local_corrected,output_mae,0.05141600939532509
0.85,7,6,local_corrected,output_cosine,0.9813078639563173
0.85,7,6,local_corrected,output_relative_rmse,0.19091807055519894
0.85,7,6,full_sparse,self_mass,0.0030049205201976292
0.85,7,6,full_sparse,output_mse,0.003703049196246866
0.85,7,6,full_sparse,output_mae,0.04559204339602729
0.85,7,6,full_sparse,output_cosine,0.9853502775076777
0.85,7,6,full_sparse,output_relative_rmse,0.1687045464059338
0.85,7,6,full_corrected,self_mass,0.0014543199621357417
0.85,7,6,full_corrected,output_mse,0.003979220349265233
0.85,7,6,full_corrected,output_mae,0.04726060115353903
0.85,7,6,full_corrected,output_cosine,0.9845753924455494
0.85,7,6,full_corrected,output_relative_rmse,0.17504890033160336
0.85,7,7,dense,self_mass,0.004576463144076115
0.85,7,7,dense,output_mse,0.0
0.85,7,7,dense,output_mae,0.0
0.85,7,7,dense,output_cosine,1.0
0.85,7,7,dense,output_relative_rmse,0.0
0.85,7,7,local_sparse,self_mass,0.0091327471909608
0.85,7,7,local_sparse,output_mse,0.0046232289255385695
0.85,7,7,local_sparse,output_mae,0.050321163318585604
0.85,7,7,local_sparse,output_cosine,0.9782206572126597
0.85,7,7,local_sparse,output_relative_rmse,0.20174897465039976
0.85,7,7,local_corrected,self_mass,0.00461343501774536
0.85,7,7,local_corrected,output_mse,0.004639579915419745
0.85,7,7,local_corrected,output_mae,0.050397237500874326
0.85,7,7,local_corrected,output_cosine,0.9781496080104262
0.85,7,7,local_corrected,output_relative_rmse,0.20211603082134388
0.85,7,7,full_sparse,self_mass,0.009112024674323038
0.85,7,7,full_sparse,output_mse,0.0032383362108703295
0.85,7,7,full_sparse,output_mae,0.04271141096978681
0.85,7,7,full_sparse,output_cosine,0.9845840204507113
0.85,7,7,full_sparse,output_relative_rmse,0.17047756983083673
0.85,7,7,full_corrected,self_mass,0.004660821006837068
0.85,7,7,full_corrected,output_mse,0.0034105604036085424
0.85,7,7,full_corrected,output_mae,0.04388087205734337
0.85,7,7,full_corrected,output_cosine,0.9839853483717889
0.85,7,7,full_corrected,output_relative_rmse,0.17531939575565048
0.85,7,8,dense,self_mass,0.009437424481802736
0.85,7,8,dense,output_mse,0.0
0.85,7,8,dense,output_mae,0.0
0.85,7,8,dense,output_cosine,1.0
0.85,7,8,dense,output_relative_rmse,0.0
0.85,7,8,local_sparse,self_mass,0.018712070217588916
0.85,7,8,local_sparse,output_mse,0.004608856338109035
0.85,7,8,local_sparse,output_mae,0.0508188889361918
0.85,7,8,local_sparse,output_cosine,0.9833919098600745
0.85,7,8,local_sparse,output_relative_rmse,0.17798311551450752
0.85,7,8,local_corrected,self_mass,0.009510000454611145
0.85,7,8,local_corrected,output_mse,0.004659639026613149
0.85,7,8,local_corrected,output_mae,0.05101709342125105
0.85,7,8,local_corrected,output_cosine,0.9831656604073942
0.85,7,8,local_corrected,output_relative_rmse,0.17886715117492713
0.85,7,8,full_sparse,self_mass,0.018759924856567523
0.85,7,8,full_sparse,output_mse,0.0036117833938078547
0.85,7,8,full_sparse,output_mae,0.04549451325874543
0.85,7,8,full_sparse,output_cosine,0.987018518615514
0.85,7,8,full_sparse,output_relative_rmse,0.15782553030294366
0.85,7,8,full_corrected,self_mass,0.009762039000634104
0.85,7,8,full_corrected,output_mse,0.003883789374413027
0.85,7,8,full_corrected,output_mae,0.047088289029488806
0.85,7,8,full_corrected,output_cosine,0.9862547770608217
0.85,7,8,full_corrected,output_relative_rmse,0.16370821176678874
0.85,7,9,dense,self_mass,0.002439785572960318
0.85,7,9,dense,output_mse,0.0
0.85,7,9,dense,output_mae,0.0
0.85,7,9,dense,output_cosine,1.0
0.85,7,9,dense,output_relative_rmse,0.0
0.85,7,9,local_sparse,self_mass,0.004900818331861956
0.85,7,9,local_sparse,output_mse,0.004561705203286692
0.85,7,9,local_sparse,output_mae,0.05126011354877846
0.85,7,9,local_sparse,output_cosine,0.9805241154972464
0.85,7,9,local_sparse,output_relative_rmse,0.19282720639603212
0.85,7,9,local_corrected,self_mass,0.002452785983450667
0.85,7,9,local_corrected,output_mse,0.00457491715087599
0.85,7,9,local_corrected,output_mae,0.051336926815565675
0.85,7,9,local_corrected,output_cosine,0.9805043381638825
0.85,7,9,local_corrected,output_relative_rmse,0.19311315935919993
0.85,7,9,full_sparse,self_mass,0.004912514092211495
0.85,7,9,full_sparse,output_mse,0.003213434556755601
0.85,7,9,full_sparse,output_mae,0.043374121421948075
0.85,7,9,full_sparse,output_cosine,0.9860848011448979
0.85,7,9,full_sparse,output_relative_rmse,0.162484292028239
0.85,7,9,full_corrected,self_mass,0.002474974491406101
0.85,7,9,full_corrected,output_mse,0.0033751361070244457
0.85,7,9,full_corrected,output_mae,0.04450674387044273
0.85,7,9,full_corrected,output_cosine,0.9855231388937682
0.85,7,9,full_corrected,output_relative_rmse,0.16679229983128607
0.85,7,10,dense,self_mass,0.00966471602441743
0.85,7,10,dense,output_mse,0.0
0.85,7,10,dense,output_mae,0.0
0.85,7,10,dense,output_cosine,1.0
0.85,7,10,dense,output_relative_rmse,0.0
0.85,7,10,local_sparse,self_mass,0.019599649967858568
0.85,7,10,local_sparse,output_mse,0.012841802887123777
0.85,7,10,local_sparse,output_mae,0.08191119352704845
0.85,7,10,local_sparse,output_cosine,0.9795723471324891
0.85,7,10,local_sparse,output_relative_rmse,0.1982979765161872
0.85,7,10,local_corrected,self_mass,0.010165420611883746
0.85,7,10,local_corrected,output_mse,0.012953565061252448
0.85,7,10,local_corrected,output_mae,0.08229923868202604
0.85,7,10,local_corrected,output_cosine,0.9793367015663534
0.85,7,10,local_corrected,output_relative_rmse,0.19916711148107424
0.85,7,10,full_sparse,self_mass,0.01965254752940382
0.85,7,10,full_sparse,output_mse,0.012683501616265858
0.85,7,10,full_sparse,output_mae,0.08385856084350962
0.85,7,10,full_sparse,output_cosine,0.9794585613999516
0.85,7,10,full_sparse,output_relative_rmse,0.19833828360424377
0.85,7,10,full_corrected,self_mass,0.010315848861864652
0.85,7,10,full_corrected,output_mse,0.013443398425806663
0.85,7,10,full_corrected,output_mae,0.08624820617842488
0.85,7,10,full_corrected,output_cosine,0.9786818099673837
0.85,7,10,full_corrected,output_relative_rmse,0.20423201445373707
0.85,7,11,dense,self_mass,0.0017519645502943604
0.85,7,11,dense,output_mse,0.0
0.85,7,11,dense,output_mae,0.0
0.85,7,11,dense,output_cosine,1.0
0.85,7,11,dense,output_relative_rmse,0.0
0.85,7,11,local_sparse,self_mass,0.003506250808641198
0.85,7,11,local_sparse,output_mse,0.006284322906594753
0.85,7,11,local_sparse,output_mae,0.05738706060947152
0.85,7,11,local_sparse,output_cosine,0.9801040263846517
0.85,7,11,local_sparse,output_relative_rmse,0.1914361902163364
0.85,7,11,local_corrected,self_mass,0.0017637547894082672
0.85,7,11,local_corrected,output_mse,0.006294879382039653
0.85,7,11,local_corrected,output_mae,0.05744174850406125
0.85,7,11,local_corrected,output_cosine,0.9800815328489989
0.85,7,11,local_corrected,output_relative_rmse,0.19163357676006854
0.85,7,11,full_sparse,self_mass,0.003472788822818984
0.85,7,11,full_sparse,output_mse,0.004615494913650764
0.85,7,11,full_sparse,output_mae,0.050287906888115685
0.85,7,11,full_sparse,output_cosine,0.9853032033424824
0.85,7,11,full_sparse,output_relative_rmse,0.1676913749834057
0.85,7,11,full_corrected,self_mass,0.0017375483748764964
0.85,7,11,full_corrected,output_mse,0.00488122042725081
0.85,7,11,full_corrected,output_mae,0.051782726623059716
0.85,7,11,full_corrected,output_cosine,0.9847617917694151
0.85,7,11,full_corrected,output_relative_rmse,0.17253057769266888
0.85,8,0,dense,self_mass,0.011524865178216714
0.85,8,0,dense,output_mse,0.0
0.85,8,0,dense,output_mae,0.0
0.85,8,0,dense,output_cosine,1.0
0.85,8,0,dense,output_relative_rmse,0.0
0.85,8,0,local_sparse,self_mass,0.02288882299035322
0.85,8,0,local_sparse,output_mse,0.006340012138025486
0.85,8,0,local_sparse,output_mae,0.05914887535618618
0.85,8,0,local_sparse,output_cosine,0.9803923170547932
0.85,8,0,local_sparse,output_relative_rmse,0.1943478723987937
0.85,8,0,local_corrected,self_mass,0.01166409497091081
0.85,8,0,local_corrected,output_mse,0.006446131596931082
0.85,8,0,local_corrected,output_mae,0.05951031298900489
0.85,8,0,local_corrected,output_cosine,0.9800243803765625
0.85,8,0,local_corrected,output_relative_rmse,0.19579429694567807
0.85,8,0,full_sparse,self_mass,0.023024183083180105
0.85,8,0,full_sparse,output_mse,0.005334021772341657
0.85,8,0,full_sparse,output_mae,0.054461837135022506
0.85,8,0,full_sparse,output_cosine,0.983569861156866
0.85,8,0,full_sparse,output_relative_rmse,0.17649671074468642
0.85,8,0,full_corrected,self_mass,0.011980686836977839
0.85,8,0,full_corrected,output_mse,0.005663238020588324
0.85,8,0,full_corrected,output_mae,0.0560828730231151
0.85,8,0,full_corrected,output_cosine,0.9828260408248752
0.85,8,0,full_corrected,output_relative_rmse,0.18180139202740975
0.85,8,1,dense,self_mass,0.008330679755090387
0.85,8,1,dense,output_mse,0.0
0.85,8,1,dense,output_mae,0.0
0.85,8,1,dense,output_cosine,1.0
0.85,8,1,dense,output_relative_rmse,0.0
0.85,8,1,local_sparse,self_mass,0.016620743728708476
0.85,8,1,local_sparse,output_mse,0.004427811686127825
0.85,8,1,local_sparse,output_mae,0.04932693488080986
0.85,8,1,local_sparse,output_cosine,0.9833289664238691
0.85,8,1,local_sparse,output_relative_rmse,0.17909710487583652
0.85,8,1,local_corrected,self_mass,0.008423956598562654
0.85,8,1,local_corrected,output_mse,0.0044741529059137974
0.85,8,1,local_corrected,output_mae,0.049522442641318776
0.85,8,1,local_corrected,output_cosine,0.9831333521287888
0.85,8,1,local_corrected,output_relative_rmse,0.1799888862296939
0.85,8,1,full_sparse,self_mass,0.0165948742069304
0.85,8,1,full_sparse,output_mse,0.0037909451518771675
0.85,8,1,full_sparse,output_mae,0.04573336961766472
0.85,8,1,full_sparse,output_cosine,0.9858706956729293
0.85,8,1,full_sparse,output_relative_rmse,0.1639483653998468
0.85,8,1,full_corrected,self_mass,0.008433750075710122
0.85,8,1,full_corrected,output_mse,0.004031259636803952
0.85,8,1,full_corrected,output_mae,0.04707377077284036
0.85,8,1,full_corrected,output_cosine,0.9852061031851918
0.85,8,1,full_corrected,output_relative_rmse,0.16907234891550615
0.85,8,2,dense,self_mass,0.0015800400424268446
0.85,8,2,dense,output_mse,0.0
0.85,8,2,dense,output_mae,0.0
0.85,8,2,dense,output_cosine,1.0
0.85,8,2,dense,output_relative_rmse,0.0
0.85,8,2,local_sparse,self_mass,0.0031822994483263756
0.85,8,2,local_sparse,output_mse,0.00844367358058662
0.85,8,2,local_sparse,output_mae,0.06600992863241117
0.85,8,2,local_sparse,output_cosine,0.9765303540043533
0.85,8,2,local_sparse,output_relative_rmse,0.21328107916633599
0.85,8,2,local_corrected,self_mass,0.0016230173323492636
0.85,8,2,local_corrected,output_mse,0.00846485667716479
0.85,8,2,local_corrected,output_mae,0.06607767652894836
0.85,8,2,local_corrected,output_cosine,0.976483799982816
0.85,8,2,local_corrected,output_relative_rmse,0.2135347479779739
0.85,8,2,full_sparse,self_mass,0.003154211961373221
0.85,8,2,full_sparse,output_mse,0.007606939473589591
0.85,8,2,full_sparse,output_mae,0.06324031612894032
0.85,8,2,full_sparse,output_cosine,0.9791714854072779
0.85,8,2,full_sparse,output_relative_rmse,0.20167200025753118
0.85,8,2,full_corrected,self_mass,0.0016682277627069197
0.85,8,2,full_corrected,output_mse,0.008000941219506785
0.85,8,2,full_corrected,output_mae,0.0650350596406497
0.85,8,2,full_corrected,output_cosine,0.9785049979109317
0.85,8,2,full_corrected,output_relative_rmse,0.20725714589934796
0.85,8,3,dense,self_mass,0.00663952366085141
0.85,8,3,dense,output_mse,0.0
0.85,8,3,dense,output_mae,0.0
0.85,8,3,dense,output_cosine,1.0
0.85,8,3,dense,output_relative_rmse,0.0
0.85,8,3,local_sparse,self_mass,0.013549352241170709
0.85,8,3,local_sparse,output_mse,0.012774088278092677
0.85,8,3,local_sparse,output_mae,0.08128899954317603
0.85,8,3,local_sparse,output_cosine,0.9748600192833692
0.85,8,3,local_sparse,output_relative_rmse,0.2226193443639204
0.85,8,3,local_corrected,self_mass,0.0068987803324489505
0.85,8,3,local_corrected,output_mse,0.01288830717203382
0.85,8,3,local_corrected,output_mae,0.08163806758238934
0.85,8,3,local_corrected,output_cosine,0.9746151107829064
0.85,8,3,local_corrected,output_relative_rmse,0.22357190103502944
0.85,8,3,full_sparse,self_mass,0.013497728225047467
0.85,8,3,full_sparse,output_mse,0.012658403136811103
0.85,8,3,full_sparse,output_mae,0.08262537528935354
0.85,8,3,full_sparse,output_cosine,0.9752078626770526
0.85,8,3,full_sparse,output_relative_rmse,0.22110983059974387
0.85,8,3,full_corrected,self_mass,0.00696096767023846
0.85,8,3,full_corrected,output_mse,0.013377368031797232
0.85,8,3,full_corrected,output_mae,0.08501315015018918
0.85,8,3,full_corrected,output_cosine,0.9743720111437142
0.85,8,3,full_corrected,output_relative_rmse,0.22756397631019354
0.85,8,4,dense,self_mass,0.002027642660550555
0.85,8,4,dense,output_mse,0.0
0.85,8,4,dense,output_mae,0.0
0.85,8,4,dense,output_cosine,1.0
0.85,8,4,dense,output_relative_rmse,0.0
0.85,8,4,local_sparse,self_mass,0.004058262375565391
0.85,8,4,local_sparse,output_mse,0.0054383778203828115
0.85,8,4,local_sparse,output_mae,0.051422949763946235
0.85,8,4,local_sparse,output_cosine,0.9823670836631209
0.85,8,4,local_sparse,output_relative_rmse,0.18328777494025417
0.85,8,4,local_corrected,self_mass,0.002030761107789658
0.85,8,4,local_corrected,output_mse,0.005446794307090386
0.85,8,4,local_corrected,output_mae,0.05147139055043226
0.85,8,4,local_corrected,output_cosine,0.9823517361655831
0.85,8,4,local_corrected,output_relative_rmse,0.18348024017177522
0.85,8,4,full_sparse,self_mass,0.004060464607391623
0.85,8,4,full_sparse,output_mse,0.004143727447399215
0.85,8,4,full_sparse,output_mae,0.045826424517144915
0.85,8,4,full_sparse,output_cosine,0.9861159031279385
0.85,8,4,full_sparse,output_relative_rmse,0.1632110478822142
0.85,8,4,full_corrected,self_mass,0.0020299814977988717
0.85,8,4,full_corrected,output_mse,0.004300710927054752
0.85,8,4,full_corrected,output_mae,0.046903403221222106
0.85,8,4,full_corrected,output_cosine,0.9856055295094848
0.85,8,4,full_corrected,output_relative_rmse,0.1671518140938133
0.85,8,5,dense,self_mass,0.006063588814868126
0.85,8,5,dense,output_mse,0.0
0.85,8,5,dense,output_mae,0.0
0.85,8,5,dense,output_cosine,1.0
0.85,8,5,dense,output_relative_rmse,0.0
0.85,8,5,local_sparse,self_mass,0.012131338864492136
0.85,8,5,local_sparse,output_mse,0.004106552105895389
0.85,8,5,local_sparse,output_mae,0.047081271863135044
0.85,8,5,local_sparse,output_cosine,0.9813417789991945
0.85,8,5,local_sparse,output_relative_rmse,0.188580839545466
0.85,8,5,local_corrected,self_mass,0.0061272844759514555
0.85,8,5,local_corrected,output_mse,0.004135341877827159
0.85,8,5,local_corrected,output_mae,0.04721332826738944
0.85,8,5,local_corrected,output_cosine,0.9811997485812753
0.85,8,5,local_corrected,output_relative_rmse,0.1892007271235343
0.85,8,5,full_sparse,self_mass,0.012143020390794845
0.85,8,5,full_sparse,output_mse,0.0031949790070484596
0.85,8,5,full_sparse,output_mae,0.04188254095060984
0.85,8,5,full_sparse,output_cosine,0.9854505497496575
0.85,8,5,full_sparse,output_relative_rmse,0.16587485308991745
0.85,8,5,full_corrected,self_mass,0.006184832634062332
0.85,8,5,full_corrected,output_mse,0.003374214326413494
0.85,8,5,full_corrected,output_mae,0.04309667518828064
0.85,8,5,full_corrected,output_cosine,0.9848275799304247
0.85,8,5,full_corrected,output_relative_rmse,0.17084528965642676
0.85,8,6,dense,self_mass,0.00852050493904244
0.85,8,6,dense,output_mse,0.0
0.85,8,6,dense,output_mae,0.0
0.85,8,6,dense,output_cosine,1.0
0.85,8,6,dense,output_relative_rmse,0.0
0.85,8,6,local_sparse,self_mass,0.017238860769793973
0.85,8,6,local_sparse,output_mse,0.011876726037371554
0.85,8,6,local_sparse,output_mae,0.07878578019153792
0.85,8,6,local_sparse,output_cosine,0.9736187690868974
0.85,8,6,local_sparse,output_relative_rmse,0.22986121708527207
0.85,8,6,local_corrected,self_mass,0.008750314825192618
0.85,8,6,local_corrected,output_mse,0.012050333607476205
0.85,8,6,local_corrected,output_mae,0.07931568357162178
0.85,8,6,local_corrected,output_cosine,0.9732509516179562
0.85,8,6,local_corrected,output_relative_rmse,0.2314850602997467
0.85,8,6,full_sparse,self_mass,0.01723882722944836
0.85,8,6,full_sparse,output_mse,0.0112510147246212
0.85,8,6,full_sparse,output_mae,0.07795794648700394
0.85,8,6,full_sparse,output_cosine,0.9748924791347235
0.85,8,6,full_sparse,output_relative_rmse,0.22310113022103906
0.85,8,6,full_corrected,self_mass,0.00883098763279122
0.85,8,6,full_corrected,output_mse,0.01189952252934745
0.85,8,6,full_corrected,output_mae,0.08024143736111
0.85,8,6,full_corrected,output_cosine,0.974054615246132
0.85,8,6,full_corrected,output_relative_rmse,0.22979242107248865
0.85,8,7,dense,self_mass,0.018401099248876562
0.85,8,7,dense,output_mse,0.0
0.85,8,7,dense,output_mae,0.0
0.85,8,7,dense,output_cosine,1.0
0.85,8,7,dense,output_relative_rmse,0.0
0.85,8,7,local_sparse,self_mass,0.03628803914762102
0.85,8,7,local_sparse,output_mse,0.005781488321190409
0.85,8,7,local_sparse,output_mae,0.05539034350658767
0.85,8,7,local_sparse,output_cosine,0.984250919893384
0.85,8,7,local_sparse,output_relative_rmse,0.176863172207959
0.85,8,7,local_corrected,self_mass,0.018665704057639232
0.85,8,7,local_corrected,output_mse,0.005915696307965845
0.85,8,7,local_corrected,output_mae,0.055837637512013316
0.85,8,7,local_corrected,output_cosine,0.9837383171543479
0.85,8,7,local_corrected,output_relative_rmse,0.17890231759520248
0.85,8,7,full_sparse,self_mass,0.03655766963493079
0.85,8,7,full_sparse,output_mse,0.005051473811363394
0.85,8,7,full_sparse,output_mae,0.052004505778313614
0.85,8,7,full_sparse,output_cosine,0.9860765407793224
0.85,8,7,full_sparse,output_relative_rmse,0.1641166752378922
0.85,8,7,full_corrected,self_mass,0.019161479529429926
0.85,8,7,full_corrected,output_mse,0.005394221745518735
0.85,8,7,full_corrected,output_mae,0.05372578939568484
0.85,8,7,full_corrected,output_cosine,0.9852608777582645
0.85,8,7,full_corrected,output_relative_rmse,0.16993565563461743
0.85,8,8,dense,self_mass,0.004229951155593881
0.85,8,8,dense,output_mse,0.0
0.85,8,8,dense,output_mae,0.0
0.85,8,8,dense,output_cosine,1.0
0.85,8,8,dense,output_relative_rmse,0.0
0.85,8,8,local_sparse,self_mass,0.008420303779530514
0.85,8,8,local_sparse,output_mse,0.005201373331601644
0.85,8,8,local_sparse,output_mae,0.053408250445500016
0.85,8,8,local_sparse,output_cosine,0.9808175528887659
0.85,8,8,local_sparse,output_relative_rmse,0.19229367512161843
0.85,8,8,local_corrected,self_mass,0.004264476151092822
0.85,8,8,local_corrected,output_mse,0.005225341249570192
0.85,8,8,local_corrected,output_mae,0.053528983051364776
0.85,8,8,local_corrected,output_cosine,0.9807343864813447
0.85,8,8,local_corrected,output_relative_rmse,0.19279197239666246
0.85,8,8,full_sparse,self_mass,0.008401160166613408
0.85,8,8,full_sparse,output_mse,0.00443539419075023
0.85,8,8,full_sparse,output_mae,0.048886029835557565
0.85,8,8,full_sparse,output_cosine,0.9840409411117435
0.85,8,8,full_sparse,output_relative_rmse,0.17462327051907778
0.85,8,8,full_corrected,self_mass,0.00431055227682009
0.85,8,8,full_corrected,output_mse,0.004684696386448195
0.85,8,8,full_corrected,output_mae,0.05017652194510447
0.85,8,8,full_corrected,output_cosine,0.9834618421737105
0.85,8,8,full_corrected,output_relative_rmse,0.17958635900868103
0.85,8,9,dense,self_mass,0.005509955833986169
0.85,8,9,dense,output_mse,0.0
0.85,8,9,dense,output_mae,0.0
0.85,8,9,dense,output_cosine,1.0
0.85,8,9,dense,output_relative_rmse,0.0
0.85,8,9,local_sparse,self_mass,0.010947267757728696
0.85,8,9,local_sparse,output_mse,0.005347787108348712
0.85,8,9,local_sparse,output_mae,0.053544620794127695
0.85,8,9,local_sparse,output_cosine,0.9888199444394559
0.85,8,9,local_sparse,output_relative_rmse,0.1445927259628661
0.85,8,9,local_corrected,self_mass,0.005598478780029836
0.85,8,9,local_corrected,output_mse,0.005397351662850269
0.85,8,9,local_corrected,output_mae,0.053738086367957294
0.85,8,9,local_corrected,output_cosine,0.9887090516276658
0.85,8,9,local_corrected,output_relative_rmse,0.14523200373514555
0.85,8,9,full_sparse,self_mass,0.010834464571416902
0.85,8,9,full_sparse,output_mse,0.006508785551886831
0.85,8,9,full_sparse,output_mae,0.058464817513595335
0.85,8,9,full_sparse,output_cosine,0.9861809774301946
0.85,8,9,full_sparse,output_relative_rmse,0.15690922157955356
0.85,8,9,full_corrected,self_mass,0.005646472569878824
0.85,8,9,full_corrected,output_mse,0.006905278287831607
0.85,8,9,full_corrected,output_mae,0.060247595865803305
0.85,8,9,full_corrected,output_cosine,0.9855805621482432
0.85,8,9,full_corrected,output_relative_rmse,0.1618296416127123
0.85,8,10,dense,self_mass,0.0012051086858946292
0.85,8,10,dense,output_mse,0.0
0.85,8,10,dense,output_mae,0.0
0.85,8,10,dense,output_cosine,1.0
0.85,8,10,dense,output_relative_rmse,0.0
0.85,8,10,local_sparse,self_mass,0.0024176729946248088
0.85,8,10,local_sparse,output_mse,0.004014607962290029
0.85,8,10,local_sparse,output_mae,0.04731290160998469
0.85,8,10,local_sparse,output_cosine,0.9834904470480978
0.85,8,10,local_sparse,output_relative_rmse,0.17792836765875109
0.85,8,10,local_corrected,self_mass,0.0012074425698074265
0.85,8,10,local_corrected,output_mse,0.004020258485979866
0.85,8,10,local_corrected,output_mae,0.047355509326735046
0.85,8,10,local_corrected,output_cosine,0.9834839068353176
0.85,8,10,local_corrected,output_relative_rmse,0.17808504647109658
0.85,8,10,full_sparse,self_mass,0.0024069417402188265
0.85,8,10,full_sparse,output_mse,0.003386629995702606
0.85,8,10,full_sparse,output_mae,0.04385677810932975
0.85,8,10,full_sparse,output_cosine,0.9859241009689867
0.85,8,10,full_sparse,output_relative_rmse,0.16325100642279722
0.85,8,10,full_corrected,self_mass,0.0011643929622096039
0.85,8,10,full_corrected,output_mse,0.0035648845725972933
0.85,8,10,full_corrected,output_mae,0.04506353734177537
0.85,8,10,full_corrected,output_cosine,0.9853178926277906
0.85,8,10,full_corrected,output_relative_rmse,0.16781690591596998
0.85,8,11,dense,self_mass,0.010703244022806757
0.85,8,11,dense,output_mse,0.0
0.85,8,11,dense,output_mae,0.0
0.85,8,11,dense,output_cosine,1.0
0.85,8,11,dense,output_relative_rmse,0.0
0.85,8,11,local_sparse,self_mass,0.02121157935471274
0.85,8,11,local_sparse,output_mse,0.004485819418732717
0.85,8,11,local_sparse,output_mae,0.04987905110465363
0.85,8,11,local_sparse,output_cosine,0.9849693381693214
0.85,8,11,local_sparse,output_relative_rmse,0.16957763012032956
0.85,8,11,local_corrected,self_mass,0.010835468916411628
0.85,8,11,local_corrected,output_mse,0.004539142215890024
0.85,8,11,local_corrected,output_mae,0.0501039342416334
0.85,8,11,local_corrected,output_cosine,0.9847458605654538
0.85,8,11,local_corrected,output_relative_rmse,0.17058614699635655
0.85,8,11,full_sparse,self_mass,0.02129114782292163
0.85,8,11,full_sparse,output_mse,0.003757555992251582
0.85,8,11,full_sparse,output_mae,0.046095387944660615
0.85,8,11,full_sparse,output_cosine,0.9871556691359729
0.85,8,11,full_sparse,output_relative_rmse,0.15601685142610222
0.85,8,11,full_corrected,self_mass,0.011093911240095622
0.85,8,11,full_corrected,output_mse,0.003993860068248978
0.85,8,11,full_corrected,output_mae,0.04747684556787135
0.85,8,11,full_corrected,output_cosine,0.9865368292666972
0.85,8,11,full_corrected,output_relative_rmse,0.16081450029741973
0.95,3,0,dense,self_mass,0.006605745680644759
0.95,3,0,dense,output_mse,0.0
0.95,3,0,dense,output_mae,0.0
0.95,3,0,dense,output_cosine,1.0
0.95,3,0,dense,output_relative_rmse,0.0
0.95,3,0,local_sparse,self_mass,0.013143387450327282
0.95,3,0,local_sparse,output_mse,0.0037692288551625097
0.95,3,0,local_sparse,output_mae,0.046112410906061996
0.95,3,0,local_sparse,output_cosine,0.9681113646365702
0.95,3,0,local_sparse,output_relative_rmse,0.2595550076221116
0.95,3,0,local_corrected,self_mass,0.006640441066338099
0.95,3,0,local_corrected,output_mse,0.003795222640292195
0.95,3,0,local_corrected,output_mae,0.04624810326640727
0.95,3,0,local_corrected,output_cosine,0.9678090291563421
0.95,3,0,local_corrected,output_relative_rmse,0.2604069716180675
0.95,3,0,full_sparse,self_mass,0.013143387450327282
0.95,3,0,full_sparse,output_mse,0.0037692288433390786
0.95,3,0,full_sparse,output_mae,0.046112410789646674
0.95,3,0,full_sparse,output_cosine,0.9681113618426025
0.95,3,0,full_sparse,output_relative_rmse,0.2595550080295652
0.95,3,0,full_corrected,self_mass,0.006640441084527993
0.95,3,0,full_corrected,output_mse,0.003795222667122289
0.95,3,0,full_corrected,output_mae,0.04624810308450833
0.95,3,0,full_corrected,output_cosine,0.9678090275265276
0.95,3,0,full_corrected,output_relative_rmse,0.2604069724911824
0.95,3,1,dense,self_mass,0.00345616393860837
0.95,3,1,dense,output_mse,0.0
0.95,3,1,dense,output_mae,0.0
0.95,3,1,dense,output_cosine,1.0
0.95,3,1,dense,output_relative_rmse,0.0
0.95,3,1,local_sparse,self_mass,0.006913173934663064
0.95,3,1,local_sparse,output_mse,0.002826294165515719
0.95,3,1,local_sparse,output_mae,0.04041271879395936
0.95,3,1,local_sparse,output_cosine,0.9720160076394677
0.95,3,1,local_sparse,output_relative_rmse,0.23796533374115825
0.95,3,1,local_corrected,self_mass,0.0034694061123445863
0.95,3,1,local_corrected,output_mse,0.0028360078749756212
0.95,3,1,local_corrected,output_mae,0.040476843852957245
0.95,3,1,local_corrected,output_cosine,0.971908499719575
0.95,3,1,local_corrected,output_relative_rmse,0.2383585181669332
0.95,3,1,full_sparse,self_mass,0.006913173952852958
0.95,3,1,full_sparse,output_mse,0.002826294158694509
0.95,3,1,full_sparse,output_mae,0.04041271899768617
0.95,3,1,full_sparse,output_cosine,0.9720160085707903
0.95,3,1,full_sparse,output_relative_rmse,0.23796533385757357
0.95,3,1,full_corrected,self_mass,0.0034694061387199326
0.95,3,1,full_corrected,output_mse,0.002836007880887337
0.95,3,1,full_corrected,output_mae,0.04047684389661299
0.95,3,1,full_corrected,output_cosine,0.971908500418067
0.95,3,1,full_corrected,output_relative_rmse,0.23835851874900982
0.95,3,2,dense,self_mass,0.003988241636761813
0.95,3,2,dense,output_mse,0.0
0.95,3,2,dense,output_mae,0.0
0.95,3,2,dense,output_cosine,1.0
0.95,3,2,dense,output_relative_rmse,0.0
0.95,3,2,local_sparse,self_mass,0.007925807190986234
0.95,3,2,local_sparse,output_mse,0.003693781564834353
0.95,3,2,local_sparse,output_mae,0.04602097481256351
0.95,3,2,local_sparse,output_cosine,0.9636710623744875
0.95,3,2,local_sparse,output_relative_rmse,0.2699486913625151
0.95,3,2,local_corrected,self_mass,0.003982206852924719
0.95,3,2,local_corrected,output_mse,0.003709534146310034
0.95,3,2,local_corrected,output_mae,0.04612065903347684
0.95,3,2,local_corrected,output_cosine,0.9634865049738437
0.95,3,2,local_corrected,output_relative_rmse,0.2705717325443402
0.95,3,2,full_sparse,self_mass,0.007925807195533707
0.95,3,2,full_sparse,output_mse,0.0036937816007593938
0.95,3,2,full_sparse,output_mae,0.046020974798011594
0.95,3,2,full_sparse,output_cosine,0.9636710623744875
0.95,3,2,full_sparse,output_relative_rmse,0.2699486925266683
0.95,3,2,full_corrected,self_mass,0.003982206846103509
0.95,3,2,full_corrected,output_mse,0.0037095341758686118
0.95,3,2,full_corrected,output_mae,0.046120659200823866
0.95,3,2,full_corrected,output_cosine,0.9634865080006421
0.95,3,2,full_corrected,output_relative_rmse,0.27057173248613253
0.95,3,3,dense,self_mass,0.0015983423388661322
0.95,3,3,dense,output_mse,0.0
0.95,3,3,dense,output_mae,0.0
0.95,3,3,dense,output_cosine,1.0
0.95,3,3,dense,output_relative_rmse,0.0
0.95,3,3,local_sparse,self_mass,0.0032095198503157008
0.95,3,3,local_sparse,output_mse,0.0032292392229464895
0.95,3,3,local_sparse,output_mae,0.043321332545019686
0.95,3,3,local_sparse,output_cosine,0.9786606261041015
0.95,3,3,local_sparse,output_relative_rmse,0.20372497374773957
0.95,3,3,local_corrected,self_mass,0.0016042908894178254
0.95,3,3,local_corrected,output_mse,0.00323318194341482
0.95,3,3,local_corrected,output_mae,0.043364328259485774
0.95,3,3,local_corrected,output_cosine,0.9786357125267386
0.95,3,3,local_corrected,output_relative_rmse,0.20392777016968466
0.95,3,3,full_sparse,self_mass,0.003209519826214091
0.95,3,3,full_sparse,output_mse,0.003229239204301848
0.95,3,3,full_sparse,output_mae,0.043321332246705424
0.95,3,3,full_sparse,output_cosine,0.9786606272682548
0.95,3,3,full_sparse,output_relative_rmse,0.20372497334028594
0.95,3,3,full_corrected,self_mass,0.001604290881914494
0.95,3,3,full_corrected,output_mse,0.0032331819429600728
0.95,3,3,full_corrected,output_mae,0.04336432817945024
0.95,3,3,full_corrected,output_cosine,0.9786357115954161
0.95,3,3,full_corrected,output_relative_rmse,0.2039277697331272
0.95,3,4,dense,self_mass,0.004531878833859082
0.95,3,4,dense,output_mse,0.0
0.95,3,4,dense,output_mae,0.0
0.95,3,4,dense,output_cosine,1.0
0.95,3,4,dense,output_relative_rmse,0.0
0.95,3,4,local_sparse,self_mass,0.009042016379680717
0.95,3,4,local_sparse,output_mse,0.0034050781127916707
0.95,3,4,local_sparse,output_mae,0.04424465414194856
0.95,3,4,local_sparse,output_cosine,0.974725374719128
0.95,3,4,local_sparse,output_relative_rmse,0.2238553702190984
0.95,3,4,local_corrected,self_mass,0.004547217736217135
0.95,3,4,local_corrected,output_mse,0.003420717082462943
0.95,3,4,local_corrected,output_mae,0.04434423370548757
0.95,3,4,local_corrected,output_cosine,0.9746033577248454
0.95,3,4,local_corrected,output_relative_rmse,0.2243898356682621
0.95,3,4,full_sparse,self_mass,0.00904201640332758
0.95,3,4,full_sparse,output_mse,0.003405078180549026
0.95,3,4,full_sparse,output_mae,0.044244654854992405
0.95,3,4,full_sparse,output_cosine,0.9747253735549748
0.95,3,4,full_sparse,output_relative_rmse,0.2238553720235359
0.95,3,4,full_corrected,self_mass,0.004547217731669662
0.95,3,4,full_corrected,output_mse,0.003420717126573436
0.95,3,4,full_corrected,output_mae,0.04434423401107779
0.95,3,4,full_corrected,output_cosine,0.9746033593546599
0.95,3,4,full_corrected,output_relative_rmse,0.22438983735628426
0.95,3,5,dense,self_mass,0.0023524083644588245
0.95,3,5,dense,output_mse,0.0
0.95,3,5,dense,output_mae,0.0
0.95,3,5,dense,output_cosine,1.0
0.95,3,5,dense,output_relative_rmse,0.0
0.95,3,5,local_sparse,self_mass,0.004719178243249189
0.95,3,5,local_sparse,output_mse,0.004658983090848778
0.95,3,5,local_sparse,output_mae,0.05236971260455903
0.95,3,5,local_sparse,output_cosine,0.9674352249130607
0.95,3,5,local_sparse,output_relative_rmse,0.25243838608730584
0.95,3,5,local_corrected,self_mass,0.002365288334658544
0.95,3,5,local_corrected,output_mse,0.004677731609262992
0.95,3,5,local_corrected,output_mae,0.052469338988885283
0.95,3,5,local_corrected,output_cosine,0.9673078949563205
0.95,3,5,local_corrected,output_relative_rmse,0.2529369297553785
0.95,3,5,full_sparse,self_mass,0.0047191782086883904
0.95,3,5,full_sparse,output_mse,0.004658983024455665
0.95,3,5,full_sparse,output_mae,0.05236971216800157
0.95,3,5,full_sparse,output_cosine,0.9674352251458913
0.95,3,5,full_sparse,output_relative_rmse,0.25243838515598327
0.95,3,5,full_corrected,self_mass,0.002365288322835113
0.95,3,5,full_corrected,output_mse,0.004677731520132511
0.95,3,5,full_corrected,output_mae,0.05246933869784698
0.95,3,5,full_corrected,output_cosine,0.9673078949563205
0.95,3,5,full_corrected,output_relative_rmse,0.2529369277181104
0.95,3,6,dense,self_mass,0.002063768935840926
0.95,3,6,dense,output_mse,0.0
0.95,3,6,dense,output_mae,0.0
0.95,3,6,dense,output_cosine,1.0
0.95,3,6,dense,output_relative_rmse,0.0
0.95,3,6,local_sparse,self_mass,0.0041324898138555
0.95,3,6,local_sparse,output_mse,0.003384346426173579
0.95,3,6,local_sparse,output_mae,0.04417850818572333
0.95,3,6,local_sparse,output_cosine,0.9751640893518925
0.95,3,6,local_sparse,output_relative_rmse,0.22095555110718124
0.95,3,6,local_corrected,self_mass,0.0020700454847428773
0.95,3,6,local_corrected,output_mse,0.0033943142070711474
0.95,3,6,local_corrected,output_mae,0.04424187503173016
0.95,3,6,local_corrected,output_cosine,0.9751260173507035
0.95,3,6,local_corrected,output_relative_rmse,0.22127560697845183
0.95,3,6,full_sparse,self_mass,0.004132489809762774
0.95,3,6,full_sparse,output_mse,0.0033843464152596425
0.95,3,6,full_sparse,output_mae,0.044178508447657805
0.95,3,6,full_sparse,output_cosine,0.975164087023586
0.95,3,6,full_sparse,output_relative_rmse,0.2209555507870391
0.95,3,6,full_corrected,self_mass,0.0020700454879261088
0.95,3,6,full_corrected,output_mse,0.0033943142125281156
0.95,3,6,full_corrected,output_mae,0.04424187505355803
0.95,3,6,full_corrected,output_cosine,0.9751260175835341
0.95,3,6,full_corrected,output_relative_rmse,0.22127560712397099
0.95,3,7,dense,self_mass,0.0023373407543658686
0.95,3,7,dense,output_mse,0.0
0.95,3,7,dense,output_mae,0.0
0.95,3,7,dense,output_cosine,1.0
0.95,3,7,dense,output_relative_rmse,0.0
0.95,3,7,local_sparse,self_mass,0.0046727704402655945
0.95,3,7,local_sparse,output_mse,0.003376479152848333
0.95,3,7,local_sparse,output_mae,0.042580838409776334
0.95,3,7,local_sparse,output_cosine,0.9740867987275124
0.95,3,7,local_sparse,output_relative_rmse,0.225633782800287
0.95,3,7,local_corrected,self_mass,0.002360153328936576
0.95,3,7,local_corrected,output_mse,0.0033842648763311445
0.95,3,7,local_corrected,output_mae,0.0426362291618716
0.95,3,7,local_corrected,output_cosine,0.974050325807184
0.95,3,7,local_corrected,output_relative_rmse,0.22590968385338783
0.95,3,7,full_sparse,self_mass,0.004672770413890248
0.95,3,7,full_sparse,output_mse,0.0033764791473913647
0.95,3,7,full_sparse,output_mae,0.0425808383297408
0.95,3,7,full_sparse,output_cosine,0.9740868010558188
0.95,3,7,full_sparse,output_relative_rmse,0.22563378181075677
0.95,3,7,full_corrected,self_mass,0.002360153331210313
0.95,3,7,full_corrected,output_mse,0.0033842648517747875
0.95,3,7,full_corrected,output_mae,0.04263622889993712
0.95,3,7,full_corrected,output_cosine,0.9740503239445388
0.95,3,7,full_corrected,output_relative_rmse,0.2259096825728193
0.95,3,8,dense,self_mass,0.0031085862390227703
0.95,3,8,dense,output_mse,0.0
0.95,3,8,dense,output_mae,0.0
0.95,3,8,dense,output_cosine,1.0
0.95,3,8,dense,output_relative_rmse,0.0
0.95,3,8,local_sparse,self_mass,0.006250632011642665
0.95,3,8,local_sparse,output_mse,0.007043062210868811
0.95,3,8,local_sparse,output_mae,0.061683433305006474
0.95,3,8,local_sparse,output_cosine,0.9765287153422832
0.95,3,8,local_sparse,output_relative_rmse,0.2142295484954957
0.95,3,8,local_corrected,self_mass,0.0031451719262349798
0.95,3,8,local_corrected,output_mse,0.007055035126541043
0.95,3,8,local_corrected,output_mae,0.06176728737773374
0.95,3,8,local_corrected,output_cosine,0.976519163697958
0.95,3,8,local_corrected,output_relative_rmse,0.21443391148932278
0.95,3,8,full_sparse,self_mass,0.006250631974580756
0.95,3,8,full_sparse,output_mse,0.00704306215448014
0.95,3,8,full_sparse,output_mae,0.06168343324679881
0.95,3,8,full_sparse,output_cosine,0.9765287137124687
0.95,3,8,full_sparse,output_relative_rmse,0.2142295475350693
0.95,3,8,full_corrected,self_mass,0.0031451718989501387
0.95,3,8,full_corrected,output_mse,0.007055035033772583
0.95,3,8,full_corrected,output_mae,0.06176728715945501
0.95,3,8,full_corrected,output_cosine,0.9765191613696516
0.95,3,8,full_corrected,output_relative_rmse,0.21443391052889638
0.95,3,9,dense,self_mass,0.011014004228854901
0.95,3,9,dense,output_mse,0.0
0.95,3,9,dense,output_mae,0.0
0.95,3,9,dense,output_cosine,1.0
0.95,3,9,dense,output_relative_rmse,0.0
0.95,3,9,local_sparse,self_mass,0.022166772814671276
0.95,3,9,local_sparse,output_mse,0.009922004026520881
0.95,3,9,local_sparse,output_mae,0.07570241705980152
0.95,3,9,local_sparse,output_cosine,0.9590944484807551
0.95,3,9,local_sparse,output_relative_rmse,0.2964549007592723
0.95,3,9,local_corrected,self_mass,0.011247100250329822
0.95,3,9,local_corrected,output_mse,0.010158390979995602
0.95,3,9,local_corrected,output_mae,0.07641394117672462
0.95,3,9,local_corrected,output_cosine,0.9575269741471857
0.95,3,9,local_corrected,output_relative_rmse,0.29995134426280856
0.95,3,9,full_sparse,self_mass,0.02216677280739532
0.95,3,9,full_sparse,output_mse,0.009922004075633595
0.95,3,9,full_sparse,output_mae,0.07570241783105303
0.95,3,9,full_sparse,output_cosine,0.9590944468509406
0.95,3,9,full_sparse,output_relative_rmse,0.2964549005846493
0.95,3,9,full_corrected,self_mass,0.011247100334003335
0.95,3,9,full_corrected,output_mse,0.010158391072764061
0.95,3,9,full_corrected,output_mae,0.07641394098754972
0.95,3,9,full_corrected,output_cosine,0.9575269767083228
0.95,3,9,full_corrected,output_relative_rmse,0.29995134560158476
0.95,3,10,dense,self_mass,0.0015506414417814085
0.95,3,10,dense,output_mse,0.0
0.95,3,10,dense,output_mae,0.0
0.95,3,10,dense,output_cosine,1.0
0.95,3,10,dense,output_relative_rmse,0.0
0.95,3,10,local_sparse,self_mass,0.003110049059614539
0.95,3,10,local_sparse,output_mse,0.003908880844392115
0.95,3,10,local_sparse,output_mae,0.04717973854712909
0.95,3,10,local_sparse,output_cosine,0.9788053093943745
0.95,3,10,local_sparse,output_relative_rmse,0.20367602625628933
0.95,3,10,local_corrected,self_mass,0.001553766892357089
0.95,3,10,local_corrected,output_mse,0.003913973867383902
0.95,3,10,local_corrected,output_mae,0.04721825614979025
0.95,3,10,local_corrected,output_cosine,0.9788011817727238
0.95,3,10,local_corrected,output_relative_rmse,0.20382012645131908
0.95,3,10,full_sparse,self_mass,0.0031100490500648448
0.95,3,10,full_sparse,output_mse,0.003908880866219988
0.95,3,10,full_sparse,output_mae,0.047179738874547184
0.95,3,10,full_sparse,output_cosine,0.9788053091615438
0.95,3,10,full_sparse,output_relative_rmse,0.20367602637270465
0.95,3,10,full_corrected,self_mass,0.0015537668932665838
0.95,3,10,full_corrected,output_mse,0.003913973840553808
0.95,3,10,full_corrected,output_mae,0.0472182560042711
0.95,3,10,full_corrected,output_cosine,0.9788011785130948
0.95,3,10,full_corrected,output_relative_rmse,0.20382012592745014
0.95,3,11,dense,self_mass,0.010675098097635782
0.95,3,11,dense,output_mse,0.0
0.95,3,11,dense,output_mae,0.0
0.95,3,11,dense,output_cosine,1.0
0.95,3,11,dense,output_relative_rmse,0.0
0.95,3,11,local_sparse,self_mass,0.02144543703252566
0.95,3,11,local_sparse,output_mse,0.010062395393106272
0.95,3,11,local_sparse,output_mae,0.07620032964041457
0.95,3,11,local_sparse,output_cosine,0.9622479965910316
0.95,3,11,local_sparse,output_relative_rmse,0.27966940903570503
0.95,3,11,local_corrected,self_mass,0.010879696174015407
0.95,3,11,local_corrected,output_mse,0.010278564534019097
0.95,3,11,local_corrected,output_mae,0.07686613124678843
0.95,3,11,local_corrected,output_cosine,0.9611944088246673
0.95,3,11,local_corrected,output_relative_rmse,0.28265205543721095
0.95,3,11,full_sparse,self_mass,0.02144543694521417
0.95,3,11,full_sparse,output_mse,0.010062395374916377
0.95,3,11,full_sparse,output_mae,0.07620032953855116
0.95,3,11,full_sparse,output_cosine,0.9622479935642332
0.95,3,11,full_sparse,output_relative_rmse,0.27966940961778164
0.95,3,11,full_corrected,self_mass,0.010879696132178651
0.95,3,11,full_corrected,output_mse,0.010278564599502715
0.95,3,11,full_corrected,output_mae,0.07686613117402885
0.95,3,11,full_corrected,output_cosine,0.9611944106873125
0.95,3,11,full_corrected,output_relative_rmse,0.2826520558446646
0.95,4,0,dense,self_mass,0.004291691857815749
0.95,4,0,dense,output_mse,0.0
0.95,4,0,dense,output_mae,0.0
0.95,4,0,dense,output_cosine,1.0
0.95,4,0,dense,output_relative_rmse,0.0
0.95,4,0,local_sparse,self_mass,0.008777588540397119
0.95,4,0,local_sparse,output_mse,0.01139569014776498
0.95,4,0,local_sparse,output_mae,0.07943949961918406
0.95,4,0,local_sparse,output_cosine,0.9659245079383254
0.95,4,0,local_sparse,output_relative_rmse,0.26161703967954963
0.95,4,0,local_corrected,self_mass,0.004423001037139329
0.95,4,0,local_corrected,output_mse,0.011443871295341523
0.95,4,0,local_corrected,output_mae,0.07963932160055265
0.95,4,0,local_corrected,output_cosine,0.9659266958478838
0.95,4,0,local_corrected,output_relative_rmse,0.26218731061089784
0.95,4,0,full_sparse,self_mass,0.008772086051976657
0.95,4,0,full_sparse,output_mse,0.01066536276084662
0.95,4,0,full_sparse,output_mae,0.07709116609476041
0.95,4,0,full_sparse,output_cosine,0.9683015991467983
0.95,4,0,full_sparse,output_relative_rmse,0.2530352541944012
0.95,4,0,full_corrected,self_mass,0.004431627239682712
0.95,4,0,full_corrected,output_mse,0.010742831025709165
0.95,4,0,full_corrected,output_mae,0.0774071448831819
0.95,4,0,full_corrected,output_cosine,0.9683085093274713
0.95,4,0,full_corrected,output_relative_rmse,0.25397195370169356
0.95,4,1,dense,self_mass,0.019218609457311686
0.95,4,1,dense,output_mse,0.0
0.95,4,1,dense,output_mae,0.0
0.95,4,1,dense,output_cosine,1.0
0.95,4,1,dense,output_relative_rmse,0.0
0.95,4,1,local_sparse,self_mass,0.03864502257783897
0.95,4,1,local_sparse,output_mse,0.011282158528047148
0.95,4,1,local_sparse,output_mae,0.08094893826637417
0.95,4,1,local_sparse,output_cosine,0.9566059850621969
0.95,4,1,local_sparse,output_relative_rmse,0.30512362910667434
0.95,4,1,local_corrected,self_mass,0.019814919600321446
0.95,4,1,local_corrected,output_mse,0.011735153108020313
0.95,4,1,local_corrected,output_mae,0.08222346036927775
0.95,4,1,local_corrected,output_cosine,0.9539270550012589
0.95,4,1,local_corrected,output_relative_rmse,0.3111116614891216
0.95,4,1,full_sparse,self_mass,0.03876914464490255
0.95,4,1,full_sparse,output_mse,0.010138651028682943
0.95,4,1,full_sparse,output_mae,0.07666170000447892
0.95,4,1,full_sparse,output_cosine,0.9605361914727837
0.95,4,1,full_sparse,output_relative_rmse,0.28925273119239137
0.95,4,1,full_corrected,self_mass,0.01991551209721365
0.95,4,1,full_corrected,output_mse,0.010621949832056998
0.95,4,1,full_corrected,output_mae,0.07814490230521187
0.95,4,1,full_corrected,output_cosine,0.9579452429898083
0.95,4,1,full_corrected,output_relative_rmse,0.29599789035273716
0.95,4,2,dense,self_mass,0.0019931659076064534
0.95,4,2,dense,output_mse,0.0
0.95,4,2,dense,output_mae,0.0
0.95,4,2,dense,output_cosine,1.0
0.95,4,2,dense,output_relative_rmse,0.0
0.95,4,2,local_sparse,self_mass,0.0040151057992261485
0.95,4,2,local_sparse,output_mse,0.003864977544708381
0.95,4,2,local_sparse,output_mae,0.04810343786084559
0.95,4,2,local_sparse,output_cosine,0.9668144918978214
0.95,4,2,local_sparse,output_relative_rmse,0.2606163087184541
0.95,4,2,local_corrected,self_mass,0.002006913012792211
0.95,4,2,local_corrected,output_mse,0.0038768002646065725
0.95,4,2,local_corrected,output_mae,0.048177567063248716
0.95,4,2,local_corrected,output_cosine,0.9667197740636766
0.95,4,2,local_corrected,output_relative_rmse,0.2610193364089355
0.95,4,2,full_sparse,self_mass,0.004013727950223256
0.95,4,2,full_sparse,output_mse,0.003520111117268243
0.95,4,2,full_sparse,output_mae,0.04592732122546295
0.95,4,2,full_sparse,output_cosine,0.9698754420969635
0.95,4,2,full_sparse,output_relative_rmse,0.24844944418873638
0.95,4,2,full_corrected,self_mass,0.0020123864587731077
0.95,4,2,full_corrected,output_mse,0.0035408635912972386
0.95,4,2,full_corrected,output_mae,0.04606605217122706
0.95,4,2,full_corrected,output_cosine,0.9698142637498677
0.95,4,2,full_corrected,output_relative_rmse,0.24916446628049016
0.95,4,3,dense,self_mass,0.006045037775038509
0.95,4,3,dense,output_mse,0.0
0.95,4,3,dense,output_mae,0.0
0.95,4,3,dense,output_cosine,1.0
0.95,4,3,dense,output_relative_rmse,0.0
0.95,4,3,local_sparse,self_mass,0.01205816524088732
0.95,4,3,local_sparse,output_mse,0.002892881258503621
0.95,4,3,local_sparse,output_mae,0.04131945828703465
0.95,4,3,local_sparse,output_cosine,0.9766258429735899
0.95,4,3,local_sparse,output_relative_rmse,0.21494358411291614
0.95,4,3,local_corrected,self_mass,0.00606623442399723
0.95,4,3,local_corrected,output_mse,0.0029142192552171764
0.95,4,3,local_corrected,output_mae,0.041442505971645005
0.95,4,3,local_corrected,output_cosine,0.9764140220358968
0.95,4,3,local_corrected,output_relative_rmse,0.2157344673469197
0.95,4,3,full_sparse,self_mass,0.012107175381970592
0.95,4,3,full_sparse,output_mse,0.002373255231532312
0.95,4,3,full_sparse,output_mae,0.037532169902988244
0.95,4,3,full_sparse,output_cosine,0.9807799586560577
0.95,4,3,full_sparse,output_relative_rmse,0.19455561641370878
0.95,4,3,full_corrected,self_mass,0.006108743658842286
0.95,4,3,full_corrected,output_mse,0.002392131592387159
0.95,4,3,full_corrected,output_mae,0.03767704740312183
0.95,4,3,full_corrected,output_cosine,0.9806442758999765
0.95,4,3,full_corrected,output_relative_rmse,0.19535745086614043
0.95,4,4,dense,self_mass,0.00992675508132379
0.95,4,4,dense,output_mse,0.0
0.95,4,4,dense,output_mae,0.0
0.95,4,4,dense,output_cosine,1.0
0.95,4,4,dense,output_relative_rmse,0.0
0.95,4,4,local_sparse,self_mass,0.020227899582096143
0.95,4,4,local_sparse,output_mse,0.01203329708550882
0.95,4,4,local_sparse,output_mae,0.08167478741961531
0.95,4,4,local_sparse,output_cosine,0.9672078627627343
0.95,4,4,local_sparse,output_relative_rmse,0.25545850303024054
0.95,4,4,local_corrected,self_mass,0.010238309998385375
0.95,4,4,local_corrected,output_mse,0.012142445853896788
0.95,4,4,local_corrected,output_mae,0.08211297295929398
0.95,4,4,local_corrected,output_cosine,0.9671174234244972
0.95,4,4,local_corrected,output_relative_rmse,0.25668225245317444
0.95,4,4,full_sparse,self_mass,0.020214396812662017
0.95,4,4,full_sparse,output_mse,0.010787380260808277
0.95,4,4,full_sparse,output_mae,0.07767258523381315
0.95,4,4,full_sparse,output_cosine,0.9705772525630891
0.95,4,4,full_sparse,output_relative_rmse,0.2417614739970304
0.95,4,4,full_corrected,self_mass,0.010233926515866187
0.95,4,4,full_corrected,output_mse,0.01092240218531515
0.95,4,4,full_corrected,output_mae,0.07823754540004302
0.95,4,4,full_corrected,output_cosine,0.9704844346269965
0.95,4,4,full_corrected,output_relative_rmse,0.24336009850958362
0.95,4,5,dense,self_mass,0.003286032669166161
0.95,4,5,dense,output_mse,0.0
0.95,4,5,dense,output_mae,0.0
0.95,4,5,dense,output_cosine,1.0
0.95,4,5,dense,output_relative_rmse,0.0
0.95,4,5,local_sparse,self_mass,0.006609907324673259
0.95,4,5,local_sparse,output_mse,0.0038449857929663267
0.95,4,5,local_sparse,output_mae,0.047714840082335286
0.95,4,5,local_sparse,output_cosine,0.970937238773331
0.95,4,5,local_sparse,output_relative_rmse,0.24297233193647116
0.95,4,5,local_corrected,self_mass,0.0033125045611086534
0.95,4,5,local_corrected,output_mse,0.003865914536163473
0.95,4,5,local_corrected,output_mae,0.04783363046590239
0.95,4,5,local_corrected,output_cosine,0.9707725539337844
0.95,4,5,local_corrected,output_relative_rmse,0.2436207338469103
0.95,4,5,full_sparse,self_mass,0.006648424110608175
0.95,4,5,full_sparse,output_mse,0.003534672259775107
0.95,4,5,full_sparse,output_mae,0.04571879902505316
0.95,4,5,full_sparse,output_cosine,0.9734065553639084
0.95,4,5,full_sparse,output_relative_rmse,0.23251021787291393
0.95,4,5,full_corrected,self_mass,0.0033463920663052704
0.95,4,5,full_corrected,output_mse,0.0035623141188807494
0.95,4,5,full_corrected,output_mae,0.045896888979768846
0.95,4,5,full_corrected,output_cosine,0.973291794070974
0.95,4,5,full_corrected,output_relative_rmse,0.23340725031448528
0.95,4,6,dense,self_mass,0.0035281972118355043
0.95,4,6,dense,output_mse,0.0
0.95,4,6,dense,output_mae,0.0
0.95,4,6,dense,output_cosine,1.0
0.95,4,6,dense,output_relative_rmse,0.0
0.95,4,6,local_sparse,self_mass,0.007486524536943762
0.95,4,6,local_sparse,output_mse,0.01112288419608376
0.95,4,6,local_sparse,output_mae,0.07842711871489882
0.95,4,6,local_sparse,output_cosine,0.9680113836657256
0.95,4,6,local_sparse,output_relative_rmse,0.2502085189335048
0.95,4,6,local_corrected,self_mass,0.003801373933129071
0.95,4,6,local_corrected,output_mse,0.01119256498714094
0.95,4,6,local_corrected,output_mae,0.078652086755028
0.95,4,6,local_corrected,output_cosine,0.9678220110945404
0.95,4,6,local_corrected,output_relative_rmse,0.2509717151406221
0.95,4,6,full_sparse,self_mass,0.007504587151743181
0.95,4,6,full_sparse,output_mse,0.011098422390205087
0.95,4,6,full_sparse,output_mae,0.07851198210846633
0.95,4,6,full_sparse,output_cosine,0.9683784029912204
0.95,4,6,full_sparse,output_relative_rmse,0.2498084813123569
0.95,4,6,full_corrected,self_mass,0.00382172763647759
0.95,4,6,full_corrected,output_mse,0.011211473733055755
0.95,4,6,full_corrected,output_mae,0.07890252093784511
0.95,4,6,full_corrected,output_cosine,0.9681658898480237
0.95,4,6,full_corrected,output_relative_rmse,0.25105482136132196
0.95,4,7,dense,self_mass,0.002049844189059513
0.95,4,7,dense,output_mse,0.0
0.95,4,7,dense,output_mae,0.0
0.95,4,7,dense,output_cosine,1.0
0.95,4,7,dense,output_relative_rmse,0.0
0.95,4,7,local_sparse,self_mass,0.00410939492212492
0.95,4,7,local_sparse,output_mse,0.0029382581608388136
0.95,4,7,local_sparse,output_mae,0.041424081900913734
0.95,4,7,local_sparse,output_cosine,0.9733536601997912
0.95,4,7,local_sparse,output_relative_rmse,0.22764079881017096
0.95,4,7,local_corrected,self_mass,0.002053402703268148
0.95,4,7,local_corrected,output_mse,0.002941999390031924
0.95,4,7,local_corrected,output_mae,0.041468516712484416
0.95,4,7,local_corrected,output_cosine,0.9733311750460416
0.95,4,7,local_corrected,output_relative_rmse,0.22786186716984957
0.95,4,7,full_sparse,self_mass,0.004105136062207748
0.95,4,7,full_sparse,output_mse,0.002334346356064998
0.95,4,7,full_sparse,output_mae,0.03708830020332243
0.95,4,7,full_sparse,output_cosine,0.9786856204736978
0.95,4,7,full_sparse,output_relative_rmse,0.20361369417514652
0.95,4,7,full_corrected,self_mass,0.0020492053481575567
0.95,4,7,full_corrected,output_mse,0.002341446589980478
0.95,4,7,full_corrected,output_mae,0.03717382407921832
0.95,4,7,full_corrected,output_cosine,0.9786855562124401
0.95,4,7,full_corrected,output_relative_rmse,0.20404784337733872
0.95,4,8,dense,self_mass,0.0042919270049424085
0.95,4,8,dense,output_mse,0.0
0.95,4,8,dense,output_mae,0.0
0.95,4,8,dense,output_cosine,1.0
0.95,4,8,dense,output_relative_rmse,0.0
0.95,4,8,local_sparse,self_mass,0.008713316525245318
0.95,4,8,local_sparse,output_mse,0.008624783011327963
0.95,4,8,local_sparse,output_mae,0.06916044557874557
0.95,4,8,local_sparse,output_cosine,0.9797712955623865
0.95,4,8,local_sparse,output_relative_rmse,0.19828452938236296
0.95,4,8,local_corrected,self_mass,0.004512380660798954
0.95,4,8,local_corrected,output_mse,0.008679419361214968
0.95,4,8,local_corrected,output_mae,0.06934770906809717
0.95,4,8,local_corrected,output_cosine,0.9796255540568382
0.95,4,8,local_corrected,output_relative_rmse,0.19889435794902965
0.95,4,8,full_sparse,self_mass,0.008725556083845731
0.95,4,8,full_sparse,output_mse,0.008396200275456067
0.95,4,8,full_sparse,output_mae,0.06854615702468436
0.95,4,8,full_sparse,output_cosine,0.9804741281550378
0.95,4,8,full_sparse,output_relative_rmse,0.19561037013772875
0.95,4,8,full_corrected,self_mass,0.0045346850552050455
0.95,4,8,full_corrected,output_mse,0.00848088794373325
0.95,4,8,full_corrected,output_mae,0.06887816620292142
0.95,4,8,full_corrected,output_cosine,0.9803252406418324
0.95,4,8,full_corrected,output_relative_rmse,0.19658408896066248
0.95,4,9,dense,self_mass,0.003671666037007526
0.95,4,9,dense,output_mse,0.0
0.95,4,9,dense,output_mae,0.0
0.95,4,9,dense,output_cosine,1.0
0.95,4,9,dense,output_relative_rmse,0.0
0.95,4,9,local_sparse,self_mass,0.007803761416653288
0.95,4,9,local_sparse,output_mse,0.013122622563969344
0.95,4,9,local_sparse,output_mae,0.08353950595483184
0.95,4,9,local_sparse,output_cosine,0.9592705531977117
0.95,4,9,local_sparse,output_relative_rmse,0.28348632337292656
0.95,4,9,local_corrected,self_mass,0.003957710172471707
0.95,4,9,local_corrected,output_mse,0.013227282215666492
0.95,4,9,local_corrected,output_mae,0.08381014966289513
0.95,4,9,local_corrected,output_cosine,0.9590496136806905
0.95,4,9,local_corrected,output_relative_rmse,0.2845664053456858
0.95,4,9,full_sparse,self_mass,0.007799801584042143
0.95,4,9,full_sparse,output_mse,0.012858716290793382
0.95,4,9,full_sparse,output_mae,0.08291170847951435
0.95,4,9,full_sparse,output_cosine,0.9603560490068048
0.95,4,9,full_sparse,output_relative_rmse,0.2805573981022462
0.95,4,9,full_corrected,self_mass,0.0039686447198619135
0.95,4,9,full_corrected,output_mse,0.013006158511416288
0.95,4,9,full_corrected,output_mae,0.08334873485728167
0.95,4,9,full_corrected,output_cosine,0.9601212008856237
0.95,4,9,full_corrected,output_relative_rmse,0.28211439336882904
0.95,4,10,dense,self_mass,0.0013195707872455387
0.95,4,10,dense,output_mse,0.0
0.95,4,10,dense,output_mae,0.0
0.95,4,10,dense,output_cosine,1.0
0.95,4,10,dense,output_relative_rmse,0.0
0.95,4,10,local_sparse,self_mass,0.002660799112618406
0.95,4,10,local_sparse,output_mse,0.003313255460398068
0.95,4,10,local_sparse,output_mae,0.04354877674632007
0.95,4,10,local_sparse,output_cosine,0.9774622251279652
0.95,4,10,local_sparse,output_relative_rmse,0.2115430476842448
0.95,4,10,local_corrected,self_mass,0.001333610248138939
0.95,4,10,local_corrected,output_mse,0.003317078747386404
0.95,4,10,local_corrected,output_mae,0.043577501295658294
0.95,4,10,local_corrected,output_cosine,0.9774525579996407
0.95,4,10,local_corrected,output_relative_rmse,0.21167786451405846
0.95,4,10,full_sparse,self_mass,0.0026618502747624007
0.95,4,10,full_sparse,output_mse,0.0028794974155061936
0.95,4,10,full_sparse,output_mae,0.04063193428009981
0.95,4,10,full_sparse,output_cosine,0.9803944083396345
0.95,4,10,full_sparse,output_relative_rmse,0.19742786849383265
0.95,4,10,full_corrected,self_mass,0.0013372199155128328
0.95,4,10,full_corrected,output_mse,0.0028917658851241868
0.95,4,10,full_corrected,output_mae,0.0407261572763673
0.95,4,10,full_corrected,output_cosine,0.9803852336481214
0.95,4,10,full_corrected,output_relative_rmse,0.19786694372305647
0.95,4,11,dense,self_mass,0.002257437909975124
0.95,4,11,dense,output_mse,0.0
0.95,4,11,dense,output_mae,0.0
0.95,4,11,dense,output_cosine,1.0
0.95,4,11,dense,output_relative_rmse,0.0
0.95,4,11,local_sparse,self_mass,0.004537428141702549
0.95,4,11,local_sparse,output_mse,0.003928695801732829
0.95,4,11,local_sparse,output_mae,0.048561990188318305
0.95,4,11,local_sparse,output_cosine,0.9729587638285011
0.95,4,11,local_sparse,output_relative_rmse,0.23310949112055823
0.95,4,11,local_corrected,self_mass,0.0022698030629726418
0.95,4,11,local_corrected,output_mse,0.003942357758205617
0.95,4,11,local_corrected,output_mae,0.04864366313267965
0.95,4,11,local_corrected,output_cosine,0.9728826219215989
0.95,4,11,local_corrected,output_relative_rmse,0.2334974585683085
0.95,4,11,full_sparse,self_mass,0.004547690155959572
0.95,4,11,full_sparse,output_mse,0.0034288218776055146
0.95,4,11,full_sparse,output_mae,0.04532931747962721
0.95,4,11,full_sparse,output_cosine,0.9765211169142276
0.95,4,11,full_sparse,output_relative_rmse,0.21727963152807206
0.95,4,11,full_corrected,self_mass,0.002284782638071192
0.95,4,11,full_corrected,output_mse,0.003449719602940604
0.95,4,11,full_corrected,output_mae,0.04547022869519424
0.95,4,11,full_corrected,output_cosine,0.9764771501068026
0.95,4,11,full_corrected,output_relative_rmse,0.2179211990442127
0.95,5,0,dense,self_mass,0.004504194766013825
0.95,5,0,dense,output_mse,0.0
0.95,5,0,dense,output_mae,0.0
0.95,5,0,dense,output_cosine,1.0
0.95,5,0,dense,output_relative_rmse,0.0
0.95,5,0,local_sparse,self_mass,0.009005024970974773
0.95,5,0,local_sparse,output_mse,0.004168643196408084
0.95,5,0,local_sparse,output_mae,0.04814940188953187
0.95,5,0,local_sparse,output_cosine,0.9855852015316486
0.95,5,0,local_sparse,output_relative_rmse,0.16305140664917417
0.95,5,0,local_corrected,self_mass,0.004536767414720089
0.95,5,0,local_corrected,output_mse,0.004192126032648957
0.95,5,0,local_corrected,output_mae,0.048264595097862184
0.95,5,0,local_corrected,output_cosine,0.9855029438622296
0.95,5,0,local_corrected,output_relative_rmse,0.16348862927407026
0.95,5,0,full_sparse,self_mass,0.008993723857201985
0.95,5,0,full_sparse,output_mse,0.0033664097545624827
0.95,5,0,full_sparse,output_mae,0.04340909946768079
0.95,5,0,full_sparse,output_cosine,0.9885571515187621
0.95,5,0,full_sparse,output_relative_rmse,0.14569743987522088
0.95,5,0,full_corrected,self_mass,0.004556202863568615
0.95,5,0,full_corrected,output_mse,0.003418452475216327
0.95,5,0,full_corrected,output_mae,0.04372146020614309
0.95,5,0,full_corrected,output_cosine,0.9884689205791801
0.95,5,0,full_corrected,output_relative_rmse,0.14677233627298847
0.95,5,1,dense,self_mass,0.0032335749092453625
0.95,5,1,dense,output_mse,0.0
0.95,5,1,dense,output_mae,0.0
0.95,5,1,dense,output_cosine,1.0
0.95,5,1,dense,output_relative_rmse,0.0
0.95,5,1,local_sparse,self_mass,0.006471355023677461
0.95,5,1,local_sparse,output_mse,0.003044105428216426
0.95,5,1,local_sparse,output_mae,0.0418334864298231
0.95,5,1,local_sparse,output_cosine,0.9814081699587405
0.95,5,1,local_sparse,output_relative_rmse,0.18974577938206494
0.95,5,1,local_corrected,self_mass,0.0032582350718257658
0.95,5,1,local_corrected,output_mse,0.0030522249073783314
0.95,5,1,local_corrected,output_mae,0.041894359230354894
0.95,5,1,local_corrected,output_cosine,0.9813721580430865
0.95,5,1,local_corrected,output_relative_rmse,0.19001900241710246
0.95,5,1,full_sparse,self_mass,0.00647442439912993
0.95,5,1,full_sparse,output_mse,0.0025792651017582102
0.95,5,1,full_sparse,output_mae,0.038484932847495656
0.95,5,1,full_sparse,output_cosine,0.9846924904268235
0.95,5,1,full_sparse,output_relative_rmse,0.17338904741336592
0.95,5,1,full_corrected,self_mass,0.0032615448640171962
0.95,5,1,full_corrected,output_mse,0.0026021036942438514
0.95,5,1,full_corrected,output_mae,0.03867996669578133
0.95,5,1,full_corrected,output_cosine,0.9846112912055105
0.95,5,1,full_corrected,output_relative_rmse,0.17420932033564895
0.95,5,2,dense,self_mass,0.003599188917178253
0.95,5,2,dense,output_mse,0.0
0.95,5,2,dense,output_mae,0.0
0.95,5,2,dense,output_cosine,1.0
0.95,5,2,dense,output_relative_rmse,0.0
0.95,5,2,local_sparse,self_mass,0.007254269294207916
0.95,5,2,local_sparse,output_mse,0.0033512426748529833
0.95,5,2,local_sparse,output_mae,0.04364700314181391
0.95,5,2,local_sparse,output_cosine,0.9814566129352897
0.95,5,2,local_sparse,output_relative_rmse,0.18727707702782936
0.95,5,2,local_corrected,self_mass,0.0036486373760453716
0.95,5,2,local_corrected,output_mse,0.003365905742157338
0.95,5,2,local_corrected,output_mae,0.043731213081628084
0.95,5,2,local_corrected,output_cosine,0.9813936047721654
0.95,5,2,local_corrected,output_relative_rmse,0.18769629951566458
0.95,5,2,full_sparse,self_mass,0.007253473855598713
0.95,5,2,full_sparse,output_mse,0.002524296925003
0.95,5,2,full_sparse,output_mae,0.03807126547326334
0.95,5,2,full_sparse,output_cosine,0.9861778386402875
0.95,5,2,full_sparse,output_relative_rmse,0.16314972183317877
0.95,5,2,full_corrected,self_mass,0.0036649189346462663
0.95,5,2,full_corrected,output_mse,0.002545003954310232
0.95,5,2,full_corrected,output_mae,0.03823151026881533
0.95,5,2,full_corrected,output_cosine,0.9861434877384454
0.95,5,2,full_corrected,output_relative_rmse,0.16388453744002618
0.95,5,3,dense,self_mass,0.0023027191141409276
0.95,5,3,dense,output_mse,0.0
0.95,5,3,dense,output_mae,0.0
0.95,5,3,dense,output_cosine,1.0
0.95,5,3,dense,output_relative_rmse,0.0
0.95,5,3,local_sparse,self_mass,0.004630707055184757
0.95,5,3,local_sparse,output_mse,0.005201789955208369
0.95,5,3,local_sparse,output_mae,0.05476551219180692
0.95,5,3,local_sparse,output_cosine,0.9764735507778823
0.95,5,3,local_sparse,output_relative_rmse,0.2129933531396091
0.95,5,3,local_corrected,self_mass,0.002322769445981976
0.95,5,3,local_corrected,output_mse,0.005225733698352997
0.95,5,3,local_corrected,output_mae,0.0548569135426078
0.95,5,3,local_corrected,output_cosine,0.9764066853094846
0.95,5,3,local_corrected,output_relative_rmse,0.21343228805926628
0.95,5,3,full_sparse,self_mass,0.004636442076844105
0.95,5,3,full_sparse,output_mse,0.0037937141432848875
0.95,5,3,full_sparse,output_mae,0.04713445687957574
0.95,5,3,full_sparse,output_cosine,0.9828921223524958
0.95,5,3,full_sparse,output_relative_rmse,0.18246880560764112
0.95,5,3,full_corrected,self_mass,0.0023262787453859346
0.95,5,3,full_corrected,output_mse,0.0038335517538143904
0.95,5,3,full_corrected,output_mae,0.047385232472151984
0.95,5,3,full_corrected,output_cosine,0.9828373866621405
0.95,5,3,full_corrected,output_relative_rmse,0.18343038740567863
0.95,5,4,dense,self_mass,0.01129584420050378
0.95,5,4,dense,output_mse,0.0
0.95,5,4,dense,output_mae,0.0
0.95,5,4,dense,output_cosine,1.0
0.95,5,4,dense,output_relative_rmse,0.0
0.95,5,4,local_sparse,self_mass,0.02285213955110521
0.95,5,4,local_sparse,output_mse,0.015984679828761728
0.95,5,4,local_sparse,output_mae,0.09289543266640976
0.95,5,4,local_sparse,output_cosine,0.9723728431854397
0.95,5,4,local_sparse,output_relative_rmse,0.23232939274748787
0.95,5,4,local_corrected,self_mass,0.011802144867033348
0.95,5,4,local_corrected,output_mse,0.016136065054524806
0.95,5,4,local_corrected,output_mae,0.0934311797900591
0.95,5,4,local_corrected,output_cosine,0.972259488189593
0.95,5,4,local_corrected,output_relative_rmse,0.2334466917673126
0.95,5,4,full_sparse,self_mass,0.02301124761652318
0.95,5,4,full_sparse,output_mse,0.013243663508546888
0.95,5,4,full_sparse,output_mae,0.08525845241092611
0.95,5,4,full_sparse,output_cosine,0.9775760425254703
0.95,5,4,full_sparse,output_relative_rmse,0.21097748004831374
0.95,5,4,full_corrected,self_mass,0.01202099837064452
0.95,5,4,full_corrected,output_mse,0.013526847187677049
0.95,5,4,full_corrected,output_mae,0.08630273082235362
0.95,5,4,full_corrected,output_cosine,0.9773997438605875
0.95,5,4,full_corrected,output_relative_rmse,0.21319964004214853
0.95,5,5,dense,self_mass,0.011219758991501294
0.95,5,5,dense,output_mse,0.0
0.95,5,5,dense,output_mae,0.0
0.95,5,5,dense,output_cosine,1.0
0.95,5,5,dense,output_relative_rmse,0.0
0.95,5,5,local_sparse,self_mass,0.0222956221041386
0.95,5,5,local_sparse,output_mse,0.0047962915809875994
0.95,5,5,local_sparse,output_mae,0.05164592863002326
0.95,5,5,local_sparse,output_cosine,0.9871474863030016
0.95,5,5,local_sparse,output_relative_rmse,0.149517570680473
0.95,5,5,local_corrected,self_mass,0.011429943844632362
0.95,5,5,local_corrected,output_mse,0.004863904637659289
0.95,5,5,local_corrected,output_mae,0.05194235586532159
0.95,5,5,local_corrected,output_cosine,0.9869442761410028
0.95,5,5,local_corrected,output_relative_rmse,0.15056752672535367
0.95,5,5,full_sparse,self_mass,0.022398051969503285
0.95,5,5,full_sparse,output_mse,0.0038153535133460537
0.95,5,5,full_sparse,output_mae,0.04644739974901313
0.95,5,5,full_sparse,output_cosine,0.9901704019866884
0.95,5,5,full_sparse,output_relative_rmse,0.13290455855894834
0.95,5,5,full_corrected,self_mass,0.011600693629588932
0.95,5,5,full_corrected,output_mse,0.0039036480388858763
0.95,5,5,full_corrected,output_mae,0.04694003180338768
0.95,5,5,full_corrected,output_cosine,0.9900076137855649
0.95,5,5,full_corrected,output_relative_rmse,0.1344148445641622
0.95,5,6,dense,self_mass,0.008769671330810525
0.95,5,6,dense,output_mse,0.0
0.95,5,6,dense,output_mae,0.0
0.95,5,6,dense,output_cosine,1.0
0.95,5,6,dense,output_relative_rmse,0.0
0.95,5,6,local_sparse,self_mass,0.017836859409726458
0.95,5,6,local_sparse,output_mse,0.006131075661869545
0.95,5,6,local_sparse,output_mae,0.059181482007261366
0.95,5,6,local_sparse,output_cosine,0.9800794774200767
0.95,5,6,local_sparse,output_relative_rmse,0.19919151172507554
0.95,5,6,local_corrected,self_mass,0.00903711905630189
0.95,5,6,local_corrected,output_mse,0.006196890605679073
0.95,5,6,local_corrected,output_mae,0.05950586692779325
0.95,5,6,local_corrected,output_cosine,0.9798450819216669
0.95,5,6,local_corrected,output_relative_rmse,0.20031694538192824
0.95,5,6,full_sparse,self_mass,0.017929273712070426
0.95,5,6,full_sparse,output_mse,0.005773773847067787
0.95,5,6,full_sparse,output_mae,0.05800691143667791
0.95,5,6,full_sparse,output_cosine,0.9813949151430279
0.95,5,6,full_sparse,output_relative_rmse,0.19329567026579753
0.95,5,6,full_corrected,self_mass,0.00912860524476855
0.95,5,6,full_corrected,output_mse,0.005897762222048186
0.95,5,6,full_corrected,output_mae,0.0586146993591683
0.95,5,6,full_corrected,output_cosine,0.9811302532907575
0.95,5,6,full_corrected,output_relative_rmse,0.19537568831583485
0.95,5,7,dense,self_mass,0.016700481359293917
0.95,5,7,dense,output_mse,0.0
0.95,5,7,dense,output_mae,0.0
0.95,5,7,dense,output_cosine,1.0
0.95,5,7,dense,output_relative_rmse,0.0
0.95,5,7,local_sparse,self_mass,0.033126650560006965
0.95,5,7,local_sparse,output_mse,0.005228130291470734
0.95,5,7,local_sparse,output_mae,0.05522730173834134
0.95,5,7,local_sparse,output_cosine,0.9816884305328131
0.95,5,7,local_sparse,output_relative_rmse,0.19091948884306476
0.95,5,7,local_corrected,self_mass,0.016914476083911723
0.95,5,7,local_corrected,output_mse,0.005302921778820746
0.95,5,7,local_corrected,output_mae,0.0555412498943042
0.95,5,7,local_corrected,output_cosine,0.9811726808547974
0.95,5,7,local_corrected,output_relative_rmse,0.19230547157349065
0.95,5,7,full_sparse,self_mass,0.033336540596792474
0.95,5,7,full_sparse,output_mse,0.003959001679504581
0.95,5,7,full_sparse,output_mae,0.0484702936373651
0.95,5,7,full_sparse,output_cosine,0.9860707237385213
0.95,5,7,full_sparse,output_relative_rmse,0.1659769458055962
0.95,5,7,full_corrected,self_mass,0.017116478862590156
0.95,5,7,full_corrected,output_mse,0.004061148045366281
0.95,5,7,full_corrected,output_mae,0.04900799244933296
0.95,5,7,full_corrected,output_cosine,0.985683404840529
0.95,5,7,full_corrected,output_relative_rmse,0.16812802825006656
0.95,5,8,dense,self_mass,0.013947076251497492
0.95,5,8,dense,output_mse,0.0
0.95,5,8,dense,output_mae,0.0
0.95,5,8,dense,output_cosine,1.0
0.95,5,8,dense,output_relative_rmse,0.0
0.95,5,8,local_sparse,self_mass,0.027744010258174967
0.95,5,8,local_sparse,output_mse,0.004831468041174958
0.95,5,8,local_sparse,output_mae,0.052885412296745926
0.95,5,8,local_sparse,output_cosine,0.982596704736352
0.95,5,8,local_sparse,output_relative_rmse,0.18548418863792904
0.95,5,8,local_corrected,self_mass,0.014154173302813433
0.95,5,8,local_corrected,output_mse,0.004909223523100081
0.95,5,8,local_corrected,output_mae,0.05322075972071616
0.95,5,8,local_corrected,output_cosine,0.982170294970274
0.95,5,8,local_corrected,output_relative_rmse,0.18697654487914406
0.95,5,8,full_sparse,self_mass,0.027927396797167603
0.95,5,8,full_sparse,output_mse,0.003738209807579551
0.95,5,8,full_sparse,output_mae,0.04667933397286106
0.95,5,8,full_sparse,output_cosine,0.9865930175874382
0.95,5,8,full_sparse,output_relative_rmse,0.1624849110667128
0.95,5,8,full_corrected,self_mass,0.01436855194697273
0.95,5,8,full_corrected,output_mse,0.003825471806067071
0.95,5,8,full_corrected,output_mae,0.047175126572255976
0.95,5,8,full_corrected,output_cosine,0.9862965834327042
0.95,5,8,full_corrected,output_relative_rmse,0.16439797048224136
0.95,5,9,dense,self_mass,0.003703206357840827
0.95,5,9,dense,output_mse,0.0
0.95,5,9,dense,output_mae,0.0
0.95,5,9,dense,output_cosine,1.0
0.95,5,9,dense,output_relative_rmse,0.0
0.95,5,9,local_sparse,self_mass,0.007598332387715345
0.95,5,9,local_sparse,output_mse,0.010631942855980014
0.95,5,9,local_sparse,output_mae,0.07668742453097366
0.95,5,9,local_sparse,output_cosine,0.9849059663247317
0.95,5,9,local_sparse,output_relative_rmse,0.17220953438663855
0.95,5,9,local_corrected,self_mass,0.00387075916160029
0.95,5,9,local_corrected,output_mse,0.010710631993788411
0.95,5,9,local_corrected,output_mae,0.07693123703938909
0.95,5,9,local_corrected,output_cosine,0.9847968234680593
0.95,5,9,local_corrected,output_relative_rmse,0.1728460949670989
0.95,5,9,full_sparse,self_mass,0.007586062061818666
0.95,5,9,full_sparse,output_mse,0.009895189163216855
0.95,5,9,full_sparse,output_mae,0.07446686673210934
0.95,5,9,full_sparse,output_cosine,0.9861803811509162
0.95,5,9,full_sparse,output_relative_rmse,0.1656987645837944
0.95,5,9,full_corrected,self_mass,0.0038874399047017505
0.95,5,9,full_corrected,output_mse,0.010079990041049314
0.95,5,9,full_corrected,output_mae,0.07516295443929266
0.95,5,9,full_corrected,output_cosine,0.9860520854126662
0.95,5,9,full_corrected,output_relative_rmse,0.16724457970121875
0.95,5,10,dense,self_mass,0.004236695035615412
0.95,5,10,dense,output_mse,0.0
0.95,5,10,dense,output_mae,0.0
0.95,5,10,dense,output_cosine,1.0
0.95,5,10,dense,output_relative_rmse,0.0
0.95,5,10,local_sparse,self_mass,0.00849658390507102
0.95,5,10,local_sparse,output_mse,0.003565940020052949
0.95,5,10,local_sparse,output_mae,0.04578812561521772
0.95,5,10,local_sparse,output_cosine,0.9739993098191917
0.95,5,10,local_sparse,output_relative_rmse,0.22971822804538533
0.95,5,10,local_corrected,self_mass,0.004264248937943194
0.95,5,10,local_corrected,output_mse,0.0035830757824442117
0.95,5,10,local_corrected,output_mae,0.045901096949819475
0.95,5,10,local_corrected,output_cosine,0.9739170321263373
0.95,5,10,local_corrected,output_relative_rmse,0.230300007853657
0.95,5,10,full_sparse,self_mass,0.008534905955457361
0.95,5,10,full_sparse,output_mse,0.0028767814878847275
0.95,5,10,full_sparse,output_mae,0.0412222706945613
0.95,5,10,full_sparse,output_cosine,0.9790101549588144
0.95,5,10,full_sparse,output_relative_rmse,0.20680257823551074
0.95,5,10,full_corrected,self_mass,0.004308640636736527
0.95,5,10,full_corrected,output_mse,0.002909744685894111
0.95,5,10,full_corrected,output_mae,0.04146906834648689
0.95,5,10,full_corrected,output_cosine,0.9789096445310861
0.95,5,10,full_corrected,output_relative_rmse,0.2080431868089363
0.95,5,11,dense,self_mass,0.003783203240345756
0.95,5,11,dense,output_mse,0.0
0.95,5,11,dense,output_mae,0.0
0.95,5,11,dense,output_cosine,1.0
0.95,5,11,dense,output_relative_rmse,0.0
0.95,5,11,local_sparse,self_mass,0.007602616005897289
0.95,5,11,local_sparse,output_mse,0.0031229526646257
0.95,5,11,local_sparse,output_mae,0.042636774393031374
0.95,5,11,local_sparse,output_cosine,0.9793488348368555
0.95,5,11,local_sparse,output_relative_rmse,0.20126663520932198
0.95,5,11,local_corrected,self_mass,0.003817462993083609
0.95,5,11,local_corrected,output_mse,0.0031333085735241184
0.95,5,11,local_corrected,output_mae,0.042707994958618656
0.95,5,11,local_corrected,output_cosine,0.9792964947409928
0.95,5,11,local_corrected,output_relative_rmse,0.20162605695077218
0.95,5,11,full_sparse,self_mass,0.007604030440234055
0.95,5,11,full_sparse,output_mse,0.0024273428584820067
0.95,5,11,full_sparse,output_mae,0.037752694472146686
0.95,5,11,full_sparse,output_cosine,0.9840364383999258
0.95,5,11,full_sparse,output_relative_rmse,0.17738835827913135
0.95,5,11,full_corrected,self_mass,0.003828449687716784
0.95,5,11,full_corrected,output_mse,0.00245347046597999
0.95,5,11,full_corrected,output_mae,0.037965239833283704
0.95,5,11,full_corrected,output_cosine,0.9839479611255229
0.95,5,11,full_corrected,output_relative_rmse,0.17836238202289678
0.95,6,0,dense,self_mass,0.0014187219015866503
0.95,6,0,dense,output_mse,0.0
0.95,6,0,dense,output_mae,0.0
0.95,6,0,dense,output_cosine,1.0
0.95,6,0,dense,output_relative_rmse,0.0
0.95,6,0,local_sparse,self_mass,0.002867788915636993
0.95,6,0,local_sparse,output_mse,0.004796230816282332
0.95,6,0,local_sparse,output_mae,0.05307639641978312
0.95,6,0,local_sparse,output_cosine,0.9767979483585805
0.95,6,0,local_sparse,output_relative_rmse,0.21627902402542531
0.95,6,0,local_corrected,self_mass,0.0014341155365400482
0.95,6,0,local_corrected,output_mse,0.004808516275261354
0.95,6,0,local_corrected,output_mae,0.053142280579777434
0.95,6,0,local_corrected,output_cosine,0.9767465761397034
0.95,6,0,local_corrected,output_relative_rmse,0.21654220833443105
0.95,6,0,full_sparse,self_mass,0.0028721544176733005
0.95,6,0,full_sparse,output_mse,0.004079823366282653
0.95,6,0,full_sparse,output_mae,0.04902382520958781
0.95,6,0,full_sparse,output_cosine,0.9804018400609493
0.95,6,0,full_sparse,output_relative_rmse,0.1990464958071243
0.95,6,0,full_corrected,self_mass,0.0014467672644968843
0.95,6,0,full_corrected,output_mse,0.004132622648739925
0.95,6,0,full_corrected,output_mae,0.04934967707959004
0.95,6,0,full_corrected,output_cosine,0.9803336311597377
0.95,6,0,full_corrected,output_relative_rmse,0.20031450223177671
0.95,6,1,dense,self_mass,0.011540988843989908
0.95,6,1,dense,output_mse,0.0
0.95,6,1,dense,output_mae,0.0
0.95,6,1,dense,output_cosine,1.0
0.95,6,1,dense,output_relative_rmse,0.0
0.95,6,1,local_sparse,self_mass,0.022950662081711926
0.95,6,1,local_sparse,output_mse,0.0034933586998704413
0.95,6,1,local_sparse,output_mae,0.04492588745779358
0.95,6,1,local_sparse,output_cosine,0.9811549035366625
0.95,6,1,local_sparse,output_relative_rmse,0.19083496002713218
0.95,6,1,local_corrected,self_mass,0.011653190245851874
0.95,6,1,local_corrected,output_mse,0.0035363621818760294
0.95,6,1,local_corrected,output_mae,0.04514342802576721
0.95,6,1,local_corrected,output_cosine,0.9808566414285451
0.95,6,1,local_corrected,output_relative_rmse,0.1920230501855258
0.95,6,1,full_sparse,self_mass,0.023055033329001162
0.95,6,1,full_sparse,output_mse,0.002683926244117174
0.95,6,1,full_sparse,output_mae,0.03988929631304927
0.95,6,1,full_sparse,output_cosine,0.9853197091724724
0.95,6,1,full_sparse,output_relative_rmse,0.16815234848763794
0.95,6,1,full_corrected,self_mass,0.011796181437603082
0.95,6,1,full_corrected,output_mse,0.0027359527193766553
0.95,6,1,full_corrected,output_mae,0.04024020504584769
0.95,6,1,full_corrected,output_cosine,0.9851017980836332
0.95,6,1,full_corrected,output_relative_rmse,0.1697817464300897
0.95,6,2,dense,self_mass,0.0026996087403858837
0.95,6,2,dense,output_mse,0.0
0.95,6,2,dense,output_mae,0.0
0.95,6,2,dense,output_cosine,1.0
0.95,6,2,dense,output_relative_rmse,0.0
0.95,6,2,local_sparse,self_mass,0.005511162111361045
0.95,6,2,local_sparse,output_mse,0.00793752384470281
0.95,6,2,local_sparse,output_mae,0.06690802118100692
0.95,6,2,local_sparse,output_cosine,0.9808958997018635
0.95,6,2,local_sparse,output_relative_rmse,0.1924641247605905
0.95,6,2,local_corrected,self_mass,0.002781927733849443
0.95,6,2,local_corrected,output_mse,0.007972153078299016
0.95,6,2,local_corrected,output_mae,0.06704905713559128
0.95,6,2,local_corrected,output_cosine,0.9808139824308455
0.95,6,2,local_corrected,output_relative_rmse,0.19288628463982604
0.95,6,2,full_sparse,self_mass,0.00549600602062128
0.95,6,2,full_sparse,output_mse,0.006771505372853426
0.95,6,2,full_sparse,output_mae,0.062014129071030766
0.95,6,2,full_sparse,output_cosine,0.9837670356500894
0.95,6,2,full_sparse,output_relative_rmse,0.17729568894719705
0.95,6,2,full_corrected,self_mass,0.002798135495140741
0.95,6,2,full_corrected,output_mse,0.006877683188577066
0.95,6,2,full_corrected,output_mae,0.06254347729554866
0.95,6,2,full_corrected,output_cosine,0.9836771534755826
0.95,6,2,full_corrected,output_relative_rmse,0.1786722767574247
0.95,6,3,dense,self_mass,0.0031561410123686073
0.95,6,3,dense,output_mse,0.0
0.95,6,3,dense,output_mae,0.0
0.95,6,3,dense,output_cosine,1.0
0.95,6,3,dense,output_relative_rmse,0.0
0.95,6,3,local_sparse,self_mass,0.006357492724418989
0.95,6,3,local_sparse,output_mse,0.0051034039297519485
0.95,6,3,local_sparse,output_mae,0.05419643576897215
0.95,6,3,local_sparse,output_cosine,0.9785046465694904
0.95,6,3,local_sparse,output_relative_rmse,0.2064213099947665
0.95,6,3,local_corrected,self_mass,0.0031877696128503885
0.95,6,3,local_corrected,output_mse,0.0051256249516882235
0.95,6,3,local_corrected,output_mae,0.05431172972021159
0.95,6,3,local_corrected,output_cosine,0.9784359033219516
0.95,6,3,local_corrected,output_relative_rmse,0.206896865129238
0.95,6,3,full_sparse,self_mass,0.006368520176692982
0.95,6,3,full_sparse,output_mse,0.0036964218206776422
0.95,6,3,full_sparse,output_mae,0.04656097455881536
0.95,6,3,full_sparse,output_cosine,0.9842848058324307
0.95,6,3,full_sparse,output_relative_rmse,0.17607944839983247
0.95,6,3,full_corrected,self_mass,0.0032201049198192777
0.95,6,3,full_corrected,output_mse,0.0037441202221089043
0.95,6,3,full_corrected,output_mae,0.04687417158856988
0.95,6,3,full_corrected,output_cosine,0.9842152486089617
0.95,6,3,full_corrected,output_relative_rmse,0.17719648539787158
0.95,6,4,dense,self_mass,0.004714413012152363
0.95,6,4,dense,output_mse,0.0
0.95,6,4,dense,output_mae,0.0
0.95,6,4,dense,output_cosine,1.0
0.95,6,4,dense,output_relative_rmse,0.0
0.95,6,4,local_sparse,self_mass,0.009496705542915151
0.95,6,4,local_sparse,output_mse,0.005355072723432386
0.95,6,4,local_sparse,output_mae,0.055185885896207765
0.95,6,4,local_sparse,output_cosine,0.9825213877484202
0.95,6,4,local_sparse,output_relative_rmse,0.18646643703687005
0.95,6,4,local_corrected,self_mass,0.0047661946973676095
0.95,6,4,local_corrected,output_mse,0.0053852505934628425
0.95,6,4,local_corrected,output_mae,0.055336714678560384
0.95,6,4,local_corrected,output_cosine,0.9824275393038988
0.95,6,4,local_corrected,output_relative_rmse,0.18701287044677883
0.95,6,4,full_sparse,self_mass,0.009494340851233574
0.95,6,4,full_sparse,output_mse,0.003634940776919393
0.95,6,4,full_sparse,output_mae,0.04588342579518212
0.95,6,4,full_sparse,output_cosine,0.9880068865604699
0.95,6,4,full_sparse,output_relative_rmse,0.15414014575071633
0.95,6,4,full_corrected,self_mass,0.0047664498724770965
0.95,6,4,full_corrected,output_mse,0.003695319168855349
0.95,6,4,full_corrected,output_mae,0.046276683642645366
0.95,6,4,full_corrected,output_cosine,0.987924128305167
0.95,6,4,full_corrected,output_relative_rmse,0.1554423434427008
0.95,6,5,dense,self_mass,0.00023726060615292255
0.95,6,5,dense,output_mse,0.0
0.95,6,5,dense,output_mae,0.0
0.95,6,5,dense,output_cosine,1.0
0.95,6,5,dense,output_relative_rmse,0.0
0.95,6,5,local_sparse,self_mass,0.0005189273407673056
0.95,6,5,local_sparse,output_mse,0.04753692846134072
0.95,6,5,local_sparse,output_mae,0.1460636074480135
0.95,6,5,local_sparse,output_cosine,0.9449344510212541
0.95,6,5,local_sparse,output_relative_rmse,0.326370922382921
0.95,6,5,local_corrected,self_mass,0.0002635838180928829
0.95,6,5,local_corrected,output_mse,0.047545511690259445
0.95,6,5,local_corrected,output_mae,0.1460857412603218
0.95,6,5,local_corrected,output_cosine,0.9449166599661112
0.95,6,5,local_corrected,output_relative_rmse,0.32639689289499074
0.95,6,5,full_sparse,self_mass,0.0005166341476936509
0.95,6,5,full_sparse,output_mse,0.047975534449506085
0.95,6,5,full_sparse,output_mae,0.1497096425446216
0.95,6,5,full_sparse,output_cosine,0.9449481493793428
0.95,6,5,full_sparse,output_relative_rmse,0.327870755456388
0.95,6,5,full_corrected,self_mass,0.0002635677519329249
0.95,6,5,full_corrected,output_mse,0.048231646047497634
0.95,6,5,full_corrected,output_mae,0.15030444800504483
0.95,6,5,full_corrected,output_cosine,0.9448746326379478
0.95,6,5,full_corrected,output_relative_rmse,0.3287453264929354
0.95,6,6,dense,self_mass,0.001209615684729215
0.95,6,6,dense,output_mse,0.0
0.95,6,6,dense,output_mae,0.0
0.95,6,6,dense,output_cosine,1.0
0.95,6,6,dense,output_relative_rmse,0.0
0.95,6,6,local_sparse,self_mass,0.002431223320400022
0.95,6,6,local_sparse,output_mse,0.003477672231838369
0.95,6,6,local_sparse,output_mae,0.04527185827464564
0.95,6,6,local_sparse,output_cosine,0.9831086953636259
0.95,6,6,local_sparse,output_relative_rmse,0.1809143402497284
0.95,6,6,local_corrected,self_mass,0.0012137915243783937
0.95,6,6,local_corrected,output_mse,0.0034825204138542176
0.95,6,6,local_corrected,output_mae,0.04530921113473596
0.95,6,6,local_corrected,output_cosine,0.9830989520996809
0.95,6,6,local_corrected,output_relative_rmse,0.18106800084933639
0.95,6,6,full_sparse,self_mass,0.002432442062854534
0.95,6,6,full_sparse,output_mse,0.0026095147991327394
0.95,6,6,full_sparse,output_mae,0.03950299667485524
0.95,6,6,full_sparse,output_cosine,0.9873927666340023
0.95,6,6,full_sparse,output_relative_rmse,0.1567078844527714
0.95,6,6,full_corrected,self_mass,0.0012106697708986758
0.95,6,6,full_corrected,output_mse,0.002626869121741038
0.95,6,6,full_corrected,output_mae,0.0396425366125186
0.95,6,6,full_corrected,output_cosine,0.9873690919484943
0.95,6,6,full_corrected,output_relative_rmse,0.15729227566043846
0.95,6,7,dense,self_mass,0.0035418639990894007
0.95,6,7,dense,output_mse,0.0
0.95,6,7,dense,output_mae,0.0
0.95,6,7,dense,output_cosine,1.0
0.95,6,7,dense,output_relative_rmse,0.0
0.95,6,7,local_sparse,self_mass,0.007179888093560294
0.95,6,7,local_sparse,output_mse,0.005020204393986205
0.95,6,7,local_sparse,output_mae,0.05268084167619236
0.95,6,7,local_sparse,output_cosine,0.9850129513069987
0.95,6,7,local_sparse,output_relative_rmse,0.16687017466756515
0.95,6,7,local_corrected,self_mass,0.003630583985341218
0.95,6,7,local_corrected,output_mse,0.005049445290296717
0.95,6,7,local_corrected,output_mae,0.05281461811682675
0.95,6,7,local_corrected,output_cosine,0.9849352643359452
0.95,6,7,local_corrected,output_relative_rmse,0.16736393913743086
0.95,6,7,full_sparse,self_mass,0.007177201820013579
0.95,6,7,full_sparse,output_mse,0.0042461958369131025
0.95,6,7,full_sparse,output_mae,0.04877762069372693
0.95,6,7,full_sparse,output_cosine,0.9874688342679292
0.95,6,7,full_sparse,output_relative_rmse,0.15352288051508367
0.95,6,7,full_corrected,self_mass,0.003655628948308731
0.95,6,7,full_corrected,output_mse,0.00429192319552385
0.95,6,7,full_corrected,output_mae,0.049055600036808755
0.95,6,7,full_corrected,output_cosine,0.987404357874766
0.95,6,7,full_corrected,output_relative_rmse,0.15438517689472064
0.95,6,8,dense,self_mass,0.014615120464441134
0.95,6,8,dense,output_mse,0.0
0.95,6,8,dense,output_mae,0.0
0.95,6,8,dense,output_cosine,1.0
0.95,6,8,dense,output_relative_rmse,0.0
0.95,6,8,local_sparse,self_mass,0.028964841665583663
0.95,6,8,local_sparse,output_mse,0.003976545646764862
0.95,6,8,local_sparse,output_mae,0.04785480016289512
0.95,6,8,local_sparse,output_cosine,0.983789976220578
0.95,6,8,local_sparse,output_relative_rmse,0.18036915708216839
0.95,6,8,local_corrected,self_mass,0.014772538153920323
0.95,6,8,local_corrected,output_mse,0.004035857172766555
0.95,6,8,local_corrected,output_mae,0.04809703461796744
0.95,6,8,local_corrected,output_cosine,0.983382620383054
0.95,6,8,local_corrected,output_relative_rmse,0.18166092783212662
0.95,6,8,full_sparse,self_mass,0.0291169672345859
0.95,6,8,full_sparse,output_mse,0.003030442022918578
0.95,6,8,full_sparse,output_mae,0.042068201291840523
0.95,6,8,full_sparse,output_cosine,0.9875516404863447
0.95,6,8,full_sparse,output_relative_rmse,0.15740471828030422
0.95,6,8,full_corrected,self_mass,0.014996230445831316
0.95,6,8,full_corrected,output_mse,0.003106420507265284
0.95,6,8,full_corrected,output_mae,0.04251751576521201
0.95,6,8,full_corrected,output_cosine,0.9872116823680699
0.95,6,8,full_corrected,output_relative_rmse,0.1593280232627876
0.95,6,9,dense,self_mass,0.0007972145128292141
0.95,6,9,dense,output_mse,0.0
0.95,6,9,dense,output_mae,0.0
0.95,6,9,dense,output_cosine,1.0
0.95,6,9,dense,output_relative_rmse,0.0
0.95,6,9,local_sparse,self_mass,0.0016092444473088108
0.95,6,9,local_sparse,output_mse,0.00433592788021997
0.95,6,9,local_sparse,output_mae,0.050068147080310155
0.95,6,9,local_sparse,output_cosine,0.9826321417931467
0.95,6,9,local_sparse,output_relative_rmse,0.1860447714861948
0.95,6,9,local_corrected,self_mass,0.0008039091390514841
0.95,6,9,local_corrected,output_mse,0.004340880304880557
0.95,6,9,local_corrected,output_mae,0.05009987066296162
0.95,6,9,local_corrected,output_cosine,0.982621104689315
0.95,6,9,local_corrected,output_relative_rmse,0.18615130096441135
0.95,6,9,full_sparse,self_mass,0.0016104921388659932
0.95,6,9,full_sparse,output_mse,0.0036442603450268507
0.95,6,9,full_sparse,output_mae,0.04622613203537185
0.95,6,9,full_sparse,output_cosine,0.9853248503059149
0.95,6,9,full_sparse,output_relative_rmse,0.17061074668890797
0.95,6,9,full_corrected,self_mass,0.0008049782175021392
0.95,6,9,full_corrected,output_mse,0.0036699274473903643
0.95,6,9,full_corrected,output_mae,0.04640594174270518
0.95,6,9,full_corrected,output_cosine,0.9853190453723073
0.95,6,9,full_corrected,output_relative_rmse,0.17119714134605601
0.95,6,10,dense,self_mass,0.010638421299518086
0.95,6,10,dense,output_mse,0.0
0.95,6,10,dense,output_mae,0.0
0.95,6,10,dense,output_cosine,1.0
0.95,6,10,dense,output_relative_rmse,0.0
0.95,6,10,local_sparse,self_mass,0.02112063572712941
0.95,6,10,local_sparse,output_mse,0.0032686768417988787
0.95,6,10,local_sparse,output_mae,0.044199611351359636
0.95,6,10,local_sparse,output_cosine,0.9823543231468648
0.95,6,10,local_sparse,output_relative_rmse,0.18898410009569488
0.95,6,10,local_corrected,self_mass,0.010694646656702389
0.95,6,10,local_corrected,output_mse,0.003299711440831743
0.95,6,10,local_corrected,output_mae,0.04434604658308672
0.95,6,10,local_corrected,output_cosine,0.9820215257350355
0.95,6,10,local_corrected,output_relative_rmse,0.189876037358772
0.95,6,10,full_sparse,self_mass,0.02119408884391305
0.95,6,10,full_sparse,output_mse,0.0025356689234286023
0.95,6,10,full_sparse,output_mae,0.039036652975482866
0.95,6,10,full_sparse,output_cosine,0.9860916896723211
0.95,6,10,full_sparse,output_relative_rmse,0.16664476235746406
0.95,6,10,full_corrected,self_mass,0.010829167957126629
0.95,6,10,full_corrected,output_mse,0.0025837878965830896
0.95,6,10,full_corrected,output_mae,0.03938223652949091
0.95,6,10,full_corrected,output_cosine,0.9858196401037276
0.95,6,10,full_corrected,output_relative_rmse,0.1682368299807422
0.95,6,11,dense,self_mass,0.0024625049077258154
0.95,6,11,dense,output_mse,0.0
0.95,6,11,dense,output_mae,0.0
0.95,6,11,dense,output_cosine,1.0
0.95,6,11,dense,output_relative_rmse,0.0
0.95,6,11,local_sparse,self_mass,0.0049721707164280815
0.95,6,11,local_sparse,output_mse,0.006099607537180418
0.95,6,11,local_sparse,output_mae,0.05879312513570767
0.95,6,11,local_sparse,output_cosine,0.9854548263829201
0.95,6,11,local_sparse,output_relative_rmse,0.16568687758990563
0.95,6,11,local_corrected,self_mass,0.0025018422390985506
0.95,6,11,local_corrected,output_mse,0.006121132872976887
0.95,6,11,local_corrected,output_mae,0.05889475358708296
0.95,6,11,local_corrected,output_cosine,0.9854037682525814
0.95,6,11,local_corrected,output_relative_rmse,0.1659785534720868
0.95,6,11,full_sparse,self_mass,0.004977241581400449
0.95,6,11,full_sparse,output_mse,0.0053078083506079565
0.95,6,11,full_sparse,output_mae,0.05513090276508592
0.95,6,11,full_sparse,output_cosine,0.9875728490296751
0.95,6,11,full_sparse,output_relative_rmse,0.1540636290446855
0.95,6,11,full_corrected,self_mass,0.002520948225082975
0.95,6,11,full_corrected,output_mse,0.0053749331573271775
0.95,6,11,full_corrected,output_mae,0.05552652198821306
0.95,6,11,full_corrected,output_cosine,0.9875289571937174
0.95,6,11,full_corrected,output_relative_rmse,0.1550935766135808
0.95,7,0,dense,self_mass,0.006137705468972854
0.95,7,0,dense,output_mse,0.0
0.95,7,0,dense,output_mae,0.0
0.95,7,0,dense,output_cosine,1.0
0.95,7,0,dense,output_relative_rmse,0.0
0.95,7,0,local_sparse,self_mass,0.01228684448688
0.95,7,0,local_sparse,output_mse,0.0043677088569893385
0.95,7,0,local_sparse,output_mae,0.05024664328084327
0.95,7,0,local_sparse,output_cosine,0.9828155727591366
0.95,7,0,local_sparse,output_relative_rmse,0.1797984367585741
0.95,7,0,local_corrected,self_mass,0.006202225787092175
0.95,7,0,local_corrected,output_mse,0.0043968720897282765
0.95,7,0,local_corrected,output_mae,0.05040710802859394
0.95,7,0,local_corrected,output_cosine,0.9826937953475863
0.95,7,0,local_corrected,output_relative_rmse,0.18041013003676198
0.95,7,0,full_sparse,self_mass,0.012269014801859157
0.95,7,0,full_sparse,output_mse,0.003491836679586413
0.95,7,0,full_sparse,output_mae,0.04494469832570758
0.95,7,0,full_sparse,output_cosine,0.9865312655456364
0.95,7,0,full_sparse,output_relative_rmse,0.1602156750159338
0.95,7,0,full_corrected,self_mass,0.00622787117754342
0.95,7,0,full_corrected,output_mse,0.003551514933405997
0.95,7,0,full_corrected,output_mae,0.045326900806685444
0.95,7,0,full_corrected,output_cosine,0.9864041181281209
0.95,7,0,full_corrected,output_relative_rmse,0.16158392865327187
0.95,7,1,dense,self_mass,0.003703886606672313
0.95,7,1,dense,output_mse,0.0
0.95,7,1,dense,output_mae,0.0
0.95,7,1,dense,output_cosine,1.0
0.95,7,1,dense,output_relative_rmse,0.0
0.95,7,1,local_sparse,self_mass,0.007397707017844368
0.95,7,1,local_sparse,output_mse,0.0063657240934844594
0.95,7,1,local_sparse,output_mae,0.0585181842034217
0.95,7,1,local_sparse,output_cosine,0.9813409468624741
0.95,7,1,local_sparse,output_relative_rmse,0.1902616004808806
0.95,7,1,local_corrected,self_mass,0.0037426146850521036
0.95,7,1,local_corrected,output_mse,0.006389044262505195
0.95,7,1,local_corrected,output_mae,0.05863712257996667
0.95,7,1,local_corrected,output_cosine,0.9812820795923471
0.95,7,1,local_corrected,output_relative_rmse,0.1906657596991863
0.95,7,1,full_sparse,self_mass,0.007366227649981738
0.95,7,1,full_sparse,output_mse,0.005456038869851909
0.95,7,1,full_sparse,output_mae,0.05436997552169487
0.95,7,1,full_sparse,output_cosine,0.9841560942586511
0.95,7,1,full_sparse,output_relative_rmse,0.17541241095750593
0.95,7,1,full_corrected,self_mass,0.003770564337628457
0.95,7,1,full_corrected,output_mse,0.005564865109590755
0.95,7,1,full_corrected,output_mae,0.05493284131807741
0.95,7,1,full_corrected,output_cosine,0.9840434186626226
0.95,7,1,full_corrected,output_relative_rmse,0.17726184710045345
0.95,7,2,dense,self_mass,0.002661041933151864
0.95,7,2,dense,output_mse,0.0
0.95,7,2,dense,output_mae,0.0
0.95,7,2,dense,output_cosine,1.0
0.95,7,2,dense,output_relative_rmse,0.0
0.95,7,2,local_sparse,self_mass,0.005347138267097762
0.95,7,2,local_sparse,output_mse,0.00435371281901098
0.95,7,2,local_sparse,output_mae,0.04988804687309312
0.95,7,2,local_sparse,output_cosine,0.9811354915145785
0.95,7,2,local_sparse,output_relative_rmse,0.18959518481278792
0.95,7,2,local_corrected,self_mass,0.0026765129355226236
0.95,7,2,local_corrected,output_mse,0.004366620737982885
0.95,7,2,local_corrected,output_mae,0.04997064941562712
0.95,7,2,local_corrected,output_cosine,0.9810946914367378
0.95,7,2,local_corrected,output_relative_rmse,0.18990181051776744
0.95,7,2,full_sparse,self_mass,0.005353647839910991
0.95,7,2,full_sparse,output_mse,0.0034084726921719266
0.95,7,2,full_sparse,output_mae,0.0443751065977267
0.95,7,2,full_sparse,output_cosine,0.9853211450390518
0.95,7,2,full_sparse,output_relative_rmse,0.16785047919256613
0.95,7,2,full_corrected,self_mass,0.0026809584055627056
0.95,7,2,full_corrected,output_mse,0.003467841477231559
0.95,7,2,full_corrected,output_mae,0.04478985155583359
0.95,7,2,full_corrected,output_cosine,0.9852154350373894
0.95,7,2,full_corrected,output_relative_rmse,0.16937722658622079
0.95,7,3,dense,self_mass,0.005867813091754215
0.95,7,3,dense,output_mse,0.0
0.95,7,3,dense,output_mae,0.0
0.95,7,3,dense,output_cosine,1.0
0.95,7,3,dense,output_relative_rmse,0.0
0.95,7,3,local_sparse,self_mass,0.011789844242230174
0.95,7,3,local_sparse,output_mse,0.0076226394976401934
0.95,7,3,local_sparse,output_mae,0.06485537679691333
0.95,7,3,local_sparse,output_cosine,0.98341543530114
0.95,7,3,local_sparse,output_relative_rmse,0.17707639760919847
0.95,7,3,local_corrected,self_mass,0.005995653190439043
0.95,7,3,local_corrected,output_mse,0.007674802537621872
0.95,7,3,local_corrected,output_mae,0.0650814685941441
0.95,7,3,local_corrected,output_cosine,0.9832882862538099
0.95,7,3,local_corrected,output_relative_rmse,0.1776974769309163
0.95,7,3,full_sparse,self_mass,0.011845197939692298
0.95,7,3,full_sparse,output_mse,0.0075962676837662
0.95,7,3,full_sparse,output_mae,0.06583643984049559
0.95,7,3,full_sparse,output_cosine,0.98344288719818
0.95,7,3,full_sparse,output_relative_rmse,0.17707281225011684
0.95,7,3,full_corrected,self_mass,0.006071289039027761
0.95,7,3,full_corrected,output_mse,0.007755926798381552
0.95,7,3,full_corrected,output_mae,0.06652539182687178
0.95,7,3,full_corrected,output_cosine,0.983235054416582
0.95,7,3,full_corrected,output_relative_rmse,0.17894205564516596
0.95,7,4,dense,self_mass,0.0011805007678162838
0.95,7,4,dense,output_mse,0.0
0.95,7,4,dense,output_mae,0.0
0.95,7,4,dense,output_cosine,1.0
0.95,7,4,dense,output_relative_rmse,0.0
0.95,7,4,local_sparse,self_mass,0.002379206718273963
0.95,7,4,local_sparse,output_mse,0.0032460638171869505
0.95,7,4,local_sparse,output_mae,0.0431505863161874
0.95,7,4,local_sparse,output_cosine,0.9884262112900615
0.95,7,4,local_sparse,output_relative_rmse,0.14907611810485832
0.95,7,4,local_corrected,self_mass,0.0011888289305943545
0.95,7,4,local_corrected,output_mse,0.0032504347118447185
0.95,7,4,local_corrected,output_mae,0.04318652210349683
0.95,7,4,local_corrected,output_cosine,0.98841642588377
0.95,7,4,local_corrected,output_relative_rmse,0.14919365558307618
0.95,7,4,full_sparse,self_mass,0.0023913529161063707
0.95,7,4,full_sparse,output_mse,0.0027954221691288694
0.95,7,4,full_sparse,output_mae,0.04045852040144382
0.95,7,4,full_sparse,output_cosine,0.9900410580448806
0.95,7,4,full_sparse,output_relative_rmse,0.13837530836462975
0.95,7,4,full_corrected,self_mass,0.0011961458025098182
0.95,7,4,full_corrected,output_mse,0.002812211706668677
0.95,7,4,full_corrected,output_mae,0.04060091140127042
0.95,7,4,full_corrected,output_cosine,0.9900327038485557
0.95,7,4,full_corrected,output_relative_rmse,0.13884324370883405
0.95,7,5,dense,self_mass,0.003257109389778634
0.95,7,5,dense,output_mse,0.0
0.95,7,5,dense,output_mae,0.0
0.95,7,5,dense,output_cosine,1.0
0.95,7,5,dense,output_relative_rmse,0.0
0.95,7,5,local_sparse,self_mass,0.006525138607685221
0.95,7,5,local_sparse,output_mse,0.0043484380448717275
0.95,7,5,local_sparse,output_mae,0.049565507608349435
0.95,7,5,local_sparse,output_cosine,0.9795108726248145
0.95,7,5,local_sparse,output_relative_rmse,0.19853660051012412
0.95,7,5,local_corrected,self_mass,0.00327209022907482
0.95,7,5,local_corrected,output_mse,0.0043616352254503
0.95,7,5,local_corrected,output_mae,0.049641362675174605
0.95,7,5,local_corrected,output_cosine,0.9794534356333315
0.95,7,5,local_corrected,output_relative_rmse,0.19886932618101127
0.95,7,5,full_sparse,self_mass,0.006527472759444208
0.95,7,5,full_sparse,output_mse,0.0030177900207490893
0.95,7,5,full_sparse,output_mae,0.04170952610729728
0.95,7,5,full_sparse,output_cosine,0.9858180182054639
0.95,7,5,full_sparse,output_relative_rmse,0.16640182447736152
0.95,7,5,full_corrected,self_mass,0.0032831768785399618
0.95,7,5,full_corrected,output_mse,0.003046645468202769
0.95,7,5,full_corrected,output_mae,0.04194219996861648
0.95,7,5,full_corrected,output_cosine,0.9857758379075676
0.95,7,5,full_corrected,output_relative_rmse,0.1673381004948169
0.95,7,6,dense,self_mass,0.001605197962476268
0.95,7,6,dense,output_mse,0.0
0.95,7,6,dense,output_mae,0.0
0.95,7,6,dense,output_cosine,1.0
0.95,7,6,dense,output_relative_rmse,0.0
0.95,7,6,local_sparse,self_mass,0.00323178876988095
0.95,7,6,local_sparse,output_mse,0.004375705860184098
0.95,7,6,local_sparse,output_mae,0.05016205483843805
0.95,7,6,local_sparse,output_cosine,0.9825806880835444
0.95,7,6,local_sparse,output_relative_rmse,0.18326154895476066
0.95,7,6,local_corrected,self_mass,0.0016157894622210733
0.95,7,6,local_corrected,output_mse,0.004385506251310289
0.95,7,6,local_corrected,output_mae,0.050221897348819766
0.95,7,6,local_corrected,output_cosine,0.9825580639299005
0.95,7,6,local_corrected,output_relative_rmse,0.1834939825348556
0.95,7,6,full_sparse,self_mass,0.003241869289013266
0.95,7,6,full_sparse,output_mse,0.0035366147285458283
0.95,7,6,full_sparse,output_mae,0.045095377157849725
0.95,7,6,full_sparse,output_cosine,0.9860498607158661
0.95,7,6,full_sparse,output_relative_rmse,0.16420487241703086
0.95,7,6,full_corrected,self_mass,0.0016041970040987508
0.95,7,6,full_corrected,output_mse,0.00358511798458494
0.95,7,6,full_corrected,output_mae,0.04541013994457899
0.95,7,6,full_corrected,output_cosine,0.9859797179233283
0.95,7,6,full_corrected,output_relative_rmse,0.16532356129027903
0.95,7,7,dense,self_mass,0.003454819229318673
0.95,7,7,dense,output_mse,0.0
0.95,7,7,dense,output_mae,0.0
0.95,7,7,dense,output_cosine,1.0
0.95,7,7,dense,output_relative_rmse,0.0
0.95,7,7,local_sparse,self_mass,0.006917347330272605
0.95,7,7,local_sparse,output_mse,0.004278226757378434
0.95,7,7,local_sparse,output_mae,0.04906794240378076
0.95,7,7,local_sparse,output_cosine,0.9807994994334877
0.95,7,7,local_sparse,output_relative_rmse,0.18728838438983075
0.95,7,7,local_corrected,self_mass,0.003478411777450674
0.95,7,7,local_corrected,output_mse,0.0042888714319815335
0.95,7,7,local_corrected,output_mae,0.049127559388580266
0.95,7,7,local_corrected,output_cosine,0.9807589601259679
0.95,7,7,local_corrected,output_relative_rmse,0.18755133892409503
0.95,7,7,full_sparse,self_mass,0.006910062460519839
0.95,7,7,full_sparse,output_mse,0.0032207642648245383
0.95,7,7,full_sparse,output_mae,0.04308661435061367
0.95,7,7,full_sparse,output_cosine,0.985664083622396
0.95,7,7,full_sparse,output_relative_rmse,0.16350985897588544
0.95,7,7,full_corrected,self_mass,0.0034916403028546483
0.95,7,7,full_corrected,output_mse,0.0032578952032054076
0.95,7,7,full_corrected,output_mae,0.04334586174809374
0.95,7,7,full_corrected,output_cosine,0.9856302482075989
0.95,7,7,full_corrected,output_relative_rmse,0.16444730662624352
0.95,7,8,dense,self_mass,0.0073089974885078846
0.95,7,8,dense,output_mse,0.0
0.95,7,8,dense,output_mae,0.0
0.95,7,8,dense,output_cosine,1.0
0.95,7,8,dense,output_relative_rmse,0.0
0.95,7,8,local_sparse,self_mass,0.014595049327908782
0.95,7,8,local_sparse,output_mse,0.003634880657955364
0.95,7,8,local_sparse,output_mae,0.04582778162875911
0.95,7,8,local_sparse,output_cosine,0.985746105434373
0.95,7,8,local_sparse,output_relative_rmse,0.1662371653947048
0.95,7,8,local_corrected,self_mass,0.007376560261036502
0.95,7,8,local_corrected,output_mse,0.0036679926170108956
0.95,7,8,local_corrected,output_mae,0.04600603061408037
0.95,7,8,local_corrected,output_cosine,0.9855618083383888
0.95,7,8,local_corrected,output_relative_rmse,0.16696455620694906
0.95,7,8,full_sparse,self_mass,0.014603103980334708
0.95,7,8,full_sparse,output_mse,0.002766281768117551
0.95,7,8,full_sparse,output_mae,0.040302167282789014
0.95,7,8,full_sparse,output_cosine,0.9892170182429254
0.95,7,8,full_sparse,output_relative_rmse,0.14499754138523713
0.95,7,8,full_corrected,self_mass,0.007468382198567269
0.95,7,8,full_corrected,output_mse,0.002825467211096111
0.95,7,8,full_corrected,output_mae,0.04068993556575151
0.95,7,8,full_corrected,output_cosine,0.9890486926306039
0.95,7,8,full_corrected,output_relative_rmse,0.14650883700232953
0.95,7,9,dense,self_mass,0.002235793352156179
0.95,7,9,dense,output_mse,0.0
0.95,7,9,dense,output_mae,0.0
0.95,7,9,dense,output_cosine,1.0
0.95,7,9,dense,output_relative_rmse,0.0
0.95,7,9,local_sparse,self_mass,0.00449625967303291
0.95,7,9,local_sparse,output_mse,0.0044570649952220265
0.95,7,9,local_sparse,output_mae,0.050966585280548315
0.95,7,9,local_sparse,output_cosine,0.9824672406539321
0.95,7,9,local_sparse,output_relative_rmse,0.1829280324454885
0.95,7,9,local_corrected,self_mass,0.0022492226219128497
0.95,7,9,local_corrected,output_mse,0.0044673803317891725
0.95,7,9,local_corrected,output_mae,0.05103125156892929
0.95,7,9,local_corrected,output_cosine,0.9824627672787756
0.95,7,9,local_corrected,output_relative_rmse,0.1831457500520628
0.95,7,9,full_sparse,self_mass,0.004510465708335687
0.95,7,9,full_sparse,output_mse,0.0036284984098529094
0.95,7,9,full_sparse,output_mae,0.04591872236778727
0.95,7,9,full_sparse,output_cosine,0.9859815461095423
0.95,7,9,full_sparse,output_relative_rmse,0.1640399444149807
0.95,7,9,full_corrected,self_mass,0.00226056671817787
0.95,7,9,full_corrected,output_mse,0.0036631677298828436
0.95,7,9,full_corrected,output_mae,0.04614597853651503
0.95,7,9,full_corrected,output_cosine,0.9859393986407667
0.95,7,9,full_corrected,output_relative_rmse,0.16484008051338606
0.95,7,10,dense,self_mass,0.006286103051934333
0.95,7,10,dense,output_mse,0.0
0.95,7,10,dense,output_mae,0.0
0.95,7,10,dense,output_cosine,1.0
0.95,7,10,dense,output_relative_rmse,0.0
0.95,7,10,local_sparse,self_mass,0.012754547997246846
0.95,7,10,local_sparse,output_mse,0.008632177507024608
0.95,7,10,local_sparse,output_mae,0.06878083947231062
0.95,7,10,local_sparse,output_cosine,0.9828837749082595
0.95,7,10,local_sparse,output_relative_rmse,0.17990193326841109
0.95,7,10,local_corrected,self_mass,0.006498606876448321
0.95,7,10,local_corrected,output_mse,0.008675588247569976
0.95,7,10,local_corrected,output_mae,0.06898478510265704
0.95,7,10,local_corrected,output_cosine,0.9827743666246533
0.95,7,10,local_corrected,output_relative_rmse,0.1803843915113248
0.95,7,10,full_sparse,self_mass,0.012769213781211874
0.95,7,10,full_sparse,output_mse,0.008660483959829435
0.95,7,10,full_sparse,output_mae,0.07001537576434202
0.95,7,10,full_sparse,output_cosine,0.9827954131178558
0.95,7,10,full_sparse,output_relative_rmse,0.18011198774911463
0.95,7,10,full_corrected,self_mass,0.006545096562149411
0.95,7,10,full_corrected,output_mse,0.008837536073770025
0.95,7,10,full_corrected,output_mae,0.07073010898602661
0.95,7,10,full_corrected,output_cosine,0.982602885691449
0.95,7,10,full_corrected,output_relative_rmse,0.18192874212400056
0.95,7,11,dense,self_mass,0.0013107048439451319
0.95,7,11,dense,output_mse,0.0
0.95,7,11,dense,output_mae,0.0
0.95,7,11,dense,output_cosine,1.0
0.95,7,11,dense,output_relative_rmse,0.0
0.95,7,11,local_sparse,self_mass,0.002640448263264261
0.95,7,11,local_sparse,output_mse,0.00565016111568184
0.95,7,11,local_sparse,output_mae,0.05493228489649482
0.95,7,11,local_sparse,output_cosine,0.9817528710700572
0.95,7,11,local_sparse,output_relative_rmse,0.18311764212558046
0.95,7,11,local_corrected,self_mass,0.0013222135869455087
0.95,7,11,local_corrected,output_mse,0.005657100973621709
0.95,7,11,local_corrected,output_mae,0.05497496046154993
0.95,7,11,local_corrected,output_cosine,0.9817307211924344
0.95,7,11,local_corrected,output_relative_rmse,0.18328296227264218
0.95,7,11,full_sparse,self_mass,0.0026350839330007148
0.95,7,11,full_sparse,output_mse,0.004298154379739572
0.95,7,11,full_sparse,output_mae,0.0489159798817127
0.95,7,11,full_sparse,output_cosine,0.9862005999311805
0.95,7,11,full_sparse,output_relative_rmse,0.16297352241235785
0.95,7,11,full_corrected,self_mass,0.0013145258874374122
0.95,7,11,full_corrected,output_mse,0.004328402229020867
0.95,7,11,full_corrected,output_mae,0.049150804996315856
0.95,7,11,full_corrected,output_cosine,0.9862049310468137
0.95,7,11,full_corrected,output_relative_rmse,0.16370452125556767
0.95,8,0,dense,self_mass,0.007423200264383922
0.95,8,0,dense,output_mse,0.0
0.95,8,0,dense,output_mae,0.0
0.95,8,0,dense,output_cosine,1.0
0.95,8,0,dense,output_relative_rmse,0.0
0.95,8,0,local_sparse,self_mass,0.014893177405610913
0.95,8,0,local_sparse,output_mse,0.005316063718055375
0.95,8,0,local_sparse,output_mae,0.05468953501258511
0.95,8,0,local_sparse,output_cosine,0.9811645380686969
0.95,8,0,local_sparse,output_relative_rmse,0.18955679173814133
0.95,8,0,local_corrected,self_mass,0.007520507253502728
0.95,8,0,local_corrected,output_mse,0.005369606090425805
0.95,8,0,local_corrected,output_mae,0.05492123689327855
0.95,8,0,local_corrected,output_cosine,0.9809517555404454
0.95,8,0,local_corrected,output_relative_rmse,0.19050368038006127
0.95,8,0,full_sparse,self_mass,0.01493575714630424
0.95,8,0,full_sparse,output_mse,0.004433810648151848
0.95,8,0,full_sparse,output_mae,0.05030661169439554
0.95,8,0,full_sparse,output_cosine,0.9842281749006361
0.95,8,0,full_sparse,output_relative_rmse,0.17242610317771323
0.95,8,0,full_corrected,self_mass,0.007617610157467425
0.95,8,0,full_corrected,output_mse,0.0045214596379992145
0.95,8,0,full_corrected,output_mae,0.05078333160781767
0.95,8,0,full_corrected,output_cosine,0.9840461737476289
0.95,8,0,full_corrected,output_relative_rmse,0.1740856254764367
0.95,8,1,dense,self_mass,0.006423675907171855
0.95,8,1,dense,output_mse,0.0
0.95,8,1,dense,output_mae,0.0
0.95,8,1,dense,output_cosine,1.0
0.95,8,1,dense,output_relative_rmse,0.0
0.95,8,1,local_sparse,self_mass,0.012832752172471373
0.95,8,1,local_sparse,output_mse,0.0036187025139042817
0.95,8,1,local_sparse,output_mae,0.04485563110210933
0.95,8,1,local_sparse,output_cosine,0.9855125704780221
0.95,8,1,local_sparse,output_relative_rmse,0.16622236330294982
0.95,8,1,local_corrected,self_mass,0.006471383492680616
0.95,8,1,local_corrected,output_mse,0.003647099373210949
0.95,8,1,local_corrected,output_mae,0.04500428766186815
0.95,8,1,local_corrected,output_cosine,0.9854071880690753
0.95,8,1,local_corrected,output_relative_rmse,0.16682195031899028
0.95,8,1,full_sparse,self_mass,0.012790621283784276
0.95,8,1,full_sparse,output_mse,0.0029929596896636212
0.95,8,1,full_sparse,output_mae,0.04114559833396925
0.95,8,1,full_sparse,output_cosine,0.9882244321051985
0.95,8,1,full_sparse,output_relative_rmse,0.15087004500674084
0.95,8,1,full_corrected,self_mass,0.006462379062213586
0.95,8,1,full_corrected,output_mse,0.00304680467684193
0.95,8,1,full_corrected,output_mae,0.04151348669256549
0.95,8,1,full_corrected,output_cosine,0.9880974837578833
0.95,8,1,full_corrected,output_relative_rmse,0.15221006906358525
0.95,8,2,dense,self_mass,0.0009790426016706988
0.95,8,2,dense,output_mse,0.0
0.95,8,2,dense,output_mae,0.0
0.95,8,2,dense,output_cosine,1.0
0.95,8,2,dense,output_relative_rmse,0.0
0.95,8,2,local_sparse,self_mass,0.0019993895427887765
0.95,8,2,local_sparse,output_mse,0.007606375947943889
0.95,8,2,local_sparse,output_mae,0.06398348892980721
0.95,8,2,local_sparse,output_cosine,0.9771365206688643
0.95,8,2,local_sparse,output_relative_rmse,0.20807316052378155
0.95,8,2,local_corrected,self_mass,0.0010095254201019088
0.95,8,2,local_corrected,output_mse,0.00762017281158478
0.95,8,2,local_corrected,output_mae,0.06403217668412253
0.95,8,2,local_corrected,output_cosine,0.9770970556419343
0.95,8,2,local_corrected,output_relative_rmse,0.20826595451217145
0.95,8,2,full_sparse,self_mass,0.001987090982538575
0.95,8,2,full_sparse,output_mse,0.006991039223976259
0.95,8,2,full_sparse,output_mae,0.061858007495175116
0.95,8,2,full_sparse,output_cosine,0.979301204206422
0.95,8,2,full_sparse,output_relative_rmse,0.19873470309539698
0.95,8,2,full_corrected,self_mass,0.0010206756398929429
0.95,8,2,full_corrected,output_mse,0.007098899683114723
0.95,8,2,full_corrected,output_mae,0.062371871128561907
0.95,8,2,full_corrected,output_cosine,0.979196858825162
0.95,8,2,full_corrected,output_relative_rmse,0.2002784736105241
0.95,8,3,dense,self_mass,0.004368414969576406
0.95,8,3,dense,output_mse,0.0
0.95,8,3,dense,output_mae,0.0
0.95,8,3,dense,output_cosine,1.0
0.95,8,3,dense,output_relative_rmse,0.0
0.95,8,3,local_sparse,self_mass,0.008957494555943413
0.95,8,3,local_sparse,output_mse,0.009187014136841753
0.95,8,3,local_sparse,output_mae,0.07066103088436648
0.95,8,3,local_sparse,output_cosine,0.9769090171903372
0.95,8,3,local_sparse,output_relative_rmse,0.2099622199893929
0.95,8,3,local_corrected,self_mass,0.004520546320236463
0.95,8,3,local_corrected,output_mse,0.009240158515240182
0.95,8,3,local_corrected,output_mae,0.07086802636331413
0.95,8,3,local_corrected,output_cosine,0.9767826467286795
0.95,8,3,local_corrected,output_relative_rmse,0.21056139294523746
0.95,8,3,full_sparse,self_mass,0.00894806501128187
0.95,8,3,full_sparse,output_mse,0.008963038497313391
0.95,8,3,full_sparse,output_mae,0.07074313760676887
0.95,8,3,full_sparse,output_cosine,0.97756441636011
0.95,8,3,full_sparse,output_relative_rmse,0.207059656328056
0.95,8,3,full_corrected,self_mass,0.004537147880000703
0.95,8,3,full_corrected,output_mse,0.00913943883824686
0.95,8,3,full_corrected,output_mae,0.07144637517922092
0.95,8,3,full_corrected,output_cosine,0.9773985163774341
0.95,8,3,full_corrected,output_relative_rmse,0.20906687824754044
0.95,8,4,dense,self_mass,0.0017348985968510533
0.95,8,4,dense,output_mse,0.0
0.95,8,4,dense,output_mae,0.0
0.95,8,4,dense,output_cosine,1.0
0.95,8,4,dense,output_relative_rmse,0.0
0.95,8,4,local_sparse,self_mass,0.003497939760563895
0.95,8,4,local_sparse,output_mse,0.004634045412331034
0.95,8,4,local_sparse,output_mae,0.05028241305262782
0.95,8,4,local_sparse,output_cosine,0.9840081443544477
0.95,8,4,local_sparse,output_relative_rmse,0.17181746457936242
0.95,8,4,local_corrected,self_mass,0.0017499606187811878
0.95,8,4,local_corrected,output_mse,0.004646363578103774
0.95,8,4,local_corrected,output_mae,0.05033987011120189
0.95,8,4,local_corrected,output_cosine,0.9839847218245268
0.95,8,4,local_corrected,output_relative_rmse,0.17204720151494257
0.95,8,4,full_sparse,self_mass,0.003509664222747233
0.95,8,4,full_sparse,output_mse,0.003790393782310275
0.95,8,4,full_sparse,output_mae,0.04596473734272877
0.95,8,4,full_sparse,output_cosine,0.9871288493741304
0.95,8,4,full_sparse,output_relative_rmse,0.15648441947996616
0.95,8,4,full_corrected,self_mass,0.001755452307975247
0.95,8,4,full_corrected,output_mse,0.0038366330081771594
0.95,8,4,full_corrected,output_mae,0.04623220492067048
0.95,8,4,full_corrected,output_cosine,0.9870910809841007
0.95,8,4,full_corrected,output_relative_rmse,0.15737569172051735
0.95,8,5,dense,self_mass,0.005217373132836656
0.95,8,5,dense,output_mse,0.0
0.95,8,5,dense,output_mae,0.0
0.95,8,5,dense,output_cosine,1.0
0.95,8,5,dense,output_relative_rmse,0.0
0.95,8,5,local_sparse,self_mass,0.010434435776915052
0.95,8,5,local_sparse,output_mse,0.003756139271899883
0.95,8,5,local_sparse,output_mae,0.04578638959355885
0.95,8,5,local_sparse,output_cosine,0.9841239403467625
0.95,8,5,local_sparse,output_relative_rmse,0.17267905958578922
0.95,8,5,local_corrected,self_mass,0.005255155424492841
0.95,8,5,local_corrected,output_mse,0.0037725802908425976
0.95,8,5,local_corrected,output_mae,0.04588336653250735
0.95,8,5,local_corrected,output_cosine,0.9840625312644988
0.95,8,5,local_corrected,output_relative_rmse,0.17307445488404483
0.95,8,5,full_sparse,self_mass,0.010413361673272448
0.95,8,5,full_sparse,output_mse,0.0031169666626738035
0.95,8,5,full_sparse,output_mae,0.0419937093538465
0.95,8,5,full_sparse,output_cosine,0.9867980740964413
0.95,8,5,full_sparse,output_relative_rmse,0.15790168909006752
0.95,8,5,full_corrected,self_mass,0.005258233722997829
0.95,8,5,full_corrected,output_mse,0.0031645614180888515
0.95,8,5,full_corrected,output_mae,0.04230820913653588
0.95,8,5,full_corrected,output_cosine,0.9867129437625408
0.95,8,5,full_corrected,output_relative_rmse,0.1590841971919872
0.95,8,6,dense,self_mass,0.005014077388295846
0.95,8,6,dense,output_mse,0.0
0.95,8,6,dense,output_mae,0.0
0.95,8,6,dense,output_cosine,1.0
0.95,8,6,dense,output_relative_rmse,0.0
0.95,8,6,local_sparse,self_mass,0.010185083249780291
0.95,8,6,local_sparse,output_mse,0.008772668746132695
0.95,8,6,local_sparse,output_mae,0.06885569301084615
0.95,8,6,local_sparse,output_cosine,0.9762868105899543
0.95,8,6,local_sparse,output_relative_rmse,0.2170893638394773
0.95,8,6,local_corrected,self_mass,0.005123578389884642
0.95,8,6,local_corrected,output_mse,0.008843990998684603
0.95,8,6,local_corrected,output_mae,0.06912088740500621
0.95,8,6,local_corrected,output_cosine,0.9761212661396712
0.95,8,6,local_corrected,output_relative_rmse,0.21794696676079184
0.95,8,6,full_sparse,self_mass,0.010191255414611078
0.95,8,6,full_sparse,output_mse,0.008212576663936488
0.95,8,6,full_sparse,output_mae,0.06726751083624549
0.95,8,6,full_sparse,output_cosine,0.9777965028770268
0.95,8,6,full_sparse,output_relative_rmse,0.20957090833690017
0.95,8,6,full_corrected,self_mass,0.005151719766217866
0.95,8,6,full_corrected,output_mse,0.008373262194254494
0.95,8,6,full_corrected,output_mae,0.06794111122144386
0.95,8,6,full_corrected,output_cosine,0.9776332499459386
0.95,8,6,full_corrected,output_relative_rmse,0.211598927853629
0.95,8,7,dense,self_mass,0.013345483590455842
0.95,8,7,dense,output_mse,0.0
0.95,8,7,dense,output_mae,0.0
0.95,8,7,dense,output_cosine,1.0
0.95,8,7,dense,output_relative_rmse,0.0
0.95,8,7,local_sparse,self_mass,0.026558509111055173
0.95,8,7,local_sparse,output_mse,0.004564022267004475
0.95,8,7,local_sparse,output_mae,0.05086454264528584
0.95,8,7,local_sparse,output_cosine,0.9844349895138294
0.95,8,7,local_sparse,output_relative_rmse,0.17399710969766602
0.95,8,7,local_corrected,self_mass,0.013534423753299052
0.95,8,7,local_corrected,output_mse,0.00464060800459265
0.95,8,7,local_corrected,output_mae,0.05117425776552409
0.95,8,7,local_corrected,output_cosine,0.9840874730143696
0.95,8,7,local_corrected,output_relative_rmse,0.17542810854502022
0.95,8,7,full_sparse,self_mass,0.026583144077449106
0.95,8,7,full_sparse,output_mse,0.00381830057449406
0.95,8,7,full_sparse,output_mae,0.04674616941338172
0.95,8,7,full_sparse,output_cosine,0.9870003638789058
0.95,8,7,full_sparse,output_relative_rmse,0.15822327870409936
0.95,8,7,full_corrected,self_mass,0.013651796411068062
0.95,8,7,full_corrected,output_mse,0.003927636717889982
0.95,8,7,full_corrected,output_mae,0.047345694634714164
0.95,8,7,full_corrected,output_cosine,0.9866982845123857
0.95,8,7,full_corrected,output_relative_rmse,0.16041906387545168
0.95,8,8,dense,self_mass,0.002591880485852016
0.95,8,8,dense,output_mse,0.0
0.95,8,8,dense,output_mae,0.0
0.95,8,8,dense,output_cosine,1.0
0.95,8,8,dense,output_relative_rmse,0.0
0.95,8,8,local_sparse,self_mass,0.005231297975115012
0.95,8,8,local_sparse,output_mse,0.004562332813293324
0.95,8,8,local_sparse,output_mae,0.050835355585149955
0.95,8,8,local_sparse,output_cosine,0.9825908350758255
0.95,8,8,local_sparse,output_relative_rmse,0.18387201050063595
0.95,8,8,local_corrected,self_mass,0.0026322115591028705
0.95,8,8,local_corrected,output_mse,0.004582986176501436
0.95,8,8,local_corrected,output_mae,0.05092195311590331
0.95,8,8,local_corrected,output_cosine,0.9825412465725094
0.95,8,8,local_corrected,output_relative_rmse,0.18426294811069965
0.95,8,8,full_sparse,self_mass,0.005224392143645673
0.95,8,8,full_sparse,output_mse,0.0039001875607027614
0.95,8,8,full_sparse,output_mae,0.04712114184803795
0.95,8,8,full_sparse,output_cosine,0.9852484259754419
0.95,8,8,full_sparse,output_relative_rmse,0.1690599582507275
0.95,8,8,full_corrected,self_mass,0.0026371773360551742
0.95,8,8,full_corrected,output_mse,0.003958927246003441
0.95,8,8,full_corrected,output_mae,0.04746287780290004
0.95,8,8,full_corrected,output_cosine,0.9851761884056032
0.95,8,8,full_corrected,output_relative_rmse,0.17027343151858076
0.95,8,9,dense,self_mass,0.003181980363024195
0.95,8,9,dense,output_mse,0.0
0.95,8,9,dense,output_mae,0.0
0.95,8,9,dense,output_cosine,1.0
0.95,8,9,dense,output_relative_rmse,0.0
0.95,8,9,local_sparse,self_mass,0.006417597965992172
0.95,8,9,local_sparse,output_mse,0.004827637795187911
0.95,8,9,local_sparse,output_mae,0.051180776943510864
0.95,8,9,local_sparse,output_cosine,0.9879467117134482
0.95,8,9,local_sparse,output_relative_rmse,0.1532200186047703
0.95,8,9,local_corrected,self_mass,0.0032484633547937847
0.95,8,9,local_corrected,output_mse,0.004853851902680617
0.95,8,9,local_corrected,output_mae,0.05129205959383398
0.95,8,9,local_corrected,output_cosine,0.9878842611797154
0.95,8,9,local_corrected,output_relative_rmse,0.1536044558743015
0.95,8,9,full_sparse,self_mass,0.006373999123752583
0.95,8,9,full_sparse,output_mse,0.004998627794066124
0.95,8,9,full_sparse,output_mae,0.05204123252769932
0.95,8,9,full_sparse,output_cosine,0.9876796195749193
0.95,8,9,full_sparse,output_relative_rmse,0.1539864504011348
0.95,8,9,full_corrected,self_mass,0.003247784894938377
0.95,8,9,full_corrected,output_mse,0.005096711553505884
0.95,8,9,full_corrected,output_mae,0.0525198096584063
0.95,8,9,full_corrected,output_cosine,0.9875606021378189
0.95,8,9,full_corrected,output_relative_rmse,0.15545532474061474
0.95,8,10,dense,self_mass,0.001075228024376429
0.95,8,10,dense,output_mse,0.0
0.95,8,10,dense,output_mae,0.0
0.95,8,10,dense,output_cosine,1.0
0.95,8,10,dense,output_relative_rmse,0.0
0.95,8,10,local_sparse,self_mass,0.002166006872585058
0.95,8,10,local_sparse,output_mse,0.004063810355546593
0.95,8,10,local_sparse,output_mae,0.04789332109794486
0.95,8,10,local_sparse,output_cosine,0.9853182344231755
0.95,8,10,local_sparse,output_relative_rmse,0.16648828829056583
0.95,8,10,local_corrected,self_mass,0.001081926552387813
0.95,8,10,local_corrected,output_mse,0.004068175021075149
0.95,8,10,local_corrected,output_mae,0.04792408738285303
0.95,8,10,local_corrected,output_cosine,0.9853159480262548
0.95,8,10,local_corrected,output_relative_rmse,0.16657238529296592
0.95,8,10,full_sparse,self_mass,0.0021619493115849764
0.95,8,10,full_sparse,output_mse,0.003509784659854631
0.95,8,10,full_sparse,output_mae,0.044992308830842376
0.95,8,10,full_sparse,output_cosine,0.9871794474311173
0.95,8,10,full_sparse,output_relative_rmse,0.1552264574856963
0.95,8,10,full_corrected,self_mass,0.0010633679681291142
0.95,8,10,full_corrected,output_mse,0.0035543184412745177
0.95,8,10,full_corrected,output_mae,0.04529098229249939
0.95,8,10,full_corrected,output_cosine,0.9871404895093292
0.95,8,10,full_corrected,output_relative_rmse,0.15614470944274217
0.95,8,11,dense,self_mass,0.008222252125051455
0.95,8,11,dense,output_mse,0.0
0.95,8,11,dense,output_mae,0.0
0.95,8,11,dense,output_cosine,1.0
0.95,8,11,dense,output_relative_rmse,0.0
0.95,8,11,local_sparse,self_mass,0.016433385808340972
0.95,8,11,local_sparse,output_mse,0.0039545202380395494
0.95,8,11,local_sparse,output_mae,0.047576705321262125
0.95,8,11,local_sparse,output_cosine,0.9842412190046161
0.95,8,11,local_sparse,output_relative_rmse,0.17545615471317433
0.95,8,11,local_corrected,self_mass,0.008340472375493846
0.95,8,11,local_corrected,output_mse,0.003988728587046353
0.95,8,11,local_corrected,output_mae,0.04772058974049287
0.95,8,11,local_corrected,output_cosine,0.984091887017712
0.95,8,11,local_corrected,output_relative_rmse,0.17618402492371388
0.95,8,11,full_sparse,self_mass,0.016461963514302624
0.95,8,11,full_sparse,output_mse,0.003207986113466177
0.95,8,11,full_sparse,output_mae,0.04299856204306707
0.95,8,11,full_sparse,output_cosine,0.9872047856915742
0.95,8,11,full_sparse,output_relative_rmse,0.1580871318874415
0.95,8,11,full_corrected,self_mass,0.008426554481047788
0.95,8,11,full_corrected,output_mse,0.003261750140154618
0.95,8,11,full_corrected,output_mae,0.04333246818714542
0.95,8,11,full_corrected,output_cosine,0.9870620490983129
0.95,8,11,full_corrected,output_relative_rmse,0.15935148886637762
