t,layer,comparison,metric,before_mean,after_mean,relative_change_pct,mean,ci95_low,ci95_high
0.05,3,local_correction,self_mass,0.03573371785508546,0.019099894674127427,-46.549377393124466,-0.016633823180958036,-0.017107972068161344,-0.016169295415536074
0.05,3,local_correction,output_mse,0.0063924791139318895,0.006476692422438646,1.3173810505414218,8.421330850675683e-05,7.403022978849088e-05,9.443104069835807e-05
0.05,3,local_correction,output_mae,0.056539574110502144,0.05669633115758188,0.2772519063786394,0.00015675704707973604,0.00012950363940641757,0.00018295700124326683
0.05,3,local_correction,output_cosine,0.9675270014558919,0.9667732199110712,-0.07790806289502683,-0.0007537815448207114,-0.0008011437554766081,-0.0007081967080011885
0.05,3,local_correction,output_relative_rmse,0.2604700677353927,0.26134665927869116,0.33654214126015436,0.00087659154329837,0.0007501723666185484,0.0010027875536858708
0.05,3,full_correction,self_mass,0.03573371789616431,0.019099894672687395,-46.54937745860025,-0.016633823223476916,-0.017107972067573012,-0.01616929547243444
0.05,3,full_correction,output_mse,0.006392479073345688,0.0064766923972759596,1.317381300181486,8.421332393027114e-05,7.403026189839087e-05,9.443104520414633e-05
0.05,3,full_correction,output_mae,0.05653957397104629,0.05669633097568294,0.2772518319945627,0.0001567570046366501,0.0001295035173673873,0.0001829570910558686
0.05,3,full_correction,output_cosine,0.9675270013200741,0.9667732188245282,-0.07790816116940436,-0.0007537824955458376,-0.0008011451175358722,-0.0007081964378206313
0.05,3,full_correction,output_relative_rmse,0.26047006753166596,0.2613466592762658,0.33654221880727864,0.0008765917445998652,0.0007501726720875035,0.001002788029594134
0.05,3,local_sparse_minus_dense,self_mass,0.018496436179930242,0.03573371785508546,93.19244803417166,0.017237281675155224,0.01673441472906158,0.017749877546962504
0.05,3,local_sparse_minus_dense,output_mse,0.0,0.0063924791139318895,,0.0063924791139318895,0.006195912314461794,0.006585290412066532
0.05,3,local_sparse_minus_dense,output_mae,0.0,0.056539574110502144,,0.056539574110502144,0.05572637293589651,0.05734680748272088
0.05,3,local_sparse_minus_dense,output_cosine,1.0,0.9675270014558919,-3.2472998544108123,-0.03247299854410812,-0.03374832851986867,-0.0312123144758516
0.05,3,local_sparse_minus_dense,output_relative_rmse,0.0,0.2604700677353927,,0.2604700677353927,0.25488895265164807,0.26613210180997454
0.05,3,full_sparse_minus_dense,self_mass,0.018496436179930242,0.03573371789616431,93.19244825626227,0.017237281716234065,0.016734414799733106,0.017749877638059765
0.05,3,full_sparse_minus_dense,output_mse,0.0,0.006392479073345688,,0.006392479073345688,0.0061959122668099565,0.006585290359675848
0.05,3,full_sparse_minus_dense,output_mae,0.0,0.05653957397104629,,0.05653957397104629,0.05572637266174449,0.05734680742230012
0.05,3,full_sparse_minus_dense,output_cosine,1.0,0.9675270013200741,-3.2472998679925924,-0.032472998679926,-0.03374832782622738,-0.031212315514858348
0.05,3,full_sparse_minus_dense,output_relative_rmse,0.0,0.26047006753166596,,0.26047006753166596,0.25488895299992387,0.266132101339402
0.05,4,local_correction,self_mass,0.070021123111322,0.038417256571165126,-45.134760963362375,-0.03160386654015686,-0.03236670216659263,-0.030858447882347186
0.05,4,local_correction,output_mse,0.02308626174328765,0.02356814799062098,2.0873290474298534,0.00048188624733332586,0.0004595212487942035,0.0005050732717402674
0.05,4,local_correction,output_mae,0.1050022484838943,0.10591948247504963,0.8735374760055814,0.0009172339911553225,0.0008737962299771105,0.0009611762197588771
0.05,4,local_correction,output_cosine,0.9462476367868172,0.9441965498651067,-0.2167600575125772,-0.00205108692171052,-0.0021334386222103246,-0.0019727987552566125
0.05,4,local_correction,output_relative_rmse,0.33002922732218093,0.33303816356055904,0.9117181113903916,0.0030089362383781317,0.002866674425119222,0.003152604096127712
0.05,4,full_correction,self_mass,0.07004735536293083,0.03987149145223157,-43.079233690339116,-0.03017586391069926,-0.030863811090019528,-0.02949622218330319
0.05,4,full_correction,output_mse,0.021450005215569945,0.022407673629610752,4.46465352533183,0.000957668414040806,0.0009243518011629705,0.0009923505977629554
0.05,4,full_correction,output_mae,0.09946543140843761,0.10177467131203835,2.3216507191511138,0.0023092399036007314,0.0022406017707301846,0.0023788412596635073
0.05,4,full_correction,output_cosine,0.9505846039004003,0.9485097040887922,-0.2182761853173787,-0.002074899811608095,-0.0021411760103849965,-0.002007724450474293
0.05,4,full_correction,output_relative_rmse,0.31184459758515004,0.3185638035016988,2.15466484543283,0.0067192059165487655,0.006532641927697111,0.006902671967751906
0.05,4,local_sparse_minus_dense,self_mass,0.035604481705907645,0.070021123111322,96.66378993997206,0.03441664140541434,0.033543335019487586,0.035309889874201875
0.05,4,local_sparse_minus_dense,output_mse,0.0,0.02308626174328765,,0.02308626174328765,0.022412903460097288,0.023755708273446884
0.05,4,local_sparse_minus_dense,output_mae,0.0,0.1050022484838943,,0.1050022484838943,0.1034644168232262,0.10647011549684368
0.05,4,local_sparse_minus_dense,output_cosine,1.0,0.9462476367868172,-5.375236321318278,-0.05375236321318274,-0.05550045799366975,-0.05213494841009379
0.05,4,local_sparse_minus_dense,output_relative_rmse,0.0,0.33002922732218093,,0.33002922732218093,0.32456766846801965,0.3357027526601693
0.05,4,full_sparse_minus_dense,self_mass,0.035604481705907645,0.07004735536293083,96.73746676477609,0.03444287365702318,0.03358453309130406,0.03534029161903428
0.05,4,full_sparse_minus_dense,output_mse,0.0,0.021450005215569945,,0.021450005215569945,0.020807206069294655,0.02207595318335696
0.05,4,full_sparse_minus_dense,output_mae,0.0,0.09946543140843761,,0.09946543140843761,0.09801433818405106,0.10084854858165879
0.05,4,full_sparse_minus_dense,output_cosine,1.0,0.9505846039004003,-4.941539609959966,-0.049415396099599704,-0.051039584378304435,-0.0479461956313268
0.05,4,full_sparse_minus_dense,output_relative_rmse,0.0,0.31184459758515004,,0.31184459758515004,0.30670668117836614,0.3170256565739692
0.05,5,local_correction,self_mass,0.07286915494326725,0.04133897188315434,-43.269587913652806,-0.031530183060112904,-0.03241625147161737,-0.03065396975683825
0.05,5,local_correction,output_mse,0.018686963160462255,0.019019402107308753,1.7789886135692212,0.00033243894684649894,0.00030617260257675575,0.000358959910317935
0.05,5,local_correction,output_mae,0.09363971151833539,0.09433240019401032,0.739738156433023,0.0006926886756749201,0.0006373101038358674,0.0007470645729578478
0.05,5,local_correction,output_cosine,0.9608679106847073,0.9594646609427098,-0.14603981737694172,-0.0014032497419975733,-0.001478087240927079,-0.001334341275408706
0.05,5,local_correction,output_relative_rmse,0.2801720898205531,0.28207547310739756,0.6793622048732795,0.001903383286844476,0.0017351800509156129,0.0020734602634547663
0.05,5,full_correction,self_mass,0.07229424517026928,0.04237916330612279,-41.379617137836775,-0.029915081864146487,-0.030734356380037294,-0.029095129445454403
0.05,5,full_correction,output_mse,0.017086678736291105,0.01839288228673771,7.644572538677763,0.0013062035504466014,0.0012464484120556561,0.0013681280780199737
0.05,5,full_correction,output_mae,0.08827173315269951,0.09176430915249512,3.956618812223689,0.003492575999795614,0.0033677325796816135,0.003618624856820436
0.05,5,full_correction,output_cosine,0.9646974613812442,0.962535650760401,-0.22409208144363868,-0.002161810620843127,-0.0022564218917978125,-0.0020697721236501813
0.05,5,full_correction,output_relative_rmse,0.26197791947925,0.2719401470991822,3.8026974333313035,0.009962227619932186,0.009579954924508152,0.010363098958805491
0.05,5,local_sparse_minus_dense,self_mass,0.038542098324796825,0.07286915494326725,89.06379805581427,0.03432705661847043,0.03328830819871578,0.03537881242123527
0.05,5,local_sparse_minus_dense,output_mse,0.0,0.018686963160462255,,0.018686963160462255,0.018054645508417858,0.019353455944085832
0.05,5,local_sparse_minus_dense,output_mae,0.0,0.09363971151833539,,0.09363971151833539,0.09217137469795487,0.09516595379630721
0.05,5,local_sparse_minus_dense,output_cosine,1.0,0.9608679106847073,-3.913208931529266,-0.03913208931529273,-0.040465422971950216,-0.037853722529932084
0.05,5,local_sparse_minus_dense,output_relative_rmse,0.0,0.2801720898205531,,0.2801720898205531,0.2750688240879147,0.28541086951748484
0.05,5,full_sparse_minus_dense,self_mass,0.038542098324796825,0.07229424517026928,87.5721569724639,0.03375214684547245,0.0327213008119467,0.03475094364332942
0.05,5,full_sparse_minus_dense,output_mse,0.0,0.017086678736291105,,0.017086678736291105,0.016479381618252846,0.01772372815776464
0.05,5,full_sparse_minus_dense,output_mae,0.0,0.08827173315269951,,0.08827173315269951,0.08680708700154961,0.08982382773941329
0.05,5,full_sparse_minus_dense,output_cosine,1.0,0.9646974613812442,-3.5302538618755763,-0.03530253861875583,-0.03660052623551261,-0.0340888398597599
0.05,5,full_sparse_minus_dense,output_relative_rmse,0.0,0.26197791947925,,0.26197791947925,0.25710563576770556,0.26698363711996836
0.05,6,local_correction,self_mass,0.07949199080697629,0.04520946565169955,-43.12701796401364,-0.034282525155276744,-0.035514448472582665,-0.03308522687393255
0.05,6,local_correction,output_mse,0.019413700913673893,0.019656882478557236,1.2526285738339693,0.00024318156488334358,0.00021424618358499483,0.0002731210857613555
0.05,6,local_correction,output_mae,0.09799598038686479,0.09833412053073212,0.3450551160695037,0.0003381401438673489,0.0002757234951483644,0.00040175911620584173
0.05,6,local_correction,output_cosine,0.965367344285672,0.9640974107702884,-0.13154925147412788,-0.0012699335153835527,-0.0013420251523105792,-0.001197580699226828
0.05,6,local_correction,output_relative_rmse,0.26740699587389827,0.2686075778522839,0.44897179090699346,0.0012005819783856447,0.0010315700291054447,0.0013793386100587673
0.05,6,full_correction,self_mass,0.07817608192150752,0.046020759717142326,-41.13191837453641,-0.03215532220436519,-0.03328506011220612,-0.031041193167425263
0.05,6,full_correction,output_mse,0.017899586015801106,0.019647597720298414,9.765654372979494,0.0017480117044973058,0.0016582277996519679,0.0018381447579410325
0.05,6,full_correction,output_mae,0.09290517371967628,0.09733291680216401,4.765873530194997,0.004427743082487723,0.0042491765282647986,0.004599335235616309
0.05,6,full_correction,output_cosine,0.9685952668272269,0.966282018305113,-0.2388250904519995,-0.0023132485221140113,-0.002420609867840546,-0.002203118690037327
0.05,6,full_correction,output_relative_rmse,0.2504790978928213,0.262392060625037,4.756070599277384,0.011912962732215721,0.011499297955318372,0.0123366967652449
0.05,6,local_sparse_minus_dense,self_mass,0.04248569344827047,0.07949199080697629,87.10296185647476,0.03700629735870582,0.03561769045991999,0.038408479304856274
0.05,6,local_sparse_minus_dense,output_mse,0.0,0.019413700913673893,,0.019413700913673893,0.01873044888770323,0.020115981796275637
0.05,6,local_sparse_minus_dense,output_mae,0.0,0.09799598038686479,,0.09799598038686479,0.09630337934358978,0.09972620850506549
0.05,6,local_sparse_minus_dense,output_cosine,1.0,0.965367344285672,-3.4632655714328053,-0.03463265571432809,-0.03575791184800134,-0.03351734871879064
0.05,6,local_sparse_minus_dense,output_relative_rmse,0.0,0.26740699587389827,,0.26740699587389827,0.2626941805570823,0.2721810607759835
0.05,6,full_sparse_minus_dense,self_mass,0.04248569344827047,0.07817608192150752,84.00566302793855,0.035690388473237064,0.034377189297439756,0.03704920201862099
0.05,6,full_sparse_minus_dense,output_mse,0.0,0.017899586015801106,,0.017899586015801106,0.017223483592310157,0.01859261346831052
0.05,6,full_sparse_minus_dense,output_mae,0.0,0.09290517371967628,,0.09290517371967628,0.09120579791970158,0.09468258291647846
0.05,6,full_sparse_minus_dense,output_cosine,1.0,0.9685952668272269,-3.1404733172773147,-0.031404733172773064,-0.032517946334943794,-0.030310832180839492
0.05,6,full_sparse_minus_dense,output_relative_rmse,0.0,0.2504790978928213,,0.2504790978928213,0.2458896940427318,0.2552907989516219
0.05,7,local_correction,self_mass,0.048793284366638545,0.026356078171033914,-45.9842096855149,-0.02243720619560463,-0.022970448107952752,-0.02189847861486811
0.05,7,local_correction,output_mse,0.010591701008441609,0.010752855430534208,1.521515967682241,0.0001611544220925983,0.00014783455294965127,0.00017502798673187182
0.05,7,local_correction,output_mae,0.0752641577837494,0.0756252772443986,0.47980269929650543,0.0003611194606492073,0.00032703404546434147,0.0003952211980504228
0.05,7,local_correction,output_cosine,0.9607252745772712,0.9596214501264815,-0.11489491116754014,-0.0011038244507896476,-0.0011660754767945092,-0.0010443276206691205
0.05,7,local_correction,output_relative_rmse,0.2823591576646625,0.2839264423091663,0.5550677574853502,0.001567284644503769,0.001441883193789789,0.0016856909575532607
0.05,7,full_correction,self_mass,0.04812846532994779,0.02676490894854548,-44.388609183656854,-0.021363556381402304,-0.021854767117106155,-0.02085573123645048
0.05,7,full_correction,output_mse,0.009608619770157627,0.010975086958599908,14.221264043419058,0.0013664671884422812,0.0012992714385120507,0.0014299770525762294
0.05,7,full_correction,output_mae,0.0711850944935577,0.07578924371894877,6.467855747255835,0.004604149225391059,0.004384434737009239,0.004814683355319477
0.05,7,full_correction,output_cosine,0.9638033952602807,0.9608720411585333,-0.30414440498580664,-0.0029313541017472735,-0.003118540776389031,-0.002733849049642836
0.05,7,full_correction,output_relative_rmse,0.264877412567633,0.2826693194510881,6.717034386203902,0.017791906883455035,0.01689278371328934,0.018683451022843654
0.05,7,local_sparse_minus_dense,self_mass,0.025306096563288825,0.048793284366638545,92.81236932219026,0.023487187803349723,0.02289625294914117,0.024054176650349746
0.05,7,local_sparse_minus_dense,output_mse,0.0,0.010591701008441609,,0.010591701008441609,0.010326607950947657,0.010867590383803834
0.05,7,local_sparse_minus_dense,output_mae,0.0,0.0752641577837494,,0.0752641577837494,0.07432184441612057,0.07622800187643103
0.05,7,local_sparse_minus_dense,output_cosine,1.0,0.9607252745772712,-3.9274725422728807,-0.0392747254227288,-0.04076141574284217,-0.03784522064815974
0.05,7,local_sparse_minus_dense,output_relative_rmse,0.0,0.2823591576646625,,0.2823591576646625,0.2766421601290252,0.28815525816935406
0.05,7,full_sparse_minus_dense,self_mass,0.025306096563288825,0.04812846532994779,90.18525915121587,0.022822368766658958,0.022259715917563958,0.02334839110373158
0.05,7,full_sparse_minus_dense,output_mse,0.0,0.009608619770157627,,0.009608619770157627,0.009328331752872525,0.009906243067314335
0.05,7,full_sparse_minus_dense,output_mae,0.0,0.0711850944935577,,0.0711850944935577,0.07017277038891431,0.07224341560959145
0.05,7,full_sparse_minus_dense,output_cosine,1.0,0.9638033952602807,-3.6196604739719307,-0.03619660473971938,-0.037728682390297766,-0.03474744476213042
0.05,7,full_sparse_minus_dense,output_relative_rmse,0.0,0.264877412567633,,0.264877412567633,0.2593343244116113,0.27099309431881313
0.05,8,local_correction,self_mass,0.07255588701612699,0.040089862692942305,-44.74623033134233,-0.03246602432318468,-0.03345160920478918,-0.03148487105473237
0.05,8,local_correction,output_mse,0.01333747976059385,0.013486212323338501,1.115147429757224,0.00014873256274465046,0.0001271830005890706,0.00016935988833684706
0.05,8,local_correction,output_mae,0.08415990639817514,0.08438039960310562,0.26199316796680083,0.00022049320493048663,0.0001628607607320495,0.0002723391246036044
0.05,8,local_correction,output_cosine,0.9599291482979122,0.9583288525658038,-0.16670977591898284,-0.0016002957321082506,-0.0016855154065221192,-0.001515645258768926
0.05,8,local_correction,output_relative_rmse,0.28681021054702194,0.2880406393572533,0.42900453504937097,0.0012304288102313907,0.0010269113790855064,0.00141723337073927
0.05,8,full_correction,self_mass,0.07179229357908903,0.04075983825634921,-43.22532931553904,-0.031032455322739832,-0.03196177307407311,-0.030101545699898227
0.05,8,full_correction,output_mse,0.012262927118892247,0.014028787282654775,14.399989061682072,0.0017658601637625298,0.001672034699862479,0.0018542033534004077
0.05,8,full_correction,output_mae,0.08037059012349346,0.08575242034203256,6.696268137722594,0.005381830218539108,0.005113248481514649,0.0056323302459835144
0.05,8,full_correction,output_cosine,0.9624977974259915,0.9585912341135554,-0.40587763659132303,-0.003906563312436141,-0.004141909788692521,-0.0036567244960072744
0.05,8,full_correction,output_relative_rmse,0.27110946711036377,0.2897911718755495,6.890834526844736,0.018681704765185714,0.017763048272051184,0.019546817873682204
0.05,8,local_sparse_minus_dense,self_mass,0.03836190713203298,0.07255588701612699,89.13524493557132,0.034193979884094006,0.033127814356112145,0.03526921435792095
0.05,8,local_sparse_minus_dense,output_mse,0.0,0.01333747976059385,,0.01333747976059385,0.012959749772495381,0.013744744977753952
0.05,8,local_sparse_minus_dense,output_mae,0.0,0.08415990639817514,,0.08415990639817514,0.08292923696574991,0.08542127069231356
0.05,8,local_sparse_minus_dense,output_cosine,1.0,0.9599291482979122,-4.0070851702087795,-0.04007085170208788,-0.041449444767689185,-0.03874558333821673
0.05,8,local_sparse_minus_dense,output_relative_rmse,0.0,0.28681021054702194,,0.28681021054702194,0.28134879309048605,0.2923891163695468
0.05,8,full_sparse_minus_dense,self_mass,0.03836190713203298,0.07179229357908903,87.14474578126745,0.03343038644705605,0.03238228614660272,0.03448286192654848
0.05,8,full_sparse_minus_dense,output_mse,0.0,0.012262927118892247,,0.012262927118892247,0.011895955299222766,0.012665959880507671
0.05,8,full_sparse_minus_dense,output_mae,0.0,0.08037059012349346,,0.08037059012349346,0.07917741676837978,0.0816024152934915
0.05,8,full_sparse_minus_dense,output_cosine,1.0,0.9624977974259915,-3.750220257400849,-0.03750220257400845,-0.03893216653620281,-0.036178592651655586
0.05,8,full_sparse_minus_dense,output_relative_rmse,0.0,0.27110946711036377,,0.27110946711036377,0.2656446919422402,0.27666866515634564
0.15,3,local_correction,self_mass,0.0340019215321945,0.018078797915867046,-46.830069886640814,-0.01592312361632745,-0.016385089672478634,-0.015488760578728031
0.15,3,local_correction,output_mse,0.007157135036284974,0.007301729147494976,2.020279210563225,0.00014459411121000207,0.00013334451905014553,0.00015647449462316364
0.15,3,local_correction,output_mae,0.059513466660064296,0.059823939308140936,0.5216846967595279,0.00031047264807663506,0.0002838082684775145,0.00033834152764029526
0.15,3,local_correction,output_cosine,0.9613291658267069,0.9603649767038103,-0.10029750029143525,-0.0009641891228966337,-0.00102024381340015,-0.0009100711414551595
0.15,3,local_correction,output_relative_rmse,0.28258656414982397,0.28401973935979186,0.5071632525345482,0.0014331752099678847,0.001314352191002398,0.0015542789265964492
0.15,3,full_correction,self_mass,0.034001921645312905,0.018078797930229484,-46.83007002128773,-0.01592312371508342,-0.01638508967548707,-0.015488760609188525
0.15,3,full_correction,output_mse,0.007157135059022343,0.007301729149124489,2.02027890922456,0.00014459409010214588,0.00013334450823757987,0.00015647447813288794
0.15,3,full_correction,output_mae,0.05951346672676057,0.059823939362710604,0.5216846757986504,0.00031047263595003943,0.00028380822433670517,0.0003383413705705606
0.15,3,full_correction,output_cosine,0.9613291655162659,0.960364977150069,-0.10029742160991839,-0.0009641883661970479,-0.0010202420050821573,-0.0009100718234549297
0.15,3,full_correction,output_relative_rmse,0.2825865643802293,0.28401973989578744,0.5071633602614423,0.0014331755155581034,0.001314352693043472,0.0015542796777178107
0.15,3,local_sparse_minus_dense,self_mass,0.01746192854985414,0.0340019215321945,94.72031073267976,0.016539992982340358,0.01606733494985804,0.017034813292157478
0.15,3,local_sparse_minus_dense,output_mse,0.0,0.007157135036284974,,0.007157135036284974,0.006963749382119506,0.007354683443717627
0.15,3,local_sparse_minus_dense,output_mae,0.0,0.059513466660064296,,0.059513466660064296,0.05873972175825959,0.06029400504344267
0.15,3,local_sparse_minus_dense,output_cosine,1.0,0.9613291658267069,-3.867083417329309,-0.038670834173293166,-0.04030716234119609,-0.03704293105984107
0.15,3,local_sparse_minus_dense,output_relative_rmse,0.0,0.28258656414982397,,0.28258656414982397,0.2762229984498238,0.28905176174794184
0.15,3,full_sparse_minus_dense,self_mass,0.01746192854985414,0.034001921645312905,94.72031138047994,0.016539993095458762,0.016067335018339197,0.017034813524561796
0.15,3,full_sparse_minus_dense,output_mse,0.0,0.007157135059022343,,0.007157135059022343,0.0069637494100192035,0.007354683435431752
0.15,3,full_sparse_minus_dense,output_mae,0.0,0.05951346672676057,,0.05951346672676057,0.05873972185054299,0.06029400510160485
0.15,3,full_sparse_minus_dense,output_cosine,1.0,0.9613291655162659,-3.8670834483734096,-0.038670834483734026,-0.04030716213940953,-0.037042931057415754
0.15,3,full_sparse_minus_dense,output_relative_rmse,0.0,0.2825865643802293,,0.2825865643802293,0.27622299872649214,0.2890517616318902
0.15,4,local_correction,self_mass,0.06189566359444143,0.033633889009252016,-45.6603466930557,-0.028261774585189414,-0.028968477694189688,-0.027581958512270903
0.15,4,local_correction,output_mse,0.025793244031926104,0.02642934196353508,2.4661416408949366,0.0006360979316089774,0.0006133999037454415,0.0006607753944384361
0.15,4,local_correction,output_mae,0.11030243799541495,0.11145522332784216,1.0451131936676905,0.0011527853324272057,0.0011145297162026208,0.0011930779690980376
0.15,4,local_correction,output_cosine,0.9414526196778752,0.9391543454645823,-0.24412000829943103,-0.0022982742132929453,-0.0023866568745385484,-0.0022118100236790906
0.15,4,local_correction,output_relative_rmse,0.34386529399004456,0.3476267268827845,1.0938681392047789,0.0037614328927399283,0.0036417196293162617,0.0038854262333795015
0.15,4,full_correction,self_mass,0.06220200279752438,0.03505836112352275,-43.63789018555836,-0.02714364167400163,-0.02778245326253454,-0.026528802163403496
0.15,4,full_correction,output_mse,0.024053952056988237,0.025228938290183578,4.8847949410208535,0.001174986233195341,0.0011342638612584703,0.001217141917249857
0.15,4,full_correction,output_mae,0.10466054015887494,0.10729196418409022,2.5142465548340986,0.002631424025215286,0.0025508077608416596,0.0027090891972875388
0.15,4,full_correction,output_cosine,0.9463735729223117,0.9441155869086894,-0.2385935193276678,-0.002257986013622335,-0.002332230799947868,-0.0021789432813723864
0.15,4,full_correction,output_relative_rmse,0.3246988680863675,0.33248159085633233,2.3969048046988295,0.007782722769964797,0.0075349238605364605,0.008011575334482286
0.15,4,local_sparse_minus_dense,self_mass,0.031045766311005234,0.06189566359444143,99.3690958515667,0.0308498972834362,0.030059919667881258,0.031685344286569266
0.15,4,local_sparse_minus_dense,output_mse,0.0,0.025793244031926104,,0.025793244031926104,0.025026207285001573,0.026573830919414832
0.15,4,local_sparse_minus_dense,output_mae,0.0,0.11030243799541495,,0.11030243799541495,0.10872428771784448,0.1118631816759868
0.15,4,local_sparse_minus_dense,output_cosine,1.0,0.9414526196778752,-5.854738032212481,-0.05854738032212481,-0.06047600605282545,-0.05672631632332923
0.15,4,local_sparse_minus_dense,output_relative_rmse,0.0,0.34386529399004456,,0.34386529399004456,0.3381002812654818,0.3499646009474721
0.15,4,full_sparse_minus_dense,self_mass,0.031045766311005234,0.06220200279752438,100.35583008132983,0.031156236486519145,0.030347650332881435,0.031998506815595344
0.15,4,full_sparse_minus_dense,output_mse,0.0,0.024053952056988237,,0.024053952056988237,0.023333246494761775,0.024795021788770556
0.15,4,full_sparse_minus_dense,output_mae,0.0,0.10466054015887494,,0.10466054015887494,0.10319455823569115,0.10613169196799391
0.15,4,full_sparse_minus_dense,output_cosine,1.0,0.9463735729223117,-5.362642707768828,-0.053626427077688284,-0.05539492783427705,-0.051958569621880696
0.15,4,full_sparse_minus_dense,output_relative_rmse,0.0,0.3246988680863675,,0.3246988680863675,0.3193617567704981,0.330328460065842
0.15,5,local_correction,self_mass,0.06560602999434195,0.036925189264669214,-43.716775321028045,-0.028680840729672735,-0.029502286329208496,-0.027860368093854504
0.15,5,local_correction,output_mse,0.02058571078600835,0.021033353846860336,2.174532934545259,0.0004476430608519877,0.00041788981667612756,0.0004785760467314049
0.15,5,local_correction,output_mae,0.09761176970641826,0.0985011904813291,0.9111818970047425,0.0008894207749108329,0.0008336074765490308,0.0009455489924221189
0.15,5,local_correction,output_cosine,0.9587274178047664,0.9572426000571189,-0.15487381711136727,-0.0014848177476475665,-0.0015599899774921772,-0.001415035472988775
0.15,5,local_correction,output_relative_rmse,0.2854019906832643,0.28784262845874764,0.855157936929718,0.0024406377754833865,0.002277730834854692,0.0026014693048637114
0.15,5,full_correction,self_mass,0.06524755704534375,0.03794964899210147,-41.83744080145654,-0.02729790805324228,-0.028069349507848076,-0.02654264292586201
0.15,5,full_correction,output_mse,0.019392551704944104,0.02103634464871599,8.476413876740118,0.0016437929437718897,0.0015694950258989594,0.0017225682206287727
0.15,5,full_correction,output_mae,0.093750909857287,0.09784948214534475,4.371768011955113,0.004098572288057767,0.003949477916072889,0.004251841339585858
0.15,5,full_correction,output_cosine,0.9617496955324896,0.9592290053842589,-0.26209419768362663,-0.0025206901482306455,-0.0026498235708762264,-0.0024010965396882994
0.15,5,full_correction,output_relative_rmse,0.27101619516906794,0.28289158925326774,4.381802377821575,0.011875394084199797,0.01136921268213579,0.012415474804280766
0.15,5,local_sparse_minus_dense,self_mass,0.034320490329870765,0.06560602999434195,91.15702999511603,0.03128553966447119,0.03032982897890785,0.03227147388264105
0.15,5,local_sparse_minus_dense,output_mse,0.0,0.02058571078600835,,0.02058571078600835,0.019864404825729785,0.0213695800167064
0.15,5,local_sparse_minus_dense,output_mae,0.0,0.09761176970641826,,0.09761176970641826,0.09610136147184675,0.0993022037686084
0.15,5,local_sparse_minus_dense,output_cosine,1.0,0.9587274178047664,-4.127258219523355,-0.04127258219523355,-0.042758142166227725,-0.03987856391759123
0.15,5,local_sparse_minus_dense,output_relative_rmse,0.0,0.2854019906832643,,0.2854019906832643,0.280273065230358,0.29078393508849937
0.15,5,full_sparse_minus_dense,self_mass,0.034320490329870765,0.06524755704534375,90.11254331805301,0.030927066715472996,0.029972051605261642,0.031879744501547215
0.15,5,full_sparse_minus_dense,output_mse,0.0,0.019392551704944104,,0.019392551704944104,0.018691292342543877,0.020164704914325662
0.15,5,full_sparse_minus_dense,output_mae,0.0,0.093750909857287,,0.093750909857287,0.09220344926288816,0.09546985765903931
0.15,5,full_sparse_minus_dense,output_cosine,1.0,0.9617496955324896,-3.825030446751043,-0.03825030446751043,-0.03966456871567061,-0.03689771485272406
0.15,5,full_sparse_minus_dense,output_relative_rmse,0.0,0.27101619516906794,,0.27101619516906794,0.26600443479328534,0.2763379688440182
0.15,6,local_correction,self_mass,0.07086810827028481,0.03988846570011143,-43.7145047699308,-0.030979642570173382,-0.032139480921368126,-0.029869742209255416
0.15,6,local_correction,output_mse,0.020627267234052244,0.021000433576773503,1.8090924914436757,0.0003731663427212578,0.00034234592029633873,0.00040393033633563414
0.15,6,local_correction,output_mae,0.10075973596516027,0.10136296767692934,0.5986832994259172,0.000603231711769088,0.0005484789913680283,0.0006621542720192035
0.15,6,local_correction,output_cosine,0.9638957099329369,0.9625411528007437,-0.1405294284676839,-0.0013545571321932019,-0.0014322143930864263,-0.0012805563305543506
0.15,6,local_correction,output_relative_rmse,0.2707054256655586,0.27257008420322865,0.688814615771216,0.0018646585376700402,0.0017114200477711492,0.002025667528141639
0.15,6,full_correction,self_mass,0.06975466319060311,0.04062597666491759,-41.758765928081424,-0.02912868652568553,-0.030204767766088027,-0.028094867867283334
0.15,6,full_correction,output_mse,0.01987254668794473,0.02199842702899938,10.697573765642577,0.0021258803410546534,0.0020207491458677394,0.0022348534923594342
0.15,6,full_correction,output_mae,0.09797673794188692,0.10305217872640544,5.180250834161182,0.005075440784518529,0.0048732565711664694,0.0052743207766373715
0.15,6,full_correction,output_cosine,0.9659013523487373,0.9632119273107189,-0.2784368229197143,-0.0026894250380185714,-0.002820139454464275,-0.002560864465097741
0.15,6,full_correction,output_relative_rmse,0.25917008389660623,0.2729057247973591,5.299855868485404,0.013735640900752815,0.01325514258193531,0.01423701616695325
0.15,6,local_sparse_minus_dense,self_mass,0.03739669410727704,0.07086810827028481,89.50367127904642,0.033471414163007765,0.03218734172835601,0.03476750131678348
0.15,6,local_sparse_minus_dense,output_mse,0.0,0.020627267234052244,,0.020627267234052244,0.01990590128224123,0.02139618991500735
0.15,6,local_sparse_minus_dense,output_mae,0.0,0.10075973596516027,,0.10075973596516027,0.09901868957810317,0.10249674717169908
0.15,6,local_sparse_minus_dense,output_cosine,1.0,0.9638957099329369,-3.610429006706306,-0.03610429006706302,-0.037320378894704236,-0.03493872054386884
0.15,6,local_sparse_minus_dense,output_relative_rmse,0.0,0.2707054256655586,,0.2707054256655586,0.2660349134446733,0.2757416036876142
0.15,6,full_sparse_minus_dense,self_mass,0.03739669410727704,0.06975466319060311,86.52628221762927,0.03235796908332607,0.03114786501592448,0.03359790097194377
0.15,6,full_sparse_minus_dense,output_mse,0.0,0.01987254668794473,,0.01987254668794473,0.019110182538404765,0.02069329750860523
0.15,6,full_sparse_minus_dense,output_mae,0.0,0.09797673794188692,,0.09797673794188692,0.09613617833513975,0.09995901868808992
0.15,6,full_sparse_minus_dense,output_cosine,1.0,0.9659013523487373,-3.4098647651262692,-0.03409864765126258,-0.03539307699005196,-0.03286217452356746
0.15,6,full_sparse_minus_dense,output_relative_rmse,0.0,0.25917008389660623,,0.25917008389660623,0.25427249873040036,0.26437365705763416
0.15,7,local_correction,self_mass,0.04490931996123966,0.02415283236584287,-46.21866377248932,-0.020756487595396795,-0.021266466957039397,-0.02023602345063651
0.15,7,local_correction,output_mse,0.011808519329179035,0.012036768485510645,1.9329193607500184,0.00022824915633160947,0.00021348339399006964,0.0002436230916600834
0.15,7,local_correction,output_mae,0.07891451066461741,0.07940961517427543,0.6273934989753593,0.0004951045096580256,0.0004607862760773679,0.0005275243917822085
0.15,7,local_correction,output_cosine,0.9605946034231845,0.9595068909111433,-0.11323325242147408,-0.0010877125120411389,-0.0011454265021408636,-0.0010303393229454177
0.15,7,local_correction,output_relative_rmse,0.2815119543568775,0.28344125532748876,0.6853353616967484,0.0019293009706113139,0.0018136205579745914,0.0020439684198815156
0.15,7,full_correction,self_mass,0.04433512888723119,0.024548919645970575,-44.628739642525716,-0.01978620924126062,-0.02025644581217847,-0.01930794489814029
0.15,7,full_correction,output_mse,0.011180762738604244,0.012915530990994739,15.515652133470237,0.001734768252390495,0.001657307451686544,0.0018138768564824658
0.15,7,full_correction,output_mae,0.07646408604341559,0.08184647597469545,7.039108436114416,0.005382389931279855,0.005152273333169432,0.005616612541689391
0.15,7,full_correction,output_cosine,0.962299026354837,0.9589140585352045,-0.3517584167631038,-0.0033849678196323464,-0.003614116476092024,-0.003176833330750629
0.15,7,full_correction,output_relative_rmse,0.26994304979113315,0.28989546732918825,7.391343305001996,0.01995241753805506,0.019020308314975403,0.02096007648979139
0.15,7,local_sparse_minus_dense,self_mass,0.023122482775647768,0.04490931996123966,94.22360650880208,0.0217868371855919,0.021222855854345354,0.022336744327151336
0.15,7,local_sparse_minus_dense,output_mse,0.0,0.011808519329179035,,0.011808519329179035,0.011481474790525682,0.01214438889562075
0.15,7,local_sparse_minus_dense,output_mae,0.0,0.07891451066461741,,0.07891451066461741,0.07783482872346213,0.07997606282309183
0.15,7,local_sparse_minus_dense,output_cosine,1.0,0.9605946034231845,-3.940539657681552,-0.03940539657681559,-0.04095134073189304,-0.037939799354838516
0.15,7,local_sparse_minus_dense,output_relative_rmse,0.0,0.2815119543568775,,0.2815119543568775,0.27588963116274196,0.28732189060968566
0.15,7,full_sparse_minus_dense,self_mass,0.023122482775647768,0.04433512888723119,91.7403477706306,0.021212646111583425,0.02068740088250441,0.021725500522384776
0.15,7,full_sparse_minus_dense,output_mse,0.0,0.011180762738604244,,0.011180762738604244,0.010836257353463451,0.011547738245858835
0.15,7,full_sparse_minus_dense,output_mae,0.0,0.07646408604341559,,0.07646408604341559,0.07529731865740057,0.07769802300978579
0.15,7,full_sparse_minus_dense,output_cosine,1.0,0.962299026354837,-3.7700973645163005,-0.037700973645163074,-0.0393351261106242,-0.03613263058941811
0.15,7,full_sparse_minus_dense,output_relative_rmse,0.0,0.26994304979113315,,0.26994304979113315,0.26404460739916735,0.27608539244247365
0.15,8,local_correction,self_mass,0.06641342666883551,0.03649833093660012,-45.043746773381066,-0.029915095732235386,-0.03084226216117258,-0.02902278631819873
0.15,8,local_correction,output_mse,0.014773293734909506,0.015064033227417895,1.968007255019688,0.00029073949250838887,0.00026480563053231284,0.00031757924778617067
0.15,8,local_correction,output_mae,0.08789081652624493,0.08843805313881603,0.622632300164927,0.0005472366125710928,0.0004935499277053167,0.0005988704799771476
0.15,8,local_correction,output_cosine,0.9595264749950729,0.9578702486663436,-0.17260871605838668,-0.0016562263287293426,-0.0017453691587434124,-0.0015680612239520975
0.15,8,local_correction,output_relative_rmse,0.2858329278994157,0.288017045968445,0.7641240234567581,0.002184118069029255,0.0019952113239317735,0.002380366766556106
0.15,8,full_correction,self_mass,0.06577314718189578,0.03718994520386332,-43.45725148134626,-0.02858320197803247,-0.029458097137778808,-0.02773125562282246
0.15,8,full_correction,output_mse,0.01436127352682585,0.016600701050189553,15.593516265675266,0.0022394275233637018,0.0021249300092241207,0.002358244530978482
0.15,8,full_correction,output_mae,0.08652689883335066,0.0927285894540546,7.167355705938672,0.006201690620703934,0.005918172052770388,0.006479762616678879
0.15,8,full_correction,output_cosine,0.9603735800871316,0.9560042129208645,-0.45496536523533804,-0.004369367166267093,-0.004634276172146204,-0.00409687813613952
0.15,8,full_correction,output_relative_rmse,0.2774097232225662,0.2981702302883302,7.483698417127149,0.020760507065764003,0.019764275309717045,0.021724234834740248
0.15,8,local_sparse_minus_dense,self_mass,0.034760075401815506,0.06641342666883551,91.06237803318102,0.03165335126701999,0.030668734548131245,0.03268684070220805
0.15,8,local_sparse_minus_dense,output_mse,0.0,0.014773293734909506,,0.014773293734909506,0.014326897376290997,0.0152647249868437
0.15,8,local_sparse_minus_dense,output_mae,0.0,0.08789081652624493,,0.08789081652624493,0.08653148032890384,0.08928501834743656
0.15,8,local_sparse_minus_dense,output_cosine,1.0,0.9595264749950729,-4.047352500492707,-0.04047352500492707,-0.0418977634680535,-0.03908529996551805
0.15,8,local_sparse_minus_dense,output_relative_rmse,0.0,0.2858329278994157,,0.2858329278994157,0.28039466068427527,0.291518307568731
0.15,8,full_sparse_minus_dense,self_mass,0.034760075401815506,0.06577314718189578,89.2203812033747,0.03101307178008028,0.030063483365445145,0.03202640483016144
0.15,8,full_sparse_minus_dense,output_mse,0.0,0.01436127352682585,,0.01436127352682585,0.013908457723387831,0.014862883301388288
0.15,8,full_sparse_minus_dense,output_mae,0.0,0.08652689883335066,,0.08652689883335066,0.08517838012412539,0.08798778222144392
0.15,8,full_sparse_minus_dense,output_cosine,1.0,0.9603735800871316,-3.9626419912868416,-0.039626419912868485,-0.041259748965967444,-0.03812581573050313
0.15,8,full_sparse_minus_dense,output_relative_rmse,0.0,0.2774097232225662,,0.2774097232225662,0.27179218822384427,0.2833650684036305
0.3,3,local_correction,self_mass,0.03035468132782171,0.015959248219530764,-47.42409565372954,-0.014395433108290945,-0.014786524387980648,-0.014013456505136903
0.3,3,local_correction,output_mse,0.007577141831461631,0.007794341545528975,2.8665124515089957,0.0002171997140673435,0.0002043246344811677,0.00023082027198692372
0.3,3,local_correction,output_mae,0.06089475976659742,0.061371198675866864,0.7823972228408138,0.00047643890926944287,0.0004496585058556472,0.0005036300949692914
0.3,3,local_correction,output_cosine,0.9591700439147341,0.9580776882939971,-0.11388550212418913,-0.0010923556207368844,-0.0011519046868973812,-0.0010355957919576586
0.3,3,local_correction,output_relative_rmse,0.2895630195465249,0.29160827239441767,0.7063239121817944,0.0020452528478926988,0.0019291355811825893,0.0021614118410070637
0.3,3,full_correction,self_mass,0.030354681369772155,0.015959248195675478,-47.42409580497841,-0.014395433174096677,-0.01478652442079588,-0.014013456581414611
0.3,3,full_correction,output_mse,0.007577141850257855,0.007794341533553962,2.866512038292046,0.00021719968329610612,0.00020432459433455572,0.00023082025317269956
0.3,3,full_correction,output_mae,0.060894759687774545,0.06137119869951372,0.7823973921270433,0.0004764390117391786,0.00044965863356386155,0.0005036302680612905
0.3,3,full_correction,output_cosine,0.959170043875929,0.958077688604438,-0.11388546571751146,-0.0010923552714909085,-0.0011519049798759341,-0.0010355961960158348
0.3,3,full_correction,output_relative_rmse,0.2895630195295477,0.2916082722173693,0.7063238569429586,0.0020452526878216282,0.0019291356774677599,0.002161411866472918
0.3,3,local_sparse_minus_dense,self_mass,0.015408688588991028,0.03035468132782171,96.99717566820756,0.014945992738830682,0.014527502103184988,0.015370864169146141
0.3,3,local_sparse_minus_dense,output_mse,0.0,0.007577141831461631,,0.007577141831461631,0.007369562920373103,0.007785994205590895
0.3,3,local_sparse_minus_dense,output_mae,0.0,0.06089475976659742,,0.06089475976659742,0.06009831944663044,0.06172626376387598
0.3,3,local_sparse_minus_dense,output_cosine,1.0,0.9591700439147341,-4.082995608526585,-0.04082995608526592,-0.04255981415384061,-0.03917530314599086
0.3,3,local_sparse_minus_dense,output_relative_rmse,0.0,0.2895630195465249,,0.2895630195465249,0.283235094904497,0.29605548530623005
0.3,3,full_sparse_minus_dense,self_mass,0.015408688588991028,0.030354681369772155,96.99717594045944,0.014945992780781125,0.014527502141444396,0.015370864157827667
0.3,3,full_sparse_minus_dense,output_mse,0.0,0.007577141850257855,,0.007577141850257855,0.00736956294675224,0.0077859942364360306
0.3,3,full_sparse_minus_dense,output_mae,0.0,0.060894759687774545,,0.060894759687774545,0.0600983193956381,0.06172626375353805
0.3,3,full_sparse_minus_dense,output_cosine,1.0,0.959170043875929,-4.082995612407103,-0.04082995612407103,-0.04255981503423149,-0.03917530303006061
0.3,3,full_sparse_minus_dense,output_relative_rmse,0.0,0.2895630195295477,,0.2895630195295477,0.28323509615699244,0.2960554858435596
0.3,4,local_correction,self_mass,0.0486907713943765,0.02594013316873619,-46.72474387675829,-0.022750638225640312,-0.023310564389151977,-0.022213278102566396
0.3,4,local_correction,output_mse,0.025281979016161433,0.025969574188290302,2.719704702267678,0.0006875951721288707,0.0006627374236074959,0.0007151847192896338
0.3,4,local_correction,output_mae,0.10946016926997497,0.11068471002848432,1.118708994035189,0.001224540758509344,0.0011900868374444447,0.0012622060975142327
0.3,4,local_correction,output_cosine,0.9421918873752777,0.9400218440180955,-0.2303186204699159,-0.00217004335718229,-0.002250121741963084,-0.0020913498767185915
0.3,4,local_correction,output_relative_rmse,0.34205850754127215,0.346221508977275,1.2170436765121417,0.004163001436002862,0.004047236132707139,0.004284624194891269
0.3,4,full_correction,self_mass,0.04921834526226121,0.02710434249293788,-44.93040684624463,-0.022114002769323328,-0.022632019093292877,-0.021609558229739412
0.3,4,full_correction,output_mse,0.023470649242540276,0.02474725732603626,5.4391681725708185,0.0012766080834959817,0.0012295596099136219,0.001325364657867567
0.3,4,full_correction,output_mae,0.10362077380887058,0.10642314425179697,2.7044484806641123,0.0028023704429263785,0.002721677262237182,0.0028846970215151177
0.3,4,full_correction,output_cosine,0.9476883283932693,0.9454663671203889,-0.23446118373617875,-0.0022219612728804385,-0.0022965897548905038,-0.002144786308538947
0.3,4,full_correction,output_relative_rmse,0.32171447241853457,0.33039221237413585,2.6973421153127175,0.008677739955601284,0.008414519089152845,0.008946685173820393
0.3,4,local_sparse_minus_dense,self_mass,0.02405557669631738,0.0486907713943765,102.40949534928619,0.024635194698059117,0.024010475098710536,0.025288938828105265
0.3,4,local_sparse_minus_dense,output_mse,0.0,0.025281979016161433,,0.025281979016161433,0.024523200970853056,0.02610686129845874
0.3,4,local_sparse_minus_dense,output_mae,0.0,0.10946016926997497,,0.10946016926997497,0.10786358456904659,0.11115759234814201
0.3,4,local_sparse_minus_dense,output_cosine,1.0,0.9421918873752777,-5.78081126247223,-0.05780811262472223,-0.05968328192296516,-0.05609754403412808
0.3,4,local_sparse_minus_dense,output_relative_rmse,0.0,0.34205850754127215,,0.34205850754127215,0.33639675097086486,0.3479762359450736
0.3,4,full_sparse_minus_dense,self_mass,0.02405557669631738,0.04921834526226121,104.60264114057156,0.02516276856594383,0.024524000506529357,0.025834716632241832
0.3,4,full_sparse_minus_dense,output_mse,0.0,0.023470649242540276,,0.023470649242540276,0.022730088334447864,0.024273130872927595
0.3,4,full_sparse_minus_dense,output_mae,0.0,0.10362077380887058,,0.10362077380887058,0.10209444761124663,0.10523494072928467
0.3,4,full_sparse_minus_dense,output_cosine,1.0,0.9476883283932693,-5.231167160673067,-0.05231167160673067,-0.05406065457597531,-0.05071706339804224
0.3,4,full_sparse_minus_dense,output_relative_rmse,0.0,0.32171447241853457,,0.32171447241853457,0.31644669461456937,0.32712977066294113
0.3,5,local_correction,self_mass,0.05272654722981922,0.029025052793031136,-44.95172864910037,-0.023701494436788074,-0.0243944592271229,-0.023032509341718802
0.3,5,local_correction,output_mse,0.019843224437295248,0.020319730533174152,2.4013541618937317,0.00047650609587890347,0.00044862442936638046,0.0005055393420036579
0.3,5,local_correction,output_mae,0.09571863028637986,0.09664760838374302,0.9705300781924553,0.0009289780973631419,0.000881024099301915,0.0009789061085333126
0.3,5,local_correction,output_cosine,0.9604958163690753,0.9591859460342675,-0.1363743925256733,-0.0013098703348077816,-0.0013732040558049094,-0.0012472227400091081
0.3,5,local_correction,output_relative_rmse,0.2774953330614759,0.2801798873770167,0.967423230482245,0.002684554315540784,0.002548208494348123,0.0028217573744768764
0.3,5,full_correction,self_mass,0.05270483321040349,0.03006105833598364,-42.96337450499732,-0.022643774874419854,-0.023282385396119782,-0.022022270722603324
0.3,5,full_correction,output_mse,0.019395826637226797,0.021258512403164787,9.603538950811718,0.0018626857659379916,0.0017728073280361895,0.0019556806863931797
0.3,5,full_correction,output_mae,0.09399159147263467,0.09855026191386665,4.850083257244586,0.0045586704412320005,0.004391827587975665,0.004734023842987274
0.3,5,full_correction,output_cosine,0.9623101562222777,0.9595246774260886,-0.28945748708752994,-0.002785478796189033,-0.0029288772804041724,-0.0026425578713921496
0.3,5,full_correction,output_relative_rmse,0.26843082406897645,0.28211578865739284,5.098134551380684,0.013684964588416431,0.013108501403136567,0.014265804914975892
0.3,5,local_sparse_minus_dense,self_mass,0.02708008775600016,0.05272654722981922,94.70596884656162,0.02564645947381905,0.024872448298517234,0.026459435961839972
0.3,5,local_sparse_minus_dense,output_mse,0.0,0.019843224437295248,,0.019843224437295248,0.019094336115426814,0.020644398311535878
0.3,5,local_sparse_minus_dense,output_mae,0.0,0.09571863028637986,,0.09571863028637986,0.0941095335493325,0.09748682738666807
0.3,5,local_sparse_minus_dense,output_cosine,1.0,0.9604958163690753,-3.950418363092467,-0.03950418363092467,-0.04095733781432499,-0.03809198885525499
0.3,5,local_sparse_minus_dense,output_relative_rmse,0.0,0.2774953330614759,,0.2774953330614759,0.2722834009803288,0.2830461098328669
0.3,5,full_sparse_minus_dense,self_mass,0.02708008775600016,0.05270483321040349,94.62578439660201,0.025624745454403332,0.02486895018553241,0.026407055247839633
0.3,5,full_sparse_minus_dense,output_mse,0.0,0.019395826637226797,,0.019395826637226797,0.018618948031854644,0.02023548362345859
0.3,5,full_sparse_minus_dense,output_mae,0.0,0.09399159147263467,,0.09399159147263467,0.09234334025359203,0.09589130215417753
0.3,5,full_sparse_minus_dense,output_cosine,1.0,0.9623101562222777,-3.768984377772233,-0.03768984377772236,-0.039196816114902805,-0.03627936154274115
0.3,5,full_sparse_minus_dense,output_relative_rmse,0.0,0.26843082406897645,,0.26843082406897645,0.2631086062794566,0.2740050321539456
0.3,6,local_correction,self_mass,0.05503122484545504,0.030208426552462697,-45.106752325979585,-0.02482279829299235,-0.025758475057544198,-0.023930304758704328
0.3,6,local_correction,output_mse,0.018780728142170727,0.019181150694369837,2.1320927983617066,0.00040042255219911255,0.0003730481835608164,0.0004281834697962949
0.3,6,local_correction,output_mae,0.09670096082360638,0.09742514234070161,0.7488876128296518,0.0007241815170952273,0.0006743463341990722,0.000775325522530086
0.3,6,local_correction,output_cosine,0.9658450799179263,0.9646774802628594,-0.12088891679876701,-0.0011675996550669296,-0.0012366266887208143,-0.0011017199067282506
0.3,6,local_correction,output_relative_rmse,0.26207527873096603,0.26432448373088846,0.8582286016497465,0.002249204999922466,0.002108360608084091,0.002394676992844323
0.3,6,full_correction,self_mass,0.05433008693747374,0.030987919905480037,-42.963610676451225,-0.02334216703199369,-0.024197467085622294,-0.022516684625535768
0.3,6,full_correction,output_mse,0.018963816088216845,0.021171944642749928,11.643904076379986,0.0022081285545330807,0.0020895870929734882,0.0023316538238835464
0.3,6,full_correction,output_mae,0.09659404619499887,0.10200734924001154,5.604178785599867,0.005413303045012678,0.005205513376464903,0.005628151130137363
0.3,6,full_correction,output_cosine,0.9662137409710946,0.9633302573735515,-0.29843123475402633,-0.002883483597543093,-0.0030291579717110504,-0.0027457324414475208
0.3,6,full_correction,output_relative_rmse,0.2570544717600569,0.27209349716819514,5.8505208274206355,0.015039025408138208,0.014494544247403004,0.01560346903267297
0.3,6,local_sparse_minus_dense,self_mass,0.0285154660095183,0.05503122484545504,92.98728916822168,0.026515758835936744,0.02551283300589944,0.027591783815072785
0.3,6,local_sparse_minus_dense,output_mse,0.0,0.018780728142170727,,0.018780728142170727,0.018059248033334065,0.019555874669453032
0.3,6,local_sparse_minus_dense,output_mae,0.0,0.09670096082360638,,0.09670096082360638,0.09489556221827418,0.09856258683045477
0.3,6,local_sparse_minus_dense,output_cosine,1.0,0.9658450799179263,-3.415492008207366,-0.03415492008207366,-0.035379955675549954,-0.032992866865727895
0.3,6,local_sparse_minus_dense,output_relative_rmse,0.0,0.26207527873096603,,0.26207527873096603,0.25724558412069504,0.2670760689031643
0.3,6,full_sparse_minus_dense,self_mass,0.0285154660095183,0.05433008693747374,90.5284904666775,0.025814620927955424,0.024865140321962066,0.026830356164146
0.3,6,full_sparse_minus_dense,output_mse,0.0,0.018963816088216845,,0.018963816088216845,0.01817083007036899,0.019847064115365732
0.3,6,full_sparse_minus_dense,output_mae,0.0,0.09659404619499887,,0.09659404619499887,0.09467919453248518,0.09873509522631138
0.3,6,full_sparse_minus_dense,output_cosine,1.0,0.9662137409710946,-3.378625902890542,-0.033786259028905384,-0.03521783302615707,-0.03248484721358788
0.3,6,full_sparse_minus_dense,output_relative_rmse,0.0,0.2570544717600569,,0.2570544717600569,0.25172267009572047,0.26252204759099795
0.3,7,local_correction,self_mass,0.03608006088580851,0.01916464192136876,-46.88301114007584,-0.01691541896443975,-0.01732603354922541,-0.016513303505866377
0.3,7,local_correction,output_mse,0.011760873748319984,0.01201720608329045,2.179534790151827,0.00025633233497046604,0.00024248227894361208,0.0002713406010883545
0.3,7,local_correction,output_mae,0.0780905680124609,0.0786516173078174,0.7184597444174878,0.0005610492953564971,0.0005341054007052057,0.0005884997978076482
0.3,7,local_correction,output_cosine,0.9634810037096031,0.9626013308879919,-0.09130152210830023,-0.0008796728216111669,-0.0009280341007979598,-0.0008339528178718534
0.3,7,local_correction,output_relative_rmse,0.26924655173449236,0.271251083535996,0.7444967404746317,0.0020045318015036164,0.0019009285744687084,0.002106651393963449
0.3,7,full_correction,self_mass,0.03571270483740818,0.01956236931743168,-45.22294122919366,-0.0161503355199765,-0.016522377848454062,-0.015785417218857133
0.3,7,full_correction,output_mse,0.011642682234651147,0.013474631748560263,15.73477208247458,0.0018319495139091186,0.0017419342277018282,0.0019264680309712884
0.3,7,full_correction,output_mae,0.07757911404405604,0.08309280153359092,7.107180273293312,0.005513687489534883,0.0052624461339291885,0.0057630167814447
0.3,7,full_correction,output_cosine,0.9638031574819858,0.9603269957394029,-0.3606713378761395,-0.003476161742582924,-0.003720735617389447,-0.003230267275648664
0.3,7,full_correction,output_relative_rmse,0.264006549946013,0.2838964855570036,7.533879600736371,0.019889935610990502,0.01887938125855726,0.020945782755006803
0.3,7,local_sparse_minus_dense,self_mass,0.01832804522348397,0.03608006088580851,96.85711403406319,0.01775201566232454,0.017320567392533806,0.018201656207583496
0.3,7,local_sparse_minus_dense,output_mse,0.0,0.011760873748319984,,0.011760873748319984,0.011385931095916627,0.012152600424434468
0.3,7,local_sparse_minus_dense,output_mae,0.0,0.0780905680124609,,0.0780905680124609,0.07691956821196679,0.07924815758427334
0.3,7,local_sparse_minus_dense,output_cosine,1.0,0.9634810037096031,-3.65189962903969,-0.0365189962903969,-0.03794232238966894,-0.03515053967469915
0.3,7,local_sparse_minus_dense,output_relative_rmse,0.0,0.26924655173449236,,0.26924655173449236,0.26389551148604373,0.27504709637808744
0.3,7,full_sparse_minus_dense,self_mass,0.01832804522348397,0.03571270483740818,94.85277563397223,0.017384659613924214,0.016985485536985815,0.017790057565808582
0.3,7,full_sparse_minus_dense,output_mse,0.0,0.011642682234651147,,0.011642682234651147,0.011239968904681062,0.012054901951129675
0.3,7,full_sparse_minus_dense,output_mae,0.0,0.07757911404405604,,0.07757911404405604,0.07625106657857639,0.07891962130527949
0.3,7,full_sparse_minus_dense,output_cosine,1.0,0.9638031574819858,-3.619684251801425,-0.03619684251801421,-0.03786458992350769,-0.034602658855146726
0.3,7,full_sparse_minus_dense,output_relative_rmse,0.0,0.264006549946013,,0.264006549946013,0.2579272192048544,0.27012374145439627
0.3,8,local_correction,self_mass,0.053903039428746524,0.029179829131123824,-45.86607835037554,-0.0247232102976227,-0.025509743301088388,-0.023991918636413343
0.3,8,local_correction,output_mse,0.014713983464692621,0.015098026793642323,2.610056820243445,0.0003840433289497014,0.00035628806344618625,0.00041412236881323397
0.3,8,local_correction,output_mae,0.08688362927690227,0.08765456222196615,0.8873166918555775,0.0007709329450638813,0.0007218681576280993,0.0008213503635185292
0.3,8,local_correction,output_cosine,0.9630432183621451,0.9616397583352713,-0.14573178026846545,-0.001403460026873896,-0.0014810314033335667,-0.00132936518348288
0.3,8,local_correction,output_relative_rmse,0.2708275426412001,0.2735820382925643,1.0170662941078268,0.00275449565136417,0.0025793231222147966,0.002927667801062243
0.3,8,full_correction,self_mass,0.053456595238571936,0.029903137480137808,-44.06090147215171,-0.023553457758434128,-0.024271459073061885,-0.022866565499667504
0.3,8,full_correction,output_mse,0.015253657568412867,0.017628466484666205,15.568783458015156,0.0023748089162533388,0.0022512365719497517,0.002508524085118325
0.3,8,full_correction,output_mae,0.08852771038800711,0.09479393088258803,7.078258849253838,0.00626622049458092,0.006013422634320402,0.006532486683469565
0.3,8,full_correction,output_cosine,0.9619016534610031,0.9576787809686114,-0.4390129154261735,-0.004222872492391613,-0.004470813335986653,-0.00397071013624857
0.3,8,full_correction,output_relative_rmse,0.27112408836789353,0.29143283476878423,7.490572498793746,0.02030874640089072,0.019442701320622292,0.021198034565774532
0.3,8,local_sparse_minus_dense,self_mass,0.02777768873380637,0.053903039428746524,94.05156399187644,0.026125350694940153,0.02532402238612737,0.02700381933859101
0.3,8,local_sparse_minus_dense,output_mse,0.0,0.014713983464692621,,0.014713983464692621,0.014194960473478586,0.015296779736627287
0.3,8,local_sparse_minus_dense,output_mae,0.0,0.08688362927690227,,0.08688362927690227,0.08528838079604004,0.08857073246460155
0.3,8,local_sparse_minus_dense,output_cosine,1.0,0.9630432183621451,-3.6956781637854874,-0.036956781637854874,-0.03834950970679832,-0.035669367939408406
0.3,8,local_sparse_minus_dense,output_relative_rmse,0.0,0.2708275426412001,,0.2708275426412001,0.26577361099110325,0.27610507630621817
0.3,8,full_sparse_minus_dense,self_mass,0.02777768873380637,0.053456595238571936,92.44435975522138,0.025678906504765564,0.02490834238799806,0.026494870658027025
0.3,8,full_sparse_minus_dense,output_mse,0.0,0.015253657568412867,,0.015253657568412867,0.014657770159521988,0.015870857495910207
0.3,8,full_sparse_minus_dense,output_mae,0.0,0.08852771038800711,,0.08852771038800711,0.08686272924602842,0.09029481867528374
0.3,8,full_sparse_minus_dense,output_cosine,1.0,0.9619016534610031,-3.809834653899691,-0.03809834653899695,-0.03979996826334779,-0.03649986663561625
0.3,8,full_sparse_minus_dense,output_relative_rmse,0.0,0.27112408836789353,,0.27112408836789353,0.26515132280122394,0.27741190508550057
0.5,3,local_correction,self_mass,0.0246856110011322,0.012804867013604355,-48.12821520594706,-0.011880743987527847,-0.012146606333690593,-0.011597717916492438
0.5,3,local_correction,output_mse,0.007318849312961599,0.007565541265175095,3.3706384933572364,0.00024669195221349577,0.00023360843763716352,0.000260285727184358
0.5,3,local_correction,output_mae,0.05956408455252434,0.06012781539053927,0.9464274356769886,0.0005637308380149384,0.0005394167230103144,0.0005875569226342734
0.5,3,local_correction,output_cosine,0.9583410692672867,0.9572608043478491,-0.11272238601477413,-0.0010802649194374654,-0.0011293038788911232,-0.0010310784137497245
0.5,3,local_correction,output_relative_rmse,0.2922041392812389,0.29458291480113985,0.8140800215056032,0.0023787755199009553,0.002266559662712099,0.002493530438550809
0.5,3,full_correction,self_mass,0.0246856110089008,0.012804866991928066,-48.12821531008059,-0.011880744016972738,-0.012146606389563412,-0.0115977179980149
0.5,3,full_correction,output_mse,0.00731884929213796,0.007565541236867071,3.3706384006856327,0.0002466919447291123,0.00023360843450272268,0.00026028572536536854
0.5,3,full_correction,output_mae,0.059564084427014066,0.06012781523956316,0.9464273949175706,0.0005637308125490865,0.0005394168664527871,0.0005875568438568735
0.5,3,full_correction,output_cosine,0.9583410693254942,0.9572608041150186,-0.11272241637687586,-0.00108026521047577,-0.001129303739192742,-0.0010310776473488597
0.5,3,full_correction,output_relative_rmse,0.2922041393831023,0.29458291434760514,0.8140798311498498,0.0023787749645028567,0.0022665588330710302,0.002493530047892517
0.5,3,local_sparse_minus_dense,self_mass,0.012383508855236869,0.0246856110011322,99.34262000945628,0.012302102145895333,0.01199931287780866,0.012589191204940182
0.5,3,local_sparse_minus_dense,output_mse,0.0,0.007318849312961599,,0.007318849312961599,0.007118251997266611,0.0075211224043727045
0.5,3,local_sparse_minus_dense,output_mae,0.0,0.05956408455252434,,0.05956408455252434,0.058734214390233325,0.060372290559431954
0.5,3,local_sparse_minus_dense,output_cosine,1.0,0.9583410692672867,-4.165893073271332,-0.041658930732713394,-0.04334071354678599,-0.04002207993471529
0.5,3,local_sparse_minus_dense,output_relative_rmse,0.0,0.2922041392812389,,0.2922041392812389,0.28599479004818323,0.2985847591839047
0.5,3,full_sparse_minus_dense,self_mass,0.012383508855236869,0.0246856110089008,99.3426200721897,0.012302102153663935,0.011999312861844184,0.01258919129123986
0.5,3,full_sparse_minus_dense,output_mse,0.0,0.00731884929213796,,0.00731884929213796,0.007118252020258827,0.007521122368883937
0.5,3,full_sparse_minus_dense,output_mae,0.0,0.059564084427014066,,0.059564084427014066,0.058734214249231316,0.06037229046852796
0.5,3,full_sparse_minus_dense,output_cosine,1.0,0.9583410693254942,-4.165893067450577,-0.04165893067450573,-0.043340714032334894,-0.0400220798808732
0.5,3,full_sparse_minus_dense,output_relative_rmse,0.0,0.2922041393831023,,0.2922041393831023,0.28599479052688065,0.2985847596594491
0.5,4,local_correction,self_mass,0.0334423607895739,0.017434355833377897,-47.86744888293505,-0.016008004956195993,-0.016357420481172846,-0.015675356118675647
0.5,4,local_correction,output_mse,0.019734051222220238,0.020220486398822384,2.4649534508881077,0.0004864351766021477,0.0004667774371265903,0.0005065385267774522
0.5,4,local_correction,output_mae,0.09799561330025122,0.09897891916443768,1.0034182460532115,0.0009833058641864532,0.0009536225253820402,0.0010152060139565343
0.5,4,local_correction,output_cosine,0.9479558525490575,0.9463402439141646,-0.17043078858034466,-0.0016156086348928476,-0.0016717832845946146,-0.001557221465433626
0.5,4,local_correction,output_relative_rmse,0.32591838735000545,0.3295004165532494,1.0990571082438505,0.0035820292032440176,0.003477384928676956,0.0036897116373438583
0.5,4,full_correction,self_mass,0.03393018998531261,0.018126778359847627,-46.576254457478186,-0.015803411625464982,-0.01613763138637078,-0.015483122994149785
0.5,4,full_correction,output_mse,0.018082892355323565,0.019114677864081386,5.705865458265946,0.001031785508757821,0.000985561504833754,0.0010793972402893812
0.5,4,full_correction,output_mae,0.09231362092517278,0.09488166435160869,2.781868375109564,0.0025680434264359064,0.0024758282006890416,0.0026689115624321863
0.5,4,full_correction,output_cosine,0.9539637576866274,0.9520691184831473,-0.19860704227114834,-0.001894639203480133,-0.0019767257763305753,-0.0018151902797399109
0.5,4,full_correction,output_relative_rmse,0.30468482560778887,0.31361558785526233,2.931147696528136,0.008930762247473464,0.008572835168464122,0.00930613917971641
0.5,4,local_sparse_minus_dense,self_mass,0.016432811217365877,0.0334423607895739,103.50967553398687,0.017009549572208016,0.016638819690174007,0.017389624908427475
0.5,4,local_sparse_minus_dense,output_mse,0.0,0.019734051222220238,,0.019734051222220238,0.019117545568665642,0.020369999985740607
0.5,4,local_sparse_minus_dense,output_mae,0.0,0.09799561330025122,,0.09799561330025122,0.0964972452562506,0.09954027265139302
0.5,4,local_sparse_minus_dense,output_cosine,1.0,0.9479558525490575,-5.204414745094255,-0.052044147450942546,-0.053582090870380246,-0.05058378982697226
0.5,4,local_sparse_minus_dense,output_relative_rmse,0.0,0.32591838735000545,,0.32591838735000545,0.3209007238550839,0.3312037648069236
0.5,4,full_sparse_minus_dense,self_mass,0.016432811217365877,0.03393018998531261,106.47830451223004,0.01749737876794673,0.017105258313795463,0.01789801644105656
0.5,4,full_sparse_minus_dense,output_mse,0.0,0.018082892355323565,,0.018082892355323565,0.01750079652117525,0.018687484449993498
0.5,4,full_sparse_minus_dense,output_mae,0.0,0.09231362092517278,,0.09231362092517278,0.09089364979651388,0.0937747407052484
0.5,4,full_sparse_minus_dense,output_cosine,1.0,0.9539637576866274,-4.603624231337255,-0.04603624231337259,-0.047444455816973166,-0.04469628996982162
0.5,4,full_sparse_minus_dense,output_relative_rmse,0.0,0.30468482560778887,,0.30468482560778887,0.3000568227890956,0.3096068026604674
0.5,5,local_correction,self_mass,0.03667570517821635,0.019546136121713666,-46.70549338660527,-0.017129569056502682,-0.017600290015980135,-0.016664084975887287
0.5,5,local_correction,output_mse,0.015376454708227055,0.015719528867824316,2.2311655456813684,0.00034307415959726007,0.00032185495324957476,0.0003651850502914536
0.5,5,local_correction,output_mae,0.08525085324981774,0.08600087407285173,0.8797810161924602,0.0007500208230339924,0.0007139220395098778,0.0007882362354697162
0.5,5,local_correction,output_cosine,0.9660447203398992,0.9651565741320762,-0.09193634509078175,-0.0008881462078231079,-0.0009348460085069184,-0.0008436769838832922
0.5,5,local_correction,output_relative_rmse,0.2565753500287732,0.25892870671911317,0.9172185442116954,0.0023533566903400525,0.0022406221795487594,0.0024664585770248475
0.5,5,full_correction,self_mass,0.03715569253639235,0.020555659874844423,-44.676956687831705,-0.016600032661547935,-0.01704963701356519,-0.016158340688474482
0.5,5,full_correction,output_mse,0.015425993241630447,0.017047302691328994,10.510243485152614,0.0016213094496985527,0.001538570727934522,0.0017040823756711155
0.5,5,full_correction,output_mae,0.08486938158299986,0.08936667785261912,5.299079816224439,0.004497296269619256,0.0043165630485115505,0.004675844203332722
0.5,5,full_correction,output_cosine,0.9672893790605788,0.9644844319554977,-0.28998014097965097,-0.0028049471050811308,-0.0029703566838482735,-0.0026499741240210467
0.5,5,full_correction,output_relative_rmse,0.2511616038973443,0.2657672050869829,5.815220544461996,0.014605601189638641,0.013906406895875986,0.01533793425818051
0.5,5,local_sparse_minus_dense,self_mass,0.018513598320699508,0.03667570517821635,98.10144166955553,0.018162106857516847,0.017628311055178376,0.018707417448782356
0.5,5,local_sparse_minus_dense,output_mse,0.0,0.015376454708227055,,0.015376454708227055,0.01472117514343457,0.016058941483680658
0.5,5,local_sparse_minus_dense,output_mae,0.0,0.08525085324981774,,0.08525085324981774,0.08367462307625526,0.08686644300175127
0.5,5,local_sparse_minus_dense,output_cosine,1.0,0.9660447203398992,-3.3955279660100812,-0.03395527966010074,-0.03513281048896412,-0.03273034178322027
0.5,5,local_sparse_minus_dense,output_relative_rmse,0.0,0.2565753500287732,,0.2565753500287732,0.25142503252269915,0.2617186934480438
0.5,5,full_sparse_minus_dense,self_mass,0.018513598320699508,0.03715569253639235,100.69406223883375,0.018642094215692854,0.0180948376705544,0.01918845580054267
0.5,5,full_sparse_minus_dense,output_mse,0.0,0.015425993241630447,,0.015425993241630447,0.014758621404919837,0.016165591837328935
0.5,5,full_sparse_minus_dense,output_mae,0.0,0.08486938158299986,,0.08486938158299986,0.08317548648947196,0.08664399199234744
0.5,5,full_sparse_minus_dense,output_cosine,1.0,0.9672893790605788,-3.271062093942123,-0.03271062093942116,-0.03401678027876187,-0.03148550224044206
0.5,5,full_sparse_minus_dense,output_relative_rmse,0.0,0.2511616038973443,,0.2511616038973443,0.24585056047726542,0.2565185907921962
0.5,6,local_correction,self_mass,0.03518572413137614,0.01866758221914703,-46.94557898127611,-0.016518141912229112,-0.017134060920263514,-0.01591791204601994
0.5,6,local_correction,output_mse,0.01397242308788312,0.014239293337595882,1.9099783053677433,0.0002668702497127622,0.00024898180625048863,0.00028437606229658746
0.5,6,local_correction,output_mae,0.08486367439157523,0.0854521295853677,0.6934123439874096,0.00058845519379247,0.0005527390028873929,0.0006234043485164876
0.5,6,local_correction,output_cosine,0.9703966329689138,0.9696505184983835,-0.07688757825216053,-0.0007461144705303065,-0.0007905213632814998,-0.000702178125599563
0.5,6,local_correction,output_relative_rmse,0.24228218799059198,0.24429894785862416,0.8324012114792723,0.0020167598680321443,0.0019109605415602953,0.0021165424098702115
0.5,6,full_correction,self_mass,0.03534544865518304,0.01957636693331703,-44.614178973092876,-0.01576908172186601,-0.016344011724417365,-0.01520928052118696
0.5,6,full_correction,output_mse,0.014598298583299158,0.01638130888765469,12.213822687496911,0.0017830103043555332,0.0016833389677344713,0.0018872445545052112
0.5,6,full_correction,output_mae,0.08630162828679508,0.09137456966224515,5.8781525634624465,0.005072941375450075,0.004881870064673421,0.005283229024522976
0.5,6,full_correction,output_cosine,0.9699156629115653,0.9671381005706887,-0.28637153178232566,-0.0027775623408767035,-0.0029484510363545183,-0.0026150427618025092
0.5,6,full_correction,output_relative_rmse,0.24247841520021512,0.2575025688226257,6.196078776745995,0.015024153622410571,0.014407285272803466,0.015709191925270715
0.5,6,local_sparse_minus_dense,self_mass,0.01785771982974893,0.03518572413137614,97.0336888854126,0.01732800430162721,0.01666122972802953,0.01800753526183598
0.5,6,local_sparse_minus_dense,output_mse,0.0,0.01397242308788312,,0.01397242308788312,0.01335983433610295,0.014586962937397628
0.5,6,local_sparse_minus_dense,output_mae,0.0,0.08486367439157523,,0.08486367439157523,0.08308514944174021,0.08666998843352
0.5,6,local_sparse_minus_dense,output_cosine,1.0,0.9703966329689138,-2.9603367031086236,-0.029603367031086236,-0.030699262355240835,-0.028529514958305906
0.5,6,local_sparse_minus_dense,output_relative_rmse,0.0,0.24228218799059198,,0.24228218799059198,0.23772716398549767,0.24700718981027117
0.5,6,full_sparse_minus_dense,self_mass,0.01785771982974893,0.03534544865518304,97.9281173193318,0.01748772882543411,0.016852916212302678,0.01814370492130877
0.5,6,full_sparse_minus_dense,output_mse,0.0,0.014598298583299158,,0.014598298583299158,0.013889610475916924,0.015333019044305729
0.5,6,full_sparse_minus_dense,output_mae,0.0,0.08630162828679508,,0.08630162828679508,0.08429588130256889,0.08826288421535841
0.5,6,full_sparse_minus_dense,output_cosine,1.0,0.9699156629115653,-3.008433708843472,-0.030084337088434648,-0.03139100626382666,-0.028806995687288395
0.5,6,full_sparse_minus_dense,output_relative_rmse,0.0,0.24247841520021512,,0.24247841520021512,0.23711508603058368,0.24800143592819948
0.5,7,local_correction,self_mass,0.02368950795926139,0.012352054419541977,-47.85854378747047,-0.011337453539719414,-0.011599564013070562,-0.011075244624114569
0.5,7,local_correction,output_mse,0.010121911922472766,0.01029897696446369,1.7493240738224891,0.00017706504199092388,0.00016658375564588803,0.00018800993871650443
0.5,7,local_correction,output_mae,0.0718227574610258,0.07225981017351538,0.6085156403619507,0.00043705271248957917,0.00041591181808750386,0.00045812798310483643
0.5,7,local_correction,output_cosine,0.9694455951879112,0.9689463554920318,-0.05149744331786055,-0.000499239695879318,-0.0005267929698068968,-0.00047004309502274777
0.5,7,local_correction,output_relative_rmse,0.2437949372809574,0.24532028485070137,0.6256682713579487,0.0015253475697439478,0.0014388518862081883,0.0016095699428963892
0.5,7,full_correction,self_mass,0.023701858302918787,0.012732159555052174,-46.28201977950286,-0.010969698747866612,-0.011208386105145489,-0.010728009898913152
0.5,7,full_correction,output_mse,0.01046071803803746,0.011984430739479041,14.566043132995542,0.0015237127014415819,0.0014338442913943556,0.0016187070715877403
0.5,7,full_correction,output_mae,0.07323593085917915,0.07827363457060224,6.8787324095187286,0.005037703711423092,0.004762671860771662,0.0053232679114141
0.5,7,full_correction,output_cosine,0.9686157495016232,0.9652900188229978,-0.3433488130186402,-0.0033257306786254014,-0.0036000297176845657,-0.003067733136413151
0.5,7,full_correction,output_relative_rmse,0.24478505586254565,0.2625276834345035,7.248247859510215,0.01774262757195781,0.0166789392155503,0.018805706208331687
0.5,7,local_sparse_minus_dense,self_mass,0.011884840605868401,0.02368950795926139,99.3254158374171,0.011804667353392992,0.01151891026741841,0.012086499276409769
0.5,7,local_sparse_minus_dense,output_mse,0.0,0.010121911922472766,,0.010121911922472766,0.009713315083685834,0.010521222608812763
0.5,7,local_sparse_minus_dense,output_mae,0.0,0.0718227574610258,,0.0718227574610258,0.07046825155786487,0.07313951345380094
0.5,7,local_sparse_minus_dense,output_cosine,1.0,0.9694455951879112,-3.055440481208882,-0.030554404812088855,-0.03177702408817518,-0.029311990936791214
0.5,7,local_sparse_minus_dense,output_relative_rmse,0.0,0.2437949372809574,,0.2437949372809574,0.23836888713461424,0.24908077615048874
0.5,7,full_sparse_minus_dense,self_mass,0.011884840605868401,0.023701858302918787,99.42933261734679,0.011817017697050384,0.011541124843006399,0.012091029237396354
0.5,7,full_sparse_minus_dense,output_mse,0.0,0.01046071803803746,,0.01046071803803746,0.010029934236356059,0.010904323802362606
0.5,7,full_sparse_minus_dense,output_mae,0.0,0.07323593085917915,,0.07323593085917915,0.07178249001332614,0.07471792556146588
0.5,7,full_sparse_minus_dense,output_cosine,1.0,0.9686157495016232,-3.1384250498376787,-0.03138425049837679,-0.032926912102751275,-0.029901533137793503
0.5,7,full_sparse_minus_dense,output_relative_rmse,0.0,0.24478505586254565,,0.24478505586254565,0.2387108481042257,0.2510932678291283
0.5,8,local_correction,self_mass,0.03604148916447987,0.019046937678297127,-47.15274501734923,-0.016994551486182747,-0.017557223214867197,-0.016446936224430428
0.5,8,local_correction,output_mse,0.012624466511359362,0.012949828539831287,2.5772338829460173,0.0003253620284719243,0.0003028377795269914,0.0003486707029461893
0.5,8,local_correction,output_mae,0.07955668185786634,0.08028079179833487,0.9101811734207432,0.0007241099404685273,0.0006827866119086439,0.0007632075372384858
0.5,8,local_correction,output_cosine,0.969777445444682,0.968897170057365,-0.0907708661870732,-0.0008802753873169413,-0.0009323340976455614,-0.0008306953173208327
0.5,8,local_correction,output_relative_rmse,0.24316297888435656,0.24570785147322263,1.046570740555186,0.0025448725888660793,0.002401954905690219,0.002686446376719687
0.5,8,full_correction,self_mass,0.036046720565233656,0.019717374602142474,-45.300503643708744,-0.016329345963091175,-0.016835845733285264,-0.015825650820389114
0.5,8,full_correction,output_mse,0.014034630130974318,0.016019733830489713,14.144325008852832,0.0019851036995153968,0.001850624787154705,0.0021293182363668465
0.5,8,full_correction,output_mae,0.08450846081541386,0.09004856389704705,6.555678600908443,0.005540103081633182,0.005249507968862115,0.005856117406074191
0.5,8,full_correction,output_cosine,0.9665238475427032,0.9629331540976029,-0.37150593378830754,-0.0035906934451001406,-0.003878534900529008,-0.003319872909924028
0.5,8,full_correction,output_relative_rmse,0.2532817101746332,0.2708348052813866,6.930265550817261,0.017553095106753368,0.01648444891185742,0.018727683571766348
0.5,8,local_sparse_minus_dense,self_mass,0.018250147380494276,0.03604148916447987,97.48601703348953,0.017791341783985594,0.01720257450998683,0.01840300594823721
0.5,8,local_sparse_minus_dense,output_mse,0.0,0.012624466511359362,,0.012624466511359362,0.01205963728430106,0.013217827162659054
0.5,8,local_sparse_minus_dense,output_mae,0.0,0.07955668185786634,,0.07955668185786634,0.07780554415743003,0.0812483430763829
0.5,8,local_sparse_minus_dense,output_cosine,1.0,0.969777445444682,-3.022255455531797,-0.03022255455531801,-0.03139888001993919,-0.029116759058282093
0.5,8,local_sparse_minus_dense,output_relative_rmse,0.0,0.24316297888435656,,0.24316297888435656,0.23819209220224974,0.24815183115861147
0.5,8,full_sparse_minus_dense,self_mass,0.018250147380494276,0.036046720565233656,97.51468201161117,0.017796573184739373,0.01721871425779587,0.01839922637713111
0.5,8,full_sparse_minus_dense,output_mse,0.0,0.014034630130974318,,0.014034630130974318,0.013374088405405852,0.014727121538478135
0.5,8,full_sparse_minus_dense,output_mae,0.0,0.08450846081541386,,0.08450846081541386,0.08250898154850196,0.0865415460469497
0.5,8,full_sparse_minus_dense,output_cosine,1.0,0.9665238475427032,-3.347615245729685,-0.03347615245729685,-0.03511580052630355,-0.03193778943483873
0.5,8,full_sparse_minus_dense,output_relative_rmse,0.0,0.2532817101746332,,0.2532817101746332,0.2471190483067403,0.2597036616361947
0.7,3,local_correction,self_mass,0.0186610912425067,0.009564294178498283,-48.747401455749305,-0.00909679706400842,-0.009253009643645763,-0.008936255531134899
0.7,3,local_correction,output_mse,0.006492748964888051,0.006686157967010331,2.978846143108438,0.00019340900212228004,0.00018360942764038168,0.0002031550641338716
0.7,3,local_correction,output_mae,0.056424367709041696,0.05690755071494399,0.8563374753154163,0.0004831830059022954,0.0004653673152006376,0.0005004050770518616
0.7,3,local_correction,output_cosine,0.9630305736791342,0.9622310866058492,-0.08301782883493036,-0.0007994870732848814,-0.0008340321752863555,-0.0007663530923309747
0.7,3,local_correction,output_relative_rmse,0.2727312729257392,0.27476081549442216,0.7441546937067223,0.002029542568683004,0.001955133696052747,0.002105842699529602
0.7,3,full_correction,self_mass,0.018661091308748233,0.009564294194111273,-48.747401554015354,-0.009096797114636956,-0.00925300968777852,-0.008936255555120929
0.7,3,full_correction,output_mse,0.006492748972069269,0.0066861579718799176,2.978846104210442,0.00019340899981064774,0.00018360941109799952,0.0002031550378191582
0.7,3,full_correction,output_mae,0.056424367658109986,0.05690755068341484,0.8563375104752469,0.00048318302530484897,0.0004653673330873669,0.0005004049989414243
0.7,3,full_correction,output_cosine,0.963030573252278,0.9622310870327055,-0.0830177402231902,-0.0007994862195725237,-0.0008340310606096585,-0.0007663518234039637
0.7,3,full_correction,output_relative_rmse,0.2727312730542811,0.27476081566661986,0.7441547093628875,0.0020295426123387496,0.0019551338533347006,0.002105842187544718
0.7,3,local_sparse_minus_dense,self_mass,0.009307285727288672,0.0186610912425067,100.49982120773366,0.009353805515218028,0.009181499127741216,0.00951864969703138
0.7,3,local_sparse_minus_dense,output_mse,0.0,0.006492748964888051,,0.006492748964888051,0.0062621079202391655,0.006737867680237741
0.7,3,local_sparse_minus_dense,output_mae,0.0,0.056424367709041696,,0.056424367709041696,0.055422608386243154,0.05740572491387562
0.7,3,local_sparse_minus_dense,output_cosine,1.0,0.9630305736791342,-3.696942632086575,-0.03696942632086575,-0.038516737234992125,-0.035388887823016066
0.7,3,local_sparse_minus_dense,output_relative_rmse,0.0,0.2727312729257392,,0.2727312729257392,0.26632373326198533,0.2789029297934273
0.7,3,full_sparse_minus_dense,self_mass,0.009307285727288672,0.018661091308748233,100.49982191945061,0.009353805581459557,0.009181499203624337,0.009518649764116087
0.7,3,full_sparse_minus_dense,output_mse,0.0,0.006492748972069269,,0.006492748972069269,0.006262107920112214,0.00673786771021696
0.7,3,full_sparse_minus_dense,output_mae,0.0,0.056424367658109986,,0.056424367658109986,0.05542260842853466,0.057405724915421764
0.7,3,full_sparse_minus_dense,output_cosine,1.0,0.963030573252278,-3.6969426747721967,-0.03696942674772193,-0.03851673795967752,-0.03538888754167905
0.7,3,full_sparse_minus_dense,output_relative_rmse,0.0,0.2727312730542811,,0.2727312730542811,0.2663237337471704,0.27890292920607557
0.7,4,local_correction,self_mass,0.022166403185489493,0.011410658329168655,-48.52273400567636,-0.01075574485632084,-0.01095569725105084,-0.010557720955432616
0.7,4,local_correction,output_mse,0.013343290263340652,0.01359597315361801,1.8937075135926351,0.000252682890277356,0.00024189483854589379,0.00026358224721813404
0.7,4,local_correction,output_mae,0.08146713889254896,0.08209160446555566,0.7665244925691317,0.0006244655730066986,0.0006045720764177542,0.0006449156495060996
0.7,4,local_correction,output_cosine,0.9578267878775174,0.956901248350429,-0.09662911277928954,-0.0009255395270884054,-0.0009606360108591673,-0.0008922230238871116
0.7,4,local_correction,output_relative_rmse,0.2922474664519541,0.29462075008874916,0.8120801407136335,0.002373283636795053,0.0022986925390796457,0.002449844966273916
0.7,4,full_correction,self_mass,0.022404209039753674,0.011692577747415573,-47.810798735771264,-0.010711631292338097,-0.010907416314195947,-0.01050992078491125
0.7,4,full_correction,output_mse,0.01188642614378447,0.012458243884111653,4.810678444556626,0.0005718177403271814,0.0005415002639172901,0.000602950303310005
0.7,4,full_correction,output_mae,0.07594873112733087,0.07768770432812744,2.2896672202213697,0.0017389732007965606,0.0016610969870725968,0.0018152730528830333
0.7,4,full_correction,output_cosine,0.964008485665545,0.9628764301111612,-0.1174321150920421,-0.001132055554383748,-0.001192343192815321,-0.0010763786456664155
0.7,4,full_correction,output_relative_rmse,0.26974904841821024,0.2762865102219318,2.4235347045918454,0.006537461803721572,0.0062096522119948795,0.006882278250911137
0.7,4,local_sparse_minus_dense,self_mass,0.01093320097322703,0.022166403185489493,102.74394699018217,0.011233202212262464,0.011020675054477161,0.011449850924735947
0.7,4,local_sparse_minus_dense,output_mse,0.0,0.013343290263340652,,0.013343290263340652,0.012876820658368614,0.013815561617171093
0.7,4,local_sparse_minus_dense,output_mae,0.0,0.08146713889254896,,0.08146713889254896,0.08004601023409728,0.08282906771337366
0.7,4,local_sparse_minus_dense,output_cosine,1.0,0.9578267878775174,-4.21732121224826,-0.04217321212248256,-0.04348313022492221,-0.04086710931975782
0.7,4,local_sparse_minus_dense,output_relative_rmse,0.0,0.2922474664519541,,0.2922474664519541,0.2871926484151724,0.29724867040301134
0.7,4,full_sparse_minus_dense,self_mass,0.01093320097322703,0.022404209039753674,104.91902686703173,0.011471008066526641,0.011245166279663484,0.01169828348050809
0.7,4,full_sparse_minus_dense,output_mse,0.0,0.01188642614378447,,0.01188642614378447,0.011449366930574457,0.012317609715101223
0.7,4,full_sparse_minus_dense,output_mae,0.0,0.07594873112733087,,0.07594873112733087,0.07463533322152216,0.07726350266821101
0.7,4,full_sparse_minus_dense,output_cosine,1.0,0.964008485665545,-3.599151433445502,-0.035991514334455126,-0.0370775112285628,-0.034897754601358126
0.7,4,full_sparse_minus_dense,output_relative_rmse,0.0,0.26974904841821024,,0.26974904841821024,0.2649647887228032,0.27422971282964376
0.7,5,local_correction,self_mass,0.025286452279336423,0.013168865759742705,-47.92125991314315,-0.012117586519593715,-0.01243512099340478,-0.011795836730930393
0.7,5,local_correction,output_mse,0.010634962115640672,0.010815153124553945,1.6943267587974598,0.00018019100891327375,0.0001666639630177732,0.00019447375469212606
0.7,5,local_correction,output_mae,0.07192105989755268,0.07240148072075196,0.6679835139854928,0.00048042082319928663,0.0004490634990967622,0.0005129009409756699
0.7,5,local_correction,output_cosine,0.9734782663484414,0.9730038671793106,-0.0487323842277676,-0.0004743991691308685,-0.0005021710331978538,-0.00044942848180653405
0.7,5,local_correction,output_relative_rmse,0.2261676266959209,0.22776530580207083,0.7064137027435802,0.0015976791061499815,0.0015094181670065189,0.0016924474383510383
0.7,5,full_correction,self_mass,0.02570865882292613,0.01378925587247674,-46.363379095528934,-0.011919402950449392,-0.012228545981385727,-0.011604830855552943
0.7,5,full_correction,output_mse,0.010188206763511214,0.011122781603679263,9.173104373138585,0.0009345748401680491,0.0008776300057737292,0.0009942417522817472
0.7,5,full_correction,output_mae,0.06993153312214417,0.0731312087536935,4.575440418216914,0.003199675631549326,0.0030469866006266485,0.003356374606952765
0.7,5,full_correction,output_cosine,0.9759880089356253,0.9741944340833772,-0.18377017297620535,-0.0017935748522480335,-0.0019401051540626193,-0.0016605876264899641
0.7,5,full_correction,output_relative_rmse,0.21592180239773978,0.22681445744577408,5.044722175840977,0.01089265504803431,0.010271263101337053,0.011569999050455712
0.7,5,local_sparse_minus_dense,self_mass,0.012692184095612902,0.025286452279336423,99.22853378778815,0.012594268183723518,0.012244253204922492,0.012929017930592104
0.7,5,local_sparse_minus_dense,output_mse,0.0,0.010634962115640672,,0.010634962115640672,0.010123184243880227,0.011165664012458857
0.7,5,local_sparse_minus_dense,output_mae,0.0,0.07192105989755268,,0.07192105989755268,0.07040110252890676,0.07348672567832182
0.7,5,local_sparse_minus_dense,output_cosine,1.0,0.9734782663484414,-2.652173365155863,-0.026521733651558563,-0.0275169080074799,-0.025474797676239794
0.7,5,local_sparse_minus_dense,output_relative_rmse,0.0,0.2261676266959209,,0.2261676266959209,0.2212305184977595,0.23076253806345143
0.7,5,full_sparse_minus_dense,self_mass,0.012692184095612902,0.02570865882292613,102.555041979043,0.013016474727313227,0.012661081405423146,0.01337304533986033
0.7,5,full_sparse_minus_dense,output_mse,0.0,0.010188206763511214,,0.010188206763511214,0.009658196779491845,0.010754681925961525
0.7,5,full_sparse_minus_dense,output_mae,0.0,0.06993153312214417,,0.06993153312214417,0.0683008607040089,0.07160061012241387
0.7,5,full_sparse_minus_dense,output_cosine,1.0,0.9759880089356253,-2.4011991064374683,-0.024011991064374644,-0.024968983579310586,-0.0230616203417109
0.7,5,full_sparse_minus_dense,output_relative_rmse,0.0,0.21592180239773978,,0.21592180239773978,0.2110665941427821,0.2207222928043848
0.7,6,local_correction,self_mass,0.02134285751977435,0.011022926567250124,-48.35308928508151,-0.010319930952524222,-0.010694111210736422,-0.009946679757798903
0.7,6,local_correction,output_mse,0.00930872598348742,0.009424297335044685,1.2415377975705244,0.00011557135155726429,0.00010543581653621459,0.00012604915272997156
0.7,6,local_correction,output_mae,0.07031394007450822,0.07065035662041434,0.47844928836249245,0.00033641654590610355,0.0003125243367321663,0.00035960213466144773
0.7,6,local_correction,output_cosine,0.9764258774618307,0.9760556082086017,-0.03792087671738997,-0.00037026925322909514,-0.0003948714414339717,-0.0003469888576849588
0.7,6,local_correction,output_relative_rmse,0.21469662403008746,0.21597285451813755,0.5944343530391194,0.0012762304880501066,0.0011974930534051952,0.0013576767503764122
0.7,6,full_correction,self_mass,0.02162478871055858,0.011556175135278107,-46.560517700523675,-0.010068613575280477,-0.010428882199966455,-0.009706453777604906
0.7,6,full_correction,output_mse,0.009036076879548698,0.009971453595009432,10.35157987176678,0.0009353767154607341,0.0008730933362159021,0.0010010494805934894
0.7,6,full_correction,output_mae,0.06896286562672078,0.07241716660246311,5.008929000195006,0.0034543009757423233,0.003291070693709723,0.0036314252641962714
0.7,6,full_correction,output_cosine,0.9777445710691003,0.9760131964770455,-0.1770784152922089,-0.0017313745920546344,-0.0018682108721501806,-0.001604671076832654
0.7,6,full_correction,output_relative_rmse,0.20808191090084924,0.2189796501697856,5.237235289582243,0.01089773926893637,0.010302725759963018,0.011541592549110644
0.7,6,local_sparse_minus_dense,self_mass,0.010737747935669024,0.02134285751977435,98.7647470181052,0.010605109584105321,0.010216728402807955,0.011001740694640697
0.7,6,local_sparse_minus_dense,output_mse,0.0,0.00930872598348742,,0.00930872598348742,0.008828216692081507,0.009836927408896183
0.7,6,local_sparse_minus_dense,output_mae,0.0,0.07031394007450822,,0.07031394007450822,0.06863252936063874,0.07203233568255504
0.7,6,local_sparse_minus_dense,output_cosine,1.0,0.9764258774618307,-2.357412253816926,-0.023574122538169227,-0.02464732513471973,-0.022591703006279818
0.7,6,local_sparse_minus_dense,output_relative_rmse,0.0,0.21469662403008746,,0.21469662403008746,0.20977733583895317,0.21968744059625653
0.7,6,full_sparse_minus_dense,self_mass,0.010737747935669024,0.02162478871055858,101.3903552226683,0.010887040774889556,0.010481313071294096,0.011299203065786875
0.7,6,full_sparse_minus_dense,output_mse,0.0,0.009036076879548698,,0.009036076879548698,0.00851883571107616,0.009598734679543478
0.7,6,full_sparse_minus_dense,output_mae,0.0,0.06896286562672078,,0.06896286562672078,0.067184313171947,0.07077534827012641
0.7,6,full_sparse_minus_dense,output_cosine,1.0,0.9777445710691003,-2.225542893089971,-0.022255428930899754,-0.023454366573423615,-0.021134964751642355
0.7,6,full_sparse_minus_dense,output_relative_rmse,0.0,0.20808191090084924,,0.20808191090084924,0.20245528684135936,0.21380924935704876
0.7,7,local_correction,self_mass,0.014754270939761229,0.007583444892333091,-48.601696937145874,-0.007170826047428136,-0.007334913875871271,-0.006997905766803332
0.7,7,local_correction,output_mse,0.007598569783832924,0.007677280252873212,1.035859000831385,7.871046904028842e-05,7.239043261175004e-05,8.517571184919839e-05
0.7,7,local_correction,output_mae,0.0626105138908315,0.0628648795918707,0.40626675175150506,0.0002543657010392051,0.00023921021233945774,0.0002692010378571769
0.7,7,local_correction,output_cosine,0.9759855630109087,0.97575830577019,-0.02328489778246068,-0.00022725724071885264,-0.00024108258949126824,-0.0002133786411529056
0.7,7,local_correction,output_relative_rmse,0.2149844371767055,0.21588578653366616,0.41926260746949495,0.0009013493569606586,0.000846710725515245,0.0009608772208593995
0.7,7,full_correction,self_mass,0.014829983722241497,0.007794609281726631,-47.44020338986249,-0.007035374440514866,-0.007193064053024519,-0.006872786517950165
0.7,7,full_correction,output_mse,0.007383606063929923,0.008243111886391336,11.640732387663988,0.0008595058224614149,0.0007909178180743954,0.0009304188946150777
0.7,7,full_correction,output_mae,0.06176514962377648,0.0652156230159259,5.586440595006925,0.0034504733921494335,0.0032243989539589776,0.0036871690166056697
0.7,7,full_correction,output_cosine,0.9769860928063281,0.9749421944531302,-0.20920444704866092,-0.002043898353197922,-0.0022455299952222575,-0.001854316103951229
0.7,7,full_correction,output_relative_rmse,0.209024214927922,0.22137104770323882,5.906891112866708,0.012346832775316823,0.01143297788360845,0.013273799881850816
0.7,7,local_sparse_minus_dense,self_mass,0.007377825291949119,0.014754270939761229,99.9813001245975,0.00737644564781211,0.007198383575226093,0.007556295101966034
0.7,7,local_sparse_minus_dense,output_mse,0.0,0.007598569783832924,,0.007598569783832924,0.007202078317538963,0.007998883369138336
0.7,7,local_sparse_minus_dense,output_mae,0.0,0.0626105138908315,,0.0626105138908315,0.061074008709465485,0.06408887069774209
0.7,7,local_sparse_minus_dense,output_cosine,1.0,0.9759855630109087,-2.4014436989091337,-0.024014436989091333,-0.02516786784835858,-0.022930621700167342
0.7,7,local_sparse_minus_dense,output_relative_rmse,0.0,0.2149844371767055,,0.2149844371767055,0.20984229481946387,0.2204383446348705
0.7,7,full_sparse_minus_dense,self_mass,0.007377825291949119,0.014829983722241497,101.00752098893389,0.00745215843029238,0.00727027502035374,0.007632744284627316
0.7,7,full_sparse_minus_dense,output_mse,0.0,0.007383606063929923,,0.007383606063929923,0.00700831723011485,0.007771713749208213
0.7,7,full_sparse_minus_dense,output_mae,0.0,0.06176514962377648,,0.06176514962377648,0.06020391680170482,0.0633034763625801
0.7,7,full_sparse_minus_dense,output_cosine,1.0,0.9769860928063281,-2.301390719367191,-0.023013907193671912,-0.024416956586840875,-0.021722957547171975
0.7,7,full_sparse_minus_dense,output_relative_rmse,0.0,0.209024214927922,,0.209024214927922,0.20287518992342182,0.2152262053450613
0.7,8,local_correction,self_mass,0.021780900857379493,0.011248909376519123,-48.35425104693074,-0.010531991480860372,-0.010914077302778224,-0.01015685186920076
0.7,8,local_correction,output_mse,0.009132845297434262,0.00928328516079091,1.6472398081560868,0.00015043986335664772,0.00013598657012418394,0.00016614846222087935
0.7,8,local_correction,output_mae,0.06752256350288614,0.06793816064479566,0.6154937258739501,0.0004155971419095296,0.00038567450915252274,0.0004461104602796692
0.7,8,local_correction,output_cosine,0.9762692370374377,0.9758536889178988,-0.042564909737397016,-0.00041554811953877467,-0.0004423553754653194,-0.00038978194594771617
0.7,8,local_correction,output_relative_rmse,0.21491031887126155,0.21644067616095225,0.7120911167636468,0.00153035728969068,0.0014313859723794546,0.001631663039249058
0.7,8,full_correction,self_mass,0.021869519208678412,0.011600281854214245,-46.95685010939362,-0.010269237354464167,-0.010627423236701834,-0.009909450898845764
0.7,8,full_correction,output_mse,0.009646120533091107,0.010646956938065465,10.37553285324373,0.0010008364049743554,0.0009142936691224197,0.0010942322917903383
0.7,8,full_correction,output_mae,0.07009081967771635,0.07360642002277018,5.0157786158285145,0.0035156003450538265,0.003258017124623318,0.0037843050081088833
0.7,8,full_correction,output_cosine,0.9748558148664113,0.9728782025243465,-0.20286203476518327,-0.001977612342064578,-0.0021908733867652096,-0.0017739524802891542
0.7,8,full_correction,output_relative_rmse,0.21965046877691444,0.2311113653073941,5.2177883317516605,0.011460896530479658,0.010516204361556446,0.012432588844421841
0.7,8,local_sparse_minus_dense,self_mass,0.010934493016198607,0.021780900857379493,99.1944283572432,0.010846407841180886,0.01043501378331489,0.011265030234134816
0.7,8,local_sparse_minus_dense,output_mse,0.0,0.009132845297434262,,0.009132845297434262,0.008521841432437328,0.00976230975491982
0.7,8,local_sparse_minus_dense,output_mae,0.0,0.06752256350288614,,0.06752256350288614,0.06555395139263662,0.06949969540040306
0.7,8,local_sparse_minus_dense,output_cosine,1.0,0.9762692370374377,-2.373076296256227,-0.02373076296256234,-0.024776377467787828,-0.02275559626917432
0.7,8,local_sparse_minus_dense,output_relative_rmse,0.0,0.21491031887126155,,0.21491031887126155,0.2099126913796378,0.22001452946011946
0.7,8,full_sparse_minus_dense,self_mass,0.010934493016198607,0.021869519208678412,100.00487609512767,0.010935026192479807,0.010517906380634656,0.011361118734163492
0.7,8,full_sparse_minus_dense,output_mse,0.0,0.009646120533091107,,0.009646120533091107,0.009037445665446361,0.010266380938446671
0.7,8,full_sparse_minus_dense,output_mae,0.0,0.07009081967771635,,0.07009081967771635,0.0679938340903997,0.0722038616004132
0.7,8,full_sparse_minus_dense,output_cosine,1.0,0.9748558148664113,-2.5144185133588737,-0.025144185133588813,-0.02660586423929393,-0.023730886223590167
0.7,8,full_sparse_minus_dense,output_relative_rmse,0.0,0.21965046877691444,,0.21965046877691444,0.21305897500794038,0.22636994191489065
0.85,3,local_correction,self_mass,0.013966908736999054,0.007106251165907906,-49.120801891666375,-0.0068606575710911475,-0.006946122922772702,-0.0067800636378649425
0.85,3,local_correction,output_mse,0.0055978956538448674,0.005721040370834392,2.1998394504717744,0.00012314471698952428,0.00011754230421748463,0.0001285439785339311
0.85,3,local_correction,output_mae,0.05371695249717352,0.054068221879788325,0.6539264911450182,0.0003512693826147982,0.0003387416930308979,0.0003632441712094684
0.85,3,local_correction,output_cosine,0.9692070542175013,0.9686689187462132,-0.055523272240587396,-0.0005381354712881183,-0.000561261462765596,-0.0005148018419277032
0.85,3,local_correction,output_relative_rmse,0.2470326194743393,0.24852558009054823,0.6043576833641762,0.0014929606162089213,0.0014378214829169626,0.0015468637884017266
0.85,3,full_correction,self_mass,0.013966908745070821,0.007106251139665195,-49.12080210896257,-0.006860657605405625,-0.006946122962498199,-0.006780063696641984
0.85,3,full_correction,output_mse,0.0055978956562512385,0.005721040375211336,2.199839484728172,0.00012314471896009615,0.00011754231442656276,0.0001285439673992528
0.85,3,full_correction,output_mae,0.05371695265724459,0.054068222096248064,0.6539265941700734,0.00035126943900346935,0.00033874179554610863,0.0003632442500020264
0.85,3,full_correction,output_cosine,0.969207053790645,0.9686689195223153,-0.055523148147240686,-0.0005381342683297924,-0.0005612593823267742,-0.0005148005773662606
0.85,3,full_correction,output_relative_rmse,0.2470326193870278,0.2485255801899863,0.6043577591748894,0.0014929608029585,0.0014378218818819712,0.001546863743048256
0.85,3,local_sparse_minus_dense,self_mass,0.0069637176634292555,0.013966908736999054,100.5668439194174,0.007003191073569799,0.006914850594438585,0.0070985823106629676
0.85,3,local_sparse_minus_dense,output_mse,0.0,0.0055978956538448674,,0.0055978956538448674,0.0054006031790606816,0.00578422948304933
0.85,3,local_sparse_minus_dense,output_mae,0.0,0.05371695249717352,,0.05371695249717352,0.05274304396859104,0.05468130860799648
0.85,3,local_sparse_minus_dense,output_cosine,1.0,0.9692070542175013,-3.0792945782498693,-0.030792945782498766,-0.032108790321217384,-0.02947831285370436
0.85,3,local_sparse_minus_dense,output_relative_rmse,0.0,0.2470326194743393,,0.2470326194743393,0.2410111652779354,0.2528671761022754
0.85,3,full_sparse_minus_dense,self_mass,0.0069637176634292555,0.013966908745070821,100.56684403532911,0.007003191081641565,0.00691485063197419,0.007098582283004854
0.85,3,full_sparse_minus_dense,output_mse,0.0,0.0055978956562512385,,0.0055978956562512385,0.005400603192554361,0.005784229495906364
0.85,3,full_sparse_minus_dense,output_mae,0.0,0.05371695265724459,,0.05371695265724459,0.05274304421554916,0.05468130871793922
0.85,3,full_sparse_minus_dense,output_cosine,1.0,0.969207053790645,-3.079294620935502,-0.030792946209354945,-0.03210879132481447,-0.02947831288280819
0.85,3,full_sparse_minus_dense,output_relative_rmse,0.0,0.2470326193870278,,0.2470326193870278,0.24101116588808508,0.25286717581190404
0.85,4,local_correction,self_mass,0.015665765017123096,0.00801760701345226,-48.82083955243295,-0.007648158003670839,-0.007765214414996062,-0.00753737774535684
0.85,4,local_correction,output_mse,0.009521650126998793,0.009661104998050025,1.4646082264229143,0.00013945487105123292,0.000133471859186803,0.00014539173729086007
0.85,4,local_correction,output_mae,0.06939961665678614,0.06980633803747575,0.5860570998555303,0.00040672138068960844,0.00039270940713625736,0.0004199881226971535
0.85,4,local_correction,output_cosine,0.9662615357471318,0.9657362866564654,-0.05435889469203037,-0.0005252490906665717,-0.0005473830363674415,-0.0005036732623314764
0.85,4,local_correction,output_relative_rmse,0.2591684682144357,0.2607449289692643,0.6082764487863157,0.0015764607548286816,0.001523461866418075,0.0016273344250900361
0.85,4,full_correction,self_mass,0.015752105986090708,0.008117197726865772,-48.46912702318438,-0.007634908259224933,-0.007753011363271866,-0.007525179229350935
0.85,4,full_correction,output_mse,0.008345145106867829,0.008594096231907619,2.9831850956661077,0.00024895112503979066,0.00023657362120511988,0.00026118834611992274
0.85,4,full_correction,output_mae,0.06435867108120874,0.06523797448001764,1.3662547470866482,0.0008793033988088918,0.0008447462219161633,0.000914756044221577
0.85,4,full_correction,output_cosine,0.9716425227040115,0.9711136786111941,-0.05442784567987191,-0.0005288440928173559,-0.0005537281559857831,-0.0005053547298302909
0.85,4,full_correction,output_relative_rmse,0.23717722540701897,0.24039452757763985,1.3564970941454035,0.0032173021706209223,0.0030876255282540413,0.003346101351053223
0.85,4,local_sparse_minus_dense,self_mass,0.007742481066524458,0.015665765017123096,102.33520602143807,0.00792328395059864,0.007806281745253802,0.008047766991799203
0.85,4,local_sparse_minus_dense,output_mse,0.0,0.009521650126998793,,0.009521650126998793,0.009163319250795134,0.009863155703586318
0.85,4,local_sparse_minus_dense,output_mae,0.0,0.06939961665678614,,0.06939961665678614,0.06812790392292907,0.07059834790675268
0.85,4,local_sparse_minus_dense,output_cosine,1.0,0.9662615357471318,-3.3738464252868194,-0.03373846425286804,-0.034947415501907615,-0.03258014478245362
0.85,4,local_sparse_minus_dense,output_relative_rmse,0.0,0.2591684682144357,,0.2591684682144357,0.25410417375684724,0.26415953276912957
0.85,4,full_sparse_minus_dense,self_mass,0.007742481066524458,0.015752105986090708,103.4503649508014,0.00800962491956625,0.007885500987596572,0.008139374458256061
0.85,4,full_sparse_minus_dense,output_mse,0.0,0.008345145106867829,,0.008345145106867829,0.00802383022132555,0.008655476995402483
0.85,4,full_sparse_minus_dense,output_mae,0.0,0.06435867108120874,,0.06435867108120874,0.06315574063076686,0.06549795422783973
0.85,4,full_sparse_minus_dense,output_cosine,1.0,0.9716425227040115,-2.8357477295988476,-0.028357477295988545,-0.029341769798096114,-0.027386992700242745
0.85,4,full_sparse_minus_dense,output_relative_rmse,0.0,0.23717722540701897,,0.23717722540701897,0.2326689765730407,0.24156901874782002
0.85,5,local_correction,self_mass,0.019060880684795244,0.009799384200315824,-48.58902711597823,-0.00926149648447942,-0.00947740139755903,-0.009053759180046465
0.85,5,local_correction,output_mse,0.0076484213427268815,0.007741306068794529,1.214430036022729,9.288472606764728e-05,8.444424097244036e-05,0.00010187530554001497
0.85,5,local_correction,output_mae,0.06226172380471932,0.06256857299861925,0.4928376137839363,0.00030684919389993077,0.0002849929624517243,0.0003297106337868167
0.85,5,local_correction,output_cosine,0.9789811725301358,0.978725543342686,-0.026111757265889768,-0.0002556291874498172,-0.00027279153194589845,-0.00023979152853524128
0.85,5,local_correction,output_relative_rmse,0.20032138746319106,0.20134111417428358,0.5090453515752991,0.001019726711092516,0.0009450975464763665,0.0010991391101924787
0.85,5,full_correction,self_mass,0.01927260549943336,0.010087667203038109,-47.657999831238705,-0.009184938296395254,-0.009397318446332292,-0.008983054291736419
0.85,5,full_correction,output_mse,0.0064657492275728146,0.006827552886079502,5.595695808365053,0.0003618036585066875,0.0003370351611730864,0.000386912624904312
0.85,5,full_correction,output_mae,0.056815902462403756,0.05832491467178139,2.655968037075862,0.0015090122093776403,0.0014274634883652965,0.001594057591849682
0.85,5,full_correction,output_cosine,0.9834285513691914,0.982803415778714,-0.06356695558685788,-0.0006251355904775321,-0.0006744615117592382,-0.0005778067269905785
0.85,5,full_correction,output_relative_rmse,0.17900854048396772,0.18402899340192863,2.804588487447357,0.005020452917960939,0.004718598901308724,0.005312035421957262
0.85,5,local_sparse_minus_dense,self_mass,0.009549517243423603,0.019060880684795244,99.60046355140896,0.009511363441371639,0.009293304305038913,0.009741266841205251
0.85,5,local_sparse_minus_dense,output_mse,0.0,0.0076484213427268815,,0.0076484213427268815,0.007288700623915171,0.00799792379535802
0.85,5,local_sparse_minus_dense,output_mae,0.0,0.06226172380471932,,0.06226172380471932,0.06084494032996493,0.06359635862816806
0.85,5,local_sparse_minus_dense,output_cosine,1.0,0.9789811725301358,-2.1018827469864165,-0.021018827469864235,-0.02194523741685164,-0.02008853851487705
0.85,5,local_sparse_minus_dense,output_relative_rmse,0.0,0.20032138746319106,,0.20032138746319106,0.19554951003616833,0.20495915745832463
0.85,5,full_sparse_minus_dense,self_mass,0.009549517243423603,0.01927260549943336,101.81758939391084,0.00972308825600976,0.009490138206125683,0.009966269077403922
0.85,5,full_sparse_minus_dense,output_mse,0.0,0.0064657492275728146,,0.0064657492275728146,0.006104062109155469,0.00680818704900427
0.85,5,full_sparse_minus_dense,output_mae,0.0,0.056815902462403756,,0.056815902462403756,0.05529694800015932,0.05819490589336359
0.85,5,full_sparse_minus_dense,output_cosine,1.0,0.9834285513691914,-1.6571448630808616,-0.016571448630808547,-0.017227628831460607,-0.01589888275630074
0.85,5,full_sparse_minus_dense,output_relative_rmse,0.0,0.17900854048396772,,0.17900854048396772,0.17494450412947724,0.18289442554966323
0.85,6,local_correction,self_mass,0.014225285777243359,0.007256675776266282,-48.98748686036932,-0.006968610000977074,-0.007214756649723479,-0.006731270065589594
0.85,6,local_correction,output_mse,0.007445502078553545,0.00749413462059086,0.653180155269828,4.8632542037315346e-05,4.345784816829719e-05,5.402482931250086e-05
0.85,6,local_correction,output_mae,0.06157053413880931,0.061758713374122934,0.3056319681901343,0.00018817923531363144,0.0001719330862821765,0.00020484227544936156
0.85,6,local_correction,output_cosine,0.9803961115151955,0.9801988825007962,-0.020117278320741505,-0.00019722901439915303,-0.00021278837909145793,-0.00018290949665242682
0.85,6,local_correction,output_relative_rmse,0.1941637409302833,0.19490717739245156,0.38289150106312064,0.0007434364621682705,0.0006860237884514694,0.0008018636081033024
0.85,6,full_correction,self_mass,0.014334665676547804,0.007453991785126846,-48.000239745235696,-0.00688067389142096,-0.007126489794198794,-0.006648346738485245
0.85,6,full_correction,output_mse,0.006370956126090732,0.00669133448515898,5.028732779311018,0.0003203783590682482,0.0002927300812369064,0.0003473824251509921
0.85,6,full_correction,output_mae,0.05625197600784304,0.05773030804872784,2.6280535294950003,0.0014783320408848033,0.0013785920424349263,0.0015803684964642642
0.85,6,full_correction,output_cosine,0.9840094429867652,0.983424035735273,-0.05949203594177721,-0.0005854072514921444,-0.0006437676284501014,-0.0005279429019234835
0.85,6,full_correction,output_relative_rmse,0.17458994603415096,0.17936953607810815,2.7376089818037297,0.004779590043957191,0.0044311918717843,0.00514786181162587
0.85,6,local_sparse_minus_dense,self_mass,0.007145685283762285,0.014225285777243359,99.07517910939374,0.007079600493481071,0.006834587249425598,0.0073328755003911296
0.85,6,local_sparse_minus_dense,output_mse,0.0,0.007445502078553545,,0.007445502078553545,0.007064330348488093,0.007811878995358748
0.85,6,local_sparse_minus_dense,output_mae,0.0,0.06157053413880931,,0.06157053413880931,0.06004925801379007,0.06302291788460936
0.85,6,local_sparse_minus_dense,output_cosine,1.0,0.9803961115151955,-1.9603888484804544,-0.01960388848480458,-0.020634668309260938,-0.018698528965372434
0.85,6,local_sparse_minus_dense,output_relative_rmse,0.0,0.1941637409302833,,0.1941637409302833,0.18934031062811604,0.19946439199029556
0.85,6,full_sparse_minus_dense,self_mass,0.007145685283762285,0.014334665676547804,100.60589162975897,0.007188980392785519,0.006934766278802939,0.0074552244805395525
0.85,6,full_sparse_minus_dense,output_mse,0.0,0.006370956126090732,,0.006370956126090732,0.006016560128298921,0.0067110630833136994
0.85,6,full_sparse_minus_dense,output_mae,0.0,0.05625197600784304,,0.05625197600784304,0.054739615758535365,0.05774968769569568
0.85,6,full_sparse_minus_dense,output_cosine,1.0,0.9840094429867652,-1.5990557013234818,-0.015990557013234742,-0.01682634039073794,-0.015212200775567907
0.85,6,full_sparse_minus_dense,output_relative_rmse,0.0,0.17458994603415096,,0.17458994603415096,0.17010259605637354,0.17948156396960258
0.85,7,local_correction,self_mass,0.010161818237653126,0.005170096302606453,-49.12233045608492,-0.004991721935046674,-0.0051157193443714276,-0.004879095908195553
0.85,7,local_correction,output_mse,0.005964947521931663,0.006000284892138552,0.5924171181215243,3.53373702068894e-05,3.2027563205379805e-05,3.880353199245224e-05
0.85,7,local_correction,output_mae,0.056068629120394085,0.056215460782671776,0.26187845963274725,0.0001468316622776914,0.0001366199364686818,0.00015682477055634178
0.85,7,local_correction,output_cosine,0.9811739384701165,0.9810712260077707,-0.010468323537604629,-0.00010271246234576197,-0.0001104398887643368,-9.486419827833088e-05
0.85,7,local_correction,output_relative_rmse,0.18941984349172947,0.1899137695436366,0.26075729068411047,0.0004939260519070874,0.0004604741035412512,0.0005279383794610743
0.85,7,full_correction,self_mass,0.010173212443684559,0.005241818640617643,-48.474302786513434,-0.004931393803066916,-0.005052847026408121,-0.004823146369963875
0.85,7,full_correction,output_mse,0.005018346917192199,0.0053379200122284,6.368094918694944,0.0003195730950362001,0.00028420431371974563,0.00035288725716355886
0.85,7,full_correction,output_mae,0.05127441579194662,0.05284246013555578,3.0581418030616314,0.0015680443436091687,0.0014207058539189644,0.001711198641063068
0.85,7,full_correction,output_cosine,0.9848021028446965,0.9841433045997594,-0.06689651078466419,-0.0006587982449370068,-0.0007489610691360728,-0.0005751140042169271
0.85,7,full_correction,output_relative_rmse,0.17006155286799185,0.17545961807627464,3.1741831808821397,0.005398065208282787,0.004875404213695826,0.00594461761538696
0.85,7,local_sparse_minus_dense,self_mass,0.005080965333633003,0.010161818237653126,99.99778723912686,0.005080852904020124,0.004963183275026494,0.005210460720769323
0.85,7,local_sparse_minus_dense,output_mse,0.0,0.005964947521931663,,0.005964947521931663,0.005572184275434703,0.006332995206861843
0.85,7,local_sparse_minus_dense,output_mae,0.0,0.056068629120394085,,0.056068629120394085,0.05443812280550446,0.05762697950141652
0.85,7,local_sparse_minus_dense,output_cosine,1.0,0.9811739384701165,-1.882606152988353,-0.01882606152988349,-0.01996043778732807,-0.017744369218416975
0.85,7,local_sparse_minus_dense,output_relative_rmse,0.0,0.18941984349172947,,0.18941984349172947,0.1840303436227259,0.19496670556248621
0.85,7,full_sparse_minus_dense,self_mass,0.005080965333633003,0.010173212443684559,100.22204001951903,0.005092247110051554,0.004976711949427208,0.005220290070961179
0.85,7,full_sparse_minus_dense,output_mse,0.0,0.005018346917192199,,0.005018346917192199,0.0046854837520101,0.00532813219577027
0.85,7,full_sparse_minus_dense,output_mae,0.0,0.05127441579194662,,0.05127441579194662,0.04972267935512112,0.052728496332247236
0.85,7,full_sparse_minus_dense,output_cosine,1.0,0.9848021028446965,-1.5197897155303508,-0.01519789715530351,-0.016034892178625648,-0.014388080886662161
0.85,7,full_sparse_minus_dense,output_relative_rmse,0.0,0.17006155286799185,,0.17006155286799185,0.16543277936707454,0.17489126625199183
0.85,8,local_correction,self_mass,0.014079545287719005,0.007174148343182196,-49.04559631311457,-0.006905396944536809,-0.007146548509939995,-0.006672624848917745
0.85,8,local_correction,output_mse,0.006519859815720489,0.00658364233889112,0.9782805915065973,6.378252317063021e-05,5.4934986184207484e-05,7.337169946405693e-05
0.85,8,local_correction,output_mae,0.05771665897433801,0.05794275438590072,0.3917333670738543,0.00022609541156270947,0.00020641967471419711,0.00024777685609175565
0.85,8,local_correction,output_cosine,0.9812322909128852,0.9810392168583348,-0.01967669188411847,-0.00019307405455038038,-0.00020675662526627842,-0.0001795089992811023
0.85,8,local_correction,output_relative_rmse,0.18936090028728358,0.1902211122481579,0.45427116134812984,0.0008602119608743417,0.000794168678172959,0.0009283991257082855
0.85,8,full_correction,self_mass,0.014100391136688966,0.0072888535573933195,-48.30743710060742,-0.006811537579295646,-0.0070421428715908025,-0.006589772923707453
0.85,8,full_correction,output_mse,0.00592665585463692,0.006265849646013066,5.723190272820844,0.0003391937913761466,0.00030074939647211805,0.0003771206681984531
0.85,8,full_correction,output_mae,0.05508627744226639,0.0566780549561372,2.8896080617156983,0.001591777513870814,0.0014496809676832827,0.0017375768344057472
0.85,8,full_correction,output_cosine,0.9833047555293888,0.9826295734771218,-0.06866457712833007,-0.000675182052267102,-0.0007631328228550695,-0.0005913331968865142
0.85,8,full_correction,output_relative_rmse,0.17752758028170018,0.18278895420371555,2.9636938179783856,0.005261373922015386,0.00478302649747396,0.005759711143764434
0.85,8,local_sparse_minus_dense,self_mass,0.0070613503331837055,0.014079545287719005,99.388850905108,0.007018194954535299,0.006768169869394095,0.007274358788477524
0.85,8,local_sparse_minus_dense,output_mse,0.0,0.006519859815720489,,0.006519859815720489,0.005965835068600712,0.00707167377291095
0.85,8,local_sparse_minus_dense,output_mae,0.0,0.05771665897433801,,0.05771665897433801,0.05569306694663586,0.059623130373756786
0.85,8,local_sparse_minus_dense,output_cosine,1.0,0.9812322909128852,-1.8767709087114781,-0.01876770908711478,-0.01971205044683302,-0.01781512479064986
0.85,8,local_sparse_minus_dense,output_relative_rmse,0.0,0.18936090028728358,,0.18936090028728358,0.18409033499629004,0.19453139525697527
0.85,8,full_sparse_minus_dense,self_mass,0.0070613503331837055,0.014100391136688966,99.68406142414992,0.007039040803505259,0.00679324329099534,0.007290907512328933
0.85,8,full_sparse_minus_dense,output_mse,0.0,0.00592665585463692,,0.00592665585463692,0.005387783052201201,0.006482148862178385
0.85,8,full_sparse_minus_dense,output_mae,0.0,0.05508627744226639,,0.05508627744226639,0.05293993093761552,0.057136401626182
0.85,8,full_sparse_minus_dense,output_cosine,1.0,0.9833047555293888,-1.6695244470611215,-0.01669524447061121,-0.017640994797693564,-0.015796135899048137
0.85,8,full_sparse_minus_dense,output_relative_rmse,0.0,0.17752758028170018,,0.17752758028170018,0.17253369386417033,0.1828293065057248
0.95,3,local_correction,self_mass,0.008894269518483117,0.004488732087376472,-49.53231315906865,-0.004405537431106647,-0.004459420573489344,-0.0043526886796878255
0.95,3,local_correction,output_mse,0.004939981088834125,0.004988078240671712,0.9736302826401699,4.809715183758576e-05,4.578645162401554e-05,5.0290420549951425e-05
0.95,3,local_correction,output_mae,0.051667255745996954,0.05184726893761156,0.34840865653784636,0.00018001319161461038,0.00017236616737742802,0.00018751403783123048
0.95,3,local_correction,output_cosine,0.9708789181895554,0.970580755888174,-0.030710554714419303,-0.0002981623013814322,-0.0003115626372164113,-0.0002844186994479981
0.95,3,local_correction,output_relative_rmse,0.24067558176951326,0.24155287386626395,0.3645122992123273,0.0008772920967506535,0.0008351723671997499,0.0009165148826165607
0.95,3,full_correction,self_mass,0.008894269503154344,0.0044887320902754855,-49.532313039496266,-0.004405537412878857,-0.004459420581938171,-0.004352688643259246
0.95,3,full_correction,output_mse,0.0049399810871667196,0.004988078243703361,0.9736303780917277,4.8097156536641746e-05,4.578646392872094e-05,5.029043645000306e-05
0.95,3,full_correction,output_mae,0.051667255843616054,0.05184726886242667,0.348408321424043,0.00018001301881061704,0.00017236599965144705,0.00018751372981569168
0.95,3,full_correction,output_cosine,0.970878917510466,0.970580755888174,-0.030710484790053005,-0.00029816162229204853,-0.0003115623093132512,-0.0002844179592405748
0.95,3,full_correction,output_relative_rmse,0.24067558180346774,0.24155287384443608,0.36451227598348623,0.0008772920409683132,0.0008351723655626586,0.0009165151697137228
0.95,3,local_sparse_minus_dense,self_mass,0.00444018504089172,0.008894269518483117,100.31303733001376,0.004454084477591399,0.004400023619073323,0.0045112552549092305
0.95,3,local_sparse_minus_dense,output_mse,0.0,0.004939981088834125,,0.004939981088834125,0.004786737687432681,0.005089249548806644
0.95,3,local_sparse_minus_dense,output_mae,0.0,0.051667255745996954,,0.051667255745996954,0.050853334979698656,0.05246850306558978
0.95,3,local_sparse_minus_dense,output_cosine,1.0,0.9708789181895554,-2.9121081810444593,-0.029121081810444593,-0.030154272885314033,-0.028107641344346727
0.95,3,local_sparse_minus_dense,output_relative_rmse,0.0,0.24067558176951326,,0.24067558176951326,0.23615810397841416,0.24517943666069186
0.95,3,full_sparse_minus_dense,self_mass,0.00444018504089172,0.008894269503154344,100.31303698478551,0.004454084462262623,0.004400023588946311,0.004511255228701572
0.95,3,full_sparse_minus_dense,output_mse,0.0,0.0049399810871667196,,0.0049399810871667196,0.004786737642910074,0.005089249531133077
0.95,3,full_sparse_minus_dense,output_mae,0.0,0.051667255843616054,,0.051667255843616054,0.05085333500140527,0.052468503179792
0.95,3,full_sparse_minus_dense,output_cosine,1.0,0.970878917510466,-2.9121082489534045,-0.02912108248953397,-0.030154272856210206,-0.02810764174355427
0.95,3,full_sparse_minus_dense,output_relative_rmse,0.0,0.24067558180346774,,0.24067558180346774,0.2361581037766882,0.2451794361640471
0.95,4,local_correction,self_mass,0.0104704094767006,0.005315846951210309,-49.22980841351564,-0.005154562525490292,-0.0052261458742554135,-0.005082293221724874
0.95,4,local_correction,output_mse,0.007363707462654171,0.007439925564407682,1.035050647246094,7.621810175351135e-05,7.268510169069487e-05,7.973096004908111e-05
0.95,4,local_correction,output_mae,0.06198857338495145,0.062244090421396926,0.41220022093217956,0.0002555170364454781,0.0002456303433518779,0.0002648180835421964
0.95,4,local_correction,output_cosine,0.96957865091584,0.9692534215088624,-0.03354337543121089,-0.0003252294069776857,-0.0003386198809797119,-0.0003123309080062059
0.95,4,local_correction,output_relative_rmse,0.2454170088240062,0.24648545257029278,0.43535847470652644,0.0010684437462865986,0.001027937324094333,0.0011102091812669316
0.95,4,full_correction,self_mass,0.01048913135540867,0.005337071112497446,-49.118082978859725,-0.005152060242911224,-0.005223999627317255,-0.005079951017821808
0.95,4,full_correction,output_mse,0.006834619772045395,0.006930328717658085,1.4003550863817438,9.570894561268989e-05,9.162935443924881e-05,9.98601254555827e-05
0.95,4,full_correction,output_mae,0.059468595088522605,0.05982743443261522,0.6034098225432549,0.0003588393440926064,0.0003469096793651266,0.0003714686127599033
0.95,4,full_correction,output_cosine,0.9723572270983518,0.9720540660006616,-0.03117795489574471,-0.000303161097690457,-0.0003155974030960242,-0.00029139491913761936
0.95,4,full_correction,output_relative_rmse,0.23365518180071376,0.2350706999883793,0.6058150205600077,0.001415518187665536,0.0013685364378034153,0.001463245335495836
0.95,4,local_sparse_minus_dense,self_mass,0.00515666132402733,0.0104704094767006,103.04628942595082,0.00531374815267327,0.005237025115246278,0.005390775703499647
0.95,4,local_sparse_minus_dense,output_mse,0.0,0.007363707462654171,,0.007363707462654171,0.007144247056898697,0.007578056296959327
0.95,4,local_sparse_minus_dense,output_mae,0.0,0.06198857338495145,,0.06198857338495145,0.061139776797684446,0.06280049831501248
0.95,4,local_sparse_minus_dense,output_cosine,1.0,0.96957865091584,-3.0421349084160054,-0.030421349084159985,-0.03133902287469634,-0.029509846923368367
0.95,4,local_sparse_minus_dense,output_relative_rmse,0.0,0.2454170088240062,,0.2454170088240062,0.2413435247838303,0.24950043160467125
0.95,4,full_sparse_minus_dense,self_mass,0.00515666132402733,0.01048913135540867,103.4093514447969,0.005332470031381337,0.0052549051799649265,0.00541032360885841
0.95,4,full_sparse_minus_dense,output_mse,0.0,0.006834619772045395,,0.006834619772045395,0.006630081274466686,0.007037191942469669
0.95,4,full_sparse_minus_dense,output_mae,0.0,0.059468595088522605,,0.059468595088522605,0.05863307375028247,0.0602752880087337
0.95,4,full_sparse_minus_dense,output_cosine,1.0,0.9723572270983518,-2.7642772901648183,-0.027642772901648044,-0.028423728513492588,-0.026871434997398566
0.95,4,full_sparse_minus_dense,output_relative_rmse,0.0,0.23365518180071376,,0.23365518180071376,0.23004199051144195,0.23718674118432925
0.95,5,local_correction,self_mass,0.01457618087715673,0.007421394796324421,-49.08546443770491,-0.007154786080832309,-0.007281024474677148,-0.007030534212843993
0.95,5,local_correction,output_mse,0.005838188516634091,0.005889334360839864,0.8760567436294497,5.114584420577257e-05,4.655084807770509e-05,5.5944162110203454e-05
0.95,5,local_correction,output_mae,0.05544527379424835,0.055660735174872876,0.38860188773541804,0.00021546138062452318,0.0001991408650762126,0.00023200792829811706
0.95,5,local_correction,output_cosine,0.9805885490301685,0.9804231303666409,-0.01686932441656852,-0.00016541866352781653,-0.00017627605993765974,-0.0001551117355120345
0.95,5,local_correction,output_relative_rmse,0.19280868053950445,0.19358512994707172,0.4027045905789395,0.0007764494075672699,0.0007134118394484782,0.0008335934280088037
0.95,5,full_correction,self_mass,0.014640464444861815,0.007505733640944831,-48.73295400420834,-0.007134730803916986,-0.007260396494368137,-0.0070127938878007025
0.95,5,full_correction,output_mse,0.004832750149186419,0.004921432864212724,1.835036206894225,8.868271502630405e-05,8.207610520211502e-05,9.584392546505192e-05
0.95,5,full_correction,output_mae,0.050450331481139685,0.05088800110570446,0.867525765868149,0.0004376696245647816,0.00041137736657219696,0.0004644363715215151
0.95,5,full_correction,output_cosine,0.984445973202431,0.9842906980387246,-0.01577284766590692,-0.00015527516370640072,-0.00016754678751265093,-0.00014281148178271275
0.95,5,full_correction,output_relative_rmse,0.17335285679776766,0.17478857513682064,0.8282057564980683,0.0014357183390529841,0.001354722050079242,0.0015152197045608792
0.95,5,local_sparse_minus_dense,self_mass,0.0072746345394989476,0.01457618087715673,100.36994020816734,0.007301546337657783,0.007167343454550708,0.007434542334169692
0.95,5,local_sparse_minus_dense,output_mse,0.0,0.005838188516634091,,0.005838188516634091,0.005600927897258619,0.006071666954910407
0.95,5,local_sparse_minus_dense,output_mae,0.0,0.05544527379424835,,0.05544527379424835,0.0543580813258662,0.056527768563652596
0.95,5,local_sparse_minus_dense,output_cosine,1.0,0.9805885490301685,-1.9411450969831545,-0.019411450969831396,-0.020174076275240316,-0.018682305897527837
0.95,5,local_sparse_minus_dense,output_relative_rmse,0.0,0.19280868053950445,,0.19280868053950445,0.1891005078302745,0.19664812376001162
0.95,5,full_sparse_minus_dense,self_mass,0.0072746345394989476,0.014640464444861815,101.25360752308255,0.007365829905362867,0.007234193455986807,0.007504560209963529
0.95,5,full_sparse_minus_dense,output_mse,0.0,0.004832750149186419,,0.004832750149186419,0.0046212881341773475,0.005051896156066013
0.95,5,full_sparse_minus_dense,output_mae,0.0,0.050450331481139685,,0.050450331481139685,0.049391135044137016,0.05152794514319794
0.95,5,full_sparse_minus_dense,output_cosine,1.0,0.984445973202431,-1.555402679756901,-0.015554026797569042,-0.01605340259169073,-0.015065995934128294
0.95,5,full_sparse_minus_dense,output_relative_rmse,0.0,0.17335285679776766,,0.17335285679776766,0.1704646652614732,0.17624552748166025
0.95,6,local_correction,self_mass,0.009498395223935141,0.0048086744452537165,-49.37382229435695,-0.0046897207786814245,-0.004816985706727723,-0.004563698123238325
0.95,6,local_correction,output_mse,0.008366762750597445,0.008391913855537798,0.30060736380455033,2.515110494035368e-05,2.2536580308951584e-05,2.8061016592080948e-05
0.95,6,local_correction,output_mae,0.05993538482107397,0.06005254050857426,0.1954699846343555,0.0001171556875002956,0.00010677748117207851,0.00012794598933396563
0.95,6,local_correction,output_cosine,0.9789301792625338,0.9788050448405556,-0.01278277293201846,-0.0001251344219781493,-0.00013532661396312246,-0.00011592428685010114
0.95,6,local_correction,output_relative_rmse,0.1989755166165802,0.1994880776037462,0.25760002832595497,0.0005125609871659755,0.00046701278539937254,0.0005612512081521969
0.95,6,full_correction,self_mass,0.009525926885379121,0.004859069192185039,-48.991113928839965,-0.004666857693194082,-0.004795024106368044,-0.004541014776573338
0.95,6,full_correction,output_mse,0.007518003525698683,0.0075892671100821945,0.9479057058155327,7.12635843835111e-05,6.449328911912741e-05,7.845318903605401e-05
0.95,6,full_correction,output_mae,0.055318649994054184,0.05567658461101625,0.6470414896251775,0.00035793461696205953,0.00032758300336960575,0.0003893803250624235
0.95,6,full_correction,output_cosine,0.9823442547543284,0.9822316139276761,-0.011466532848047883,-0.0001126408266524494,-0.00012850402417825775,-9.73089763041095e-05
0.95,6,full_correction,output_relative_rmse,0.18012829201567607,0.18130714204259374,0.654450233067827,0.0011788500269176451,0.0010804187059572248,0.0012834189379645985
0.95,6,local_sparse_minus_dense,self_mass,0.004752656248747433,0.009498395223935141,99.85445457870956,0.004745738975187708,0.004617243322480263,0.004877839072491156
0.95,6,local_sparse_minus_dense,output_mse,0.0,0.008366762750597445,,0.008366762750597445,0.00801461843548547,0.0087076918754254
0.95,6,local_sparse_minus_dense,output_mae,0.0,0.05993538482107397,,0.05993538482107397,0.05878955032626435,0.061022805424818215
0.95,6,local_sparse_minus_dense,output_cosine,1.0,0.9789301792625338,-2.1069820737466216,-0.021069820737466216,-0.0219303871926968,-0.020247241442363395
0.95,6,local_sparse_minus_dense,output_relative_rmse,0.0,0.1989755166165802,,0.1989755166165802,0.19462486853074856,0.20337583319402863
0.95,6,full_sparse_minus_dense,self_mass,0.004752656248747433,0.009525926885379121,100.433744558944,0.004773270636631688,0.004640577071450019,0.004908697940811136
0.95,6,full_sparse_minus_dense,output_mse,0.0,0.007518003525698683,,0.007518003525698683,0.0071977160146569005,0.007836718392251404
0.95,6,full_sparse_minus_dense,output_mae,0.0,0.055318649994054184,,0.055318649994054184,0.05423773461090301,0.056349308615441865
0.95,6,full_sparse_minus_dense,output_cosine,1.0,0.9823442547543284,-1.7655745245671595,-0.01765574524567152,-0.018305248923813147,-0.0170277613006571
0.95,6,full_sparse_minus_dense,output_relative_rmse,0.0,0.18012829201567607,,0.18012829201567607,0.1766918667846767,0.1836807135025083
0.95,7,local_correction,self_mass,0.0075301100584681535,0.0038015608619825043,-49.51520187002614,-0.003728549196485649,-0.003810232888503862,-0.00365215068890663
0.95,7,local_correction,output_mse,0.005111042001885835,0.005131820784868069,0.4065469032453084,2.0778782982233676e-05,1.9085578835150385e-05,2.249851441528487e-05
0.95,7,local_correction,output_mae,0.052996819466595,0.05310589315680166,0.2058117662615766,0.00010907369020666646,0.00010099468965260444,0.00011703708100867512
0.95,7,local_correction,output_cosine,0.9827395591613215,0.9826729501364753,-0.006777891886544651,-6.660902484630863e-05,-7.215281657408845e-05,-6.0763379830564666e-05
0.95,7,local_correction,output_relative_rmse,0.18058992040459998,0.1809634283708874,0.20682658558717204,0.0003735079662874338,0.00034460835407420083,0.00040131486160438045
0.95,7,full_correction,self_mass,0.0075352260882842375,0.003826201192841457,-49.222476565229655,-0.0037090248954427807,-0.0037893294801931415,-0.0036339750488981084
0.95,7,full_correction,output_mse,0.004323052135513687,0.004391382660420126,1.580608393433569,6.83305249064385e-05,5.9144874089156505e-05,7.817988036009641e-05
0.95,7,full_correction,output_mae,0.04875237529995502,0.049132577221219734,0.7798633788107301,0.00038020192126471847,0.00033696910052943445,0.0004258861760414827
0.95,7,full_correction,output_cosine,0.9859349158359692,0.9858427035117834,-0.009352780057247934,-9.221232418591806e-05,-0.00011468284986525252,-7.137211311298398e-05
0.95,7,full_correction,output_relative_rmse,0.1637638531343934,0.16500828758338076,0.7598956822090219,0.0012444344489874002,0.0011019313131328096,0.0013999686189587618
0.95,7,local_sparse_minus_dense,self_mass,0.0037508060988737197,0.0075301100584681535,100.75977963055118,0.003779303959594434,0.003702078906734011,0.0038597387992089934
0.95,7,local_sparse_minus_dense,output_mse,0.0,0.005111042001885835,,0.005111042001885835,0.004825446217149457,0.00538226161558839
0.95,7,local_sparse_minus_dense,output_mae,0.0,0.052996819466595,,0.052996819466595,0.05164643419319267,0.054241802114468864
0.95,7,local_sparse_minus_dense,output_cosine,1.0,0.9827395591613215,-1.7260440838678504,-0.017260440838678427,-0.018094316580391026,-0.016460727567997914
0.95,7,local_sparse_minus_dense,output_relative_rmse,0.0,0.18058992040459998,,0.18058992040459998,0.17625045609687126,0.18517631630814624
0.95,7,full_sparse_minus_dense,self_mass,0.0037508060988737197,0.0075352260882842375,100.89617777220985,0.003784419989410518,0.0037087817301991064,0.003864413320042104
0.95,7,full_sparse_minus_dense,output_mse,0.0,0.004323052135513687,,0.004323052135513687,0.004072371620479013,0.004547313889201613
0.95,7,full_sparse_minus_dense,output_mae,0.0,0.04875237529995502,,0.04875237529995502,0.047457172307698185,0.04992214473588016
0.95,7,full_sparse_minus_dense,output_cosine,1.0,0.9859349158359692,-1.406508416403085,-0.01406508416403085,-0.014651618109686144,-0.013472932923953828
0.95,7,full_sparse_minus_dense,output_relative_rmse,0.0,0.1637638531343934,,0.1637638531343934,0.1601882113052852,0.16732004110387302
0.95,8,local_correction,self_mass,0.009967255849763507,0.00504067954289648,-49.42760957604916,-0.0049265763068670285,-0.005071955347873095,-0.004789434169770838
0.95,8,local_correction,output_mse,0.005405277768015063,0.005439526779165741,0.633621667943518,3.424901115067767e-05,2.9807674913702912e-05,3.876116847910298e-05
0.95,8,local_correction,output_mae,0.05395540693158788,0.05410023327082551,0.2684185839266551,0.00014482633923762467,0.00013203165746441894,0.00015847535184245008
0.95,8,local_correction,output_cosine,0.982472794285665,0.9823606650849493,-0.011412957322365358,-0.00011212920071557164,-0.00012067555362591656,-0.00010404487353904768
0.95,8,local_correction,output_relative_rmse,0.18236950044714226,0.18293946033857839,0.3125302696112442,0.0005699598914361555,0.0005190637314929814,0.0006220207324683234
0.95,8,full_correction,self_mass,0.009965105325439556,0.005069158302333676,-49.13091094589029,-0.0048959470231058795,-0.005038955913045247,-0.0047599330421865226
0.95,8,full_correction,output_mse,0.004827972655884119,0.004915033629629306,1.8032615333701374,8.706097374518623e-05,7.401938089278323e-05,0.00010091838716685206
0.95,8,full_correction,output_mae,0.05109822727717983,0.05154570187187346,0.8757145179740355,0.0004474745946936306,0.000397671351932634,0.0004989063225972738
0.95,8,full_correction,output_cosine,0.984612858039327,0.9844844934220115,-0.013037064899912298,-0.00012836461731543375,-0.00014948507547766915,-0.00010909717772545359
0.95,8,full_correction,output_relative_rmse,0.1706359001036617,0.17211199013399892,0.8650524476036425,0.0014760900303372167,0.001328071477352446,0.0016268349683135341
0.95,8,local_sparse_minus_dense,self_mass,0.004964792287462197,0.009967255849763507,100.75876839670102,0.005002463562301311,0.004859121088276196,0.005152798883680395
0.95,8,local_sparse_minus_dense,output_mse,0.0,0.005405277768015063,,0.005405277768015063,0.00506741573667,0.005711877768890379
0.95,8,local_sparse_minus_dense,output_mae,0.0,0.05395540693158788,,0.05395540693158788,0.05247239755006679,0.05537187887061918
0.95,8,local_sparse_minus_dense,output_cosine,1.0,0.982472794285665,-1.752720571433497,-0.017527205714335043,-0.018331933279114313,-0.01676129627545985
0.95,8,local_sparse_minus_dense,output_relative_rmse,0.0,0.18236950044714226,,0.18236950044714226,0.17808334879797863,0.1866799583908384
0.95,8,full_sparse_minus_dense,self_mass,0.004964792287462197,0.009965105325439556,100.71545290232713,0.005000313037977358,0.004854509412933676,0.005155188206259827
0.95,8,full_sparse_minus_dense,output_mse,0.0,0.004827972655884119,,0.004827972655884119,0.004502538968075479,0.005137077141739136
0.95,8,full_sparse_minus_dense,output_mae,0.0,0.05109822727717983,,0.05109822727717983,0.04957791568501004,0.05257190695818584
0.95,8,full_sparse_minus_dense,output_cosine,1.0,0.984612858039327,-1.5387141960673034,-0.015387141960673034,-0.015983348040026612,-0.014774537373159547
0.95,8,full_sparse_minus_dense,output_relative_rmse,0.0,0.1706359001036617,,0.1706359001036617,0.16701795939552538,0.1742826696549552
