source,field,scope,t,metric,rp_mean,within_mean,difference,relative_percent,ci_low,ci_high,images
generated_trajectory,prediction,adjacent_patches,0.02,cosine,0.40731513034552336,0.41468949103727937,-0.00737436069175601,-1.7782849218846195,-0.018221381463808937,0.0035685125039890343,32
generated_trajectory,prediction,adjacent_patches,0.02,l1,0.5748855462297797,0.5681182513944805,0.0067672948352992535,1.1911771569895035,-0.0012197325588203967,0.014151871996000404,32
generated_trajectory,prediction,adjacent_patches,0.02,rmse,0.7613814324204985,0.7494377992051432,0.011943633215355295,1.5936790522205793,0.0018245952528755972,0.02271302547119233,32
generated_trajectory,prediction,adjacent_patches,0.02,squared_l2_mean,0.5827110493555665,0.5667596124112606,0.015951436944305897,2.814497821473379,0.0004895288147963587,0.03083877562312408,32
generated_trajectory,prediction,adjacent_patches,0.26,cosine,0.26870707096531987,0.26950541604310274,-0.0007983450777828693,-0.296225986662616,-0.009688921872293577,0.008224703127052634,32
generated_trajectory,prediction,adjacent_patches,0.26,l1,0.7493472248315811,0.7440857263281941,0.005261498503386974,0.7071091834203904,-0.0011552004842087626,0.011331118596717715,32
generated_trajectory,prediction,adjacent_patches,0.26,rmse,0.9539883086758054,0.9462596762996229,0.007728632376182539,0.8167559677070453,-0.00041173666394596554,0.015489421454574886,32
generated_trajectory,prediction,adjacent_patches,0.26,squared_l2_mean,0.9192498400807381,0.9046835554763675,0.014566284604370594,1.6100972009710748,-0.0018448397750034928,0.02950233004521577,32
generated_trajectory,prediction,adjacent_patches,0.5,cosine,0.19129370874725282,0.1943463531206362,-0.003052644373383373,-1.5707237745225462,-0.00967954000661848,0.0031884074283880124,32
generated_trajectory,prediction,adjacent_patches,0.5,l1,0.8536156546324492,0.8496039845049381,0.0040116701275110245,0.47218118095910455,-0.0018045271979644894,0.009865663293749079,32
generated_trajectory,prediction,adjacent_patches,0.5,rmse,1.0779264544013318,1.0717521157394332,0.006174338661898732,0.5760976415370894,-0.0017884264578056873,0.013618341119475453,32
generated_trajectory,prediction,adjacent_patches,0.5,squared_l2_mean,1.1691528372466564,1.1555427871644497,0.013610050082206726,1.1778058098224127,-0.0024245177395641805,0.02966503009665757,32
generated_trajectory,prediction,adjacent_patches,0.76,cosine,0.10633886547293514,0.1105618836281792,-0.004223018155244063,-3.8195967874842998,-0.012427507039456031,0.003986400123903875,32
generated_trajectory,prediction,adjacent_patches,0.76,l1,1.0087044537067413,1.0066738221794367,0.0020306315273046494,0.20171692981032888,-0.0034300548490136863,0.007912348094396292,32
generated_trajectory,prediction,adjacent_patches,0.76,rmse,1.2655562162301435,1.2606297931423214,0.004926423087822193,0.39079062819404703,-0.0019413240894369283,0.01197174184579107,32
generated_trajectory,prediction,adjacent_patches,0.76,squared_l2_mean,1.6026937030255795,1.5905828028917313,0.01211090013384819,0.7614127420358237,-0.005349780200049281,0.02973919040523469,32
generated_trajectory,prediction,adjacent_patches,0.9,cosine,0.05599962264386704,0.059185577228390684,-0.0031859545845236426,-5.382991488330664,-0.010560921591940086,0.005229449367624282,32
generated_trajectory,prediction,adjacent_patches,0.9,l1,1.0865663662552834,1.0856167785823345,0.0009495876729488373,0.08746987810826465,-0.005382851511240005,0.0072663621511310315,32
generated_trajectory,prediction,adjacent_patches,0.9,rmse,1.362332246334355,1.3589161378018533,0.0034161085325017174,0.2513847939157985,-0.004587559299735087,0.01102119288215148,32
generated_trajectory,prediction,adjacent_patches,0.9,squared_l2_mean,1.8563207387924194,1.847463583573699,0.008857155218720436,0.47942245235423375,-0.011227632500231266,0.029111961694434283,32
generated_trajectory,prediction,adjacent_patches,1.0,cosine,0.034469088350306265,0.038842902141936975,-0.00437381379163071,-11.260265197611213,-0.012728708551475166,0.0033738861489752024,32
generated_trajectory,prediction,adjacent_patches,1.0,l1,1.133829578757286,1.1325816698372364,0.0012479089200496674,0.11018268733141379,-0.005106677720323205,0.007723970012739286,32
generated_trajectory,prediction,adjacent_patches,1.0,rmse,1.4214772845771773,1.417663381092133,0.0038139034850443038,0.2690274388061125,-0.0041462030825333875,0.012309165378697978,32
generated_trajectory,prediction,adjacent_patches,1.0,squared_l2_mean,2.020952243357897,2.010631961748004,0.010320281609892845,0.5132854647809635,-0.012046608282253147,0.03208445617929101,32
generated_trajectory,prediction,all_pairs,0.02,cosine,0.16841550270328298,0.16756086109307944,0.0008546416102035437,0.5100484711216622,6.656530831605778e-05,0.0016037970462093648,32
generated_trajectory,prediction,all_pairs,0.02,l1,0.7060418333858252,0.7062457799911499,-0.00020394660532474518,-0.028877567994431183,-0.0005787394242361188,0.0001731679309159517,32
generated_trajectory,prediction,all_pairs,0.02,rmse,0.9100373998584625,0.9097150577416517,0.00032234211681079344,0.035433305634293984,-0.0002592481002819511,0.0009334918550862867,32
generated_trajectory,prediction,all_pairs,0.02,squared_l2_mean,0.8348609693348408,0.8352530882693827,-0.0003921189345419407,-0.04694612208551044,-0.0012881678529083728,0.0005315146641805763,32
generated_trajectory,prediction,all_pairs,0.26,cosine,0.11317372445773799,0.1131643928019912,9.331655746791512e-06,0.008246105966493831,-0.001221918868168359,0.001046192488138331,32
generated_trajectory,prediction,all_pairs,0.26,l1,0.8396866545081139,0.8397560929879546,-6.943847984075546e-05,-0.008268886694669268,-0.000603019492700696,0.0005775105906650424,32
generated_trajectory,prediction,all_pairs,0.26,rmse,1.0633490954374947,1.0629936057363882,0.0003554897011065865,0.03344231792065402,-0.0002997702311960589,0.0012296806829888737,32
generated_trajectory,prediction,all_pairs,0.26,squared_l2_mean,1.1428526639938354,1.1427533142268658,9.934976696968079e-05,0.008693894450605576,-0.0013006161665543915,0.0018390153301879742,32
generated_trajectory,prediction,all_pairs,0.5,cosine,0.09360044125060085,0.09409178328678536,-0.0004913420361845056,-0.522194413817122,-0.0015813914993486832,0.00048255189758492604,32
generated_trajectory,prediction,all_pairs,0.5,l1,0.9156453758478165,0.9154075859114528,0.00023778993636369705,0.02597640002370468,-0.00036402896512299776,0.0008729188470169901,32
generated_trajectory,prediction,all_pairs,0.5,rmse,1.1541728818044816,1.1536747996447938,0.0004980821596879334,0.0431735320769153,-0.00023345671279729246,0.0013509706339495167,32
generated_trajectory,prediction,all_pairs,0.5,squared_l2_mean,1.3432513121515512,1.342592103406787,0.000659208744764328,0.049099703706852266,-0.0009305343497544527,0.00238913889043033,32
generated_trajectory,prediction,all_pairs,0.76,cosine,0.07233208160323557,0.07328712689741224,-0.0009550452941766707,-1.3031555944518727,-0.0018322288181025215,-0.00010093375017277141,32
generated_trajectory,prediction,all_pairs,0.76,l1,1.032839773222804,1.0324376607313752,0.0004021124914288521,0.038947871307212584,-8.54043522849679e-05,0.0008783920435234903,32
generated_trajectory,prediction,all_pairs,0.76,rmse,1.2954962323797914,1.2948078542558874,0.0006883781239038073,0.05316450017206692,2.8246535244556664e-05,0.0013686831086018893,32
generated_trajectory,prediction,all_pairs,0.76,squared_l2_mean,1.6812376752495766,1.6797030381858349,0.001534637063741684,0.0913635939718946,-9.489757940173149e-05,0.0032860888633877024,32
generated_trajectory,prediction,all_pairs,0.9,cosine,0.0516762088300311,0.05258639320140901,-0.000910184371377909,-1.7308362790576808,-0.0017959335795751485,-7.152595952675257e-05,32
generated_trajectory,prediction,all_pairs,0.9,l1,1.090031024068594,1.08959024772048,0.00044077634811401367,0.04045340429910759,-2.7442304417490953e-05,0.0009135325439274308,32
generated_trajectory,prediction,all_pairs,0.9,rmse,1.3663595022647166,1.3655878990945824,0.0007716031701341317,0.056503369035836,7.66547296081787e-05,0.001476624818416541,32
generated_trajectory,prediction,all_pairs,0.9,squared_l2_mean,1.8674333468079567,1.8655592054128647,0.0018741413950920105,0.10046003309110989,0.0001550220884382725,0.0036154714878648513,32
generated_trajectory,prediction,all_pairs,1.0,cosine,0.030848225271256524,0.03176383948584771,-0.0009156142145911872,-2.8825678174048717,-0.0017364185591418392,-0.00011221451219398668,32
generated_trajectory,prediction,all_pairs,1.0,l1,1.1367146000266075,1.136347707360983,0.00036689266562461853,0.03228700715881041,-9.098276495933533e-05,0.0008729379158467053,32
generated_trajectory,prediction,all_pairs,1.0,rmse,1.4249310291828534,1.4240898587521147,0.0008411704307384332,0.059067229892046595,0.00015319258760623544,0.0015896742559141962,32
generated_trajectory,prediction,all_pairs,1.0,squared_l2_mean,2.0306576900184155,2.0284881610423326,0.002169528976082802,0.10695300163684444,0.00031665167771279814,0.00413117855787277,32
generated_trajectory,prediction,boundary_pixels,0.02,cosine,0.42182526597753167,0.42331044492311776,-0.0014851789455860853,-0.35084864155804746,-0.011737231025472283,0.008827593823662026,32
generated_trajectory,prediction,boundary_pixels,0.02,l1,0.568271579220891,0.5619094758294523,0.006362103391438723,1.1322292406703804,-0.0007299845688976348,0.013829572615213679,32
generated_trajectory,prediction,boundary_pixels,0.02,rmse,0.740117276827245,0.7289492789472295,0.011167997880015608,1.532067895882244,0.00018047531285750548,0.02294830399522621,32
generated_trajectory,prediction,boundary_pixels,0.02,squared_l2_mean,0.5521736675873399,0.5379734542220831,0.014200213365256786,2.6395751042754494,-0.0010249520186334847,0.030519214842934163,32
generated_trajectory,prediction,boundary_pixels,0.26,cosine,0.2950536711141467,0.2988083866657689,-0.003754715551622212,-1.2565629745265603,-0.01342632580199279,0.006305692286696277,32
generated_trajectory,prediction,boundary_pixels,0.26,l1,0.7284564729779959,0.7220282405614853,0.006428232416510582,0.8903020762057267,-0.0012391360476613044,0.014001265238039186,32
generated_trajectory,prediction,boundary_pixels,0.26,rmse,0.9263993099097171,0.917509294402427,0.008890015507290037,0.9689292044807128,-0.0009197121433938216,0.018469291759172383,32
generated_trajectory,prediction,boundary_pixels,0.26,squared_l2_mean,0.8672894388437271,0.8516671629622579,0.01562227588146925,1.8343170384933063,-0.0030785996699705716,0.033662852435372766,32
generated_trajectory,prediction,boundary_pixels,0.5,cosine,0.21862283302471042,0.21940210775937885,-0.0007792747346684337,-0.35518106121527077,-0.010572066679014825,0.009193325022351928,32
generated_trajectory,prediction,boundary_pixels,0.5,l1,0.8363464660942554,0.8315611742436886,0.004785291850566864,0.5754587874931901,-0.0032400910509750246,0.013275367137975988,32
generated_trajectory,prediction,boundary_pixels,0.5,rmse,1.0544752006068248,1.0469562622341804,0.007518938372644564,0.7181712019754601,-0.0027447010624283954,0.01791036466347302,32
generated_trajectory,prediction,boundary_pixels,0.5,squared_l2_mean,1.1189619023352861,1.1023084251210093,0.01665347721427679,1.5107819948349395,-0.004774769092909991,0.04020378778222948,32
generated_trajectory,prediction,boundary_pixels,0.76,cosine,0.10549971071304753,0.10430503920360934,0.0011946715094381943,1.1453631757005795,-0.010724377395308692,0.012821585358324224,32
generated_trajectory,prediction,boundary_pixels,0.76,l1,1.008323784917593,1.003700027242303,0.004623757675290108,0.46067127127554497,-0.0042704313294962045,0.014004802284762249,32
generated_trajectory,prediction,boundary_pixels,0.76,rmse,1.264282505017717,1.2586628949078624,0.005619610109854886,0.44647459876587986,-0.004420196333523655,0.0166773994243344,32
generated_trajectory,prediction,boundary_pixels,0.76,squared_l2_mean,1.59968725964427,1.5855845883488655,0.014102671295404434,0.8894303967781452,-0.013421628810465335,0.04321637563407418,32
generated_trajectory,prediction,boundary_pixels,0.9,cosine,0.051329435264051426,0.05260268177880789,-0.0012732465147564653,-2.4204973429119345,-0.013665904830213549,0.010986597968349074,32
generated_trajectory,prediction,boundary_pixels,0.9,l1,1.0895469188690186,1.0848056934773922,0.004741225391626358,0.4370575689392035,-0.0051886419299989935,0.01528515596874058,32
generated_trajectory,prediction,boundary_pixels,0.9,rmse,1.3657273692800134,1.3602022246500733,0.005525144629940068,0.40620023477475725,-0.005325977181220814,0.017093487215376183,32
generated_trajectory,prediction,boundary_pixels,0.9,squared_l2_mean,1.8658190108835697,1.851355129852891,0.014463881030678749,0.781259132699627,-0.014560928614810108,0.04717286084778606,32
generated_trajectory,prediction,boundary_pixels,1.0,cosine,0.03251265884318855,0.03786641561600845,-0.0053537567728199065,-14.138535918241349,-0.01679112268980134,0.0067677347849439675,32
generated_trajectory,prediction,boundary_pixels,1.0,l1,1.1348972767591476,1.1297038830816746,0.005193393677473068,0.4597128287552854,-0.005740280821919441,0.015793442074209452,32
generated_trajectory,prediction,boundary_pixels,1.0,rmse,1.422285767092913,1.416345714322441,0.005940052770472028,0.4193928580010327,-0.005996223953736981,0.017837894452021785,32
generated_trajectory,prediction,boundary_pixels,1.0,squared_l2_mean,2.023493878543377,2.007373884320259,0.01611999422311783,0.8030389529839087,-0.014890326978638766,0.049934292724356025,32
generated_trajectory,prediction,distance_1_to_2,0.02,cosine,0.3649923140183091,0.36443274398334324,0.0005595700349658728,0.15354548794096518,-0.00442158401128836,0.005500658234814177,32
generated_trajectory,prediction,distance_1_to_2,0.02,l1,0.6007848242297769,0.5972435912117362,0.003541233018040657,0.5929294294905562,0.0001760863931849599,0.006606608629226684,32
generated_trajectory,prediction,distance_1_to_2,0.02,rmse,0.7903888194458096,0.7853087172622152,0.005080102183594441,0.6468923713600128,0.00011121822824360292,0.010122107010615763,32
generated_trajectory,prediction,distance_1_to_2,0.02,squared_l2_mean,0.628409132361412,0.6213064682669938,0.007102664094418287,1.1431820618622728,-0.0008155340794473886,0.014959384710527957,32
generated_trajectory,prediction,distance_1_to_2,0.26,cosine,0.24614663189277053,0.2421187066938728,0.004027925198897719,1.6636158576505613,-0.0013560891093220562,0.009121307107852769,32
generated_trajectory,prediction,distance_1_to_2,0.26,l1,0.7622901853173971,0.7592802923172712,0.003009893000125885,0.39641395023435927,-3.493647091090678e-06,0.006312710675410924,32
generated_trajectory,prediction,distance_1_to_2,0.26,rmse,0.9697700132063951,0.965623589442498,0.004146423763897164,0.4294037354960537,-0.00033388963939522446,0.009027099463566906,32
generated_trajectory,prediction,distance_1_to_2,0.26,squared_l2_mean,0.9502025339752436,0.9417848065495491,0.008417727425694466,0.8938058213674944,-0.0003108794568106532,0.01874439613893628,32
generated_trajectory,prediction,distance_1_to_2,0.5,cosine,0.18492299504578114,0.18446659855544567,0.0004563964903354645,0.2474141627316254,-0.0044075071578845385,0.005199224033276548,32
generated_trajectory,prediction,distance_1_to_2,0.5,l1,0.8573075272142887,0.8553562350571156,0.0019512921571731567,0.22812625631271177,-0.0017653692746534943,0.005696814064867792,32
generated_trajectory,prediction,distance_1_to_2,0.5,rmse,1.0826237058055532,1.0799037982651765,0.002719907540376782,0.2518657258865288,-0.001679807492798105,0.007153718795025778,32
generated_trajectory,prediction,distance_1_to_2,0.5,squared_l2_mean,1.1795780435204506,1.173609727062285,0.005968316458165646,0.5085435405435166,-0.003728814260102808,0.015874516242183744,32
generated_trajectory,prediction,distance_1_to_2,0.76,cosine,0.11209332550060935,0.11336085309449118,-0.0012675275938818231,-1.118135193306356,-0.005651709748417488,0.0033019406258972548,32
generated_trajectory,prediction,distance_1_to_2,0.76,l1,1.0038458462804556,1.0044701071456075,-0.0006242608651518822,-0.062148277057824844,-0.0029346656054258344,0.0017642956227064126,32
generated_trajectory,prediction,distance_1_to_2,0.76,rmse,1.259627522651456,1.2587657300367794,0.0008617926146766916,0.06846330449840823,-0.0022466518572547053,0.003941591983189582,32
generated_trajectory,prediction,distance_1_to_2,0.76,squared_l2_mean,1.5878815539181232,1.5858822874724865,0.0019992664456367493,0.12606650956566878,-0.0058925268705934284,0.009899266017600893,32
generated_trajectory,prediction,distance_1_to_2,0.9,cosine,0.06144346976543602,0.06315073431687779,-0.0017072645514417673,-2.703475375084404,-0.0060544742101228625,0.002672047330088384,32
generated_trajectory,prediction,distance_1_to_2,0.9,l1,1.0816021636128426,1.0824490319937468,-0.0008468683809041977,-0.07823632853589083,-0.003163280384615064,0.0013811478856950985,32
generated_trajectory,prediction,distance_1_to_2,0.9,rmse,1.3562459057583642,1.3559889235109912,0.00025698224737320113,0.01895164797569367,-0.0027001147571530134,0.0029432955074892965,32
generated_trajectory,prediction,distance_1_to_2,0.9,squared_l2_mean,1.83977385237813,1.8392585590481758,0.0005152933299541473,0.028016361670259882,-0.007174921128898859,0.008265751134604215,32
generated_trajectory,prediction,distance_1_to_2,1.0,cosine,0.03627019293708145,0.03890945652869959,-0.002639263591618146,-6.783090351497012,-0.006641522171111092,0.0015491900169990894,32
generated_trajectory,prediction,distance_1_to_2,1.0,l1,1.1314469203352928,1.1321525033563375,-0.0007055830210447311,-0.062322259497107124,-0.00309115219861269,0.0017198613379150627,32
generated_trajectory,prediction,distance_1_to_2,1.0,rmse,1.4186389432867428,1.418211472298676,0.00042747098806673184,0.03014155479745733,-0.0025648917141413,0.0035296838522515884,32
generated_trajectory,prediction,distance_1_to_2,1.0,squared_l2_mean,2.0128866769373417,2.0118849966675043,0.0010016802698373795,0.04978814750826053,-0.007487586932256818,0.009929509274661527,32
generated_trajectory,prediction,distance_2_to_6,0.02,cosine,0.21749654528684914,0.2159148171194829,0.0015817281673662364,0.7325704592524283,-0.00043031458189943803,0.0035923822564654984,32
generated_trajectory,prediction,distance_2_to_6,0.02,l1,0.6817270312458277,0.6824835445731878,-0.0007565133273601532,-0.11084711615036259,-0.002223080792464316,0.000690630613826214,32
generated_trajectory,prediction,distance_2_to_6,0.02,rmse,0.8827505651125875,0.8827865061231823,-3.5941010594588846e-05,-0.004071313997812027,-0.001959459067886567,0.0019392304375163703,32
generated_trajectory,prediction,distance_2_to_6,0.02,squared_l2_mean,0.7844347711652517,0.7852599951438606,-0.0008252239786088467,-0.10508926772178999,-0.004336360550951213,0.0028123606345616275,32
generated_trajectory,prediction,distance_2_to_6,0.26,cosine,0.14969653834123164,0.15002920269034803,-0.000332664349116385,-0.22173306473072832,-0.0019443581899395213,0.0013148717029253015,32
generated_trajectory,prediction,distance_2_to_6,0.26,l1,0.813482616096735,0.8138277903199196,-0.00034517422318458557,-0.042413668750350235,-0.0014177168486639857,0.0007943020435050123,32
generated_trajectory,prediction,distance_2_to_6,0.26,rmse,1.0316122649267099,1.0317066113862396,-9.434645952998214e-05,-0.009144698549834308,-0.0018142148047456794,0.001649976006825337,32
generated_trajectory,prediction,distance_2_to_6,0.26,squared_l2_mean,1.0749532170593739,1.0757441641762853,-0.0007909471169114113,-0.07352557822305755,-0.004502758360467851,0.003012535977177318,32
generated_trajectory,prediction,distance_2_to_6,0.5,cosine,0.12466450629290193,0.12517932918854058,-0.0005148228956386447,-0.41126829723079683,-0.0024761623251833955,0.0014534940521116365,32
generated_trajectory,prediction,distance_2_to_6,0.5,l1,0.8919166158884764,0.8917472753673792,0.00016934052109718323,0.018989743593824705,-0.0010944615118205548,0.0014775882475078102,32
generated_trajectory,prediction,distance_2_to_6,0.5,rmse,1.1248384782048562,1.1248587959764567,-2.0317771600501106e-05,-0.0018062508532783307,-0.0018367131851614537,0.0016999525593755494,32
generated_trajectory,prediction,distance_2_to_6,0.5,squared_l2_mean,1.2743796166032553,1.2750638769939542,-0.0006842603906989098,-0.05366479303861215,-0.004738322831690312,0.0034511344740167185,32
generated_trajectory,prediction,distance_2_to_6,0.76,cosine,0.09178033185889944,0.0931807245942764,-0.001400392735376954,-1.5028781343721949,-0.0034279471794434356,0.0005487462127348402,32
generated_trajectory,prediction,distance_2_to_6,0.76,l1,1.0163263995200396,1.0151611333712935,0.0011652661487460136,0.1147863241056353,-0.0001402444904670119,0.0024974170839414,32
generated_trajectory,prediction,distance_2_to_6,0.76,rmse,1.2746129131170685,1.2731062663997221,0.001506646717346273,0.11834414432716532,-0.00022183984805213482,0.0033396420404773687,32
generated_trajectory,prediction,distance_2_to_6,0.76,squared_l2_mean,1.6265879981219769,1.6230737455189228,0.0035142526030540466,0.21651835677561795,-0.0009830756578594446,0.00808064816519618,32
generated_trajectory,prediction,distance_2_to_6,0.9,cosine,0.0594456001999788,0.06088471250041039,-0.0014391123004315887,-2.363667727628489,-0.003437727893378906,0.0005749581980126094,32
generated_trajectory,prediction,distance_2_to_6,0.9,l1,1.0828865244984627,1.081768887117505,0.0011176373809576035,0.1033157261469845,-0.00037372680380940435,0.002596962125971913,32
generated_trajectory,prediction,distance_2_to_6,0.9,rmse,1.3573585347487322,1.3554447263407927,0.001913808407939574,0.14119413139819872,-5.3908504126971e-06,0.0039581042153601295,32
generated_trajectory,prediction,distance_2_to_6,0.9,squared_l2_mean,1.8427867330610752,1.8378264550119638,0.004960278049111366,0.2698991537304362,-0.0006307484582066536,0.010419720783829687,32
generated_trajectory,prediction,distance_2_to_6,1.0,cosine,0.03320348090710468,0.03448853275540387,-0.0012850518482991902,-3.7260264372883207,-0.0033698328797868273,0.0007661655466563342,32
generated_trajectory,prediction,distance_2_to_6,1.0,l1,1.1348352953791618,1.1337440758943558,0.0010912194848060608,0.09624918956645931,-0.0005207008682191372,0.0027761959470808503,32
generated_trajectory,prediction,distance_2_to_6,1.0,rmse,1.4224626130061402,1.4203712274818874,0.0020913855242527257,0.14724217752287544,1.0058865949533386e-05,0.004296254692777389,32
generated_trajectory,prediction,distance_2_to_6,1.0,squared_l2_mean,2.023679744452238,2.017957016825676,0.0057227276265621185,0.2835901646490067,-0.0003564665559679269,0.01183283813297748,32
generated_trajectory,prediction,distance_gt_6,0.02,cosine,0.13752737474351306,0.13683536677763186,0.0006920079658812028,0.5057230321206138,-0.0003990521682453618,0.0018699845459650523,32
generated_trajectory,prediction,distance_gt_6,0.02,l1,0.7218130882829428,0.722121617756784,-0.00030852947384119034,-0.042725417194905996,-0.0009598755510523916,0.00031543534714728485,32
generated_trajectory,prediction,distance_gt_6,0.02,rmse,0.9263434100720336,0.926156874038202,0.00018653603383162257,0.02014086803872584,-0.0008528521514751215,0.0013909720339340744,32
generated_trajectory,prediction,distance_gt_6,0.02,squared_l2_mean,0.8668629229068756,0.8677210966125131,-0.000858173705637455,-0.0988997166241169,-0.0027817619033157826,0.0009509335737675406,32
generated_trajectory,prediction,distance_gt_6,0.26,cosine,0.09098081586853368,0.0910252322969427,-4.4416428409022046e-05,-0.04879573200552423,-0.001639319414266538,0.0012827523363739594,32
generated_trajectory,prediction,distance_gt_6,0.26,l1,0.8545061629265547,0.8547191144898534,-0.00021295156329870224,-0.024914800627315357,-0.000993133056908846,0.0006008914671838282,32
generated_trajectory,prediction,distance_gt_6,0.26,rmse,1.0804139753463442,1.0801261000285405,0.0002878753178037867,0.026652010149202033,-0.0007258348301278973,0.0013834765443715934,32
generated_trajectory,prediction,distance_gt_6,0.26,squared_l2_mean,1.1807913780212402,1.1809873208403587,-0.00019594281911849976,-0.016591441386438605,-0.0024217738071456553,0.0020487483590841287,32
generated_trajectory,prediction,distance_gt_6,0.5,cosine,0.07605325017357245,0.07654495939277695,-0.0004917092192044947,-0.6423796199059636,-0.001839454486798786,0.0008756810826525895,32
generated_trajectory,prediction,distance_gt_6,0.5,l1,0.9283517654985189,0.9282455211505294,0.00010624434798955917,0.011445716199941676,-0.0005644301418215036,0.0008019449887797235,32
generated_trajectory,prediction,distance_gt_6,0.5,rmse,1.1692674530398146,1.1687301783497086,0.0005372746901058829,0.0459708066120561,-0.0002953871412501422,0.0013833120997224634,32
generated_trajectory,prediction,distance_gt_6,0.5,squared_l2_mean,1.379801094532013,1.3790534073486924,0.0007476871833205223,0.05421742039403629,-0.0012290104292333125,0.0027436033356934763,32
generated_trajectory,prediction,distance_gt_6,0.76,cosine,0.06241480271273758,0.06314060076294936,-0.0007257980502117789,-1.1494950023308523,-0.0017755989630046543,0.0003513831509820846,32
generated_trajectory,prediction,distance_gt_6,0.76,l1,1.040971564128995,1.0408301558345556,0.0001414082944393158,0.013586106594493524,-0.0004451700020581484,0.000691162608563899,32
generated_trajectory,prediction,distance_gt_6,0.76,rmse,1.3054890448480245,1.3051337461181718,0.00035529872985274463,0.027223166277747485,-0.00041082821024112216,0.0011563330227459178,32
generated_trajectory,prediction,distance_gt_6,0.76,squared_l2_mean,1.707996729761362,1.7073044534772635,0.0006922762840986252,0.040547910637066954,-0.0010829351376742125,0.0027224255260080055,32
generated_trajectory,prediction,distance_gt_6,0.9,cosine,0.04809283581744239,0.048734904009847924,-0.0006420681924055316,-1.3174709285890622,-0.001617977337033949,0.00038096815582662106,32
generated_trajectory,prediction,distance_gt_6,0.9,l1,1.093297865241766,1.0930479187518358,0.0002499464899301529,0.022866928854827308,-0.00032923943363130095,0.000892204977571964,32
generated_trajectory,prediction,distance_gt_6,0.9,rmse,1.3703932494687436,1.370028333156979,0.0003649163117646001,0.026635676280045786,-0.00041968843671111626,0.0011750756289611868,32
generated_trajectory,prediction,distance_gt_6,0.9,squared_l2_mean,1.878614891320467,1.8778663761913776,0.0007485151290893555,0.039859871744839875,-0.0012859129346907139,0.0029923843685537577,32
generated_trajectory,prediction,distance_gt_6,1.0,cosine,0.029617299359415483,0.030271179926785408,-0.0006538805673699244,-2.160076247280137,-0.0015818137604810545,0.00031376187330351963,32
generated_trajectory,prediction,distance_gt_6,1.0,l1,1.1377572938799858,1.1376113574951887,0.00014593638479709625,0.01282831644002055,-0.00037427879869937896,0.0006981818936765194,32
generated_trajectory,prediction,distance_gt_6,1.0,rmse,1.4262511740957515,1.425859703380392,0.00039147071535964445,0.027455065490072806,-0.00037302202708124863,0.0011829146979097898,32
generated_trajectory,prediction,distance_gt_6,1.0,squared_l2_mean,2.034416351467371,2.033562697470188,0.0008536539971828461,0.04197824823620225,-0.0012838596478104592,0.0031451403163373437,32
noised_data,error,adjacent_patches,0.05,cosine,0.007478352006287992,0.005927522378158301,0.0015508296281296907,26.16320157380052,-0.0004871445397860441,0.0035378281331793094,256
noised_data,error,adjacent_patches,0.05,l1,1.1129935025819577,1.1138054259645287,-0.0008119233825709671,-0.07289633931059915,-0.002571126258408185,0.0010288671604939735,256
noised_data,error,adjacent_patches,0.05,rmse,1.400444230152474,1.4010425307090948,-0.0005983005566208492,-0.042703953913378896,-0.0027880082485990183,0.0015066909737731836,256
noised_data,error,adjacent_patches,0.05,squared_l2_mean,1.9676564013352618,1.9696429680334404,-0.001986566698178649,-0.10085922831801876,-0.007629633045871742,0.003921531891683114,256
noised_data,error,adjacent_patches,0.15,cosine,0.021469834860283754,0.019988526334955736,0.0014813085253280178,7.410794075086567,-0.0006341940613804553,0.0036460589351182894,256
noised_data,error,adjacent_patches,0.15,l1,1.0353739217971452,1.0355769375164527,-0.00020301571930758655,-0.01960411746851606,-0.0020282394303649197,0.0016622439892671503,256
noised_data,error,adjacent_patches,0.15,rmse,1.3126712864422951,1.312874206553897,-0.00020292011160174877,-0.015456173225794758,-0.002425498838453343,0.0019324287791208279,256
noised_data,error,adjacent_patches,0.15,squared_l2_mean,1.7380439262487926,1.7389342367096106,-0.0008903104608180001,-0.051198627413457244,-0.006453166403662181,0.004995366407456453,256
noised_data,error,adjacent_patches,0.3,cosine,0.04121397094288426,0.04034800421543494,0.0008659667274493188,2.1462442673138398,-0.0014689915137875431,0.0029244849965892592,256
noised_data,error,adjacent_patches,0.3,l1,0.9694580200593919,0.9701068496651715,-0.0006488296057796106,-0.06688228270973981,-0.0028956993715837597,0.0015123413191759027,256
noised_data,error,adjacent_patches,0.3,rmse,1.2445585467552398,1.2445976330743145,-3.908631907480198e-05,-0.0031404783390318524,-0.002678450948002093,0.0024593207383654544,256
noised_data,error,adjacent_patches,0.3,squared_l2_mean,1.5716280827182345,1.5721839697798714,-0.0005558870616368949,-0.03535763449583621,-0.006834629218792543,0.005482058184134069,256
noised_data,error,adjacent_patches,0.5,cosine,0.08100593524432043,0.0799332751346924,0.001072660109628032,1.3419444002770247,-0.0014092449730028988,0.0032996402862337944,256
noised_data,error,adjacent_patches,0.5,l1,0.9135902630805504,0.9148537797882454,-0.0012635167076950893,-0.1381113283466508,-0.0035352772614714923,0.0008736875784961727,256
noised_data,error,adjacent_patches,0.5,rmse,1.1865825682387687,1.1877700637593913,-0.0011874955206224933,-0.09997688583461777,-0.003965341480370029,0.0014584504836559363,256
noised_data,error,adjacent_patches,0.5,squared_l2_mean,1.4299732346553355,1.433916665308061,-0.00394343065272551,-0.27501114591469705,-0.010791681755654281,0.0025351057462103138,256
noised_data,error,adjacent_patches,0.7,cosine,0.16374104878377693,0.1622863873615188,0.001454661422258141,0.8963545531503212,-0.0010658685783369037,0.004093287492048598,256
noised_data,error,adjacent_patches,0.7,l1,0.8159363250015303,0.8169153711787658,-0.000979046177235432,-0.11984670772233359,-0.00323081095739326,0.0012646045812289208,256
noised_data,error,adjacent_patches,0.7,rmse,1.0714816042040858,1.0723636229883864,-0.0008820187843006089,-0.08224997243403892,-0.003741483240549915,0.0018599391374990034,256
noised_data,error,adjacent_patches,0.7,squared_l2_mean,1.1619560801773332,1.1651655927416869,-0.003209512564353645,-0.2754554875587699,-0.00954080848277954,0.0027488523275678717,256
noised_data,error,adjacent_patches,0.85,cosine,0.2823065339762252,0.28123374498863996,0.001072788987585227,0.3814581310747616,-0.001820635130025039,0.003942823985653375,256
noised_data,error,adjacent_patches,0.85,l1,0.7199975648836698,0.7209466818312649,-0.0009491169475950301,-0.1316487018407788,-0.0031353850696177687,0.0012043422677379565,256
noised_data,error,adjacent_patches,0.85,rmse,0.9564936550293619,0.9577211524067204,-0.0012274973773584992,-0.12816855660688295,-0.0045197130980366524,0.0019284707725454393,256
noised_data,error,adjacent_patches,0.85,squared_l2_mean,0.9226869191625156,0.9264212143316399,-0.0037342951691243798,-0.40308826172751894,-0.009692940113018267,0.002342033672175601,256
noised_data,error,adjacent_patches,0.95,cosine,0.3864830485836137,0.38538492640509503,0.001098122178518679,0.2849416526904829,-0.0016211670696065993,0.0038615623554505863,256
noised_data,error,adjacent_patches,0.95,l1,0.6527945707493927,0.65374427610368,-0.0009497053542872891,-0.14527168940545665,-0.0029961216139781756,0.0011988077854766738,256
noised_data,error,adjacent_patches,0.95,rmse,0.8716920280891187,0.8732396917003611,-0.0015476636112423596,-0.17723239403247565,-0.004437021174617589,0.0015683723221243718,256
noised_data,error,adjacent_patches,0.95,squared_l2_mean,0.7658689275849611,0.7698068197933026,-0.003937892208341509,-0.5115429101289146,-0.008977058927848702,0.0013445658987620841,256
noised_data,error,all_pairs,0.05,cosine,0.000668175073343491,0.0009305510804780148,-0.0002623760071345238,-28.19576621196806,-0.0005291620568051991,-1.6274281106687397e-05,256
noised_data,error,all_pairs,0.05,l1,1.116346574446652,1.1161851034266874,0.00016147101996466517,0.01446632995449852,-5.513691576197742e-06,0.0003231717797461897,256
noised_data,error,all_pairs,0.05,rmse,1.4019335637861041,1.401659053065727,0.000274510720377008,0.01958469998653343,9.100740348123192e-05,0.00044501434741567336,256
noised_data,error,all_pairs,0.05,squared_l2_mean,1.9714818655047566,1.9710082941164728,0.00047357138828374445,0.024026859232270673,-7.661472045583647e-06,0.0009720608810312104,256
noised_data,error,all_pairs,0.15,cosine,0.0017984724459552126,0.0020983371626681624,-0.0002998647167129498,-14.290587902072597,-0.000564444253798857,-3.909328747601089e-05,256
noised_data,error,all_pairs,0.15,l1,1.0461977762170136,1.0460407953651156,0.00015698085189796984,0.01500714432874259,5.067455640528351e-06,0.00030264657834777603,256
noised_data,error,all_pairs,0.15,rmse,1.320068549609069,1.3197533834293111,0.00031516617975767356,0.023880687385603092,0.00015329981825851511,0.0004809286221704094,256
noised_data,error,all_pairs,0.15,squared_l2_mean,1.7569359641056508,1.756449483538745,0.00048648056690581143,0.02769681516405993,3.5352921258891e-05,0.0009425916570762636,256
noised_data,error,all_pairs,0.3,cosine,0.003653499219751666,0.003931822340996538,-0.00027832312124487224,-7.078730855736731,-0.0005513296731154638,-2.6730498311900142e-05,256
noised_data,error,all_pairs,0.3,l1,0.9915279528941028,0.9913862693938427,0.00014168350026011467,0.014291452749970337,1.9629446614999325e-05,0.0002809450917993672,256
noised_data,error,all_pairs,0.3,rmse,1.260240167977077,1.2598888533395867,0.0003513146374901888,0.027884573830378713,0.00019469349035155413,0.0005084753794788751,256
noised_data,error,all_pairs,0.3,squared_l2_mean,1.610037317383103,1.6096224320644978,0.00041488531860522926,0.025775319127051326,-3.104782081209097e-07,0.0008274354593595489,256
noised_data,error,all_pairs,0.5,cosine,0.008022291074752275,0.00807137968328031,-4.9088608528036204e-05,-0.608181134505693,-0.0003136305888251811,0.0002301566545406586,256
noised_data,error,all_pairs,0.5,l1,0.9566887434921227,0.9566095257177949,7.921777432784438e-05,0.008281098211770688,-5.995410756440833e-05,0.00021621796186082064,256
noised_data,error,all_pairs,0.5,rmse,1.222136426097404,1.2218490355810236,0.0002873905163804612,0.02352095128051551,0.0001168743011715932,0.0004517543490752379,256
noised_data,error,all_pairs,0.5,squared_l2_mean,1.5156419171835296,1.515478340559639,0.00016357662389054894,0.010793728917969427,-0.0002329474351427052,0.000562808418908389,256
noised_data,error,all_pairs,0.7,cosine,0.02053016566912902,0.020394984915865777,0.00013518075326324208,0.6628136957241951,-0.00014134727148507054,0.0003901442977084723,256
noised_data,error,all_pairs,0.7,l1,0.897832480724901,0.897899317642441,-6.68369175400585e-05,-0.007443698444447878,-0.0002017067337874323,6.492998945759592e-05,256
noised_data,error,all_pairs,0.7,rmse,1.149609304264423,1.1493975894057906,0.00021171485863256652,0.018419636563011908,3.626073545624642e-05,0.0003892567916422121,256
noised_data,error,all_pairs,0.7,squared_l2_mean,1.3361810100032017,1.3363544494786765,-0.00017343947547487915,-0.012978553372762698,-0.0005508140537131112,0.00020470688905334099,256
noised_data,error,all_pairs,0.85,cosine,0.05280111480294636,0.05262375778278994,0.00017735702015642119,0.33702842143748235,-0.00011185905434274446,0.000465391691785832,256
noised_data,error,all_pairs,0.85,l1,0.8546951199532486,0.8547730667924043,-7.794683915562928e-05,-0.00911900973297278,-0.00022160212465678343,7.411346596200012e-05,256
noised_data,error,all_pairs,0.85,rmse,1.0973107968911768,1.0970481812945057,0.0002626155966713546,0.023938383122013004,7.392030985919906e-05,0.00046232753223386533,256
noised_data,error,all_pairs,0.85,squared_l2_mean,1.2131813026499003,1.213475687050959,-0.00029438440105877817,-0.024259604390937887,-0.000692490743676899,0.00011061764307669347,256
noised_data,error,all_pairs,0.95,cosine,0.11921273390544229,0.11906354509164885,0.00014918881379344384,0.12530184086036256,-0.00017569723889891974,0.0004511447220693298,256
noised_data,error,all_pairs,0.95,l1,0.827593774010893,0.8276370989333373,-4.3324922444298863e-05,-0.005234772885378898,-0.0002230093305115588,0.00014587709665647692,256
noised_data,error,all_pairs,0.95,rmse,1.063829590577484,1.0635740665290654,0.0002555240484185587,0.024025035628449647,3.368033976313583e-05,0.000484609311526699,256
noised_data,error,all_pairs,0.95,squared_l2_mean,1.1427253349102102,1.1429865318350494,-0.0002611969248391688,-0.022852143709849376,-0.0007216405050712637,0.0002045410350547165,256
noised_data,error,boundary_pixels,0.05,cosine,0.0022371018496745165,0.00501307231074577,-0.0027759704610712532,-55.37463433593053,-0.0053120907658023245,-0.00029753567860915246,256
noised_data,error,boundary_pixels,0.05,l1,1.1153092173626646,1.1134038697346114,0.0019053476280532777,0.17112816650326826,-0.00040228409343399105,0.004247713662334718,256
noised_data,error,boundary_pixels,0.05,rmse,1.4034878346742268,1.4014386122113973,0.0020492224628295467,0.14622277743553677,-0.0006787720509484608,0.004717738565815455,256
noised_data,error,boundary_pixels,0.05,squared_l2_mean,1.9761331168701872,1.9708229902025778,0.005310126667609438,0.2694370166172873,-0.0021785521777928805,0.012989593568636335,256
noised_data,error,boundary_pixels,0.15,cosine,0.01239228686297622,0.015965528430349707,-0.0035732415673734863,-22.380979013390654,-0.0063106733425710715,-0.0010259644201338972,256
noised_data,error,boundary_pixels,0.15,l1,1.039155236503575,1.0367739148205146,0.002381321683060378,0.22968572501871154,-7.509629358537488e-05,0.0048750733010820115,256
noised_data,error,boundary_pixels,0.15,rmse,1.3186442785232488,1.3156096903518537,0.0030345881713950483,0.23066021736153844,0.00021560386113448124,0.005908026402967795,256
noised_data,error,boundary_pixels,0.15,squared_l2_mean,1.753596083552111,1.7460487149801338,0.007547368571977131,0.43225418095296403,0.00024327408391400243,0.015191906638938234,256
noised_data,error,boundary_pixels,0.3,cosine,0.02569366849547805,0.02954463633288995,-0.0038509678374119005,-13.03440595450786,-0.006685708619642306,-0.0010263614229775624,256
noised_data,error,boundary_pixels,0.3,l1,0.9756241702416446,0.9743155189789832,0.0013086512626614422,0.13431493568252104,-0.001259801461128518,0.0039028756298648657,256
noised_data,error,boundary_pixels,0.3,rmse,1.2536992107342062,1.2521762882033063,0.0015229225309000153,0.12162205475757659,-0.0014962964351600502,0.0045820078409954165,256
noised_data,error,boundary_pixels,0.3,squared_l2_mean,1.5944586264085956,1.5915272677957546,0.002931358612840995,0.18418525853477147,-0.005333515464735683,0.010711333896324502,256
noised_data,error,boundary_pixels,0.5,cosine,0.06507706423155923,0.06773106510436833,-0.0026540008728090925,-3.9184395944748287,-0.005715388821737122,0.00021600383739155287,256
noised_data,error,boundary_pixels,0.5,l1,0.9181409743905533,0.9184083266300149,-0.0002673522394616157,-0.02911038932351925,-0.0030337212105223444,0.002428775405860502,256
noised_data,error,boundary_pixels,0.5,rmse,1.1913916258941826,1.192233437181183,-0.0008418112870002231,-0.0706079246519483,-0.004091603238676066,0.0023742099259707046,256
noised_data,error,boundary_pixels,0.5,squared_l2_mean,1.4414975651889108,1.4446488845569547,-0.0031513193680439144,-0.21813738976515126,-0.010985774554865203,0.004775842940580329,256
noised_data,error,boundary_pixels,0.7,cosine,0.16827179444408102,0.16861833288350425,-0.0003465384394232274,-0.2055164663872257,-0.003262080114893706,0.0027513061486482467,256
noised_data,error,boundary_pixels,0.7,l1,0.8086691338394303,0.8096608239284251,-0.000991690088994801,-0.12248216286212059,-0.003477947825740557,0.0017365010047797089,256
noised_data,error,boundary_pixels,0.7,rmse,1.054490069202238,1.056586815953798,-0.0020967467515599267,-0.19844528815809226,-0.005240228981290696,0.0011203218155015754,256
noised_data,error,boundary_pixels,0.7,squared_l2_mean,1.126628091733437,1.1319737127341796,-0.00534562100074254,-0.47223896991659625,-0.012078492150612874,0.001654521441741962,256
noised_data,error,boundary_pixels,0.85,cosine,0.3052763484647585,0.3044499282268589,0.0008264202378995833,0.2714470135410187,-0.0024145102139300433,0.004134527684595922,256
noised_data,error,boundary_pixels,0.85,l1,0.7021180053125136,0.7031770658504684,-0.0010590605379547924,-0.15061079056580085,-0.0035511640991899183,0.001283520772267363,256
noised_data,error,boundary_pixels,0.85,rmse,0.9217966956131809,0.924082840397548,-0.002286144784367071,-0.24739608663045323,-0.0057215742695127985,0.0011835386639722193,256
noised_data,error,boundary_pixels,0.85,squared_l2_mean,0.8589184998127166,0.8639741425722605,-0.005055642759543844,-0.5851613503723583,-0.010800522500358057,0.001348704762494883,256
noised_data,error,boundary_pixels,0.95,cosine,0.41220399748999625,0.4111449734737107,0.001059024016285548,0.2575792201320111,-0.0021383411924944086,0.004147618259321461,256
noised_data,error,boundary_pixels,0.95,l1,0.6334610116609838,0.6346823240965023,-0.0012213124355184846,-0.19242893478356682,-0.003563198203482898,0.0010307034253855805,256
noised_data,error,boundary_pixels,0.95,rmse,0.8340423973083642,0.8365890414055421,-0.0025466440971779504,-0.3044080153021569,-0.005680593035258433,0.0003803514959002187,256
noised_data,error,boundary_pixels,0.95,squared_l2_mean,0.7028641969955061,0.7078348050927161,-0.004970608097210061,-0.702227138514188,-0.00999966645395034,0.00021932691906840205,256
noised_data,error,distance_1_to_2,0.05,cosine,0.003772775478680046,0.0033783663047266543,0.0003944091739533917,11.674553271549504,-0.0008479728202229975,0.0016243483160514043,256
noised_data,error,distance_1_to_2,0.05,l1,1.115732122969348,1.1156888463010546,4.32766682934016e-05,0.003878919148190887,-0.0010232386535790282,0.0011569037123990709,256
noised_data,error,distance_1_to_2,0.05,rmse,1.403306297923721,1.4030885555467485,0.00021774237697254513,0.0155187907500034,-0.0010745331575650239,0.0014174113388181766,256
noised_data,error,distance_1_to_2,0.05,squared_l2_mean,1.9751280695199966,1.9748062006838154,0.0003218688361812383,0.01629875559788018,-0.0030313615512568503,0.003849995417112948,256
noised_data,error,distance_1_to_2,0.15,cosine,0.012756308381343118,0.01253450153958724,0.00022180684175587828,1.769570501510205,-0.0010386010222242614,0.0014099741273451802,256
noised_data,error,distance_1_to_2,0.15,l1,1.0412709238007665,1.0409895144985057,0.0002814093022607267,0.0270328661664085,-0.0008371486481337342,0.0014193000817613196,256
noised_data,error,distance_1_to_2,0.15,rmse,1.3185006564401462,1.318012708871495,0.00048794756865137585,0.037021461581289675,-0.0008305753024068078,0.0018106638735105552,256
noised_data,error,distance_1_to_2,0.15,squared_l2_mean,1.7525891596451402,1.7516641861293465,0.0009249735157936811,0.052805413452997274,-0.002680004014109727,0.004548583972791675,256
noised_data,error,distance_1_to_2,0.3,cosine,0.026088959806607193,0.025981860839868087,0.00010709896673910535,0.41220668295923757,-0.0011477589446007741,0.0013954433438815518,256
noised_data,error,distance_1_to_2,0.3,l1,0.9797875892254524,0.9796178782708012,0.00016971095465123653,0.017324199406283436,-0.0010474649032403249,0.0014300263872428327,256
noised_data,error,distance_1_to_2,0.3,rmse,1.2540826739338353,1.253627281839073,0.0004553920947623774,0.03632595599661141,-0.00099818378599788,0.0018632286256711984,256
noised_data,error,distance_1_to_2,0.3,squared_l2_mean,1.5943075882387348,1.5938171200832585,0.0004904681554762647,0.03077317650162042,-0.003062852558650775,0.004107637262859494,256
noised_data,error,distance_1_to_2,0.5,cosine,0.05278148957660278,0.05211064226609352,0.0006708473105092594,1.2873518370464512,-0.0005704889430013793,0.0019669296533267656,256
noised_data,error,distance_1_to_2,0.5,l1,0.9320913685951382,0.931829295863281,0.00026207273185718805,0.02812454309181106,-0.001036408354411833,0.0015828362353204276,256
noised_data,error,distance_1_to_2,0.5,rmse,1.2053858143164176,1.2049060002899055,0.00047981402651205065,0.0398216978251088,-0.001191035384553162,0.002008353930455133,256
noised_data,error,distance_1_to_2,0.5,squared_l2_mean,1.4743964541121386,1.474207040228066,0.00018941388407256454,0.01284852662508391,-0.0035876737798389512,0.004244282370200378,256
noised_data,error,distance_1_to_2,0.7,cosine,0.11491874028070015,0.11405775843854826,0.0008609818421518867,0.7548647754775614,-0.0005362841795886197,0.0022943696874392554,256
noised_data,error,distance_1_to_2,0.7,l1,0.8464293517172337,0.8461228942178423,0.0003064574993913993,0.03621902934971276,-0.0010512191947782412,0.001652956732505115,256
noised_data,error,distance_1_to_2,0.7,rmse,1.1043950136869678,1.103735398002499,0.000659615684468708,0.05976212103575339,-0.0010570411934320682,0.002255222150018498,256
noised_data,error,distance_1_to_2,0.7,squared_l2_mean,1.233408501779195,1.2331760135712102,0.0002324882079847157,0.018852800040396713,-0.003409924236621009,0.0039487585250753895,256
noised_data,error,distance_1_to_2,0.85,cosine,0.221596635892638,0.22116591600570246,0.00043071988693554886,0.19474966790291653,-0.0012729449196740461,0.001968774115357519,256
noised_data,error,distance_1_to_2,0.85,l1,0.7590555555652827,0.7587797497981228,0.000275805767159909,0.03634859354552998,-0.0010648828327248338,0.0015931608781102108,256
noised_data,error,distance_1_to_2,0.85,rmse,1.0008853374436333,1.0002545758699182,0.0006307615737149862,0.06306010379071897,-0.0011776142611989288,0.002438017204507153,256
noised_data,error,distance_1_to_2,0.85,squared_l2_mean,1.0093991839676164,1.00940030394122,-1.1199736036360264e-06,-0.00011095435569645373,-0.0036879102379316466,0.0034590212526381943,256
noised_data,error,distance_1_to_2,0.95,cosine,0.3281099054584047,0.3279637727464433,0.00014613271196139976,0.04455757742315597,-0.0014501416779239662,0.0016658949740303796,256
noised_data,error,distance_1_to_2,0.95,l1,0.6931491911527701,0.6929502550628968,0.0001989360898733139,0.028708567234058836,-0.001120921793335583,0.0014782841863052434,256
noised_data,error,distance_1_to_2,0.95,rmse,0.9190342742219597,0.9186350313616313,0.00039924286032844754,0.04346044366898099,-0.001344873133127271,0.0021769548918208217,256
noised_data,error,distance_1_to_2,0.95,squared_l2_mean,0.8508001766749658,0.8511830091883894,-0.00038283251342363656,-0.04497652200420105,-0.0035112881669192575,0.002856433123815804,256
noised_data,error,distance_2_to_6,0.05,cosine,0.0005623231787055261,0.0011276043733942087,-0.0005652811946886827,-50.131163733174105,-0.0010440487908752987,-8.223191658392496e-05,256
noised_data,error,distance_2_to_6,0.05,l1,1.1204036115668714,1.1199579897802323,0.00044562178663909435,0.03978915197761463,6.833217630628497e-05,0.0008398170393775216,256
noised_data,error,distance_2_to_6,0.05,rmse,1.407021250790602,1.4063535756353036,0.0006676751552981679,0.04747562539502583,0.00017387998990716705,0.001129121760600895,256
noised_data,error,distance_2_to_6,0.05,squared_l2_mean,1.9845353229902685,1.9829677629750222,0.001567560015246272,0.0790512102372497,0.000332192330097314,0.0028920451048179505,256
noised_data,error,distance_2_to_6,0.15,cosine,0.0019298866297132733,0.0025622157150984037,-0.0006323290853851304,-24.678994889423095,-0.0011268731298207824,-0.00010650164512811025,256
noised_data,error,distance_2_to_6,0.15,l1,1.052500011632219,1.0519724649493583,0.0005275466828607023,0.0501483356682818,0.00012179441982880234,0.0009464805203606375,256
noised_data,error,distance_2_to_6,0.15,rmse,1.3282424581546857,1.327396606076448,0.0008458520782379415,0.06372263379052416,0.0003541803567967322,0.0013596095175079355,256
noised_data,error,distance_2_to_6,0.15,squared_l2_mean,1.7767861947068013,1.7749580851232167,0.0018281095835845917,0.10299452133021413,0.0004781978095707018,0.0031218584030284543,256
noised_data,error,distance_2_to_6,0.3,cosine,0.004696820027319859,0.005234349111994385,-0.0005375290846745262,-10.269263153326767,-0.0010482517259388312,1.7485338737298968e-06,256
noised_data,error,distance_2_to_6,0.3,l1,0.999307663354557,0.9986669290810823,0.0006407342734746635,0.06415895578561227,0.00019437925511738284,0.0010880214220378547,256
noised_data,error,distance_2_to_6,0.3,rmse,1.2709622949407917,1.2700019340185225,0.0009603609222691941,0.07561885510130158,0.0004022450415127942,0.0015649760068666087,256
noised_data,error,distance_2_to_6,0.3,squared_l2_mean,1.6350578966084868,1.6331196763494518,0.0019382202590350062,0.11868207132055089,0.00045264348518685437,0.0034256310194905374,256
noised_data,error,distance_2_to_6,0.5,cosine,0.011063902842394668,0.011375859604703553,-0.0003119567623088848,-2.742269798933706,-0.0008143092824464682,0.00018066868240801382,256
noised_data,error,distance_2_to_6,0.5,l1,0.965550780761987,0.9650564445182681,0.0004943362437188625,0.05122355759881203,7.285704341484234e-05,0.0009379691597132474,256
noised_data,error,distance_2_to_6,0.5,rmse,1.2350074356708438,1.2343025794693983,0.0007048562014455046,0.05710562492290245,0.00011980415895510142,0.0012524852144778099,256
noised_data,error,distance_2_to_6,0.5,squared_l2_mean,1.5452977213426493,1.5441308654553723,0.0011668558872770518,0.07556716295111036,-0.00020394090242916718,0.0025563128794601647,256
noised_data,error,distance_2_to_6,0.7,cosine,0.029455076020639126,0.029521184071391815,-6.6108050752689e-05,-0.22393427916989458,-0.0005629049394778818,0.0004594012927341844,256
noised_data,error,distance_2_to_6,0.7,l1,0.9035883957403712,0.903461296838941,0.0001270989014301449,0.014067996257818963,-0.00027307806158205494,0.0005674510422977617,256
noised_data,error,distance_2_to_6,0.7,rmse,1.1593972163284958,1.1588826679584874,0.0005145483700083799,0.04440038532242607,-7.149500574412215e-06,0.0010973285090074888,256
noised_data,error,distance_2_to_6,0.7,squared_l2_mean,1.3577541661798023,1.35733694472583,0.0004172214539721608,0.03073823751673066,-0.0008693937263160479,0.0016208393135457267,256
noised_data,error,distance_2_to_6,0.85,cosine,0.07946047357700081,0.079336901268654,0.00012357230834680877,0.15575640889774978,-0.00044074931680171403,0.0007379171157490204,256
noised_data,error,distance_2_to_6,0.85,l1,0.848833279160317,0.8488258573634084,7.4217969086021185e-06,0.0008743603701771563,-0.00036869531322736293,0.00041855524177663,256
noised_data,error,distance_2_to_6,0.85,rmse,1.0942910863389552,1.0936530572101781,0.0006380291287772268,0.05833926258157118,7.456027158962566e-05,0.0011641252273705432,256
noised_data,error,distance_2_to_6,0.85,squared_l2_mean,1.2060831506969407,1.2057623241562396,0.0003208265407010913,0.02660777619881241,-0.0008520175513694994,0.0015154919776250604,256
noised_data,error,distance_2_to_6,0.95,cosine,0.16384807091344555,0.16360392184850525,0.0002441490649403022,0.149231792356653,-0.00042035800505857424,0.0008914461007805126,256
noised_data,error,distance_2_to_6,0.95,l1,0.8030066477367654,0.8030484005867038,-4.1752849938347936e-05,-0.005199294327445703,-0.00045319049604586326,0.00039066821627784486,256
noised_data,error,distance_2_to_6,0.95,rmse,1.0384791338516766,1.0379725324039144,0.0005066014477619883,0.048806825994587154,-3.0638318647212735e-05,0.0010484400795117805,256
noised_data,error,distance_2_to_6,0.95,squared_l2_mean,1.0879569050157443,1.0879244302923325,3.247472341172397e-05,0.0029850164687447818,-0.001129027394199511,0.001183025773207191,256
noised_data,error,distance_gt_6,0.05,cosine,0.0005187638516224169,0.0007057340792897548,-0.00018697022766733795,-26.493013892074377,-0.0004961946808680229,0.00012904621049226737,256
noised_data,error,distance_gt_6,0.05,l1,1.1148197881993838,1.1147516639321111,6.81242672726512e-05,0.006111160851050319,-0.00014413071767194197,0.0002871179822250269,256
noised_data,error,distance_gt_6,0.05,rmse,1.3998381606193246,1.399692204832128,0.00014595578719633125,0.010427705940809783,-7.930415654621752e-05,0.0003901350401338502,256
noised_data,error,distance_gt_6,0.05,squared_l2_mean,1.9662256679148413,1.9661359140300192,8.97538848221302e-05,0.0045649888281711045,-0.0005572705966187641,0.0007676275679841637,256
noised_data,error,distance_gt_6,0.15,cosine,0.0010769738954288371,0.0012806323741996195,-0.00020365847877078236,-15.902961917393863,-0.0005073783413610232,7.643646157904943e-05,256
noised_data,error,distance_gt_6,0.15,l1,1.0440686189685948,1.0440487725427374,1.9846425857394934e-05,0.0019009098405489034,-0.00018993154371855782,0.00024109735968522723,256
noised_data,error,distance_gt_6,0.15,rmse,1.31692353543521,1.316795374436318,0.0001281609988922185,0.009732795343929616,-0.00011444822802535709,0.00036758260371141835,256
noised_data,error,distance_gt_6,0.15,squared_l2_mean,1.749548520310782,1.749564990401268,-1.6470090486109257e-05,-0.0009413820336180705,-0.0006489350111223757,0.0006004742375807835,256
noised_data,error,distance_gt_6,0.3,cosine,0.0018797120346185636,0.0020811958054245405,-0.0002014837708059769,-9.681153992373941,-0.0005057716997932449,9.37890667988661e-05,256
noised_data,error,distance_gt_6,0.3,l1,0.9892457685200498,0.9892794906918425,-3.372217179276049e-05,-0.0034087608314994212,-0.00023744029604131356,0.0001698695508821398,256
noised_data,error,distance_gt_6,0.3,rmse,1.2563374447015194,1.2561885116597704,0.00014893304174926417,0.011855946807894514,-9.92035152578992e-05,0.0003953961027165602,256
noised_data,error,distance_gt_6,0.3,squared_l2_mean,1.6013526825699955,1.6014729735907167,-0.00012029102072119713,-0.007511273852563903,-0.0007737788022495806,0.0005119306530104944,256
noised_data,error,distance_gt_6,0.5,cosine,0.004113349568553026,0.004112891106040628,4.5846251239822777e-07,0.011146964521498784,-0.00029678505305358316,0.00027925472043125447,256
noised_data,error,distance_gt_6,0.5,l1,0.9547747297910973,0.9548484437400475,-7.371394895017147e-05,-0.007719963250025436,-0.00027585521602304655,0.00012682684900937593,256
noised_data,error,distance_gt_6,0.5,rmse,1.217985208471359,1.2178289446642125,0.00015626380714606723,0.012831342844224587,-9.195926650554211e-05,0.0004106622696263656,256
noised_data,error,distance_gt_6,0.5,squared_l2_mean,1.5067283538519405,1.5069037886278238,-0.0001754347758833319,-0.011642068804079496,-0.0007394599007966463,0.00041665450917207616,256
noised_data,error,distance_gt_6,0.7,cosine,0.011318972170546449,0.011173977804268986,0.0001449943662774622,1.297607430561277,-0.00017993075536968384,0.00044269459387860085,256
noised_data,error,distance_gt_6,0.7,l1,0.898753849149216,0.8988927933969535,-0.0001389442477375269,-0.015457265733820244,-0.000334965021465905,4.994758492102812e-05,256
noised_data,error,distance_gt_6,0.7,rmse,1.1483189828487235,1.1481991622033645,0.00011982064535915032,0.01043552802540089,-0.0001386130682492572,0.0003636364880174443,256
noised_data,error,distance_gt_6,0.7,squared_l2_mean,1.334139135084115,1.3345011749770492,-0.00036203989293426275,-0.02712922998666443,-0.0009185930655803531,0.00023009349388303195,256
noised_data,error,distance_gt_6,0.85,cosine,0.032205719456186443,0.03205788556672218,0.00014783388946426612,0.46114672521548244,-0.00019633039322433098,0.0004974166456205519,256
noised_data,error,distance_gt_6,0.85,l1,0.8627941705053672,0.862904307723511,-0.00011013721814379096,-0.01276354946405955,-0.00031028021112433635,0.00010586871430859892,256
noised_data,error,distance_gt_6,0.85,rmse,1.1037519373861202,1.1035902907957214,0.00016164659039881284,0.014647337127464292,-0.0001226215460490741,0.00044432564392510613,256
noised_data,error,distance_gt_6,0.85,squared_l2_mean,1.228354116261471,1.2288565100170672,-0.0005023937555961311,-0.04088302836831238,-0.0010751249647000805,0.00014298832102213052,256
noised_data,error,distance_gt_6,0.95,cosine,0.08923975838717979,0.0891466808067829,9.307758039689418e-05,0.104409473863229,-0.00027907642916971117,0.00043174723522083604,256
noised_data,error,distance_gt_6,0.95,l1,0.8452826617867686,0.8453320359403733,-4.9374153604730964e-05,-0.00584080000585872,-0.0002875547485018615,0.00017984708829317219,256
noised_data,error,distance_gt_6,0.95,rmse,1.0809920403470639,1.0807815710126407,0.0002104693344232621,0.019473808590764773,-7.919689759046123e-05,0.0005112543802417458,256
noised_data,error,distance_gt_6,0.95,squared_l2_mean,1.181655197404325,1.1820342906285077,-0.00037909322418272495,-0.03207125437800579,-0.0009804784276639111,0.0002759454284387173,256
noised_data,prediction,adjacent_patches,0.05,cosine,0.4242630811932031,0.4225063639532891,0.0017567172399139963,0.4157847998966977,-0.0005805781993331038,0.004187674312561285,256
noised_data,prediction,adjacent_patches,0.05,l1,0.6529785036109388,0.6538932235853281,-0.0009147199743892998,-0.13988827860515912,-0.0025350109564897137,0.0007386542682070238,256
noised_data,prediction,adjacent_patches,0.05,rmse,0.850533927968479,0.8524125257704707,-0.0018785978019915973,-0.2203859921337486,-0.00439334243797576,0.0005072162802271205,256
noised_data,prediction,adjacent_patches,0.05,squared_l2_mean,0.7336045384872705,0.7374881159339566,-0.003883577446686104,-0.526595257981606,-0.007947152319684393,0.0001425603455572835,256
noised_data,prediction,adjacent_patches,0.15,cosine,0.35251443582819775,0.35156010372156743,0.0009543321066303179,0.271456316154162,-0.0011928605415960191,0.003187768097632215,256
noised_data,prediction,adjacent_patches,0.15,l1,0.7607256306218915,0.7616981866012793,-0.0009725559793878347,-0.12768259088647818,-0.0026125617907382546,0.0005540339232538825,256
noised_data,prediction,adjacent_patches,0.15,rmse,0.9728345836654597,0.9748206251974705,-0.0019860415320107298,-0.203734049185553,-0.004180788736527926,0.00022572029404759687,256
noised_data,prediction,adjacent_patches,0.15,squared_l2_mean,0.9646670063375495,0.9692867422709242,-0.0046197359333746135,-0.4766118973783876,-0.009064062406105222,-0.0003072572988458014,256
noised_data,prediction,adjacent_patches,0.3,cosine,0.30525646699243225,0.30575896560901583,-0.0005024986165835799,-0.16434468751642153,-0.002606350129147472,0.0016944056455912447,256
noised_data,prediction,adjacent_patches,0.3,l1,0.8300393157405779,0.8301310480455868,-9.173230500891805e-05,-0.01105034021133017,-0.0016126111499033867,0.001586795924231409,256
noised_data,prediction,adjacent_patches,0.3,rmse,1.055775115337179,1.0563635927308281,-0.000588477393649096,-0.05570784507328679,-0.002849728347205593,0.0016471943168024088,256
noised_data,prediction,adjacent_patches,0.3,squared_l2_mean,1.1347569430945441,1.1367550455615856,-0.0019981024670414627,-0.17577247401214302,-0.0067653229794814255,0.002706465851224493,256
noised_data,prediction,adjacent_patches,0.5,cosine,0.2556113566024578,0.25612629256590935,-0.0005149359634515349,-0.20104767780489607,-0.0025772996700965225,0.0015110750052627958,256
noised_data,prediction,adjacent_patches,0.5,l1,0.8893545578466728,0.8895340957096778,-0.00017953786300495267,-0.02018335934180419,-0.0016974136029602959,0.0013148598984116684,256
noised_data,prediction,adjacent_patches,0.5,rmse,1.1234028292397154,1.124422309227051,-0.0010194799873357702,-0.09066700108757,-0.0031321848815801957,0.0010273205000388456,256
noised_data,prediction,adjacent_patches,0.5,squared_l2_mean,1.2745622413931414,1.2775769447325729,-0.003014703339431435,-0.2359703931619151,-0.008019847556715832,0.0018717029146500805,256
noised_data,prediction,adjacent_patches,0.7,cosine,0.18927354980291966,0.18842065079087433,0.0008528990120453273,0.4526568656171074,-0.0010813379685885138,0.00289558458475198,256
noised_data,prediction,adjacent_patches,0.7,l1,0.9866486339597031,0.9877796354121529,-0.0011310014524497092,-0.11449936928268387,-0.002503660399815999,0.00037469010712811726,256
noised_data,prediction,adjacent_patches,0.7,rmse,1.2383665871437626,1.2397381710097857,-0.0013715838660231863,-0.11063496293786053,-0.003331101524036777,0.0005071318974075312,256
noised_data,prediction,adjacent_patches,0.7,squared_l2_mean,1.5366372000426054,1.5407425119774416,-0.004105311934836209,-0.2664502279207777,-0.008807257533771918,0.000492114829830821,256
noised_data,prediction,adjacent_patches,0.85,cosine,0.1287164374044778,0.1271280130946965,0.001588424309781289,1.2494683674463518,-0.00046582194516915366,0.003591574339365166,256
noised_data,prediction,adjacent_patches,0.85,l1,1.06256396160461,1.0635242353309877,-0.0009602737263776362,-0.09029166374180292,-0.002432231242710259,0.0005228466077824121,256
noised_data,prediction,adjacent_patches,0.85,rmse,1.3316743574154144,1.3324435313832401,-0.0007691739678258661,-0.05772657149885886,-0.0025847311994856596,0.0009797790648431403,256
noised_data,prediction,adjacent_patches,0.85,squared_l2_mean,1.7739978015888482,1.7765447060810402,-0.0025469044921919703,-0.14336281453959587,-0.007732351691811345,0.00230211890884675,256
noised_data,prediction,adjacent_patches,0.95,cosine,0.06206324331699875,0.060882104681311944,0.001181138635686807,1.9400423849824022,-0.0007954111860634328,0.003072100875549122,256
noised_data,prediction,adjacent_patches,0.95,l1,1.1094824788160622,1.1104579243110493,-0.0009754454949870706,-0.08784173390380881,-0.0025606963434256615,0.0006685295084025706,256
noised_data,prediction,adjacent_patches,0.95,rmse,1.3903892029345992,1.3910448244649478,-0.0006556215303487843,-0.04713158906298817,-0.0025578185061375844,0.0011092215000328724,256
noised_data,prediction,adjacent_patches,0.95,squared_l2_mean,1.9336280564311892,1.935925237252377,-0.002297180821187794,-0.11866061648373057,-0.007484835654031486,0.003096116354572586,256
noised_data,prediction,all_pairs,0.05,cosine,0.17967940141147665,0.17962025989626795,5.914151520869382e-05,0.03292585994633817,-0.0002440357260923065,0.0003514255431554147,256
noised_data,prediction,all_pairs,0.05,l1,0.8231101207784377,0.8231121627031825,-2.0419247448444366e-06,-0.0002480736936432274,-0.00018123328045476227,0.00017826228722697113,256
noised_data,prediction,all_pairs,0.05,rmse,1.052566295592541,1.052250881422282,0.0003154141702591054,0.029975187080173667,0.00011121152119374341,0.0005450450117802209,256
noised_data,prediction,all_pairs,0.05,squared_l2_mean,1.1301184169133194,1.1300968244031537,2.1592510165646672e-05,0.0019106778905471646,-0.00044276958069531245,0.0004993063972506203,256
noised_data,prediction,all_pairs,0.15,cosine,0.15368738639790536,0.15359217845803386,9.52079398715e-05,0.06198749234975775,-0.0001525558383903558,0.00034578024832079276,256
noised_data,prediction,all_pairs,0.15,l1,0.9044652057928033,0.9044544937496539,1.0712043149396777e-05,0.0011843650756808322,-0.00015144310091272928,0.00017478412701166232,256
noised_data,prediction,all_pairs,0.15,rmse,1.1472662930485107,1.1470147604265408,0.0002515326219700133,0.021929327385157255,6.348840836593463e-05,0.00045023517969086907,256
noised_data,prediction,all_pairs,0.15,squared_l2_mean,1.3470272405538708,1.347055713966256,-2.8473412385210395e-05,-0.0021137516503585137,-0.0004937011792208069,0.00043724320203182267,256
noised_data,prediction,all_pairs,0.3,cosine,0.13834821177601953,0.13837193059934094,-2.371882332141695e-05,-0.01714135462205506,-0.00027158003259586394,0.00021435948898869124,256
noised_data,prediction,all_pairs,0.3,l1,0.9554778139572591,0.9554319444578141,4.586949944496155e-05,0.00480091750239641,-0.0001135074024205096,0.00021136009017936884,256
noised_data,prediction,all_pairs,0.3,rmse,1.208626503737039,1.2083153347236832,0.0003111690133558711,0.025752301937559126,0.00012509121043819787,0.0005065971616622968,256
noised_data,prediction,all_pairs,0.3,squared_l2_mean,1.4941878549288958,1.4940001746290363,0.00018768029985949397,0.012562267598535952,-0.0002930579357780516,0.0006859248911496249,256
noised_data,prediction,all_pairs,0.5,cosine,0.12641192476939977,0.126534597095187,-0.00012267232578722087,-0.09694765590073307,-0.00037542535555097346,0.0001118879457276733,256
noised_data,prediction,all_pairs,0.5,l1,0.9913605058100075,0.9912904110969976,7.00947130098939e-05,0.007071057303209921,-8.802072406979277e-05,0.00023664709879085412,256
noised_data,prediction,all_pairs,0.5,rmse,1.2502696170197551,1.2499596562587771,0.0003099607609779384,0.024797661222576907,0.0001155851037913455,0.0005026637088587982,256
noised_data,prediction,all_pairs,0.5,squared_l2_mean,1.589480774011463,1.5892031154944561,0.0002776585170067847,0.017471556297597335,-0.0002004837864660658,0.0007797782440320588,256
noised_data,prediction,all_pairs,0.7,cosine,0.10970490177305692,0.10989284360258367,-0.00018794182952674987,-0.17102281037191325,-0.00043692117679530187,5.1950998924610214e-05,256
noised_data,prediction,all_pairs,0.7,l1,1.0541523658903316,1.0540073629235849,0.0001450029667466879,0.013757301120220024,-3.135229926556349e-05,0.0003225981665309518,256
noised_data,prediction,all_pairs,0.7,rmse,1.323952508299814,1.3236729239981098,0.0002795843017045904,0.021121856966003005,8.427245017645011e-05,0.0004647952965029685,256
noised_data,prediction,all_pairs,0.7,squared_l2_mean,1.765622710576281,1.7652470009634271,0.0003757096128538251,0.02128368509612379,-0.00014631629164796323,0.0009083749406272538,256
noised_data,prediction,all_pairs,0.85,cosine,0.09132197180906587,0.0915005519566563,-0.00017858014759042362,-0.19516838289130412,-0.00041702437724282503,5.941810020466622e-05,256
noised_data,prediction,all_pairs,0.85,l1,1.0954636393580586,1.0953053468838334,0.00015829247422516346,0.014451903724884467,-6.178498733788729e-06,0.00033587703073862925,256
noised_data,prediction,all_pairs,0.85,rmse,1.3733572945568984,1.373121460535553,0.00023583402134541315,0.01717502989527465,4.6341775953976836e-05,0.00043934804556357136,256
noised_data,prediction,all_pairs,0.85,squared_l2_mean,1.8912143961060792,1.8908362404908985,0.0003781556151807308,0.01999938477393231,-0.0001342524483334273,0.0009137790562817821,256
noised_data,prediction,all_pairs,0.95,cosine,0.053425495147450874,0.053622384143451995,-0.00019688899600112109,-0.367176877988861,-0.0004258904432912658,4.040230531909827e-05,256
noised_data,prediction,all_pairs,0.95,l1,1.1173331742174923,1.117183574824594,0.00014959939289838076,0.013390761936494543,-1.7359617049805814e-05,0.0003060450544580817,256
noised_data,prediction,all_pairs,0.95,rmse,1.4003855505838243,1.4001417254153223,0.00024382516850180846,0.01741432057026105,6.845148240081959e-05,0.00041897703456092293,256
noised_data,prediction,all_pairs,0.95,squared_l2_mean,1.961972536984831,1.9615399885224178,0.0004325484624132514,0.02205147307443271,-6.406961765605956e-05,0.0009331464942079037,256
noised_data,prediction,boundary_pixels,0.05,cosine,0.4501877875736682,0.44617660296898976,0.004011184604678419,0.8990127626564958,0.0012178302402844567,0.006855106446118952,256
noised_data,prediction,boundary_pixels,0.05,l1,0.6307869025040418,0.6326846489682794,-0.0018977464642375708,-0.29995140032751405,-0.003869307575223502,9.375760491820783e-05,256
noised_data,prediction,boundary_pixels,0.05,rmse,0.8122194853660083,0.8156115597962121,-0.0033920744302038787,-0.4158933734400992,-0.006157067798352948,-0.0007411892160320428,256
noised_data,prediction,boundary_pixels,0.05,squared_l2_mean,0.6680551814497449,0.6744367023929954,-0.006381520943250507,-0.9462001282860173,-0.010938099903432886,-0.0020067686062247994,256
noised_data,prediction,boundary_pixels,0.15,cosine,0.3809278636545059,0.3771146894487174,0.0038131742057885276,1.0111444376146659,0.0011110891018688562,0.00639274763043431,256
noised_data,prediction,boundary_pixels,0.15,l1,0.7344819399295375,0.7372330937650986,-0.0027511538355611265,-0.373172861992779,-0.004647330452280584,-0.0009381464871694341,256
noised_data,prediction,boundary_pixels,0.15,rmse,0.935708502007422,0.939428289289697,-0.00371978728227509,-0.3959628770693744,-0.006106757953757125,-0.001242825355196971,256
noised_data,prediction,boundary_pixels,0.15,squared_l2_mean,0.8913484131335281,0.8994747706747148,-0.008126357541186735,-0.9034558618126648,-0.013087715976143954,-0.0037214886870060634,256
noised_data,prediction,boundary_pixels,0.3,cosine,0.3426792802711134,0.339904522640154,0.002774757630959357,0.8163344251517664,0.00012877229073637864,0.005512682314747507,256
noised_data,prediction,boundary_pixels,0.3,l1,0.7996564990608022,0.8013863893575035,-0.0017298902967013419,-0.21586220076538223,-0.0038149654705193826,0.00035446390393189647,256
noised_data,prediction,boundary_pixels,0.3,rmse,1.0166888517139858,1.0188381232019752,-0.0021492714879894413,-0.2109531866784463,-0.004637639272911619,0.00045284754241127403,256
noised_data,prediction,boundary_pixels,0.3,squared_l2_mean,1.0521243247785605,1.0575903212593403,-0.005465996480779722,-0.5168349568735663,-0.010822725193429505,0.0001522696060419528,256
noised_data,prediction,boundary_pixels,0.5,cosine,0.28750980305630947,0.2866676610947252,0.0008421419615842751,0.29376943264835215,-0.0017937704078804018,0.003355652910340722,256
noised_data,prediction,boundary_pixels,0.5,l1,0.8656213524518535,0.8663483759155497,-0.0007270234636962414,-0.08391814239022831,-0.002790719928452745,0.001300500164506956,256
noised_data,prediction,boundary_pixels,0.5,rmse,1.0926227642293176,1.0938984469778945,-0.0012756827485767962,-0.11661802355612771,-0.0038479873028202435,0.0012039962924184,256
noised_data,prediction,boundary_pixels,0.5,squared_l2_mean,1.2047492910642177,1.208379405667074,-0.003630114602856338,-0.3004118231270558,-0.009214136269292794,0.0021739889823948018,256
noised_data,prediction,boundary_pixels,0.7,cosine,0.19393664602807803,0.19368835446400112,0.0002482915640769079,0.12819127136683653,-0.0023193601582420344,0.0028377050050586656,256
noised_data,prediction,boundary_pixels,0.7,l1,0.9805231458740309,0.9804516800795682,7.146579446271062e-05,0.007289068489016291,-0.0020106966723687945,0.002117180381901562,256
noised_data,prediction,boundary_pixels,0.7,rmse,1.229862059328592,1.230122595399673,-0.0002605360710808769,-0.02117968339539584,-0.002618338416619541,0.0021463942215797093,256
noised_data,prediction,boundary_pixels,0.7,squared_l2_mean,1.5149525883607566,1.5164178989361972,-0.001465310575440526,-0.09662973356279135,-0.007084488752298057,0.004257214179960998,256
noised_data,prediction,boundary_pixels,0.85,cosine,0.12109378137421345,0.12056803178344921,0.0005257495907642351,0.43606052366229847,-0.0021507471013791244,0.0030870285332518675,256
noised_data,prediction,boundary_pixels,0.85,l1,1.0651281711179763,1.0642426878330298,0.0008854832849465311,0.08320313543798157,-0.0012567441473947838,0.0029419069644063705,256
noised_data,prediction,boundary_pixels,0.85,rmse,1.3347737498915273,1.3338494625118025,0.00092428737972481,0.06929472970542443,-0.0015543030758563908,0.0033208060715603444,256
noised_data,prediction,boundary_pixels,0.85,squared_l2_mean,1.7823366606608033,1.7805636128177866,0.001773047843016684,0.09957789939393355,-0.0046944936970248815,0.008659142826218156,256
noised_data,prediction,boundary_pixels,0.95,cosine,0.05555848008555131,0.0561016501300049,-0.0005431700444535892,-0.9681890696528461,-0.003094413593250733,0.0021382830183081835,256
noised_data,prediction,boundary_pixels,0.95,l1,1.1114862931426615,1.110370422480628,0.001115870662033558,0.10049535177104611,-0.0012038323591696098,0.003266165242530405,256
noised_data,prediction,boundary_pixels,0.95,rmse,1.3929415601898563,1.3916763934004115,0.00126516678944484,0.0909095530717124,-0.0013083230061363808,0.003745211902622044,256
noised_data,prediction,boundary_pixels,0.95,squared_l2_mean,1.9408872497733682,1.9380622112657875,0.002825038507580757,0.14576614162120563,-0.0038467612903332338,0.009575558692449703,256
noised_data,prediction,distance_1_to_2,0.05,cosine,0.3750455370754935,0.3743339273351012,0.000711609740392305,0.1901002523223808,-0.0007968689620611258,0.0021615472767734885,256
noised_data,prediction,distance_1_to_2,0.05,l1,0.6866643559187651,0.6869982495554723,-0.0003338936367072165,-0.048601817679050134,-0.0014152124982501845,0.0006978463905397786,256
noised_data,prediction,distance_1_to_2,0.05,rmse,0.8926287746302463,0.8929514080620788,-0.0003226334318325464,-0.03613112974789291,-0.0019287011505740442,0.0011395735808835735,256
noised_data,prediction,distance_1_to_2,0.05,squared_l2_mean,0.8078913950594142,0.8092588724393863,-0.0013674773799721152,-0.1689789789823453,-0.004138773424347164,0.0013332020687812462,256
noised_data,prediction,distance_1_to_2,0.15,cosine,0.31441336548596155,0.3141845277932589,0.00022883769270265475,0.07283544301495189,-0.0010253658447254566,0.001527305279887514,256
noised_data,prediction,distance_1_to_2,0.15,l1,0.7867783296969719,0.7872877861955203,-0.0005094564985483885,-0.06471032670407345,-0.0014840328396530822,0.0004232539751683361,256
noised_data,prediction,distance_1_to_2,0.15,rmse,1.005904798934369,1.00660544884218,-0.0007006499078109664,-0.0696052170805224,-0.0019859715914680633,0.0006105668111463288,256
noised_data,prediction,distance_1_to_2,0.15,squared_l2_mean,1.031236237671692,1.033283360709902,-0.0020471230382099748,-0.1981182622357849,-0.004732523173152004,0.0006672632574918674,256
noised_data,prediction,distance_1_to_2,0.3,cosine,0.2768184224842116,0.2767306052373897,8.781724682194181e-05,0.031733839756036,-0.0011655141037408613,0.0014059726498089728,256
noised_data,prediction,distance_1_to_2,0.3,l1,0.8497497066855431,0.8504638761514798,-0.0007141694659367204,-0.08397410941996514,-0.0016656980820698663,0.0003054820641409595,256
noised_data,prediction,distance_1_to_2,0.3,rmse,1.0809756255463965,1.0816149804840953,-0.0006393549376992043,-0.059111139290346185,-0.0018989474581384924,0.0006735828427531281,256
noised_data,prediction,distance_1_to_2,0.3,squared_l2_mean,1.1901767452945933,1.1919826977537014,-0.0018059524591080844,-0.15150827797344818,-0.004591268878721166,0.0009978415546356672,256
noised_data,prediction,distance_1_to_2,0.5,cosine,0.23965117798070423,0.24037417864124677,-0.0007230006605425388,-0.3007813337644729,-0.001978324274659826,0.0006562513378973728,256
noised_data,prediction,distance_1_to_2,0.5,l1,0.9008967147674412,0.900991840637289,-9.512586984783411e-05,-0.010557905805290061,-0.0011808972936705685,0.0009497465696767901,256
noised_data,prediction,distance_1_to_2,0.5,rmse,1.1389336260655099,1.1390551276626804,-0.00012150159717039125,-0.010666875923706189,-0.0015087628934550648,0.00121576198269486,256
noised_data,prediction,distance_1_to_2,0.5,squared_l2_mean,1.3115688137477264,1.3122864128672518,-0.0007175991195254028,-0.05468311738117444,-0.0038575959915760905,0.0022804759923019434,256
noised_data,prediction,distance_1_to_2,0.7,cosine,0.1857437055346054,0.18581924142154094,-7.553588693554047e-05,-0.04065019658765222,-0.0013178666294749064,0.0011120539800970155,256
noised_data,prediction,distance_1_to_2,0.7,l1,0.9896194598404691,0.9898279258050025,-0.00020846596453338861,-0.021060828766156343,-0.001154681562911719,0.0007339475152548394,256
noised_data,prediction,distance_1_to_2,0.7,rmse,1.2428213374238823,1.2430238682405865,-0.00020253081670436844,-0.016293397245141936,-0.001348245808894081,0.0009091712832499293,256
noised_data,prediction,distance_1_to_2,0.7,squared_l2_mean,1.54857846070081,1.5495367321418598,-0.0009582714410498738,-0.06184244756336271,-0.003731640707701445,0.0018101752910297305,256
noised_data,prediction,distance_1_to_2,0.85,cosine,0.1298547468027209,0.12923865429836212,0.0006160925043587895,0.47670916081845754,-0.000609096077414506,0.0018171912648007548,256
noised_data,prediction,distance_1_to_2,0.85,l1,1.061397735727951,1.0617089392035268,-0.0003112034755758941,-0.0293115621508615,-0.0012082931832992471,0.000657841142674442,256
noised_data,prediction,distance_1_to_2,0.85,rmse,1.330417681588743,1.3306821964048976,-0.00026451481615437367,-0.019878135956805692,-0.0013089395802463924,0.0008664051499223035,256
noised_data,prediction,distance_1_to_2,0.85,squared_l2_mean,1.7707414268516004,1.7717818756354973,-0.0010404487838968635,-0.05872329987141778,-0.00390433675784152,0.0017911997158080312,256
noised_data,prediction,distance_1_to_2,0.95,cosine,0.06282798214760987,0.06208680252088783,0.0007411796267220438,1.1937796707644739,-0.00041836315834551383,0.001994276295278927,256
noised_data,prediction,distance_1_to_2,0.95,l1,1.1086344718933105,1.1090343025280163,-0.00039983063470572233,-0.03605214318387793,-0.0013731783896218986,0.000522460028878412,256
noised_data,prediction,distance_1_to_2,0.95,rmse,1.3894393784972072,1.3897231941068613,-0.00028381560965406484,-0.02042245613065886,-0.0014205250961221683,0.0008043210732118936,256
noised_data,prediction,distance_1_to_2,0.95,squared_l2_mean,1.930875598685816,1.9319997254060581,-0.0011241267202422023,-0.05818462111871879,-0.004373510964796878,0.0020265261468011882,256
noised_data,prediction,distance_2_to_6,0.05,cosine,0.22689464482027688,0.2268823635095032,1.2281310773687437e-05,0.005413074239758183,-0.0006000120504268125,0.0006195669875978636,256
noised_data,prediction,distance_2_to_6,0.05,l1,0.7876641947077587,0.7876020824187435,6.211228901520371e-05,0.007886252512747997,-0.000363926675345283,0.0004872198245720936,256
noised_data,prediction,distance_2_to_6,0.05,rmse,1.0119833596357166,1.011455874955322,0.0005274846803947522,0.05215103233426295,-7.683160184855881e-06,0.0010640674587500299,256
noised_data,prediction,distance_2_to_6,0.05,squared_l2_mean,1.0418906717095524,1.04160828422755,0.0002823874820023775,0.027110717750463576,-0.0009182653338939417,0.0014383830341103015,256
noised_data,prediction,distance_2_to_6,0.15,cosine,0.19357410214070114,0.19349709939706372,7.70027436374221e-05,0.03979529609351374,-0.0005041047427994272,0.0006582664283314443,256
noised_data,prediction,distance_2_to_6,0.15,l1,0.8704220320214517,0.8704167407995556,5.291221896186471e-06,0.0006078952354852471,-0.0003913191678293515,0.00040541894486523217,256
noised_data,prediction,distance_2_to_6,0.15,rmse,1.1070926287784542,1.1067369582193631,0.0003556705590910007,0.03213686472196985,-0.00016762427992826802,0.0008898372091578468,256
noised_data,prediction,distance_2_to_6,0.15,squared_l2_mean,1.251514105242677,1.2514890292077325,2.50760349445045e-05,0.002003695946130597,-0.0011878583660291041,0.0012864379386883223,256
noised_data,prediction,distance_2_to_6,0.3,cosine,0.17418888891552342,0.17421686026773386,-2.7971352210443e-05,-0.016055479456728267,-0.0005204582571195715,0.0005057682856886457,256
noised_data,prediction,distance_2_to_6,0.3,l1,0.921767987892963,0.9217170290066861,5.095888627693057e-05,0.0055286909835926355,-0.0003457063372479752,0.00046922417532186875,256
noised_data,prediction,distance_2_to_6,0.3,rmse,1.168261186066622,1.1679149248746399,0.00034626119198219235,0.029647809494288198,-0.0001627540065815892,0.0008376383428741875,256
noised_data,prediction,distance_2_to_6,0.3,squared_l2_mean,1.3932461789809167,1.3931673545157537,7.882446516305208e-05,0.005657932258285683,-0.0011881927974172867,0.0013730389444390307,256
noised_data,prediction,distance_2_to_6,0.5,cosine,0.15924426745914388,0.1591283766260858,0.00011589083305807435,0.07282851463406209,-0.00039928198739289653,0.0006170066752360981,256
noised_data,prediction,distance_2_to_6,0.5,l1,0.9575704241869971,0.9576584158930928,-8.799170609563589e-05,-0.009188214151867147,-0.00046630050492240115,0.00029842401418136413,256
noised_data,prediction,distance_2_to_6,0.5,rmse,1.2090648080711865,1.2089211001732694,0.00014370789791709644,0.011887285108722102,-0.00033371144968959865,0.0006432705024748842,256
noised_data,prediction,distance_2_to_6,0.5,squared_l2_mean,1.4838215762283653,1.4841108782566153,-0.0002893020282499492,-0.019493289382110875,-0.0015909912021015772,0.0009124393647653048,256
noised_data,prediction,distance_2_to_6,0.7,cosine,0.13593691756068438,0.13605393782836472,-0.00011702026768034557,-0.08601020268003519,-0.0006011095628878138,0.00036638768237935395,256
noised_data,prediction,distance_2_to_6,0.7,l1,1.025384378270246,1.0253031647880562,8.121348218992352e-05,0.007920923779330324,-0.000321714166784659,0.0004705742205260319,256
noised_data,prediction,distance_2_to_6,0.7,rmse,1.2880544734485713,1.2878470406231184,0.0002074328254530345,0.016106945849149068,-0.0002642964952193406,0.0006481542103342956,256
noised_data,prediction,distance_2_to_6,0.7,squared_l2_mean,1.6683951201848686,1.6683065990218893,8.852116297930479e-05,0.005306048842053602,-0.0011135876207845285,0.0013009210233576596,256
noised_data,prediction,distance_2_to_6,0.85,cosine,0.10785476677892802,0.10832416728852934,-0.0004694005096013143,-0.43332944194348777,-0.0009371047873294458,-4.448550861017031e-07,256
noised_data,prediction,distance_2_to_6,0.85,l1,1.0761942057870328,1.0758746830979362,0.0003195226890966296,0.02969887609740731,-4.090542788617313e-05,0.0007288832872291094,256
noised_data,prediction,distance_2_to_6,0.85,rmse,1.34924896147152,1.3487643556543096,0.0004846058172106671,0.03592961329227715,4.9857904649740997e-05,0.0009237741252336603,256
noised_data,prediction,distance_2_to_6,0.85,squared_l2_mean,1.8233889159746468,1.8223429513163865,0.0010459646582603455,0.05739669679106137,-8.298699394799766e-05,0.002315859479131176,256
noised_data,prediction,distance_2_to_6,0.95,cosine,0.05757845837963771,0.05811019081293267,-0.0005317324332949624,-0.915041623261411,-0.0010054060923927466,-9.469985412469161e-05,256
noised_data,prediction,distance_2_to_6,0.95,l1,1.110849877819419,1.1104928645072505,0.00035701331216841936,0.03214908655237815,-2.903363201767206e-05,0.0007338619092479348,256
noised_data,prediction,distance_2_to_6,0.95,rmse,1.3922145754857334,1.3916874654398426,0.0005271100458908978,0.03787560490273617,6.717018920241745e-05,0.0009818584702444896,256
noised_data,prediction,distance_2_to_6,0.95,squared_l2_mean,1.9388025344815105,1.9376023259246722,0.0012002085568383336,0.06194297667688668,-6.47343578748405e-05,0.002346394030610098,256
noised_data,prediction,distance_gt_6,0.05,cosine,0.14954413024349833,0.14950603828208386,3.8091961414465914e-05,0.025478543778007852,-0.0003434315787586684,0.0003855642441635607,256
noised_data,prediction,distance_gt_6,0.05,l1,0.8451107637374662,0.8451166258892044,-5.862151738256216e-06,-0.0006936500310934303,-0.0002561041532317176,0.00023732687986921516,256
noised_data,prediction,distance_gt_6,0.05,rmse,1.0760178631709114,1.0756976973942667,0.00032016577664465947,0.02976354578244595,3.663568778871175e-05,0.0006249699051806745,256
noised_data,prediction,distance_gt_6,0.05,squared_l2_mean,1.1838169724796899,1.1838223504601046,-5.377980414777994e-06,-0.0004542894812458801,-0.0006619159357796889,0.0006512816202302917,256
noised_data,prediction,distance_gt_6,0.15,cosine,0.12849245969955803,0.1283958616033587,9.659809619932958e-05,0.07523458699762538,-0.0002365494235593957,0.00044432535995415613,256
noised_data,prediction,distance_gt_6,0.15,l1,0.9247773576062173,0.9247380108281504,3.934677806682885e-05,0.0042549108618982565,-0.0001977752457605675,0.0002813840939779766,256
noised_data,prediction,distance_gt_6,0.15,rmse,1.1698409406230794,1.169537050929987,0.000303889693092418,0.025983759373058975,2.439044989411694e-05,0.0006027876194991803,256
noised_data,prediction,distance_gt_6,0.15,squared_l2_mean,1.4031372701283544,1.4030837102618534,5.3559866501018405e-05,0.0038172965810445254,-0.0006629875359067227,0.0007210544608824412,256
noised_data,prediction,distance_gt_6,0.3,cosine,0.11607277672375282,0.11609807351880619,-2.5296795053364463e-05,-0.021789160049470374,-0.0003212693564787372,0.0002715011486229101,256
noised_data,prediction,distance_gt_6,0.3,l1,0.9749296265654266,0.9748482874128968,8.13391525298357e-05,0.008343775496154154,-0.00014231418899726122,0.0003151865123072638,256
noised_data,prediction,distance_gt_6,0.3,rmse,1.2306598534328033,1.2302809904679326,0.0003788629648705695,0.030794832059176207,0.00010157214143128268,0.0006486915398297141,256
noised_data,prediction,distance_gt_6,0.3,squared_l2_mean,1.551668944885023,1.551344235718716,0.0003247091663070023,0.020930826236419998,-0.000413795058557298,0.0010801342796185032,256
noised_data,prediction,distance_gt_6,0.5,cosine,0.10683901508732419,0.10700509828397031,-0.00016608319664612736,-0.15521054539417878,-0.000470547896151885,0.0001242063176192687,256
noised_data,prediction,distance_gt_6,0.5,l1,1.009910928667523,1.0097887445590459,0.00012218410847708583,0.012099967358067665,-0.00010049649863503873,0.00035441916406853114,256
noised_data,prediction,distance_gt_6,0.5,rmse,1.2718076552360171,1.2714040695562765,0.0004035856797406493,0.03174330564173055,0.00014413974471054355,0.0006737596909093167,256
noised_data,prediction,distance_gt_6,0.5,squared_l2_mean,1.6471875810530037,1.6466802294016816,0.0005073516513220966,0.030810575257009185,-0.00021192653221078218,0.0012466951695387246,256
noised_data,prediction,distance_gt_6,0.7,cosine,0.09495123552937912,0.09515226851872516,-0.00020103298934603941,-0.2112750357669905,-0.00048447768345972754,8.603521416982133e-05,256
noised_data,prediction,distance_gt_6,0.7,l1,1.069183585117571,1.0690150185255334,0.00016856659203767776,0.015768402605809747,-4.51122221420519e-05,0.00038702461461070925,256
noised_data,prediction,distance_gt_6,0.7,rmse,1.3419919607575883,1.3416629453266193,0.00032901543096889186,0.024522957283343253,5.5224759345411296e-05,0.000607068328772824,256
noised_data,prediction,distance_gt_6,0.7,squared_l2_mean,1.8163643016014248,1.8158584398915991,0.0005058617098256946,0.02785799260078296,-0.0001854792149970308,0.0012581713031977408,256
noised_data,prediction,distance_gt_6,0.85,cosine,0.08259328044575653,0.08270580102785452,-0.00011252058209798577,-0.13604920174836335,-0.00040157010187211737,0.00015737748580693097,256
noised_data,prediction,distance_gt_6,0.85,l1,1.1049785290379077,1.1048544144141488,0.0001241146237589419,0.011233572689733417,-8.78519262187183e-05,0.00035160269762855005,256
noised_data,prediction,distance_gt_6,0.85,rmse,1.3849315641748356,1.3847479307077708,0.00018363346706493523,0.013261147606198386,-6.468801890812116e-05,0.00043214280916854006,256
noised_data,prediction,distance_gt_6,0.85,squared_l2_mean,1.924743231618777,1.9245268605882302,0.0002163710305467248,0.011242816869835278,-0.00044002786162309346,0.0009061434131581329,256
noised_data,prediction,distance_gt_6,0.95,cosine,0.051247831245483155,0.05138103025028329,-0.00013319900480013303,-0.2592377072847788,-0.00041175271078426335,0.00015255582548068212,256
noised_data,prediction,distance_gt_6,0.95,l1,1.120368464384228,1.1202600651886314,0.00010839919559657574,0.009676252770674574,-9.271676244679839e-05,0.0003205857297871258,256
noised_data,prediction,distance_gt_6,0.95,rmse,1.4041508081705505,1.4039673168833209,0.00018349128722956048,0.013069484241050167,-6.212175142480734e-05,0.00041886345362014975,256
noised_data,prediction,distance_gt_6,0.95,squared_l2_mean,1.9728212237823755,1.972565010888502,0.00025621289387345314,0.012988818744080187,-0.0003929711790988222,0.0008917883271351451,256
noised_data,target,adjacent_patches,0.05,cosine,0.17995298714413366,0.17852557832407,0.001427408820063647,0.7995542338882844,-0.0008219182264610935,0.0037163369911866065,256
noised_data,target,adjacent_patches,0.05,l1,1.3052194127812982,1.3062541335821152,-0.0010347208008170128,-0.07921282499443796,-0.0031692570279119535,0.0010549424769123958,256
noised_data,target,adjacent_patches,0.05,rmse,1.6417191914506786,1.642923184222465,-0.0012039927717862765,-0.07328357061052017,-0.004015878529646647,0.0016631581993473833,256
noised_data,target,adjacent_patches,0.05,squared_l2_mean,2.6971500497311354,2.7018926499877125,-0.004742600256577134,-0.17552881890398947,-0.01392452817526646,0.003849773789988822,256
noised_data,target,adjacent_patches,0.15,cosine,0.17995298714413366,0.17852557832407,0.001427408820063647,0.7995542338882844,-0.000799552173577922,0.0034999553354680296,256
noised_data,target,adjacent_patches,0.15,l1,1.3052194127812982,1.3062541335821152,-0.0010347208008170128,-0.07921282499443796,-0.0032090404827613385,0.0011029266373952847,256
noised_data,target,adjacent_patches,0.15,rmse,1.6417191914506786,1.642923184222465,-0.0012039927717862765,-0.07328357061052017,-0.0038947065847178275,0.001653291236303164,256
noised_data,target,adjacent_patches,0.15,squared_l2_mean,2.6971500497311354,2.7018926499877125,-0.004742600256577134,-0.17552881890398947,-0.013687113352352754,0.004765728372149169,256
noised_data,target,adjacent_patches,0.3,cosine,0.17995298714413366,0.17852557832407,0.001427408820063647,0.7995542338882844,-0.0008572757160493438,0.0035788889943489713,256
noised_data,target,adjacent_patches,0.3,l1,1.3052194127812982,1.3062541335821152,-0.0010347208008170128,-0.07921282499443796,-0.003166959711234085,0.0011148652178235349,256
noised_data,target,adjacent_patches,0.3,rmse,1.6417191914506786,1.642923184222465,-0.0012039927717862765,-0.07328357061052017,-0.0037772485574752773,0.0015848035462685552,256
noised_data,target,adjacent_patches,0.3,squared_l2_mean,2.6971500497311354,2.7018926499877125,-0.004742600256577134,-0.17552881890398947,-0.013658023794414475,0.004534844099543981,256
noised_data,target,adjacent_patches,0.5,cosine,0.17995298714413366,0.17852557832407,0.001427408820063647,0.7995542338882844,-0.0007399308650633429,0.003447806525605301,256
noised_data,target,adjacent_patches,0.5,l1,1.3052194127812982,1.3062541335821152,-0.0010347208008170128,-0.07921282499443796,-0.003214571191347204,0.0010442681086715304,256
noised_data,target,adjacent_patches,0.5,rmse,1.6417191914506786,1.642923184222465,-0.0012039927717862765,-0.07328357061052017,-0.004092769601277217,0.0016555068860510977,256
noised_data,target,adjacent_patches,0.5,squared_l2_mean,2.6971500497311354,2.7018926499877125,-0.004742600256577134,-0.17552881890398947,-0.013633687351830303,0.004154076619306571,256
noised_data,target,adjacent_patches,0.7,cosine,0.17995298714413366,0.17852557832407,0.001427408820063647,0.7995542338882844,-0.0008168019290678785,0.003586772753766354,256
noised_data,target,adjacent_patches,0.7,l1,1.3052194127812982,1.3062541335821152,-0.0010347208008170128,-0.07921282499443796,-0.0032344603794626893,0.0010043965856311836,256
noised_data,target,adjacent_patches,0.7,rmse,1.6417191914506786,1.642923184222465,-0.0012039927717862765,-0.07328357061052017,-0.004023098730550776,0.0015369681829656898,256
noised_data,target,adjacent_patches,0.7,squared_l2_mean,2.6971500497311354,2.7018926499877125,-0.004742600256577134,-0.17552881890398947,-0.013624387531308457,0.004260856437031179,256
noised_data,target,adjacent_patches,0.85,cosine,0.17995298714413366,0.17852557832407,0.001427408820063647,0.7995542338882844,-0.0007524982927861856,0.003540180791799229,256
noised_data,target,adjacent_patches,0.85,l1,1.3052194127812982,1.3062541335821152,-0.0010347208008170128,-0.07921282499443796,-0.0032002154010115193,0.0011590361391426987,256
noised_data,target,adjacent_patches,0.85,rmse,1.6417191914506786,1.642923184222465,-0.0012039927717862765,-0.07328357061052017,-0.004012636220078369,0.0015132194582652397,256
noised_data,target,adjacent_patches,0.85,squared_l2_mean,2.6971500497311354,2.7018926499877125,-0.004742600256577134,-0.17552881890398947,-0.013557401951402426,0.004505377350142223,256
noised_data,target,adjacent_patches,0.95,cosine,0.17995298714413366,0.17852557832407,0.001427408820063647,0.7995542338882844,-0.0007419452371095758,0.0035768570676509613,256
noised_data,target,adjacent_patches,0.95,l1,1.3052194127812982,1.3062541335821152,-0.0010347208008170128,-0.07921282499443796,-0.0032839174440596254,0.001078342946129848,256
noised_data,target,adjacent_patches,0.95,rmse,1.6417191914506786,1.642923184222465,-0.0012039927717862765,-0.07328357061052017,-0.003817649711857736,0.0015317826701451926,256
noised_data,target,adjacent_patches,0.95,squared_l2_mean,2.6971500497311354,2.7018926499877125,-0.004742600256577134,-0.17552881890398947,-0.01408010078012012,0.004423553269589313,256
noised_data,target,all_pairs,0.05,cosine,0.0772511351774483,0.07746119197605594,-0.00021005679860763848,-0.27117682190143577,-0.00048386020469166625,4.23852386219889e-05,256
noised_data,target,all_pairs,0.05,l1,1.3996245318558067,1.3993869782425463,0.00023755361326038837,0.016975548361806665,1.2560392497107386e-05,0.0004669612011639401,256
noised_data,target,all_pairs,0.05,rmse,1.7591029087547259,1.7587469923950478,0.00035591635967823724,0.02023692783653623,0.00010826157071593344,0.0006166670065430387,256
noised_data,target,all_pairs,0.05,squared_l2_mean,3.0993599900975823,3.0986953128594905,0.0006646772380918264,0.021450228918391438,-0.0002067324880044907,0.001550914830295369,256
noised_data,target,all_pairs,0.15,cosine,0.0772511351774483,0.07746119197605594,-0.00021005679860763848,-0.27117682190143577,-0.00047679053025291297,5.341060915640127e-05,256
noised_data,target,all_pairs,0.15,l1,1.3996245318558067,1.3993869782425463,0.00023755361326038837,0.016975548361806665,1.3845032663084569e-05,0.0004720938828540965,256
noised_data,target,all_pairs,0.15,rmse,1.7591029087547259,1.7587469923950478,0.00035591635967823724,0.02023692783653623,9.744674916452503e-05,0.000604384864611229,256
noised_data,target,all_pairs,0.15,squared_l2_mean,3.0993599900975823,3.0986953128594905,0.0006646772380918264,0.021450228918391438,-0.00018931031809188426,0.0015524030954111362,256
noised_data,target,all_pairs,0.3,cosine,0.0772511351774483,0.07746119197605594,-0.00021005679860763848,-0.27117682190143577,-0.00047013863299838476,4.605648874047557e-05,256
noised_data,target,all_pairs,0.3,l1,1.3996245318558067,1.3993869782425463,0.00023755361326038837,0.016975548361806665,1.8147073569707574e-05,0.00046824227028991996,256
noised_data,target,all_pairs,0.3,rmse,1.7591029087547259,1.7587469923950478,0.00035591635967823724,0.02023692783653623,0.0001093671634187766,0.0005999804828426007,256
noised_data,target,all_pairs,0.3,squared_l2_mean,3.0993599900975823,3.0986953128594905,0.0006646772380918264,0.021450228918391438,-0.0002312168770004064,0.001572203531395643,256
noised_data,target,all_pairs,0.5,cosine,0.0772511351774483,0.07746119197605594,-0.00021005679860763848,-0.27117682190143577,-0.00046621049642823207,5.106631441691429e-05,256
noised_data,target,all_pairs,0.5,l1,1.3996245318558067,1.3993869782425463,0.00023755361326038837,0.016975548361806665,7.068674312904478e-06,0.0004768492217408492,256
noised_data,target,all_pairs,0.5,rmse,1.7591029087547259,1.7587469923950478,0.00035591635967823724,0.02023692783653623,0.00010624254097001034,0.0006078678974149996,256
noised_data,target,all_pairs,0.5,squared_l2_mean,3.0993599900975823,3.0986953128594905,0.0006646772380918264,0.021450228918391438,-0.0001946214761119336,0.0016032068640924985,256
noised_data,target,all_pairs,0.7,cosine,0.0772511351774483,0.07746119197605594,-0.00021005679860763848,-0.27117682190143577,-0.00048506473253411285,3.5170557856645234e-05,256
noised_data,target,all_pairs,0.7,l1,1.3996245318558067,1.3993869782425463,0.00023755361326038837,0.016975548361806665,1.3241864508017898e-05,0.00046501704491674884,256
noised_data,target,all_pairs,0.7,rmse,1.7591029087547259,1.7587469923950478,0.00035591635967823724,0.02023692783653623,0.00010094463388535442,0.0006148588977516454,256
noised_data,target,all_pairs,0.7,squared_l2_mean,3.0993599900975823,3.0986953128594905,0.0006646772380918264,0.021450228918391438,-0.00019475345616228878,0.0016210548928938804,256
noised_data,target,all_pairs,0.85,cosine,0.0772511351774483,0.07746119197605594,-0.00021005679860763848,-0.27117682190143577,-0.00047701017391119647,4.8887321950985546e-05,256
noised_data,target,all_pairs,0.85,l1,1.3996245318558067,1.3993869782425463,0.00023755361326038837,0.016975548361806665,6.2323670135811e-06,0.0004689453082391992,256
noised_data,target,all_pairs,0.85,rmse,1.7591029087547259,1.7587469923950478,0.00035591635967823724,0.02023692783653623,0.0001275272619686419,0.000626489900309403,256
noised_data,target,all_pairs,0.85,squared_l2_mean,3.0993599900975823,3.0986953128594905,0.0006646772380918264,0.021450228918391438,-0.00024629514082334935,0.0015741913754027332,256
noised_data,target,all_pairs,0.95,cosine,0.0772511351774483,0.07746119197605594,-0.00021005679860763848,-0.27117682190143577,-0.00047407699934325364,4.462545008436779e-05,256
noised_data,target,all_pairs,0.95,l1,1.3996245318558067,1.3993869782425463,0.00023755361326038837,0.016975548361806665,2.2087886463850737e-05,0.00046098038146737954,256
noised_data,target,all_pairs,0.95,rmse,1.7591029087547259,1.7587469923950478,0.00035591635967823724,0.02023692783653623,0.00010923903356341725,0.000611406544234659,256
noised_data,target,all_pairs,0.95,squared_l2_mean,3.0993599900975823,3.0986953128594905,0.0006646772380918264,0.021450228918391438,-0.0001853462599683553,0.0015617394878063347,256
noised_data,target,boundary_pixels,0.05,cosine,0.18401805528264958,0.18445157579981242,-0.00043352051716283313,-0.235032156967495,-0.0032169907785430498,0.0020707663707298695,256
noised_data,target,boundary_pixels,0.05,l1,1.2938513576518744,1.2934271650156006,0.0004241926362738013,0.03279602035176715,-0.002267262159148231,0.003174731053877621,256
noised_data,target,boundary_pixels,0.05,rmse,1.6252517636500374,1.6247809010598138,0.00047086259022342293,0.028980066784160756,-0.002761792850119511,0.00363586128896442,256
noised_data,target,boundary_pixels,0.05,squared_l2_mean,2.643637307919562,2.643013581633568,0.0006237262859940529,0.023599057164456427,-0.009364436625037342,0.011489349359180778,256
noised_data,target,boundary_pixels,0.15,cosine,0.18401805528264958,0.18445157579981242,-0.00043352051716283313,-0.235032156967495,-0.0031277317251124257,0.0022161777897338193,256
noised_data,target,boundary_pixels,0.15,l1,1.2938513576518744,1.2934271650156006,0.0004241926362738013,0.03279602035176715,-0.0025642615946708247,0.00308376708999276,256
noised_data,target,boundary_pixels,0.15,rmse,1.6252517636500374,1.6247809010598138,0.00047086259022342293,0.028980066784160756,-0.0027732280867675072,0.003577167298347738,256
noised_data,target,boundary_pixels,0.15,squared_l2_mean,2.643637307919562,2.643013581633568,0.0006237262859940529,0.023599057164456427,-0.009633237164234743,0.010686674271710214,256
noised_data,target,boundary_pixels,0.3,cosine,0.18401805528264958,0.18445157579981242,-0.00043352051716283313,-0.235032156967495,-0.0030969616715083247,0.002152520914853531,256
noised_data,target,boundary_pixels,0.3,l1,1.2938513576518744,1.2934271650156006,0.0004241926362738013,0.03279602035176715,-0.002313287983997725,0.003129355929559096,256
noised_data,target,boundary_pixels,0.3,rmse,1.6252517636500374,1.6247809010598138,0.00047086259022342293,0.028980066784160756,-0.002625955059189176,0.0034659627093757217,256
noised_data,target,boundary_pixels,0.3,squared_l2_mean,2.643637307919562,2.643013581633568,0.0006237262859940529,0.023599057164456427,-0.0098741780850105,0.010816607688320797,256
noised_data,target,boundary_pixels,0.5,cosine,0.18401805528264958,0.18445157579981242,-0.00043352051716283313,-0.235032156967495,-0.002939314593038489,0.002174117171728083,256
noised_data,target,boundary_pixels,0.5,l1,1.2938513576518744,1.2934271650156006,0.0004241926362738013,0.03279602035176715,-0.002353952213888988,0.0032075720548164085,256
noised_data,target,boundary_pixels,0.5,rmse,1.6252517636500374,1.6247809010598138,0.00047086259022342293,0.028980066784160756,-0.0028757349952651928,0.0035844769316902706,256
noised_data,target,boundary_pixels,0.5,squared_l2_mean,2.643637307919562,2.643013581633568,0.0006237262859940529,0.023599057164456427,-0.009256693691713735,0.010709863022202622,256
noised_data,target,boundary_pixels,0.7,cosine,0.18401805528264958,0.18445157579981242,-0.00043352051716283313,-0.235032156967495,-0.003080699800847242,0.0022559001831496056,256
noised_data,target,boundary_pixels,0.7,l1,1.2938513576518744,1.2934271650156006,0.0004241926362738013,0.03279602035176715,-0.0024036444927332925,0.003239847006625496,256
noised_data,target,boundary_pixels,0.7,rmse,1.6252517636500374,1.6247809010598138,0.00047086259022342293,0.028980066784160756,-0.0025918965402860214,0.0035510879627945907,256
noised_data,target,boundary_pixels,0.7,squared_l2_mean,2.643637307919562,2.643013581633568,0.0006237262859940529,0.023599057164456427,-0.00941819436266087,0.011090074898675072,256
noised_data,target,boundary_pixels,0.85,cosine,0.18401805528264958,0.18445157579981242,-0.00043352051716283313,-0.235032156967495,-0.003125682726005152,0.002273722152153822,256
noised_data,target,boundary_pixels,0.85,l1,1.2938513576518744,1.2934271650156006,0.0004241926362738013,0.03279602035176715,-0.00241407991561573,0.003118352670571766,256
noised_data,target,boundary_pixels,0.85,rmse,1.6252517636500374,1.6247809010598138,0.00047086259022342293,0.028980066784160756,-0.002565519184549858,0.003721757829088858,256
noised_data,target,boundary_pixels,0.85,squared_l2_mean,2.643637307919562,2.643013581633568,0.0006237262859940529,0.023599057164456427,-0.009629119402961805,0.011800745711661863,256
noised_data,target,boundary_pixels,0.95,cosine,0.18401805528264958,0.18445157579981242,-0.00043352051716283313,-0.235032156967495,-0.003049232615904884,0.002294301858910325,256
noised_data,target,boundary_pixels,0.95,l1,1.2938513576518744,1.2934271650156006,0.0004241926362738013,0.03279602035176715,-0.002363662151037715,0.003076365892775356,256
noised_data,target,boundary_pixels,0.95,rmse,1.6252517636500374,1.6247809010598138,0.00047086259022342293,0.028980066784160756,-0.002882728043122305,0.003735743960713933,256
noised_data,target,boundary_pixels,0.95,squared_l2_mean,2.643637307919562,2.643013581633568,0.0006237262859940529,0.023599057164456427,-0.009485477133421226,0.010370907519245518,256
noised_data,target,distance_1_to_2,0.05,cosine,0.157980410658638,0.15804878146263945,-6.837080400146078e-05,-0.043259304734103686,-0.0012885743084552815,0.0011545463945367355,256
noised_data,target,distance_1_to_2,0.05,l1,1.3247786136344075,1.3245311601785943,0.0002474534558132291,0.018682343100170137,-0.0012025640840874984,0.0015777972934301943,256
noised_data,target,distance_1_to_2,0.05,rmse,1.6667498333070108,1.6664585888050438,0.000291244501967082,0.01747685204562585,-0.0013413034799686606,0.0019208886013908023,256
noised_data,target,distance_1_to_2,0.05,squared_l2_mean,2.779981615021825,2.779696566052735,0.0002850489690899849,0.010254679326195818,-0.0054791434609796855,0.005403587862383557,256
noised_data,target,distance_1_to_2,0.15,cosine,0.157980410658638,0.15804878146263945,-6.837080400146078e-05,-0.043259304734103686,-0.0013981810317091003,0.0011536129232808886,256
noised_data,target,distance_1_to_2,0.15,l1,1.3247786136344075,1.3245311601785943,0.0002474534558132291,0.018682343100170137,-0.0011119991104351357,0.0015901858889264971,256
noised_data,target,distance_1_to_2,0.15,rmse,1.6667498333070108,1.6664585888050438,0.000291244501967082,0.01747685204562585,-0.0014263475067323418,0.0019558249468964273,256
noised_data,target,distance_1_to_2,0.15,squared_l2_mean,2.779981615021825,2.779696566052735,0.0002850489690899849,0.010254679326195818,-0.004976114112650976,0.005783443961990985,256
noised_data,target,distance_1_to_2,0.3,cosine,0.157980410658638,0.15804878146263945,-6.837080400146078e-05,-0.043259304734103686,-0.0012781010334492748,0.0011591142563247554,256
noised_data,target,distance_1_to_2,0.3,l1,1.3247786136344075,1.3245311601785943,0.0002474534558132291,0.018682343100170137,-0.001080451873713173,0.0015780857065692537,256
noised_data,target,distance_1_to_2,0.3,rmse,1.6667498333070108,1.6664585888050438,0.000291244501967082,0.01747685204562585,-0.001363049970696784,0.00195741400726835,256
noised_data,target,distance_1_to_2,0.3,squared_l2_mean,2.779981615021825,2.779696566052735,0.0002850489690899849,0.010254679326195818,-0.0051663733087480065,0.005942170298658311,256
noised_data,target,distance_1_to_2,0.5,cosine,0.157980410658638,0.15804878146263945,-6.837080400146078e-05,-0.043259304734103686,-0.0013454074049150222,0.0011318776861571655,256
noised_data,target,distance_1_to_2,0.5,l1,1.3247786136344075,1.3245311601785943,0.0002474534558132291,0.018682343100170137,-0.0012046007846947759,0.0016427261260105286,256
noised_data,target,distance_1_to_2,0.5,rmse,1.6667498333070108,1.6664585888050438,0.000291244501967082,0.01747685204562585,-0.0013606283065395297,0.001969095002195073,256
noised_data,target,distance_1_to_2,0.5,squared_l2_mean,2.779981615021825,2.779696566052735,0.0002850489690899849,0.010254679326195818,-0.005530011549126357,0.0056275153125170604,256
noised_data,target,distance_1_to_2,0.7,cosine,0.157980410658638,0.15804878146263945,-6.837080400146078e-05,-0.043259304734103686,-0.0012727709003229394,0.0012007486040602083,256
noised_data,target,distance_1_to_2,0.7,l1,1.3247786136344075,1.3245311601785943,0.0002474534558132291,0.018682343100170137,-0.0010970879084197804,0.0016236246679909507,256
noised_data,target,distance_1_to_2,0.7,rmse,1.6667498333070108,1.6664585888050438,0.000291244501967082,0.01747685204562585,-0.0014216214019025831,0.0019542703900272147,256
noised_data,target,distance_1_to_2,0.7,squared_l2_mean,2.779981615021825,2.779696566052735,0.0002850489690899849,0.010254679326195818,-0.005477554479148239,0.005743667285423725,256
noised_data,target,distance_1_to_2,0.85,cosine,0.157980410658638,0.15804878146263945,-6.837080400146078e-05,-0.043259304734103686,-0.001337430740841228,0.001138135554901964,256
noised_data,target,distance_1_to_2,0.85,l1,1.3247786136344075,1.3245311601785943,0.0002474534558132291,0.018682343100170137,-0.0011368504841811956,0.001691599705372937,256
noised_data,target,distance_1_to_2,0.85,rmse,1.6667498333070108,1.6664585888050438,0.000291244501967082,0.01747685204562585,-0.0013597673130102243,0.0019400015935979026,256
noised_data,target,distance_1_to_2,0.85,squared_l2_mean,2.779981615021825,2.779696566052735,0.0002850489690899849,0.010254679326195818,-0.005064677662448958,0.005938067706301808,256
noised_data,target,distance_1_to_2,0.95,cosine,0.157980410658638,0.15804878146263945,-6.837080400146078e-05,-0.043259304734103686,-0.0012761616643274464,0.0011638200863671952,256
noised_data,target,distance_1_to_2,0.95,l1,1.3247786136344075,1.3245311601785943,0.0002474534558132291,0.018682343100170137,-0.001116790235391818,0.0016019148053601376,256
noised_data,target,distance_1_to_2,0.95,rmse,1.6667498333070108,1.6664585888050438,0.000291244501967082,0.01747685204562585,-0.0012436518878207478,0.0020358332044747188,256
noised_data,target,distance_1_to_2,0.95,squared_l2_mean,2.779981615021825,2.779696566052735,0.0002850489690899849,0.010254679326195818,-0.00539592188433744,0.005881571769714354,256
noised_data,target,distance_2_to_6,0.05,cosine,0.09541070811519603,0.09586043434740077,-0.00044972623220473906,-0.4691468751069072,-0.0009616174289263313,7.462028331417469e-05,256
noised_data,target,distance_2_to_6,0.05,l1,1.3818930343259126,1.3813602735754102,0.000532760750502348,0.03856783495904292,1.9618659280240565e-06,0.0010274608648614956,256
noised_data,target,distance_2_to_6,0.05,rmse,1.7373968580284371,1.7366644367213115,0.0007324213071256388,0.04217402577255475,0.0001365225927158465,0.0013456675450234303,256
noised_data,target,distance_2_to_6,0.05,squared_l2_mean,3.0223166472278535,3.0204499680548906,0.001866679172962904,0.06180136048288885,-0.00026587776956148445,0.004007334401831024,256
noised_data,target,distance_2_to_6,0.15,cosine,0.09541070811519603,0.09586043434740077,-0.00044972623220473906,-0.4691468751069072,-0.0009393364439219454,5.744526945505736e-05,256
noised_data,target,distance_2_to_6,0.15,l1,1.3818930343259126,1.3813602735754102,0.000532760750502348,0.03856783495904292,2.6952600455842924e-05,0.0010802716424223031,256
noised_data,target,distance_2_to_6,0.15,rmse,1.7373968580284371,1.7366644367213115,0.0007324213071256388,0.04217402577255475,0.00011765579452145695,0.0013333760688078108,256
noised_data,target,distance_2_to_6,0.15,squared_l2_mean,3.0223166472278535,3.0204499680548906,0.001866679172962904,0.06180136048288885,-0.0002369066700339317,0.004032429144717751,256
noised_data,target,distance_2_to_6,0.3,cosine,0.09541070811519603,0.09586043434740077,-0.00044972623220473906,-0.4691468751069072,-0.0009615498480158635,8.664562705718e-05,256
noised_data,target,distance_2_to_6,0.3,l1,1.3818930343259126,1.3813602735754102,0.000532760750502348,0.03856783495904292,2.8806267073377968e-05,0.0010554769512964412,256
noised_data,target,distance_2_to_6,0.3,rmse,1.7373968580284371,1.7366644367213115,0.0007324213071256388,0.04217402577255475,0.00010860307798794113,0.0013548504711383927,256
noised_data,target,distance_2_to_6,0.3,squared_l2_mean,3.0223166472278535,3.0204499680548906,0.001866679172962904,0.06180136048288885,-0.00036874468205496666,0.003998852561926468,256
noised_data,target,distance_2_to_6,0.5,cosine,0.09541070811519603,0.09586043434740077,-0.00044972623220473906,-0.4691468751069072,-0.0009592129601671218,6.75588585195882e-05,256
noised_data,target,distance_2_to_6,0.5,l1,1.3818930343259126,1.3813602735754102,0.000532760750502348,0.03856783495904292,3.9084989111870536e-06,0.0010520591808017331,256
noised_data,target,distance_2_to_6,0.5,rmse,1.7373968580284371,1.7366644367213115,0.0007324213071256388,0.04217402577255475,7.911805531046318e-05,0.0013577013332144014,256
noised_data,target,distance_2_to_6,0.5,squared_l2_mean,3.0223166472278535,3.0204499680548906,0.001866679172962904,0.06180136048288885,-0.00028063717763870955,0.004047164518851787,256
noised_data,target,distance_2_to_6,0.7,cosine,0.09541070811519603,0.09586043434740077,-0.00044972623220473906,-0.4691468751069072,-0.0009447248348081416,6.236470219533869e-05,256
noised_data,target,distance_2_to_6,0.7,l1,1.3818930343259126,1.3813602735754102,0.000532760750502348,0.03856783495904292,-1.9291823264211415e-06,0.0010580775211565196,256
noised_data,target,distance_2_to_6,0.7,rmse,1.7373968580284371,1.7366644367213115,0.0007324213071256388,0.04217402577255475,0.00016431117265233125,0.0013752242704285628,256
noised_data,target,distance_2_to_6,0.7,squared_l2_mean,3.0223166472278535,3.0204499680548906,0.001866679172962904,0.06180136048288885,-0.00027366524445824323,0.004051930276909843,256
noised_data,target,distance_2_to_6,0.85,cosine,0.09541070811519603,0.09586043434740077,-0.00044972623220473906,-0.4691468751069072,-0.0009913041326086614,7.00189271228161e-05,256
noised_data,target,distance_2_to_6,0.85,l1,1.3818930343259126,1.3813602735754102,0.000532760750502348,0.03856783495904292,2.047854941338301e-05,0.0010746935819042846,256
noised_data,target,distance_2_to_6,0.85,rmse,1.7373968580284371,1.7366644367213115,0.0007324213071256388,0.04217402577255475,9.214824241284484e-05,0.0013595240407234907,256
noised_data,target,distance_2_to_6,0.85,squared_l2_mean,3.0223166472278535,3.0204499680548906,0.001866679172962904,0.06180136048288885,-0.0003197624231688678,0.003975120256654915,256
noised_data,target,distance_2_to_6,0.95,cosine,0.09541070811519603,0.09586043434740077,-0.00044972623220473906,-0.4691468751069072,-0.0009599904433542861,7.663735376439685e-05,256
noised_data,target,distance_2_to_6,0.95,l1,1.3818930343259126,1.3813602735754102,0.000532760750502348,0.03856783495904292,-4.905537934973731e-07,0.0010496399307157844,256
noised_data,target,distance_2_to_6,0.95,rmse,1.7373968580284371,1.7366644367213115,0.0007324213071256388,0.04217402577255475,9.920900000330247e-05,0.0013586766146754554,256
noised_data,target,distance_2_to_6,0.95,squared_l2_mean,3.0223166472278535,3.0204499680548906,0.001866679172962904,0.06180136048288885,-0.00026173783699050545,0.004134112515021116,256
noised_data,target,distance_gt_6,0.05,cosine,0.06532062606521549,0.06544118227837004,-0.00012055621315454346,-0.1842207138644412,-0.00044939527620826427,0.00019764578772587488,256
noised_data,target,distance_gt_6,0.05,l1,1.4110312627162784,1.4109026192454621,0.00012864347081631422,0.009117813594046028,-0.00017952386697288602,0.0004334091005148366,256
noised_data,target,distance_gt_6,0.05,rmse,1.7726528012017866,1.7724086872704186,0.00024411393136786023,0.013773004675564167,-9.11497855062227e-05,0.0005961140763759329,256
noised_data,target,distance_gt_6,0.05,squared_l2_mean,3.1485646748915315,3.1483304207213223,0.0002342541702091694,0.007440584020895075,-0.0009817816957365722,0.0015191578248050005,256
noised_data,target,distance_gt_6,0.15,cosine,0.06532062606521549,0.06544118227837004,-0.00012055621315454346,-0.1842207138644412,-0.0004341987038500861,0.00020245577530264528,256
noised_data,target,distance_gt_6,0.15,l1,1.4110312627162784,1.4109026192454621,0.00012864347081631422,0.009117813594046028,-0.0001877261878689751,0.00044050502474419763,256
noised_data,target,distance_gt_6,0.15,rmse,1.7726528012017866,1.7724086872704186,0.00024411393136786023,0.013773004675564167,-9.510062234964584e-05,0.0005830434412641719,256
noised_data,target,distance_gt_6,0.15,squared_l2_mean,3.1485646748915315,3.1483304207213223,0.0002342541702091694,0.007440584020895075,-0.0010130743961781264,0.0014900050417054418,256
noised_data,target,distance_gt_6,0.3,cosine,0.06532062606521549,0.06544118227837004,-0.00012055621315454346,-0.1842207138644412,-0.00045211409511534126,0.00018402534039889642,256
noised_data,target,distance_gt_6,0.3,l1,1.4110312627162784,1.4109026192454621,0.00012864347081631422,0.009117813594046028,-0.00019722270080819727,0.00042736273899208696,256
noised_data,target,distance_gt_6,0.3,rmse,1.7726528012017866,1.7724086872704186,0.00024411393136786023,0.013773004675564167,-9.273469673582958e-05,0.0006050436394945337,256
noised_data,target,distance_gt_6,0.3,squared_l2_mean,3.1485646748915315,3.1483304207213223,0.0002342541702091694,0.007440584020895075,-0.0009131693164817989,0.0015130060724914064,256
noised_data,target,distance_gt_6,0.5,cosine,0.06532062606521549,0.06544118227837004,-0.00012055621315454346,-0.1842207138644412,-0.0004267110778478411,0.00019422539372033736,256
noised_data,target,distance_gt_6,0.5,l1,1.4110312627162784,1.4109026192454621,0.00012864347081631422,0.009117813594046028,-0.00017567363393027334,0.000414498583995737,256
noised_data,target,distance_gt_6,0.5,rmse,1.7726528012017866,1.7724086872704186,0.00024411393136786023,0.013773004675564167,-0.00011050418847747829,0.0005946348063150995,256
noised_data,target,distance_gt_6,0.5,squared_l2_mean,3.1485646748915315,3.1483304207213223,0.0002342541702091694,0.007440584020895075,-0.0009997147135436535,0.0014593882369808846,256
noised_data,target,distance_gt_6,0.7,cosine,0.06532062606521549,0.06544118227837004,-0.00012055621315454346,-0.1842207138644412,-0.00042355971443868156,0.00021607017253337762,256
noised_data,target,distance_gt_6,0.7,l1,1.4110312627162784,1.4109026192454621,0.00012864347081631422,0.009117813594046028,-0.00016901229391805828,0.0004198146139970045,256
noised_data,target,distance_gt_6,0.7,rmse,1.7726528012017866,1.7724086872704186,0.00024411393136786023,0.013773004675564167,-8.393893580944656e-05,0.0005757039528339042,256
noised_data,target,distance_gt_6,0.7,squared_l2_mean,3.1485646748915315,3.1483304207213223,0.0002342541702091694,0.007440584020895075,-0.0009576725889928639,0.0014694447163492415,256
noised_data,target,distance_gt_6,0.85,cosine,0.06532062606521549,0.06544118227837004,-0.00012055621315454346,-0.1842207138644412,-0.0004338597134060151,0.0001979449916641229,256
noised_data,target,distance_gt_6,0.85,l1,1.4110312627162784,1.4109026192454621,0.00012864347081631422,0.009117813594046028,-0.00017147909675259144,0.0004349336784798652,256
noised_data,target,distance_gt_6,0.85,rmse,1.7726528012017866,1.7724086872704186,0.00024411393136786023,0.013773004675564167,-0.00010540420237054511,0.0005939142618904927,256
noised_data,target,distance_gt_6,0.85,squared_l2_mean,3.1485646748915315,3.1483304207213223,0.0002342541702091694,0.007440584020895075,-0.0009707362449262291,0.0015053893206641075,256
noised_data,target,distance_gt_6,0.95,cosine,0.06532062606521549,0.06544118227837004,-0.00012055621315454346,-0.1842207138644412,-0.00044121598748620984,0.00021452712154825725,256
noised_data,target,distance_gt_6,0.95,l1,1.4110312627162784,1.4109026192454621,0.00012864347081631422,0.009117813594046028,-0.00016303060110658407,0.0004393710667500271,256
noised_data,target,distance_gt_6,0.95,rmse,1.7726528012017866,1.7724086872704186,0.00024411393136786023,0.013773004675564167,-8.477027271279738e-05,0.0006018725227023695,256
noised_data,target,distance_gt_6,0.95,squared_l2_mean,3.1485646748915315,3.1483304207213223,0.0002342541702091694,0.007440584020895075,-0.0010145842796191573,0.0014408767689019432,256
