source,sample_id,route_repeat,t,group,metric,value
noised_data,0,0,0.05,R,mse,1.0502465963363647
noised_data,1,0,0.05,R,mse,1.0966978073120117
noised_data,2,0,0.05,R,mse,1.077924370765686
noised_data,3,0,0.05,R,mse,0.8418700695037842
noised_data,4,0,0.05,R,mse,1.02001953125
noised_data,5,0,0.05,R,mse,0.40012720227241516
noised_data,6,0,0.05,R,mse,0.9818344116210938
noised_data,7,0,0.05,R,mse,1.010154128074646
noised_data,0,0,0.05,R,mae,0.8155466318130493
noised_data,1,0,0.05,R,mae,0.8321446180343628
noised_data,2,0,0.05,R,mae,0.8327302932739258
noised_data,3,0,0.05,R,mae,0.7232988476753235
noised_data,4,0,0.05,R,mae,0.8100625276565552
noised_data,5,0,0.05,R,mae,0.4151762127876282
noised_data,6,0,0.05,R,mae,0.7875706553459167
noised_data,7,0,0.05,R,mae,0.8051930665969849
noised_data,0,0,0.05,P,mse,1.0186817646026611
noised_data,1,0,0.05,P,mse,0.9941650629043579
noised_data,2,0,0.05,P,mse,1.0319092273712158
noised_data,3,0,0.05,P,mse,0.9428719282150269
noised_data,4,0,0.05,P,mse,1.066079020500183
noised_data,5,0,0.05,P,mse,0.4662471413612366
noised_data,6,0,0.05,P,mse,0.8712749481201172
noised_data,7,0,0.05,P,mse,1.0253174304962158
noised_data,0,0,0.05,P,mae,0.7972115278244019
noised_data,1,0,0.05,P,mae,0.7954572439193726
noised_data,2,0,0.05,P,mae,0.810526967048645
noised_data,3,0,0.05,P,mae,0.773540735244751
noised_data,4,0,0.05,P,mae,0.8223569989204407
noised_data,5,0,0.05,P,mae,0.45705172419548035
noised_data,6,0,0.05,P,mae,0.7447651028633118
noised_data,7,0,0.05,P,mae,0.80452561378479
noised_data,0,0,0.15,R,mse,0.9955519437789917
noised_data,1,0,0.15,R,mse,0.9872614145278931
noised_data,2,0,0.15,R,mse,0.9865891933441162
noised_data,3,0,0.15,R,mse,0.6292188167572021
noised_data,4,0,0.15,R,mse,0.8734170198440552
noised_data,5,0,0.15,R,mse,0.28170740604400635
noised_data,6,0,0.15,R,mse,0.8100994825363159
noised_data,7,0,0.15,R,mse,0.9077073931694031
noised_data,0,0,0.15,R,mae,0.7947989702224731
noised_data,1,0,0.15,R,mae,0.7916138172149658
noised_data,2,0,0.15,R,mae,0.7915967106819153
noised_data,3,0,0.15,R,mae,0.620247483253479
noised_data,4,0,0.15,R,mae,0.7425256967544556
noised_data,5,0,0.15,R,mae,0.3174661099910736
noised_data,6,0,0.15,R,mae,0.7125848531723022
noised_data,7,0,0.15,R,mae,0.760204553604126
noised_data,0,0,0.15,P,mse,0.9584164619445801
noised_data,1,0,0.15,P,mse,0.9428573250770569
noised_data,2,0,0.15,P,mse,0.9703632593154907
noised_data,3,0,0.15,P,mse,0.7110751867294312
noised_data,4,0,0.15,P,mse,0.9057145118713379
noised_data,5,0,0.15,P,mse,0.33289045095443726
noised_data,6,0,0.15,P,mse,0.6826520562171936
noised_data,7,0,0.15,P,mse,0.9318352341651917
noised_data,0,0,0.15,P,mae,0.7727609872817993
noised_data,1,0,0.15,P,mae,0.764049768447876
noised_data,2,0,0.15,P,mae,0.7807493209838867
noised_data,3,0,0.15,P,mae,0.6608911752700806
noised_data,4,0,0.15,P,mae,0.7547924518585205
noised_data,5,0,0.15,P,mae,0.35753998160362244
noised_data,6,0,0.15,P,mae,0.6492300033569336
noised_data,7,0,0.15,P,mae,0.7579827308654785
noised_data,0,0,0.3,R,mse,0.9085751175880432
noised_data,1,0,0.3,R,mse,0.8917734622955322
noised_data,2,0,0.3,R,mse,0.9592371582984924
noised_data,3,0,0.3,R,mse,0.5687894821166992
noised_data,4,0,0.3,R,mse,0.7455083131790161
noised_data,5,0,0.3,R,mse,0.21113325655460358
noised_data,6,0,0.3,R,mse,0.6881105899810791
noised_data,7,0,0.3,R,mse,0.8243330717086792
noised_data,0,0,0.3,R,mae,0.745557963848114
noised_data,1,0,0.3,R,mae,0.7509249448776245
noised_data,2,0,0.3,R,mae,0.7657744884490967
noised_data,3,0,0.3,R,mae,0.5799435377120972
noised_data,4,0,0.3,R,mae,0.6628239154815674
noised_data,5,0,0.3,R,mae,0.26011621952056885
noised_data,6,0,0.3,R,mae,0.6411896347999573
noised_data,7,0,0.3,R,mae,0.7149611711502075
noised_data,0,0,0.3,P,mse,0.8879333734512329
noised_data,1,0,0.3,P,mse,0.9259482622146606
noised_data,2,0,0.3,P,mse,0.9481774568557739
noised_data,3,0,0.3,P,mse,0.6271458864212036
noised_data,4,0,0.3,P,mse,0.764713704586029
noised_data,5,0,0.3,P,mse,0.25715047121047974
noised_data,6,0,0.3,P,mse,0.5533936023712158
noised_data,7,0,0.3,P,mse,0.828753650188446
noised_data,0,0,0.3,P,mae,0.7419379353523254
noised_data,1,0,0.3,P,mae,0.7523211240768433
noised_data,2,0,0.3,P,mae,0.7554630041122437
noised_data,3,0,0.3,P,mae,0.6109648942947388
noised_data,4,0,0.3,P,mae,0.6838963031768799
noised_data,5,0,0.3,P,mae,0.3002592921257019
noised_data,6,0,0.3,P,mae,0.5748756527900696
noised_data,7,0,0.3,P,mae,0.7077142000198364
noised_data,0,0,0.5,R,mse,0.8320246934890747
noised_data,1,0,0.5,R,mse,0.9286900162696838
noised_data,2,0,0.5,R,mse,0.9310641288757324
noised_data,3,0,0.5,R,mse,0.5787795186042786
noised_data,4,0,0.5,R,mse,0.6917540431022644
noised_data,5,0,0.5,R,mse,0.17211660742759705
noised_data,6,0,0.5,R,mse,0.655634880065918
noised_data,7,0,0.5,R,mse,0.7686184048652649
noised_data,0,0,0.5,R,mae,0.7117783427238464
noised_data,1,0,0.5,R,mae,0.763945460319519
noised_data,2,0,0.5,R,mae,0.7407827377319336
noised_data,3,0,0.5,R,mae,0.5754613876342773
noised_data,4,0,0.5,R,mae,0.622970700263977
noised_data,5,0,0.5,R,mae,0.2278754562139511
noised_data,6,0,0.5,R,mae,0.6206463575363159
noised_data,7,0,0.5,R,mae,0.6956665515899658
noised_data,0,0,0.5,P,mse,0.8610894680023193
noised_data,1,0,0.5,P,mse,0.9236619472503662
noised_data,2,0,0.5,P,mse,0.9141576290130615
noised_data,3,0,0.5,P,mse,0.5857523679733276
noised_data,4,0,0.5,P,mse,0.6691422462463379
noised_data,5,0,0.5,P,mse,0.22850143909454346
noised_data,6,0,0.5,P,mse,0.5549666881561279
noised_data,7,0,0.5,P,mse,0.7342527508735657
noised_data,0,0,0.5,P,mae,0.7079134583473206
noised_data,1,0,0.5,P,mae,0.7698373198509216
noised_data,2,0,0.5,P,mae,0.7350271940231323
noised_data,3,0,0.5,P,mae,0.5877429842948914
noised_data,4,0,0.5,P,mae,0.6358927488327026
noised_data,5,0,0.5,P,mae,0.2706904709339142
noised_data,6,0,0.5,P,mae,0.5591129660606384
noised_data,7,0,0.5,P,mae,0.6661251783370972
noised_data,0,0,0.7,R,mse,0.6859087944030762
noised_data,1,0,0.7,R,mse,0.7937031984329224
noised_data,2,0,0.7,R,mse,0.7531441450119019
noised_data,3,0,0.7,R,mse,0.6307945847511292
noised_data,4,0,0.7,R,mse,0.726417064666748
noised_data,5,0,0.7,R,mse,0.1870843470096588
noised_data,6,0,0.7,R,mse,0.634860634803772
noised_data,7,0,0.7,R,mse,0.6940492391586304
noised_data,0,0,0.7,R,mae,0.6430760622024536
noised_data,1,0,0.7,R,mae,0.7216085195541382
noised_data,2,0,0.7,R,mae,0.666435956954956
noised_data,3,0,0.7,R,mae,0.6080937385559082
noised_data,4,0,0.7,R,mae,0.6540328860282898
noised_data,5,0,0.7,R,mae,0.22615064680576324
noised_data,6,0,0.7,R,mae,0.5931210517883301
noised_data,7,0,0.7,R,mae,0.6484422087669373
noised_data,0,0,0.7,P,mse,0.6831589937210083
noised_data,1,0,0.7,P,mse,0.8101196885108948
noised_data,2,0,0.7,P,mse,0.7547311186790466
noised_data,3,0,0.7,P,mse,0.6919797658920288
noised_data,4,0,0.7,P,mse,0.7241698503494263
noised_data,5,0,0.7,P,mse,0.25659576058387756
noised_data,6,0,0.7,P,mse,0.5045037269592285
noised_data,7,0,0.7,P,mse,0.6209628582000732
noised_data,0,0,0.7,P,mae,0.6355533003807068
noised_data,1,0,0.7,P,mae,0.7283282279968262
noised_data,2,0,0.7,P,mae,0.6600418090820312
noised_data,3,0,0.7,P,mae,0.6383618116378784
noised_data,4,0,0.7,P,mae,0.6657054424285889
noised_data,5,0,0.7,P,mae,0.28112858533859253
noised_data,6,0,0.7,P,mae,0.5329442620277405
noised_data,7,0,0.7,P,mae,0.6169344782829285
noised_data,0,0,0.85,R,mse,0.5827380418777466
noised_data,1,0,0.85,R,mse,0.6399348974227905
noised_data,2,0,0.85,R,mse,0.6664749383926392
noised_data,3,0,0.85,R,mse,0.6711616516113281
noised_data,4,0,0.85,R,mse,0.7608418464660645
noised_data,5,0,0.85,R,mse,0.26060426235198975
noised_data,6,0,0.85,R,mse,0.6265556216239929
noised_data,7,0,0.85,R,mse,0.6401376128196716
noised_data,0,0,0.85,R,mae,0.5936789512634277
noised_data,1,0,0.85,R,mae,0.6435596942901611
noised_data,2,0,0.85,R,mae,0.6315106153488159
noised_data,3,0,0.85,R,mae,0.635681688785553
noised_data,4,0,0.85,R,mae,0.6703898310661316
noised_data,5,0,0.85,R,mae,0.32700127363204956
noised_data,6,0,0.85,R,mae,0.5972181558609009
noised_data,7,0,0.85,R,mae,0.6155616044998169
noised_data,0,0,0.85,P,mse,0.5983457565307617
noised_data,1,0,0.85,P,mse,0.6688448190689087
noised_data,2,0,0.85,P,mse,0.7028135061264038
noised_data,3,0,0.85,P,mse,0.7051353454589844
noised_data,4,0,0.85,P,mse,0.7360122203826904
noised_data,5,0,0.85,P,mse,0.36195987462997437
noised_data,6,0,0.85,P,mse,0.5173286199569702
noised_data,7,0,0.85,P,mse,0.5583574175834656
noised_data,0,0,0.85,P,mae,0.589052677154541
noised_data,1,0,0.85,P,mae,0.6568430662155151
noised_data,2,0,0.85,P,mae,0.6407667398452759
noised_data,3,0,0.85,P,mae,0.6468132138252258
noised_data,4,0,0.85,P,mae,0.6852587461471558
noised_data,5,0,0.85,P,mae,0.3898123800754547
noised_data,6,0,0.85,P,mae,0.5597801804542542
noised_data,7,0,0.85,P,mae,0.5946582555770874
noised_data,0,0,0.95,R,mse,0.614130973815918
noised_data,1,0,0.95,R,mse,0.5845662951469421
noised_data,2,0,0.95,R,mse,0.6546388268470764
noised_data,3,0,0.95,R,mse,1.1345138549804688
noised_data,4,0,0.95,R,mse,0.8701302409172058
noised_data,5,0,0.95,R,mse,0.457644522190094
noised_data,6,0,0.95,R,mse,0.6778671145439148
noised_data,7,0,0.95,R,mse,0.5900316834449768
noised_data,0,0,0.95,R,mae,0.61460280418396
noised_data,1,0,0.95,R,mae,0.6144429445266724
noised_data,2,0,0.95,R,mae,0.6295876502990723
noised_data,3,0,0.95,R,mae,0.9020899534225464
noised_data,4,0,0.95,R,mae,0.7232891321182251
noised_data,5,0,0.95,R,mae,0.5259168744087219
noised_data,6,0,0.95,R,mae,0.6524747610092163
noised_data,7,0,0.95,R,mae,0.5991824865341187
noised_data,0,0,0.95,P,mse,0.6262227296829224
noised_data,1,0,0.95,P,mse,0.6106513738632202
noised_data,2,0,0.95,P,mse,0.6801910400390625
noised_data,3,0,0.95,P,mse,1.1157737970352173
noised_data,4,0,0.95,P,mse,0.8717683553695679
noised_data,5,0,0.95,P,mse,0.5043039321899414
noised_data,6,0,0.95,P,mse,0.6032199859619141
noised_data,7,0,0.95,P,mse,0.5210521221160889
noised_data,0,0,0.95,P,mae,0.6119882464408875
noised_data,1,0,0.95,P,mae,0.6247740387916565
noised_data,2,0,0.95,P,mae,0.6379033327102661
noised_data,3,0,0.95,P,mae,0.8893976211547852
noised_data,4,0,0.95,P,mae,0.7488012313842773
noised_data,5,0,0.95,P,mae,0.5591388940811157
noised_data,6,0,0.95,P,mae,0.6304728984832764
noised_data,7,0,0.95,P,mae,0.5803181529045105
noised_data,0,1,0.05,R,mse,1.033013939857483
noised_data,1,1,0.05,R,mse,1.082977294921875
noised_data,2,1,0.05,R,mse,1.0851829051971436
noised_data,3,1,0.05,R,mse,0.8559285998344421
noised_data,4,1,0.05,R,mse,1.091423749923706
noised_data,5,1,0.05,R,mse,0.4339683949947357
noised_data,6,1,0.05,R,mse,0.9080456495285034
noised_data,7,1,0.05,R,mse,1.0069613456726074
noised_data,0,1,0.05,R,mae,0.8045855760574341
noised_data,1,1,0.05,R,mae,0.8250465989112854
noised_data,2,1,0.05,R,mae,0.835991382598877
noised_data,3,1,0.05,R,mae,0.7326717972755432
noised_data,4,1,0.05,R,mae,0.8327200412750244
noised_data,5,1,0.05,R,mae,0.4385411739349365
noised_data,6,1,0.05,R,mae,0.7604368925094604
noised_data,7,1,0.05,R,mae,0.8069026470184326
noised_data,0,1,0.05,P,mse,1.032784342765808
noised_data,1,1,0.05,P,mse,1.0142829418182373
noised_data,2,1,0.05,P,mse,1.0232796669006348
noised_data,3,1,0.05,P,mse,0.9316518902778625
noised_data,4,1,0.05,P,mse,0.9924982786178589
noised_data,5,1,0.05,P,mse,0.4348401427268982
noised_data,6,1,0.05,P,mse,0.9497470259666443
noised_data,7,1,0.05,P,mse,1.0267813205718994
noised_data,0,1,0.05,P,mae,0.8072676658630371
noised_data,1,1,0.05,P,mae,0.8063740730285645
noised_data,2,1,0.05,P,mae,0.8069748878479004
noised_data,3,1,0.05,P,mae,0.7664097547531128
noised_data,4,1,0.05,P,mae,0.7980879545211792
noised_data,5,1,0.05,P,mae,0.43486306071281433
noised_data,6,1,0.05,P,mae,0.7729418277740479
noised_data,7,1,0.05,P,mae,0.80230712890625
noised_data,0,1,0.15,R,mse,0.9888579845428467
noised_data,1,1,0.15,R,mse,1.0077269077301025
noised_data,2,1,0.15,R,mse,1.0301611423492432
noised_data,3,1,0.15,R,mse,0.6452757120132446
noised_data,4,1,0.15,R,mse,0.9252692461013794
noised_data,5,1,0.15,R,mse,0.32033151388168335
noised_data,6,1,0.15,R,mse,0.7298096418380737
noised_data,7,1,0.15,R,mse,0.9038568139076233
noised_data,0,1,0.15,R,mae,0.7923493385314941
noised_data,1,1,0.15,R,mae,0.7952998876571655
noised_data,2,1,0.15,R,mae,0.8070197701454163
noised_data,3,1,0.15,R,mae,0.6305854916572571
noised_data,4,1,0.15,R,mae,0.7685915231704712
noised_data,5,1,0.15,R,mae,0.3447936177253723
noised_data,6,1,0.15,R,mae,0.673454999923706
noised_data,7,1,0.15,R,mae,0.7576092481613159
noised_data,0,1,0.15,P,mse,0.9595794677734375
noised_data,1,1,0.15,P,mse,0.9443224668502808
noised_data,2,1,0.15,P,mse,0.9228665232658386
noised_data,3,1,0.15,P,mse,0.6934199333190918
noised_data,4,1,0.15,P,mse,0.853074312210083
noised_data,5,1,0.15,P,mse,0.3011776804924011
noised_data,6,1,0.15,P,mse,0.7652601003646851
noised_data,7,1,0.15,P,mse,0.9276034235954285
noised_data,0,1,0.15,P,mae,0.7731178998947144
noised_data,1,1,0.15,P,mae,0.7686868906021118
noised_data,2,1,0.15,P,mae,0.7638910412788391
noised_data,3,1,0.15,P,mae,0.6470573544502258
noised_data,4,1,0.15,P,mae,0.7283609509468079
noised_data,5,1,0.15,P,mae,0.3355553150177002
noised_data,6,1,0.15,P,mae,0.6898651123046875
noised_data,7,1,0.15,P,mae,0.7566856145858765
noised_data,0,1,0.3,R,mse,0.9055687189102173
noised_data,1,1,0.3,R,mse,0.9538211226463318
noised_data,2,1,0.3,R,mse,0.9902293682098389
noised_data,3,1,0.3,R,mse,0.597051739692688
noised_data,4,1,0.3,R,mse,0.7939370274543762
noised_data,5,1,0.3,R,mse,0.24902953207492828
noised_data,6,1,0.3,R,mse,0.6135612726211548
noised_data,7,1,0.3,R,mse,0.7984278202056885
noised_data,0,1,0.3,R,mae,0.7501542568206787
noised_data,1,1,0.3,R,mae,0.7733666896820068
noised_data,2,1,0.3,R,mae,0.7707054615020752
noised_data,3,1,0.3,R,mae,0.5959236025810242
noised_data,4,1,0.3,R,mae,0.6933530569076538
noised_data,5,1,0.3,R,mae,0.28885650634765625
noised_data,6,1,0.3,R,mae,0.6063017845153809
noised_data,7,1,0.3,R,mae,0.7008676528930664
noised_data,0,1,0.3,P,mse,0.8927193880081177
noised_data,1,1,0.3,P,mse,0.8642297983169556
noised_data,2,1,0.3,P,mse,0.912169337272644
noised_data,3,1,0.3,P,mse,0.5827291011810303
noised_data,4,1,0.3,P,mse,0.7257944941520691
noised_data,5,1,0.3,P,mse,0.21882736682891846
noised_data,6,1,0.3,P,mse,0.6387621164321899
noised_data,7,1,0.3,P,mse,0.8459367752075195
noised_data,0,1,0.3,P,mae,0.7351357936859131
noised_data,1,1,0.3,P,mae,0.7327504754066467
noised_data,2,1,0.3,P,mae,0.7477397322654724
noised_data,3,1,0.3,P,mae,0.5876506567001343
noised_data,4,1,0.3,P,mae,0.657411515712738
noised_data,5,1,0.3,P,mae,0.27396881580352783
noised_data,6,1,0.3,P,mae,0.6145114898681641
noised_data,7,1,0.3,P,mae,0.7162913084030151
noised_data,0,1,0.5,R,mse,0.8708439469337463
noised_data,1,1,0.5,R,mse,0.9457694292068481
noised_data,2,1,0.5,R,mse,0.9272258281707764
noised_data,3,1,0.5,R,mse,0.5902047753334045
noised_data,4,1,0.5,R,mse,0.7290915250778198
noised_data,5,1,0.5,R,mse,0.21368324756622314
noised_data,6,1,0.5,R,mse,0.6339974999427795
noised_data,7,1,0.5,R,mse,0.7140440344810486
noised_data,0,1,0.5,R,mae,0.7200355529785156
noised_data,1,1,0.5,R,mae,0.7787535190582275
noised_data,2,1,0.5,R,mae,0.733730673789978
noised_data,3,1,0.5,R,mae,0.5863163471221924
noised_data,4,1,0.5,R,mae,0.6503994464874268
noised_data,5,1,0.5,R,mae,0.25717049837112427
noised_data,6,1,0.5,R,mae,0.6027829647064209
noised_data,7,1,0.5,R,mae,0.6652591824531555
noised_data,0,1,0.5,P,mse,0.8272838592529297
noised_data,1,1,0.5,P,mse,0.9180182218551636
noised_data,2,1,0.5,P,mse,0.9180010557174683
noised_data,3,1,0.5,P,mse,0.5775236487388611
noised_data,4,1,0.5,P,mse,0.6362506151199341
noised_data,5,1,0.5,P,mse,0.19245582818984985
noised_data,6,1,0.5,P,mse,0.5738471746444702
noised_data,7,1,0.5,P,mse,0.7961969971656799
noised_data,0,1,0.5,P,mae,0.7005091905593872
noised_data,1,1,0.5,P,mae,0.7599647045135498
noised_data,2,1,0.5,P,mae,0.7410561442375183
noised_data,3,1,0.5,P,mae,0.584140419960022
noised_data,4,1,0.5,P,mae,0.6087227463722229
noised_data,5,1,0.5,P,mae,0.24757768213748932
noised_data,6,1,0.5,P,mae,0.576259970664978
noised_data,7,1,0.5,P,mae,0.698407769203186
noised_data,0,1,0.7,R,mse,0.699833333492279
noised_data,1,1,0.7,R,mse,0.7887970805168152
noised_data,2,1,0.7,R,mse,0.7567664980888367
noised_data,3,1,0.7,R,mse,0.6609541177749634
noised_data,4,1,0.7,R,mse,0.7920699119567871
noised_data,5,1,0.7,R,mse,0.2451799362897873
noised_data,6,1,0.7,R,mse,0.6001536846160889
noised_data,7,1,0.7,R,mse,0.6169731616973877
noised_data,0,1,0.7,R,mae,0.645199179649353
noised_data,1,1,0.7,R,mae,0.7160962224006653
noised_data,2,1,0.7,R,mae,0.6586840748786926
noised_data,3,1,0.7,R,mae,0.6151586174964905
noised_data,4,1,0.7,R,mae,0.6893923878669739
noised_data,5,1,0.7,R,mae,0.2648026943206787
noised_data,6,1,0.7,R,mae,0.576010525226593
noised_data,7,1,0.7,R,mae,0.6101812124252319
noised_data,0,1,0.7,P,mse,0.6726516485214233
noised_data,1,1,0.7,P,mse,0.8129275441169739
noised_data,2,1,0.7,P,mse,0.7582190036773682
noised_data,3,1,0.7,P,mse,0.6852604150772095
noised_data,4,1,0.7,P,mse,0.6590505838394165
noised_data,5,1,0.7,P,mse,0.2061305046081543
noised_data,6,1,0.7,P,mse,0.5282076597213745
noised_data,7,1,0.7,P,mse,0.6977399587631226
noised_data,0,1,0.7,P,mae,0.6358189582824707
noised_data,1,1,0.7,P,mae,0.7326502799987793
noised_data,2,1,0.7,P,mae,0.6701610088348389
noised_data,3,1,0.7,P,mae,0.6390678882598877
noised_data,4,1,0.7,P,mae,0.6310418248176575
noised_data,5,1,0.7,P,mae,0.24927839636802673
noised_data,6,1,0.7,P,mae,0.546341061592102
noised_data,7,1,0.7,P,mae,0.6551535129547119
noised_data,0,1,0.85,R,mse,0.5889351963996887
noised_data,1,1,0.85,R,mse,0.6342967748641968
noised_data,2,1,0.85,R,mse,0.6801743507385254
noised_data,3,1,0.85,R,mse,0.6823230981826782
noised_data,4,1,0.85,R,mse,0.8168959617614746
noised_data,5,1,0.85,R,mse,0.3243933320045471
noised_data,6,1,0.85,R,mse,0.6220618486404419
noised_data,7,1,0.85,R,mse,0.5837957859039307
noised_data,0,1,0.85,R,mae,0.5943917632102966
noised_data,1,1,0.85,R,mae,0.6399410963058472
noised_data,2,1,0.85,R,mae,0.6282354593276978
noised_data,3,1,0.85,R,mae,0.63251131772995
noised_data,4,1,0.85,R,mae,0.6999422311782837
noised_data,5,1,0.85,R,mae,0.35811254382133484
noised_data,6,1,0.85,R,mae,0.6016732454299927
noised_data,7,1,0.85,R,mae,0.5897982120513916
noised_data,0,1,0.85,P,mse,0.5921458005905151
noised_data,1,1,0.85,P,mse,0.6740217208862305
noised_data,2,1,0.85,P,mse,0.6965541839599609
noised_data,3,1,0.85,P,mse,0.6941484808921814
noised_data,4,1,0.85,P,mse,0.6840195655822754
noised_data,5,1,0.85,P,mse,0.30823802947998047
noised_data,6,1,0.85,P,mse,0.5267084836959839
noised_data,7,1,0.85,P,mse,0.614379346370697
noised_data,0,1,0.85,P,mae,0.5886205434799194
noised_data,1,1,0.85,P,mae,0.660127580165863
noised_data,2,1,0.85,P,mae,0.6458016633987427
noised_data,3,1,0.85,P,mae,0.6503497362136841
noised_data,4,1,0.85,P,mae,0.6577591300010681
noised_data,5,1,0.85,P,mae,0.36801421642303467
noised_data,6,1,0.85,P,mae,0.5612449049949646
noised_data,7,1,0.85,P,mae,0.6205309629440308
noised_data,0,1,0.95,R,mse,0.6263577342033386
noised_data,1,1,0.95,R,mse,0.5754488706588745
noised_data,2,1,0.95,R,mse,0.6497480869293213
noised_data,3,1,0.95,R,mse,1.1121926307678223
noised_data,4,1,0.95,R,mse,0.9433600306510925
noised_data,5,1,0.95,R,mse,0.4926559031009674
noised_data,6,1,0.95,R,mse,0.6763794422149658
noised_data,7,1,0.95,R,mse,0.553134560585022
noised_data,0,1,0.95,R,mae,0.6169614791870117
noised_data,1,1,0.95,R,mae,0.607685387134552
noised_data,2,1,0.95,R,mae,0.6214746832847595
noised_data,3,1,0.95,R,mae,0.8808934092521667
noised_data,4,1,0.95,R,mae,0.7588975429534912
noised_data,5,1,0.95,R,mae,0.5422638654708862
noised_data,6,1,0.95,R,mae,0.6542391777038574
noised_data,7,1,0.95,R,mae,0.5812505483627319
noised_data,0,1,0.95,P,mse,0.6144166588783264
noised_data,1,1,0.95,P,mse,0.6190322637557983
noised_data,2,1,0.95,P,mse,0.6877573728561401
noised_data,3,1,0.95,P,mse,1.1400980949401855
noised_data,4,1,0.95,P,mse,0.7994294166564941
noised_data,5,1,0.95,P,mse,0.4667728841304779
noised_data,6,1,0.95,P,mse,0.602144718170166
noised_data,7,1,0.95,P,mse,0.5604602098464966
noised_data,0,1,0.95,P,mae,0.6100613474845886
noised_data,1,1,0.95,P,mae,0.631037712097168
noised_data,2,1,0.95,P,mae,0.6469451785087585
noised_data,3,1,0.95,P,mae,0.9116303324699402
noised_data,4,1,0.95,P,mae,0.7134656310081482
noised_data,5,1,0.95,P,mae,0.5410164594650269
noised_data,6,1,0.95,P,mae,0.6271923780441284
noised_data,7,1,0.95,P,mae,0.5994268655776978
noised_data,8,0,0.05,R,mse,1.1474676132202148
noised_data,9,0,0.05,R,mse,0.936811089515686
noised_data,10,0,0.05,R,mse,0.8911991715431213
noised_data,11,0,0.05,R,mse,0.9187326431274414
noised_data,12,0,0.05,R,mse,1.0530707836151123
noised_data,13,0,0.05,R,mse,0.9030536413192749
noised_data,14,0,0.05,R,mse,0.9692836999893188
noised_data,15,0,0.05,R,mse,0.992027997970581
noised_data,8,0,0.05,R,mae,0.8593596816062927
noised_data,9,0,0.05,R,mae,0.7693575024604797
noised_data,10,0,0.05,R,mae,0.7447157502174377
noised_data,11,0,0.05,R,mae,0.7689972519874573
noised_data,12,0,0.05,R,mae,0.8154675960540771
noised_data,13,0,0.05,R,mae,0.7512427568435669
noised_data,14,0,0.05,R,mae,0.7795146107673645
noised_data,15,0,0.05,R,mae,0.7905805110931396
noised_data,8,0,0.05,P,mse,1.0992003679275513
noised_data,9,0,0.05,P,mse,0.9524054527282715
noised_data,10,0,0.05,P,mse,0.9204484820365906
noised_data,11,0,0.05,P,mse,0.8595333099365234
noised_data,12,0,0.05,P,mse,1.0366379022598267
noised_data,13,0,0.05,P,mse,0.9169087409973145
noised_data,14,0,0.05,P,mse,1.0323423147201538
noised_data,15,0,0.05,P,mse,0.9893704652786255
noised_data,8,0,0.05,P,mae,0.8350560665130615
noised_data,9,0,0.05,P,mae,0.7757585644721985
noised_data,10,0,0.05,P,mae,0.7532010078430176
noised_data,11,0,0.05,P,mae,0.7320144176483154
noised_data,12,0,0.05,P,mae,0.8090661764144897
noised_data,13,0,0.05,P,mae,0.7589201927185059
noised_data,14,0,0.05,P,mae,0.8062702417373657
noised_data,15,0,0.05,P,mae,0.7965129017829895
noised_data,8,0,0.15,R,mse,1.1637663841247559
noised_data,9,0,0.15,R,mse,0.8321717977523804
noised_data,10,0,0.15,R,mse,0.761194109916687
noised_data,11,0,0.15,R,mse,0.7468385696411133
noised_data,12,0,0.15,R,mse,0.9135701060295105
noised_data,13,0,0.15,R,mse,0.6671295166015625
noised_data,14,0,0.15,R,mse,0.9557892680168152
noised_data,15,0,0.15,R,mse,0.9021164774894714
noised_data,8,0,0.15,R,mae,0.8650438189506531
noised_data,9,0,0.15,R,mae,0.7102493047714233
noised_data,10,0,0.15,R,mae,0.679644763469696
noised_data,11,0,0.15,R,mae,0.6674230098724365
noised_data,12,0,0.15,R,mae,0.7537223696708679
noised_data,13,0,0.15,R,mae,0.6294916868209839
noised_data,14,0,0.15,R,mae,0.7725884914398193
noised_data,15,0,0.15,R,mae,0.7464796304702759
noised_data,8,0,0.15,P,mse,1.1465744972229004
noised_data,9,0,0.15,P,mse,0.8217379450798035
noised_data,10,0,0.15,P,mse,0.7484555244445801
noised_data,11,0,0.15,P,mse,0.6743398904800415
noised_data,12,0,0.15,P,mse,0.9425048232078552
noised_data,13,0,0.15,P,mse,0.6910752058029175
noised_data,14,0,0.15,P,mse,0.9535380601882935
noised_data,15,0,0.15,P,mse,0.8668832182884216
noised_data,8,0,0.15,P,mae,0.8500738143920898
noised_data,9,0,0.15,P,mae,0.6979360580444336
noised_data,10,0,0.15,P,mae,0.6687881946563721
noised_data,11,0,0.15,P,mae,0.6231297254562378
noised_data,12,0,0.15,P,mae,0.7704330682754517
noised_data,13,0,0.15,P,mae,0.6463276743888855
noised_data,14,0,0.15,P,mae,0.7713395357131958
noised_data,15,0,0.15,P,mae,0.7348311543464661
noised_data,8,0,0.3,R,mse,1.078503966331482
noised_data,9,0,0.3,R,mse,0.7537326812744141
noised_data,10,0,0.3,R,mse,0.6615866422653198
noised_data,11,0,0.3,R,mse,0.646677553653717
noised_data,12,0,0.3,R,mse,0.8681650161743164
noised_data,13,0,0.3,R,mse,0.5562584400177002
noised_data,14,0,0.3,R,mse,0.9725374579429626
noised_data,15,0,0.3,R,mse,0.8271763324737549
noised_data,8,0,0.3,R,mae,0.8282347917556763
noised_data,9,0,0.3,R,mae,0.6539402008056641
noised_data,10,0,0.3,R,mae,0.6184422373771667
noised_data,11,0,0.3,R,mae,0.5887728929519653
noised_data,12,0,0.3,R,mae,0.7296438813209534
noised_data,13,0,0.3,R,mae,0.5561236143112183
noised_data,14,0,0.3,R,mae,0.7749333381652832
noised_data,15,0,0.3,R,mae,0.7022207379341125
noised_data,8,0,0.3,P,mse,1.065638542175293
noised_data,9,0,0.3,P,mse,0.7634048461914062
noised_data,10,0,0.3,P,mse,0.6037173271179199
noised_data,11,0,0.3,P,mse,0.5544170141220093
noised_data,12,0,0.3,P,mse,0.9086065292358398
noised_data,13,0,0.3,P,mse,0.5793302059173584
noised_data,14,0,0.3,P,mse,0.9495420455932617
noised_data,15,0,0.3,P,mse,0.7839066386222839
noised_data,8,0,0.3,P,mae,0.8182355761528015
noised_data,9,0,0.3,P,mae,0.6404436826705933
noised_data,10,0,0.3,P,mae,0.5939639210700989
noised_data,11,0,0.3,P,mae,0.5386584997177124
noised_data,12,0,0.3,P,mae,0.7493726015090942
noised_data,13,0,0.3,P,mae,0.5723408460617065
noised_data,14,0,0.3,P,mae,0.7621225118637085
noised_data,15,0,0.3,P,mae,0.6851071715354919
noised_data,8,0,0.5,R,mse,0.9067075848579407
noised_data,9,0,0.5,R,mse,0.7557628154754639
noised_data,10,0,0.5,R,mse,0.6333529949188232
noised_data,11,0,0.5,R,mse,0.6178407073020935
noised_data,12,0,0.5,R,mse,0.9577394723892212
noised_data,13,0,0.5,R,mse,0.5810776352882385
noised_data,14,0,0.5,R,mse,0.9636165499687195
noised_data,15,0,0.5,R,mse,0.7566220164299011
noised_data,8,0,0.5,R,mae,0.7599446773529053
noised_data,9,0,0.5,R,mae,0.6416423916816711
noised_data,10,0,0.5,R,mae,0.595219075679779
noised_data,11,0,0.5,R,mae,0.5566460490226746
noised_data,12,0,0.5,R,mae,0.7671122550964355
noised_data,13,0,0.5,R,mae,0.5623959302902222
noised_data,14,0,0.5,R,mae,0.7771143913269043
noised_data,15,0,0.5,R,mae,0.6687835454940796
noised_data,8,0,0.5,P,mse,0.8792402744293213
noised_data,9,0,0.5,P,mse,0.7499876022338867
noised_data,10,0,0.5,P,mse,0.5416884422302246
noised_data,11,0,0.5,P,mse,0.5594985485076904
noised_data,12,0,0.5,P,mse,0.9478816986083984
noised_data,13,0,0.5,P,mse,0.5562033653259277
noised_data,14,0,0.5,P,mse,0.9670472145080566
noised_data,15,0,0.5,P,mse,0.7202546000480652
noised_data,8,0,0.5,P,mae,0.7424134016036987
noised_data,9,0,0.5,P,mae,0.6250675916671753
noised_data,10,0,0.5,P,mae,0.5543330907821655
noised_data,11,0,0.5,P,mae,0.5122537016868591
noised_data,12,0,0.5,P,mae,0.7606492638587952
noised_data,13,0,0.5,P,mae,0.5480445623397827
noised_data,14,0,0.5,P,mae,0.767322838306427
noised_data,15,0,0.5,P,mae,0.6539016366004944
noised_data,8,0,0.7,R,mse,0.7066190242767334
noised_data,9,0,0.7,R,mse,0.6428666114807129
noised_data,10,0,0.7,R,mse,0.6008000373840332
noised_data,11,0,0.7,R,mse,0.6361469030380249
noised_data,12,0,0.7,R,mse,0.7741434574127197
noised_data,13,0,0.7,R,mse,0.5903118848800659
noised_data,14,0,0.7,R,mse,0.8265066146850586
noised_data,15,0,0.7,R,mse,0.7022137641906738
noised_data,8,0,0.7,R,mae,0.667615532875061
noised_data,9,0,0.7,R,mae,0.6016585230827332
noised_data,10,0,0.7,R,mae,0.5863487720489502
noised_data,11,0,0.7,R,mae,0.5838562250137329
noised_data,12,0,0.7,R,mae,0.6894264221191406
noised_data,13,0,0.7,R,mae,0.5775820016860962
noised_data,14,0,0.7,R,mae,0.7269563674926758
noised_data,15,0,0.7,R,mae,0.6519038677215576
noised_data,8,0,0.7,P,mse,0.6664993762969971
noised_data,9,0,0.7,P,mse,0.6172741651535034
noised_data,10,0,0.7,P,mse,0.5688934326171875
noised_data,11,0,0.7,P,mse,0.613517165184021
noised_data,12,0,0.7,P,mse,0.8300783634185791
noised_data,13,0,0.7,P,mse,0.5601381063461304
noised_data,14,0,0.7,P,mse,0.8602744340896606
noised_data,15,0,0.7,P,mse,0.7448869943618774
noised_data,8,0,0.7,P,mae,0.6482802629470825
noised_data,9,0,0.7,P,mae,0.584036111831665
noised_data,10,0,0.7,P,mae,0.5736351013183594
noised_data,11,0,0.7,P,mae,0.5588666796684265
noised_data,12,0,0.7,P,mae,0.7222614288330078
noised_data,13,0,0.7,P,mae,0.5481343269348145
noised_data,14,0,0.7,P,mae,0.7322748303413391
noised_data,15,0,0.7,P,mae,0.6646027565002441
noised_data,8,0,0.85,R,mse,0.5607737898826599
noised_data,9,0,0.85,R,mse,0.5681654214859009
noised_data,10,0,0.85,R,mse,0.6615234613418579
noised_data,11,0,0.85,R,mse,0.7383337616920471
noised_data,12,0,0.85,R,mse,0.6177146434783936
noised_data,13,0,0.85,R,mse,0.6089418530464172
noised_data,14,0,0.85,R,mse,0.6738613843917847
noised_data,15,0,0.85,R,mse,0.6995916962623596
noised_data,8,0,0.85,R,mae,0.5924698114395142
noised_data,9,0,0.85,R,mae,0.5920565128326416
noised_data,10,0,0.85,R,mae,0.658456563949585
noised_data,11,0,0.85,R,mae,0.6688665747642517
noised_data,12,0,0.85,R,mae,0.6216747760772705
noised_data,13,0,0.85,R,mae,0.5760373473167419
noised_data,14,0,0.85,R,mae,0.6540170907974243
noised_data,15,0,0.85,R,mae,0.6600323915481567
noised_data,8,0,0.85,P,mse,0.5406942367553711
noised_data,9,0,0.85,P,mse,0.5341181755065918
noised_data,10,0,0.85,P,mse,0.6497153043746948
noised_data,11,0,0.85,P,mse,0.7185081243515015
noised_data,12,0,0.85,P,mse,0.6672534942626953
noised_data,13,0,0.85,P,mse,0.5230542421340942
noised_data,14,0,0.85,P,mse,0.6943753957748413
noised_data,15,0,0.85,P,mse,0.8109834790229797
noised_data,8,0,0.85,P,mae,0.5815839767456055
noised_data,9,0,0.85,P,mae,0.5721638202667236
noised_data,10,0,0.85,P,mae,0.6560704708099365
noised_data,11,0,0.85,P,mae,0.6590418219566345
noised_data,12,0,0.85,P,mae,0.6567124128341675
noised_data,13,0,0.85,P,mae,0.5389432311058044
noised_data,14,0,0.85,P,mae,0.6642376184463501
noised_data,15,0,0.85,P,mae,0.7009186148643494
noised_data,8,0,0.95,R,mse,0.4893007278442383
noised_data,9,0,0.95,R,mse,0.5719766616821289
noised_data,10,0,0.95,R,mse,0.8683568239212036
noised_data,11,0,0.95,R,mse,0.7686073780059814
noised_data,12,0,0.95,R,mse,0.5516473054885864
noised_data,13,0,0.95,R,mse,0.6055171489715576
noised_data,14,0,0.95,R,mse,0.5831221342086792
noised_data,15,0,0.95,R,mse,0.8877228498458862
noised_data,8,0,0.95,R,mae,0.55543053150177
noised_data,9,0,0.95,R,mae,0.6157729625701904
noised_data,10,0,0.95,R,mae,0.7546694874763489
noised_data,11,0,0.95,R,mae,0.6974198222160339
noised_data,12,0,0.95,R,mae,0.6039208769798279
noised_data,13,0,0.95,R,mae,0.5723996162414551
noised_data,14,0,0.95,R,mae,0.6096379160881042
noised_data,15,0,0.95,R,mae,0.7624998092651367
noised_data,8,0,0.95,P,mse,0.48601630330085754
noised_data,9,0,0.95,P,mse,0.5680353045463562
noised_data,10,0,0.95,P,mse,0.9089922308921814
noised_data,11,0,0.95,P,mse,0.7480745315551758
noised_data,12,0,0.95,P,mse,0.5948826670646667
noised_data,13,0,0.95,P,mse,0.5102335214614868
noised_data,14,0,0.95,P,mse,0.5883631706237793
noised_data,15,0,0.95,P,mse,0.9207687973976135
noised_data,8,0,0.95,P,mae,0.5533958673477173
noised_data,9,0,0.95,P,mae,0.6153247952461243
noised_data,10,0,0.95,P,mae,0.7806061506271362
noised_data,11,0,0.95,P,mae,0.6954028606414795
noised_data,12,0,0.95,P,mae,0.6340339779853821
noised_data,13,0,0.95,P,mae,0.5349552631378174
noised_data,14,0,0.95,P,mae,0.6154875755310059
noised_data,15,0,0.95,P,mae,0.7661165595054626
noised_data,8,1,0.05,R,mse,1.1326801776885986
noised_data,9,1,0.05,R,mse,0.8819813132286072
noised_data,10,1,0.05,R,mse,0.9046190977096558
noised_data,11,1,0.05,R,mse,0.8617742657661438
noised_data,12,1,0.05,R,mse,1.050231695175171
noised_data,13,1,0.05,R,mse,0.9464079141616821
noised_data,14,1,0.05,R,mse,1.0591883659362793
noised_data,15,1,0.05,R,mse,1.0189327001571655
noised_data,8,1,0.05,R,mae,0.8488709926605225
noised_data,9,1,0.05,R,mae,0.7484639883041382
noised_data,10,1,0.05,R,mae,0.7531823515892029
noised_data,11,1,0.05,R,mae,0.7410082817077637
noised_data,12,1,0.05,R,mae,0.8118418455123901
noised_data,13,1,0.05,R,mae,0.7731647491455078
noised_data,14,1,0.05,R,mae,0.8188093900680542
noised_data,15,1,0.05,R,mae,0.8084256649017334
noised_data,8,1,0.05,P,mse,1.1129688024520874
noised_data,9,1,0.05,P,mse,1.0083608627319336
noised_data,10,1,0.05,P,mse,0.9052257537841797
noised_data,11,1,0.05,P,mse,0.9182206392288208
noised_data,12,1,0.05,P,mse,1.0390745401382446
noised_data,13,1,0.05,P,mse,0.876284122467041
noised_data,14,1,0.05,P,mse,0.9462946653366089
noised_data,15,1,0.05,P,mse,0.962871789932251
noised_data,8,1,0.05,P,mae,0.8428961038589478
noised_data,9,1,0.05,P,mae,0.7970153093338013
noised_data,10,1,0.05,P,mae,0.7432006597518921
noised_data,11,1,0.05,P,mae,0.7615940570831299
noised_data,12,1,0.05,P,mae,0.8116541504859924
noised_data,13,1,0.05,P,mae,0.7388324737548828
noised_data,14,1,0.05,P,mae,0.7674927711486816
noised_data,15,1,0.05,P,mae,0.7792229056358337
noised_data,8,1,0.15,R,mse,1.1565743684768677
noised_data,9,1,0.15,R,mse,0.7811381816864014
noised_data,10,1,0.15,R,mse,0.7424246668815613
noised_data,11,1,0.15,R,mse,0.6630896925926208
noised_data,12,1,0.15,R,mse,0.925776481628418
noised_data,13,1,0.15,R,mse,0.7319139242172241
noised_data,14,1,0.15,R,mse,1.0163893699645996
noised_data,15,1,0.15,R,mse,0.9003344178199768
noised_data,8,1,0.15,R,mae,0.8524453043937683
noised_data,9,1,0.15,R,mae,0.6858020424842834
noised_data,10,1,0.15,R,mae,0.6720125675201416
noised_data,11,1,0.15,R,mae,0.6224327087402344
noised_data,12,1,0.15,R,mae,0.7601331472396851
noised_data,13,1,0.15,R,mae,0.6670281887054443
noised_data,14,1,0.15,R,mae,0.7970000505447388
noised_data,15,1,0.15,R,mae,0.7509406208992004
noised_data,8,1,0.15,P,mse,1.146846055984497
noised_data,9,1,0.15,P,mse,0.8721442222595215
noised_data,10,1,0.15,P,mse,0.7679938673973083
noised_data,11,1,0.15,P,mse,0.7536344528198242
noised_data,12,1,0.15,P,mse,0.934674084186554
noised_data,13,1,0.15,P,mse,0.6288193464279175
noised_data,14,1,0.15,P,mse,0.8981721997261047
noised_data,15,1,0.15,P,mse,0.8670802116394043
noised_data,8,1,0.15,P,mae,0.8579162359237671
noised_data,9,1,0.15,P,mae,0.7239904403686523
noised_data,10,1,0.15,P,mae,0.6744101047515869
noised_data,11,1,0.15,P,mae,0.6678438782691956
noised_data,12,1,0.15,P,mae,0.7646492719650269
noised_data,13,1,0.15,P,mae,0.6110934019088745
noised_data,14,1,0.15,P,mae,0.7484585046768188
noised_data,15,1,0.15,P,mae,0.7303093671798706
noised_data,8,1,0.3,R,mse,1.0847399234771729
noised_data,9,1,0.3,R,mse,0.7390367388725281
noised_data,10,1,0.3,R,mse,0.6219378709793091
noised_data,11,1,0.3,R,mse,0.536602795124054
noised_data,12,1,0.3,R,mse,0.8667839765548706
noised_data,13,1,0.3,R,mse,0.6136143803596497
noised_data,14,1,0.3,R,mse,1.003894567489624
noised_data,15,1,0.3,R,mse,0.8163930773735046
noised_data,8,1,0.3,R,mae,0.825546383857727
noised_data,9,1,0.3,R,mae,0.6418042778968811
noised_data,10,1,0.3,R,mae,0.5980325937271118
noised_data,11,1,0.3,R,mae,0.5318885445594788
noised_data,12,1,0.3,R,mae,0.7288411259651184
noised_data,13,1,0.3,R,mae,0.5899134874343872
noised_data,14,1,0.3,R,mae,0.7877448797225952
noised_data,15,1,0.3,R,mae,0.700322687625885
noised_data,8,1,0.3,P,mse,1.0531150102615356
noised_data,9,1,0.3,P,mse,0.7816064357757568
noised_data,10,1,0.3,P,mse,0.6420343518257141
noised_data,11,1,0.3,P,mse,0.6455279588699341
noised_data,12,1,0.3,P,mse,0.9136669635772705
noised_data,13,1,0.3,P,mse,0.5293970704078674
noised_data,14,1,0.3,P,mse,0.9152339100837708
noised_data,15,1,0.3,P,mse,0.8168632388114929
noised_data,8,1,0.3,P,mae,0.8173802495002747
noised_data,9,1,0.3,P,mae,0.65372633934021
noised_data,10,1,0.3,P,mae,0.6113958358764648
noised_data,11,1,0.3,P,mae,0.5882325768470764
noised_data,12,1,0.3,P,mae,0.7472606897354126
noised_data,13,1,0.3,P,mae,0.5412404537200928
noised_data,14,1,0.3,P,mae,0.7454006671905518
noised_data,15,1,0.3,P,mae,0.6966111660003662
noised_data,8,1,0.5,R,mse,0.9356456398963928
noised_data,9,1,0.5,R,mse,0.731673002243042
noised_data,10,1,0.5,R,mse,0.5939235091209412
noised_data,11,1,0.5,R,mse,0.5522184371948242
noised_data,12,1,0.5,R,mse,0.926794171333313
noised_data,13,1,0.5,R,mse,0.6167064905166626
noised_data,14,1,0.5,R,mse,0.9841333627700806
noised_data,15,1,0.5,R,mse,0.7496575713157654
noised_data,8,1,0.5,R,mae,0.768801212310791
noised_data,9,1,0.5,R,mae,0.6294438242912292
noised_data,10,1,0.5,R,mae,0.57716965675354
noised_data,11,1,0.5,R,mae,0.5164775848388672
noised_data,12,1,0.5,R,mae,0.7486318349838257
noised_data,13,1,0.5,R,mae,0.5809659957885742
noised_data,14,1,0.5,R,mae,0.7751601934432983
noised_data,15,1,0.5,R,mae,0.6668719053268433
noised_data,8,1,0.5,P,mse,0.8534389734268188
noised_data,9,1,0.5,P,mse,0.7773088216781616
noised_data,10,1,0.5,P,mse,0.5975709557533264
noised_data,11,1,0.5,P,mse,0.6274405121803284
noised_data,12,1,0.5,P,mse,0.9933868050575256
noised_data,13,1,0.5,P,mse,0.5105187892913818
noised_data,14,1,0.5,P,mse,0.9538310766220093
noised_data,15,1,0.5,P,mse,0.7267157435417175
noised_data,8,1,0.5,P,mae,0.7343541979789734
noised_data,9,1,0.5,P,mae,0.6396661996841431
noised_data,10,1,0.5,P,mae,0.5806796550750732
noised_data,11,1,0.5,P,mae,0.5576102137565613
noised_data,12,1,0.5,P,mae,0.7858669757843018
noised_data,13,1,0.5,P,mae,0.5240268111228943
noised_data,14,1,0.5,P,mae,0.7708507180213928
noised_data,15,1,0.5,P,mae,0.6542001962661743
noised_data,8,1,0.7,R,mse,0.7308160662651062
noised_data,9,1,0.7,R,mse,0.6147841215133667
noised_data,10,1,0.7,R,mse,0.5836113691329956
noised_data,11,1,0.7,R,mse,0.6396927833557129
noised_data,12,1,0.7,R,mse,0.7823704481124878
noised_data,13,1,0.7,R,mse,0.6235321760177612
noised_data,14,1,0.7,R,mse,0.8410230875015259
noised_data,15,1,0.7,R,mse,0.7642658948898315
noised_data,8,1,0.7,R,mae,0.6785763502120972
noised_data,9,1,0.7,R,mae,0.586037278175354
noised_data,10,1,0.7,R,mae,0.5810211896896362
noised_data,11,1,0.7,R,mae,0.5692403316497803
noised_data,12,1,0.7,R,mae,0.6901324391365051
noised_data,13,1,0.7,R,mae,0.5915374755859375
noised_data,14,1,0.7,R,mae,0.7249452471733093
noised_data,15,1,0.7,R,mae,0.6709989309310913
noised_data,8,1,0.7,P,mse,0.6373960971832275
noised_data,9,1,0.7,P,mse,0.6520558595657349
noised_data,10,1,0.7,P,mse,0.5805690288543701
noised_data,11,1,0.7,P,mse,0.6251623630523682
noised_data,12,1,0.7,P,mse,0.818628191947937
noised_data,13,1,0.7,P,mse,0.5242236852645874
noised_data,14,1,0.7,P,mse,0.8433343768119812
noised_data,15,1,0.7,P,mse,0.7061046361923218
noised_data,8,1,0.7,P,mae,0.6356719136238098
noised_data,9,1,0.7,P,mae,0.6049116849899292
noised_data,10,1,0.7,P,mae,0.5793647766113281
noised_data,11,1,0.7,P,mae,0.5741690397262573
noised_data,12,1,0.7,P,mae,0.7192245721817017
noised_data,13,1,0.7,P,mae,0.5338829755783081
noised_data,14,1,0.7,P,mae,0.7328130602836609
noised_data,15,1,0.7,P,mae,0.6574956178665161
noised_data,8,1,0.85,R,mse,0.5936510562896729
noised_data,9,1,0.85,R,mse,0.5418192148208618
noised_data,10,1,0.85,R,mse,0.659273624420166
noised_data,11,1,0.85,R,mse,0.7731008529663086
noised_data,12,1,0.85,R,mse,0.6353791952133179
noised_data,13,1,0.85,R,mse,0.6323137283325195
noised_data,14,1,0.85,R,mse,0.6795449256896973
noised_data,15,1,0.85,R,mse,0.7697479724884033
noised_data,8,1,0.85,R,mae,0.6061627864837646
noised_data,9,1,0.85,R,mae,0.5740171670913696
noised_data,10,1,0.85,R,mae,0.6534478664398193
noised_data,11,1,0.85,R,mae,0.6730398535728455
noised_data,12,1,0.85,R,mae,0.6309845447540283
noised_data,13,1,0.85,R,mae,0.5831581950187683
noised_data,14,1,0.85,R,mae,0.652014434337616
noised_data,15,1,0.85,R,mae,0.6778925061225891
noised_data,8,1,0.85,P,mse,0.5064547061920166
noised_data,9,1,0.85,P,mse,0.5562038421630859
noised_data,10,1,0.85,P,mse,0.639856219291687
noised_data,11,1,0.85,P,mse,0.6717191338539124
noised_data,12,1,0.85,P,mse,0.6491255164146423
noised_data,13,1,0.85,P,mse,0.5010871887207031
noised_data,14,1,0.85,P,mse,0.6898713707923889
noised_data,15,1,0.85,P,mse,0.7475526332855225
noised_data,8,1,0.85,P,mae,0.5671955943107605
noised_data,9,1,0.85,P,mae,0.5884298086166382
noised_data,10,1,0.85,P,mae,0.6546725034713745
noised_data,11,1,0.85,P,mae,0.6474261283874512
noised_data,12,1,0.85,P,mae,0.6455708146095276
noised_data,13,1,0.85,P,mae,0.5332239270210266
noised_data,14,1,0.85,P,mae,0.6670167446136475
noised_data,15,1,0.85,P,mae,0.685846209526062
noised_data,8,1,0.95,R,mse,0.5235826969146729
noised_data,9,1,0.95,R,mse,0.5547633767127991
noised_data,10,1,0.95,R,mse,0.895780086517334
noised_data,11,1,0.95,R,mse,0.7954233288764954
noised_data,12,1,0.95,R,mse,0.5749560594558716
noised_data,13,1,0.95,R,mse,0.6169944405555725
noised_data,14,1,0.95,R,mse,0.574600338935852
noised_data,15,1,0.95,R,mse,0.8485242128372192
noised_data,8,1,0.95,R,mae,0.5713339447975159
noised_data,9,1,0.95,R,mae,0.6057671308517456
noised_data,10,1,0.95,R,mae,0.7729917168617249
noised_data,11,1,0.95,R,mae,0.7096761465072632
noised_data,12,1,0.95,R,mae,0.6204864382743835
noised_data,13,1,0.95,R,mae,0.5734291076660156
noised_data,14,1,0.95,R,mae,0.6026380658149719
noised_data,15,1,0.95,R,mae,0.732561469078064
noised_data,8,1,0.95,P,mse,0.4512926936149597
noised_data,9,1,0.95,P,mse,0.5838359594345093
noised_data,10,1,0.95,P,mse,0.8938877582550049
noised_data,11,1,0.95,P,mse,0.7216672897338867
noised_data,12,1,0.95,P,mse,0.5689890384674072
noised_data,13,1,0.95,P,mse,0.5000943541526794
noised_data,14,1,0.95,P,mse,0.5978755354881287
noised_data,15,1,0.95,P,mse,0.9571963548660278
noised_data,8,1,0.95,P,mae,0.5373525619506836
noised_data,9,1,0.95,P,mae,0.6241054534912109
noised_data,10,1,0.95,P,mae,0.7668285965919495
noised_data,11,1,0.95,P,mae,0.6843359470367432
noised_data,12,1,0.95,P,mae,0.6156944036483765
noised_data,13,1,0.95,P,mae,0.5347414612770081
noised_data,14,1,0.95,P,mae,0.6230924129486084
noised_data,15,1,0.95,P,mae,0.7959017753601074
noised_data,16,0,0.05,R,mse,0.9546301364898682
noised_data,17,0,0.05,R,mse,1.0486129522323608
noised_data,18,0,0.05,R,mse,1.0251221656799316
noised_data,19,0,0.05,R,mse,0.987669050693512
noised_data,20,0,0.05,R,mse,0.9791820049285889
noised_data,21,0,0.05,R,mse,1.0088379383087158
noised_data,22,0,0.05,R,mse,1.023216962814331
noised_data,23,0,0.05,R,mse,0.9798721075057983
noised_data,16,0,0.05,R,mae,0.7802382707595825
noised_data,17,0,0.05,R,mae,0.8214148283004761
noised_data,18,0,0.05,R,mae,0.810003399848938
noised_data,19,0,0.05,R,mae,0.7966715097427368
noised_data,20,0,0.05,R,mae,0.7823898196220398
noised_data,21,0,0.05,R,mae,0.7967008352279663
noised_data,22,0,0.05,R,mae,0.803836464881897
noised_data,23,0,0.05,R,mae,0.7878097295761108
noised_data,16,0,0.05,P,mse,0.9064587354660034
noised_data,17,0,0.05,P,mse,1.0665030479431152
noised_data,18,0,0.05,P,mse,0.9357082843780518
noised_data,19,0,0.05,P,mse,0.9910958409309387
noised_data,20,0,0.05,P,mse,0.9928324818611145
noised_data,21,0,0.05,P,mse,1.0248932838439941
noised_data,22,0,0.05,P,mse,1.0268691778182983
noised_data,23,0,0.05,P,mse,0.9368706345558167
noised_data,16,0,0.05,P,mae,0.7574159502983093
noised_data,17,0,0.05,P,mae,0.8346365690231323
noised_data,18,0,0.05,P,mae,0.773821234703064
noised_data,19,0,0.05,P,mae,0.786113977432251
noised_data,20,0,0.05,P,mae,0.799234926700592
noised_data,21,0,0.05,P,mae,0.8102236986160278
noised_data,22,0,0.05,P,mae,0.80933678150177
noised_data,23,0,0.05,P,mae,0.7694954872131348
noised_data,16,0,0.15,R,mse,0.8063611388206482
noised_data,17,0,0.15,R,mse,0.9643478393554688
noised_data,18,0,0.15,R,mse,0.9054360389709473
noised_data,19,0,0.15,R,mse,0.9355034828186035
noised_data,20,0,0.15,R,mse,0.8766976594924927
noised_data,21,0,0.15,R,mse,0.9260626435279846
noised_data,22,0,0.15,R,mse,0.959134578704834
noised_data,23,0,0.15,R,mse,0.8304750323295593
noised_data,16,0,0.15,R,mae,0.7082250714302063
noised_data,17,0,0.15,R,mae,0.7826470136642456
noised_data,18,0,0.15,R,mae,0.7520482540130615
noised_data,19,0,0.15,R,mae,0.7705761790275574
noised_data,20,0,0.15,R,mae,0.7392202615737915
noised_data,21,0,0.15,R,mae,0.7591894865036011
noised_data,22,0,0.15,R,mae,0.7700114250183105
noised_data,23,0,0.15,R,mae,0.7168569564819336
noised_data,16,0,0.15,P,mse,0.781967043876648
noised_data,17,0,0.15,P,mse,0.9961697459220886
noised_data,18,0,0.15,P,mse,0.8054674863815308
noised_data,19,0,0.15,P,mse,0.9231124520301819
noised_data,20,0,0.15,P,mse,0.8816430568695068
noised_data,21,0,0.15,P,mse,0.9634199738502502
noised_data,22,0,0.15,P,mse,0.9600834250450134
noised_data,23,0,0.15,P,mse,0.771673321723938
noised_data,16,0,0.15,P,mae,0.6960601210594177
noised_data,17,0,0.15,P,mae,0.7991465926170349
noised_data,18,0,0.15,P,mae,0.7101259231567383
noised_data,19,0,0.15,P,mae,0.7524282932281494
noised_data,20,0,0.15,P,mae,0.7476209402084351
noised_data,21,0,0.15,P,mae,0.7798490524291992
noised_data,22,0,0.15,P,mae,0.7784982919692993
noised_data,23,0,0.15,P,mae,0.6897676587104797
noised_data,16,0,0.3,R,mse,0.7992602586746216
noised_data,17,0,0.3,R,mse,0.8505947589874268
noised_data,18,0,0.3,R,mse,0.8133533000946045
noised_data,19,0,0.3,R,mse,0.8669994473457336
noised_data,20,0,0.3,R,mse,0.8292102813720703
noised_data,21,0,0.3,R,mse,0.8120612502098083
noised_data,22,0,0.3,R,mse,0.9244591593742371
noised_data,23,0,0.3,R,mse,0.7590603828430176
noised_data,16,0,0.3,R,mae,0.6968057751655579
noised_data,17,0,0.3,R,mae,0.7338303327560425
noised_data,18,0,0.3,R,mae,0.7031069397926331
noised_data,19,0,0.3,R,mae,0.7329754829406738
noised_data,20,0,0.3,R,mae,0.7137891054153442
noised_data,21,0,0.3,R,mae,0.702488899230957
noised_data,22,0,0.3,R,mae,0.7525092363357544
noised_data,23,0,0.3,R,mae,0.6774802803993225
noised_data,16,0,0.3,P,mse,0.7500155568122864
noised_data,17,0,0.3,P,mse,0.9346239566802979
noised_data,18,0,0.3,P,mse,0.7061028480529785
noised_data,19,0,0.3,P,mse,0.861357569694519
noised_data,20,0,0.3,P,mse,0.7937785387039185
noised_data,21,0,0.3,P,mse,0.8683797121047974
noised_data,22,0,0.3,P,mse,0.9149318337440491
noised_data,23,0,0.3,P,mse,0.6704697608947754
noised_data,16,0,0.3,P,mae,0.6804605722427368
noised_data,17,0,0.3,P,mae,0.763831377029419
noised_data,18,0,0.3,P,mae,0.6578115224838257
noised_data,19,0,0.3,P,mae,0.7178596258163452
noised_data,20,0,0.3,P,mae,0.6949917078018188
noised_data,21,0,0.3,P,mae,0.7339680194854736
noised_data,22,0,0.3,P,mae,0.755806565284729
noised_data,23,0,0.3,P,mae,0.644760012626648
noised_data,16,0,0.5,R,mse,0.8887959718704224
noised_data,17,0,0.5,R,mse,0.8410943746566772
noised_data,18,0,0.5,R,mse,0.7250789403915405
noised_data,19,0,0.5,R,mse,0.7301105260848999
noised_data,20,0,0.5,R,mse,0.771012008190155
noised_data,21,0,0.5,R,mse,0.7582423686981201
noised_data,22,0,0.5,R,mse,0.8969004154205322
noised_data,23,0,0.5,R,mse,0.7642487287521362
noised_data,16,0,0.5,R,mae,0.7225618362426758
noised_data,17,0,0.5,R,mae,0.7287273406982422
noised_data,18,0,0.5,R,mae,0.6564183235168457
noised_data,19,0,0.5,R,mae,0.668155312538147
noised_data,20,0,0.5,R,mae,0.68357253074646
noised_data,21,0,0.5,R,mae,0.6691430807113647
noised_data,22,0,0.5,R,mae,0.7474092245101929
noised_data,23,0,0.5,R,mae,0.6882587671279907
noised_data,16,0,0.5,P,mse,0.8544808626174927
noised_data,17,0,0.5,P,mse,0.9040194749832153
noised_data,18,0,0.5,P,mse,0.6308616399765015
noised_data,19,0,0.5,P,mse,0.7504045963287354
noised_data,20,0,0.5,P,mse,0.7711294889450073
noised_data,21,0,0.5,P,mse,0.7935353517532349
noised_data,22,0,0.5,P,mse,0.8538577556610107
noised_data,23,0,0.5,P,mse,0.7203564643859863
noised_data,16,0,0.5,P,mae,0.7222871780395508
noised_data,17,0,0.5,P,mae,0.7584435939788818
noised_data,18,0,0.5,P,mae,0.6215765476226807
noised_data,19,0,0.5,P,mae,0.6617594957351685
noised_data,20,0,0.5,P,mae,0.6846259832382202
noised_data,21,0,0.5,P,mae,0.6820145845413208
noised_data,22,0,0.5,P,mae,0.7314940690994263
noised_data,23,0,0.5,P,mae,0.669052004814148
noised_data,16,0,0.7,R,mse,0.8142601251602173
noised_data,17,0,0.7,R,mse,0.754801869392395
noised_data,18,0,0.7,R,mse,0.5874855518341064
noised_data,19,0,0.7,R,mse,0.6148229837417603
noised_data,20,0,0.7,R,mse,0.6671682596206665
noised_data,21,0,0.7,R,mse,0.6378541588783264
noised_data,22,0,0.7,R,mse,0.8302209377288818
noised_data,23,0,0.7,R,mse,0.9003839492797852
noised_data,16,0,0.7,R,mae,0.6919471025466919
noised_data,17,0,0.7,R,mae,0.6887927055358887
noised_data,18,0,0.7,R,mae,0.5913684368133545
noised_data,19,0,0.7,R,mae,0.6143653392791748
noised_data,20,0,0.7,R,mae,0.6353808641433716
noised_data,21,0,0.7,R,mae,0.6084062457084656
noised_data,22,0,0.7,R,mae,0.7174525856971741
noised_data,23,0,0.7,R,mae,0.7527503967285156
noised_data,16,0,0.7,P,mse,0.8351315259933472
noised_data,17,0,0.7,P,mse,0.8238025903701782
noised_data,18,0,0.7,P,mse,0.5444421768188477
noised_data,19,0,0.7,P,mse,0.7044493556022644
noised_data,20,0,0.7,P,mse,0.6573488712310791
noised_data,21,0,0.7,P,mse,0.6880810260772705
noised_data,22,0,0.7,P,mse,0.7432560920715332
noised_data,23,0,0.7,P,mse,0.8702490329742432
noised_data,16,0,0.7,P,mae,0.7106862664222717
noised_data,17,0,0.7,P,mae,0.7074488401412964
noised_data,18,0,0.7,P,mae,0.5801395177841187
noised_data,19,0,0.7,P,mae,0.6307625770568848
noised_data,20,0,0.7,P,mae,0.6371128559112549
noised_data,21,0,0.7,P,mae,0.6291053295135498
noised_data,22,0,0.7,P,mae,0.6894761323928833
noised_data,23,0,0.7,P,mae,0.7466209530830383
noised_data,16,0,0.85,R,mse,0.6944770812988281
noised_data,17,0,0.85,R,mse,0.7089991569519043
noised_data,18,0,0.85,R,mse,0.5741250514984131
noised_data,19,0,0.85,R,mse,0.618993878364563
noised_data,20,0,0.85,R,mse,0.557357668876648
noised_data,21,0,0.85,R,mse,0.6123202443122864
noised_data,22,0,0.85,R,mse,0.7097060680389404
noised_data,23,0,0.85,R,mse,0.8566372394561768
noised_data,16,0,0.85,R,mae,0.6584123373031616
noised_data,17,0,0.85,R,mae,0.6685841083526611
noised_data,18,0,0.85,R,mae,0.5660908222198486
noised_data,19,0,0.85,R,mae,0.6180384159088135
noised_data,20,0,0.85,R,mae,0.5801247954368591
noised_data,21,0,0.85,R,mae,0.6046431064605713
noised_data,22,0,0.85,R,mae,0.665847897529602
noised_data,23,0,0.85,R,mae,0.7535502910614014
noised_data,16,0,0.85,P,mse,0.7211251854896545
noised_data,17,0,0.85,P,mse,0.7460959553718567
noised_data,18,0,0.85,P,mse,0.4629582166671753
noised_data,19,0,0.85,P,mse,0.7255961894989014
noised_data,20,0,0.85,P,mse,0.5480250120162964
noised_data,21,0,0.85,P,mse,0.7115650177001953
noised_data,22,0,0.85,P,mse,0.622486412525177
noised_data,23,0,0.85,P,mse,0.8514984846115112
noised_data,16,0,0.85,P,mae,0.6792160272598267
noised_data,17,0,0.85,P,mae,0.6749457120895386
noised_data,18,0,0.85,P,mae,0.540364146232605
noised_data,19,0,0.85,P,mae,0.6523503065109253
noised_data,20,0,0.85,P,mae,0.585540235042572
noised_data,21,0,0.85,P,mae,0.6435189843177795
noised_data,22,0,0.85,P,mae,0.6342834234237671
noised_data,23,0,0.85,P,mae,0.7602673172950745
noised_data,16,0,0.95,R,mse,0.7313072085380554
noised_data,17,0,0.95,R,mse,0.8903838396072388
noised_data,18,0,0.95,R,mse,0.6131881475448608
noised_data,19,0,0.95,R,mse,0.6815725564956665
noised_data,20,0,0.95,R,mse,0.731450080871582
noised_data,21,0,0.95,R,mse,0.6906023621559143
noised_data,22,0,0.95,R,mse,0.6098999977111816
noised_data,23,0,0.95,R,mse,0.7675893306732178
noised_data,16,0,0.95,R,mae,0.6952566504478455
noised_data,17,0,0.95,R,mae,0.7560961842536926
noised_data,18,0,0.95,R,mae,0.596831202507019
noised_data,19,0,0.95,R,mae,0.6510306596755981
noised_data,20,0,0.95,R,mae,0.6792168021202087
noised_data,21,0,0.95,R,mae,0.6410835981369019
noised_data,22,0,0.95,R,mae,0.6175007224082947
noised_data,23,0,0.95,R,mae,0.7175936102867126
noised_data,16,0,0.95,P,mse,0.7569280862808228
noised_data,17,0,0.95,P,mse,0.9331583380699158
noised_data,18,0,0.95,P,mse,0.49754995107650757
noised_data,19,0,0.95,P,mse,0.828260600566864
noised_data,20,0,0.95,P,mse,0.6677766442298889
noised_data,21,0,0.95,P,mse,0.7968955039978027
noised_data,22,0,0.95,P,mse,0.5403395295143127
noised_data,23,0,0.95,P,mse,0.767766535282135
noised_data,16,0,0.95,P,mae,0.7138856649398804
noised_data,17,0,0.95,P,mae,0.7608013153076172
noised_data,18,0,0.95,P,mae,0.5671334862709045
noised_data,19,0,0.95,P,mae,0.7129064798355103
noised_data,20,0,0.95,P,mae,0.6567119359970093
noised_data,21,0,0.95,P,mae,0.6835376024246216
noised_data,22,0,0.95,P,mae,0.5908171534538269
noised_data,23,0,0.95,P,mae,0.7270337343215942
noised_data,16,1,0.05,R,mse,0.9180359244346619
noised_data,17,1,0.05,R,mse,1.055664300918579
noised_data,18,1,0.05,R,mse,0.9908090233802795
noised_data,19,1,0.05,R,mse,1.0081766843795776
noised_data,20,1,0.05,R,mse,1.019880771636963
noised_data,21,1,0.05,R,mse,1.0093085765838623
noised_data,22,1,0.05,R,mse,1.0551342964172363
noised_data,23,1,0.05,R,mse,0.9305257797241211
noised_data,16,1,0.05,R,mae,0.7665218710899353
noised_data,17,1,0.05,R,mae,0.8288955688476562
noised_data,18,1,0.05,R,mae,0.7903660535812378
noised_data,19,1,0.05,R,mae,0.7963788509368896
noised_data,20,1,0.05,R,mae,0.8029069900512695
noised_data,21,1,0.05,R,mae,0.8018808960914612
noised_data,22,1,0.05,R,mae,0.8178845643997192
noised_data,23,1,0.05,R,mae,0.7646104097366333
noised_data,16,1,0.05,P,mse,0.9412660002708435
noised_data,17,1,0.05,P,mse,1.0606279373168945
noised_data,18,1,0.05,P,mse,0.9717338681221008
noised_data,19,1,0.05,P,mse,0.9740177392959595
noised_data,20,1,0.05,P,mse,0.9518998861312866
noised_data,21,1,0.05,P,mse,1.024592399597168
noised_data,22,1,0.05,P,mse,0.9886834621429443
noised_data,23,1,0.05,P,mse,0.9949013590812683
noised_data,16,1,0.05,P,mae,0.771343469619751
noised_data,17,1,0.05,P,mae,0.8272866010665894
noised_data,18,1,0.05,P,mae,0.7929805517196655
noised_data,19,1,0.05,P,mae,0.7870840430259705
noised_data,20,1,0.05,P,mae,0.7778831720352173
noised_data,21,1,0.05,P,mae,0.8048403263092041
noised_data,22,1,0.05,P,mae,0.7921037673950195
noised_data,23,1,0.05,P,mae,0.7957584261894226
noised_data,16,1,0.15,R,mse,0.7799893617630005
noised_data,17,1,0.15,R,mse,0.9852637052536011
noised_data,18,1,0.15,R,mse,0.8714460730552673
noised_data,19,1,0.15,R,mse,0.9449717402458191
noised_data,20,1,0.15,R,mse,0.9148017168045044
noised_data,21,1,0.15,R,mse,0.9674466848373413
noised_data,22,1,0.15,R,mse,1.002020001411438
noised_data,23,1,0.15,R,mse,0.8011529445648193
noised_data,16,1,0.15,R,mae,0.6998183131217957
noised_data,17,1,0.15,R,mae,0.7929750680923462
noised_data,18,1,0.15,R,mae,0.732872724533081
noised_data,19,1,0.15,R,mae,0.7629951238632202
noised_data,20,1,0.15,R,mae,0.7590744495391846
noised_data,21,1,0.15,R,mae,0.7795517444610596
noised_data,22,1,0.15,R,mae,0.789860188961029
noised_data,23,1,0.15,R,mae,0.7043390274047852
noised_data,16,1,0.15,P,mse,0.8046122193336487
noised_data,17,1,0.15,P,mse,0.9802889823913574
noised_data,18,1,0.15,P,mse,0.8345769643783569
noised_data,19,1,0.15,P,mse,0.9234153032302856
noised_data,20,1,0.15,P,mse,0.8395183682441711
noised_data,21,1,0.15,P,mse,0.9211034178733826
noised_data,22,1,0.15,P,mse,0.906819760799408
noised_data,23,1,0.15,P,mse,0.8055505156517029
noised_data,16,1,0.15,P,mae,0.7046425938606262
noised_data,17,1,0.15,P,mae,0.7886991500854492
noised_data,18,1,0.15,P,mae,0.7260174751281738
noised_data,19,1,0.15,P,mae,0.7622741460800171
noised_data,20,1,0.15,P,mae,0.7264678478240967
noised_data,21,1,0.15,P,mae,0.7577107548713684
noised_data,22,1,0.15,P,mae,0.7538132667541504
noised_data,23,1,0.15,P,mae,0.7053743004798889
noised_data,16,1,0.3,R,mse,0.7770220637321472
noised_data,17,1,0.3,R,mse,0.8857393264770508
noised_data,18,1,0.3,R,mse,0.7477585673332214
noised_data,19,1,0.3,R,mse,0.8636552095413208
noised_data,20,1,0.3,R,mse,0.8379656076431274
noised_data,21,1,0.3,R,mse,0.862450897693634
noised_data,22,1,0.3,R,mse,0.942599892616272
noised_data,23,1,0.3,R,mse,0.7485231161117554
noised_data,16,1,0.3,R,mae,0.6877543926239014
noised_data,17,1,0.3,R,mae,0.7490410804748535
noised_data,18,1,0.3,R,mae,0.6726537942886353
noised_data,19,1,0.3,R,mae,0.721010684967041
noised_data,20,1,0.3,R,mae,0.7181699872016907
noised_data,21,1,0.3,R,mae,0.7279098629951477
noised_data,22,1,0.3,R,mae,0.765455424785614
noised_data,23,1,0.3,R,mae,0.676449179649353
noised_data,16,1,0.3,P,mse,0.7763088941574097
noised_data,17,1,0.3,P,mse,0.9157758355140686
noised_data,18,1,0.3,P,mse,0.7586652040481567
noised_data,19,1,0.3,P,mse,0.8790473937988281
noised_data,20,1,0.3,P,mse,0.7746737003326416
noised_data,21,1,0.3,P,mse,0.8169668912887573
noised_data,22,1,0.3,P,mse,0.8786866664886475
noised_data,23,1,0.3,P,mse,0.6936507225036621
noised_data,16,1,0.3,P,mae,0.689173698425293
noised_data,17,1,0.3,P,mae,0.7568079829216003
noised_data,18,1,0.3,P,mae,0.6821143627166748
noised_data,19,1,0.3,P,mae,0.73296058177948
noised_data,20,1,0.3,P,mae,0.6867561936378479
noised_data,21,1,0.3,P,mae,0.7080846428871155
noised_data,22,1,0.3,P,mae,0.7329055070877075
noised_data,23,1,0.3,P,mae,0.6463472247123718
noised_data,16,1,0.5,R,mse,0.905731737613678
noised_data,17,1,0.5,R,mse,0.8302849531173706
noised_data,18,1,0.5,R,mse,0.6516237854957581
noised_data,19,1,0.5,R,mse,0.721966028213501
noised_data,20,1,0.5,R,mse,0.7904042601585388
noised_data,21,1,0.5,R,mse,0.7715539336204529
noised_data,22,1,0.5,R,mse,0.9109790325164795
noised_data,23,1,0.5,R,mse,0.7559431791305542
noised_data,16,1,0.5,R,mae,0.7357025146484375
noised_data,17,1,0.5,R,mae,0.7308864593505859
noised_data,18,1,0.5,R,mae,0.625726580619812
noised_data,19,1,0.5,R,mae,0.6625657081604004
noised_data,20,1,0.5,R,mae,0.6978815793991089
noised_data,21,1,0.5,R,mae,0.6686793565750122
noised_data,22,1,0.5,R,mae,0.755219578742981
noised_data,23,1,0.5,R,mae,0.6855416297912598
noised_data,16,1,0.5,P,mse,0.8438600301742554
noised_data,17,1,0.5,P,mse,0.9119199514389038
noised_data,18,1,0.5,P,mse,0.7092814445495605
noised_data,19,1,0.5,P,mse,0.7722781896591187
noised_data,20,1,0.5,P,mse,0.7490156888961792
noised_data,21,1,0.5,P,mse,0.7797420024871826
noised_data,22,1,0.5,P,mse,0.8317726850509644
noised_data,23,1,0.5,P,mse,0.7094802260398865
noised_data,16,1,0.5,P,mae,0.712578296661377
noised_data,17,1,0.5,P,mae,0.7552657127380371
noised_data,18,1,0.5,P,mae,0.6545126438140869
noised_data,19,1,0.5,P,mae,0.6710256338119507
noised_data,20,1,0.5,P,mae,0.6699376106262207
noised_data,21,1,0.5,P,mae,0.6827971935272217
noised_data,22,1,0.5,P,mae,0.7201207876205444
noised_data,23,1,0.5,P,mae,0.6640171408653259
noised_data,16,1,0.7,R,mse,0.8874508142471313
noised_data,17,1,0.7,R,mse,0.7477443814277649
noised_data,18,1,0.7,R,mse,0.5368118286132812
noised_data,19,1,0.7,R,mse,0.6240681409835815
noised_data,20,1,0.7,R,mse,0.6558345556259155
noised_data,21,1,0.7,R,mse,0.6533939838409424
noised_data,22,1,0.7,R,mse,0.8131095170974731
noised_data,23,1,0.7,R,mse,0.8605979681015015
noised_data,16,1,0.7,R,mae,0.727533221244812
noised_data,17,1,0.7,R,mae,0.6867921352386475
noised_data,18,1,0.7,R,mae,0.5712279081344604
noised_data,19,1,0.7,R,mae,0.6093316078186035
noised_data,20,1,0.7,R,mae,0.6424202919006348
noised_data,21,1,0.7,R,mae,0.6115759611129761
noised_data,22,1,0.7,R,mae,0.7111076712608337
noised_data,23,1,0.7,R,mae,0.7371872067451477
noised_data,16,1,0.7,P,mse,0.7623552680015564
noised_data,17,1,0.7,P,mse,0.8348782062530518
noised_data,18,1,0.7,P,mse,0.5954135656356812
noised_data,19,1,0.7,P,mse,0.6932168006896973
noised_data,20,1,0.7,P,mse,0.6711772680282593
noised_data,21,1,0.7,P,mse,0.6699104905128479
noised_data,22,1,0.7,P,mse,0.7557222843170166
noised_data,23,1,0.7,P,mse,0.9059955477714539
noised_data,16,1,0.7,P,mae,0.6753926277160645
noised_data,17,1,0.7,P,mae,0.7114349603652954
noised_data,18,1,0.7,P,mae,0.6009624004364014
noised_data,19,1,0.7,P,mae,0.6354859471321106
noised_data,20,1,0.7,P,mae,0.6303757429122925
noised_data,21,1,0.7,P,mae,0.6253390312194824
noised_data,22,1,0.7,P,mae,0.6927469968795776
noised_data,23,1,0.7,P,mae,0.7609304189682007
noised_data,16,1,0.85,R,mse,0.7534175515174866
noised_data,17,1,0.85,R,mse,0.690659761428833
noised_data,18,1,0.85,R,mse,0.465433806180954
noised_data,19,1,0.85,R,mse,0.6871939301490784
noised_data,20,1,0.85,R,mse,0.5513097047805786
noised_data,21,1,0.85,R,mse,0.6973492503166199
noised_data,22,1,0.85,R,mse,0.685522198677063
noised_data,23,1,0.85,R,mse,0.8295983076095581
noised_data,16,1,0.85,R,mae,0.6931552290916443
noised_data,17,1,0.85,R,mae,0.6583142280578613
noised_data,18,1,0.85,R,mae,0.5403984785079956
noised_data,19,1,0.85,R,mae,0.6372766494750977
noised_data,20,1,0.85,R,mae,0.5866089463233948
noised_data,21,1,0.85,R,mae,0.6348386406898499
noised_data,22,1,0.85,R,mae,0.6559617519378662
noised_data,23,1,0.85,R,mae,0.7440814971923828
noised_data,16,1,0.85,P,mse,0.6649697422981262
noised_data,17,1,0.85,P,mse,0.7673541903495789
noised_data,18,1,0.85,P,mse,0.5703061819076538
noised_data,19,1,0.85,P,mse,0.6604000329971313
noised_data,20,1,0.85,P,mse,0.555652379989624
noised_data,21,1,0.85,P,mse,0.6468793153762817
noised_data,22,1,0.85,P,mse,0.6445478796958923
noised_data,23,1,0.85,P,mse,0.8767257332801819
noised_data,16,1,0.85,P,mae,0.6457302570343018
noised_data,17,1,0.85,P,mae,0.6869518756866455
noised_data,18,1,0.85,P,mae,0.5677716732025146
noised_data,19,1,0.85,P,mae,0.6356997489929199
noised_data,20,1,0.85,P,mae,0.5801929831504822
noised_data,21,1,0.85,P,mae,0.6232924461364746
noised_data,22,1,0.85,P,mae,0.6429155468940735
noised_data,23,1,0.85,P,mae,0.7692790031433105
noised_data,16,1,0.95,R,mse,0.7629629373550415
noised_data,17,1,0.95,R,mse,0.8635197281837463
noised_data,18,1,0.95,R,mse,0.5086551904678345
noised_data,19,1,0.95,R,mse,0.8170857429504395
noised_data,20,1,0.95,R,mse,0.6993032693862915
noised_data,21,1,0.95,R,mse,0.8145838379859924
noised_data,22,1,0.95,R,mse,0.5870465636253357
noised_data,23,1,0.95,R,mse,0.7541609406471252
noised_data,16,1,0.95,R,mae,0.7090296745300293
noised_data,17,1,0.95,R,mae,0.7380144000053406
noised_data,18,1,0.95,R,mae,0.5722421407699585
noised_data,19,1,0.95,R,mae,0.7034304738044739
noised_data,20,1,0.95,R,mae,0.669231116771698
noised_data,21,1,0.95,R,mae,0.6874152421951294
noised_data,22,1,0.95,R,mae,0.6068091988563538
noised_data,23,1,0.95,R,mae,0.7109030485153198
noised_data,16,1,0.95,P,mse,0.7230817079544067
noised_data,17,1,0.95,P,mse,0.9668920040130615
noised_data,18,1,0.95,P,mse,0.6020094156265259
noised_data,19,1,0.95,P,mse,0.6983363628387451
noised_data,20,1,0.95,P,mse,0.7071092128753662
noised_data,21,1,0.95,P,mse,0.6762153506278992
noised_data,22,1,0.95,P,mse,0.5608911514282227
noised_data,23,1,0.95,P,mse,0.7785823941230774
noised_data,16,1,0.95,P,mae,0.6989226937294006
noised_data,17,1,0.95,P,mae,0.7813493013381958
noised_data,18,1,0.95,P,mae,0.5912959575653076
noised_data,19,1,0.95,P,mae,0.6619075536727905
noised_data,20,1,0.95,P,mae,0.6698222160339355
noised_data,21,1,0.95,P,mae,0.6390830278396606
noised_data,22,1,0.95,P,mae,0.600434422492981
noised_data,23,1,0.95,P,mae,0.7321629524230957
noised_data,24,0,0.05,R,mse,0.9301927089691162
noised_data,25,0,0.05,R,mse,1.0602662563323975
noised_data,26,0,0.05,R,mse,0.9682416915893555
noised_data,27,0,0.05,R,mse,1.0621856451034546
noised_data,28,0,0.05,R,mse,1.0438766479492188
noised_data,29,0,0.05,R,mse,0.9665982127189636
noised_data,30,0,0.05,R,mse,0.9319132566452026
noised_data,31,0,0.05,R,mse,1.0440646409988403
noised_data,24,0,0.05,R,mae,0.7771751880645752
noised_data,25,0,0.05,R,mae,0.8258673548698425
noised_data,26,0,0.05,R,mae,0.7882176637649536
noised_data,27,0,0.05,R,mae,0.813360333442688
noised_data,28,0,0.05,R,mae,0.818137526512146
noised_data,29,0,0.05,R,mae,0.7825344800949097
noised_data,30,0,0.05,R,mae,0.7690290808677673
noised_data,31,0,0.05,R,mae,0.8159030675888062
noised_data,24,0,0.05,P,mse,0.9963253140449524
noised_data,25,0,0.05,P,mse,1.0656418800354004
noised_data,26,0,0.05,P,mse,0.9697233438491821
noised_data,27,0,0.05,P,mse,1.023180603981018
noised_data,28,0,0.05,P,mse,1.09291410446167
noised_data,29,0,0.05,P,mse,1.0279029607772827
noised_data,30,0,0.05,P,mse,0.8887516856193542
noised_data,31,0,0.05,P,mse,1.0667012929916382
noised_data,24,0,0.05,P,mae,0.7924222946166992
noised_data,25,0,0.05,P,mae,0.8236344456672668
noised_data,26,0,0.05,P,mae,0.7856142520904541
noised_data,27,0,0.05,P,mae,0.8125561475753784
noised_data,28,0,0.05,P,mae,0.8311780691146851
noised_data,29,0,0.05,P,mae,0.8041112422943115
noised_data,30,0,0.05,P,mae,0.7481099367141724
noised_data,31,0,0.05,P,mae,0.8221323490142822
noised_data,24,0,0.15,R,mse,0.8121621608734131
noised_data,25,0,0.15,R,mse,1.0789011716842651
noised_data,26,0,0.15,R,mse,0.8664814829826355
noised_data,27,0,0.15,R,mse,1.0663642883300781
noised_data,28,0,0.15,R,mse,0.9820374846458435
noised_data,29,0,0.15,R,mse,0.906684398651123
noised_data,30,0,0.15,R,mse,0.7406713962554932
noised_data,31,0,0.15,R,mse,0.9337193965911865
noised_data,24,0,0.15,R,mae,0.7213215827941895
noised_data,25,0,0.15,R,mae,0.8303548097610474
noised_data,26,0,0.15,R,mae,0.737143337726593
noised_data,27,0,0.15,R,mae,0.8137104511260986
noised_data,28,0,0.15,R,mae,0.7899638414382935
noised_data,29,0,0.15,R,mae,0.7538045048713684
noised_data,30,0,0.15,R,mae,0.6754732728004456
noised_data,31,0,0.15,R,mae,0.7682335376739502
noised_data,24,0,0.15,P,mse,0.8329858779907227
noised_data,25,0,0.15,P,mse,1.0261871814727783
noised_data,26,0,0.15,P,mse,0.8827455043792725
noised_data,27,0,0.15,P,mse,0.9967178106307983
noised_data,28,0,0.15,P,mse,1.0302634239196777
noised_data,29,0,0.15,P,mse,0.9311920404434204
noised_data,30,0,0.15,P,mse,0.693482518196106
noised_data,31,0,0.15,P,mse,0.9470065236091614
noised_data,24,0,0.15,P,mae,0.7217510938644409
noised_data,25,0,0.15,P,mae,0.811626672744751
noised_data,26,0,0.15,P,mae,0.7395151853561401
noised_data,27,0,0.15,P,mae,0.7937849164009094
noised_data,28,0,0.15,P,mae,0.7993309497833252
noised_data,29,0,0.15,P,mae,0.7663677930831909
noised_data,30,0,0.15,P,mae,0.6546058058738708
noised_data,31,0,0.15,P,mae,0.7710795998573303
noised_data,24,0,0.3,R,mse,0.7289612889289856
noised_data,25,0,0.3,R,mse,1.1008855104446411
noised_data,26,0,0.3,R,mse,0.749455451965332
noised_data,27,0,0.3,R,mse,1.0017240047454834
noised_data,28,0,0.3,R,mse,0.9072151780128479
noised_data,29,0,0.3,R,mse,0.9069840312004089
noised_data,30,0,0.3,R,mse,0.5809433460235596
noised_data,31,0,0.3,R,mse,0.8593266010284424
noised_data,24,0,0.3,R,mae,0.6680277585983276
noised_data,25,0,0.3,R,mae,0.8302866816520691
noised_data,26,0,0.3,R,mae,0.6718682050704956
noised_data,27,0,0.3,R,mae,0.7901110649108887
noised_data,28,0,0.3,R,mae,0.756028950214386
noised_data,29,0,0.3,R,mae,0.745410680770874
noised_data,30,0,0.3,R,mae,0.5834221839904785
noised_data,31,0,0.3,R,mae,0.7304571866989136
noised_data,24,0,0.3,P,mse,0.7619163990020752
noised_data,25,0,0.3,P,mse,1.0119643211364746
noised_data,26,0,0.3,P,mse,0.7777068614959717
noised_data,27,0,0.3,P,mse,0.9814990758895874
noised_data,28,0,0.3,P,mse,0.9483103156089783
noised_data,29,0,0.3,P,mse,0.882787823677063
noised_data,30,0,0.3,P,mse,0.5297282338142395
noised_data,31,0,0.3,P,mse,0.8331310749053955
noised_data,24,0,0.3,P,mae,0.6855737566947937
noised_data,25,0,0.3,P,mae,0.794824481010437
noised_data,26,0,0.3,P,mae,0.6795303225517273
noised_data,27,0,0.3,P,mae,0.7814197540283203
noised_data,28,0,0.3,P,mae,0.7617630958557129
noised_data,29,0,0.3,P,mae,0.7386600375175476
noised_data,30,0,0.3,P,mae,0.5551242828369141
noised_data,31,0,0.3,P,mae,0.7175508737564087
noised_data,24,0,0.5,R,mse,0.6790503263473511
noised_data,25,0,0.5,R,mse,1.0654242038726807
noised_data,26,0,0.5,R,mse,0.6903067231178284
noised_data,27,0,0.5,R,mse,0.9099472761154175
noised_data,28,0,0.5,R,mse,0.7716061472892761
noised_data,29,0,0.5,R,mse,0.8847438097000122
noised_data,30,0,0.5,R,mse,0.48840799927711487
noised_data,31,0,0.5,R,mse,0.7962536811828613
noised_data,24,0,0.5,R,mae,0.6414878964424133
noised_data,25,0,0.5,R,mae,0.8186675906181335
noised_data,26,0,0.5,R,mae,0.6427203416824341
noised_data,27,0,0.5,R,mae,0.7557134032249451
noised_data,28,0,0.5,R,mae,0.6973496675491333
noised_data,29,0,0.5,R,mae,0.73111891746521
noised_data,30,0,0.5,R,mae,0.5180356502532959
noised_data,31,0,0.5,R,mae,0.7054402828216553
noised_data,24,0,0.5,P,mse,0.6911102533340454
noised_data,25,0,0.5,P,mse,1.024128794670105
noised_data,26,0,0.5,P,mse,0.6892825365066528
noised_data,27,0,0.5,P,mse,0.973579466342926
noised_data,28,0,0.5,P,mse,0.8149690628051758
noised_data,29,0,0.5,P,mse,0.8951836228370667
noised_data,30,0,0.5,P,mse,0.48951685428619385
noised_data,31,0,0.5,P,mse,0.7288215160369873
noised_data,24,0,0.5,P,mae,0.6503230333328247
noised_data,25,0,0.5,P,mae,0.7984580993652344
noised_data,26,0,0.5,P,mae,0.63672935962677
noised_data,27,0,0.5,P,mae,0.7711023092269897
noised_data,28,0,0.5,P,mae,0.7138587236404419
noised_data,29,0,0.5,P,mae,0.7477010488510132
noised_data,30,0,0.5,P,mae,0.5058700442314148
noised_data,31,0,0.5,P,mae,0.6683613657951355
noised_data,24,0,0.7,R,mse,0.610335648059845
noised_data,25,0,0.7,R,mse,0.864526629447937
noised_data,26,0,0.7,R,mse,0.565018892288208
noised_data,27,0,0.7,R,mse,0.7744537591934204
noised_data,28,0,0.7,R,mse,0.665164589881897
noised_data,29,0,0.7,R,mse,0.8659511208534241
noised_data,30,0,0.7,R,mse,0.46020498871803284
noised_data,31,0,0.7,R,mse,0.6818259954452515
noised_data,24,0,0.7,R,mae,0.6108267307281494
noised_data,25,0,0.7,R,mae,0.736060380935669
noised_data,26,0,0.7,R,mae,0.5853806138038635
noised_data,27,0,0.7,R,mae,0.6897144317626953
noised_data,28,0,0.7,R,mae,0.6530914902687073
noised_data,29,0,0.7,R,mae,0.7304427027702332
noised_data,30,0,0.7,R,mae,0.49858951568603516
noised_data,31,0,0.7,R,mae,0.6571038365364075
noised_data,24,0,0.7,P,mse,0.5944132804870605
noised_data,25,0,0.7,P,mse,0.856016218662262
noised_data,26,0,0.7,P,mse,0.5718883275985718
noised_data,27,0,0.7,P,mse,0.866391122341156
noised_data,28,0,0.7,P,mse,0.7244163751602173
noised_data,29,0,0.7,P,mse,0.8384845852851868
noised_data,30,0,0.7,P,mse,0.4549797773361206
noised_data,31,0,0.7,P,mse,0.5803850889205933
noised_data,24,0,0.7,P,mae,0.6044896245002747
noised_data,25,0,0.7,P,mae,0.7258169054985046
noised_data,26,0,0.7,P,mae,0.5839111804962158
noised_data,27,0,0.7,P,mae,0.7289549112319946
noised_data,28,0,0.7,P,mae,0.6685951948165894
noised_data,29,0,0.7,P,mae,0.7339011430740356
noised_data,30,0,0.7,P,mae,0.4738273024559021
noised_data,31,0,0.7,P,mae,0.6009396910667419
noised_data,24,0,0.85,R,mse,0.6647143959999084
noised_data,25,0,0.85,R,mse,0.7103942632675171
noised_data,26,0,0.85,R,mse,0.5701997876167297
noised_data,27,0,0.85,R,mse,0.637592077255249
noised_data,28,0,0.85,R,mse,0.6121611595153809
noised_data,29,0,0.85,R,mse,0.8230006694793701
noised_data,30,0,0.85,R,mse,0.6321436166763306
noised_data,31,0,0.85,R,mse,0.5748335123062134
noised_data,24,0,0.85,R,mae,0.6423548460006714
noised_data,25,0,0.85,R,mae,0.6696339845657349
noised_data,26,0,0.85,R,mae,0.5922634601593018
noised_data,27,0,0.85,R,mae,0.6297599077224731
noised_data,28,0,0.85,R,mae,0.62442946434021
noised_data,29,0,0.85,R,mae,0.7178264260292053
noised_data,30,0,0.85,R,mae,0.5675166249275208
noised_data,31,0,0.85,R,mae,0.6029398441314697
noised_data,24,0,0.85,P,mse,0.6488083600997925
noised_data,25,0,0.85,P,mse,0.702932596206665
noised_data,26,0,0.85,P,mse,0.5474816560745239
noised_data,27,0,0.85,P,mse,0.6918103694915771
noised_data,28,0,0.85,P,mse,0.6633259654045105
noised_data,29,0,0.85,P,mse,0.7527878284454346
noised_data,30,0,0.85,P,mse,0.5862241983413696
noised_data,31,0,0.85,P,mse,0.485873818397522
noised_data,24,0,0.85,P,mae,0.6349782943725586
noised_data,25,0,0.85,P,mae,0.6677631735801697
noised_data,26,0,0.85,P,mae,0.5823509693145752
noised_data,27,0,0.85,P,mae,0.6586113572120667
noised_data,28,0,0.85,P,mae,0.6412832736968994
noised_data,29,0,0.85,P,mae,0.6973680853843689
noised_data,30,0,0.85,P,mae,0.5357729196548462
noised_data,31,0,0.85,P,mae,0.548481822013855
noised_data,24,0,0.95,R,mse,0.6523692011833191
noised_data,25,0,0.95,R,mse,0.6466614007949829
noised_data,26,0,0.95,R,mse,0.6927410364151001
noised_data,27,0,0.95,R,mse,0.5952144861221313
noised_data,28,0,0.95,R,mse,0.6683381795883179
noised_data,29,0,0.95,R,mse,0.7800238132476807
noised_data,30,0,0.95,R,mse,0.785718560218811
noised_data,31,0,0.95,R,mse,0.547953724861145
noised_data,24,0,0.95,R,mae,0.6370579600334167
noised_data,25,0,0.95,R,mae,0.6451900601387024
noised_data,26,0,0.95,R,mae,0.6599701046943665
noised_data,27,0,0.95,R,mae,0.6070618033409119
noised_data,28,0,0.95,R,mae,0.6564619541168213
noised_data,29,0,0.95,R,mae,0.6944843530654907
noised_data,30,0,0.95,R,mae,0.6972647309303284
noised_data,31,0,0.95,R,mae,0.5892748832702637
noised_data,24,0,0.95,P,mse,0.6259409189224243
noised_data,25,0,0.95,P,mse,0.6314653158187866
noised_data,26,0,0.95,P,mse,0.6606433987617493
noised_data,27,0,0.95,P,mse,0.6192400455474854
noised_data,28,0,0.95,P,mse,0.7021306753158569
noised_data,29,0,0.95,P,mse,0.685798704624176
noised_data,30,0,0.95,P,mse,0.8039727210998535
noised_data,31,0,0.95,P,mse,0.47315528988838196
noised_data,24,0,0.95,P,mae,0.6269257068634033
noised_data,25,0,0.95,P,mae,0.6394544839859009
noised_data,26,0,0.95,P,mae,0.6445150971412659
noised_data,27,0,0.95,P,mae,0.6200599670410156
noised_data,28,0,0.95,P,mae,0.671326756477356
noised_data,29,0,0.95,P,mae,0.6591508984565735
noised_data,30,0,0.95,P,mae,0.7049293518066406
noised_data,31,0,0.95,P,mae,0.5496419072151184
noised_data,24,1,0.05,R,mse,0.997542142868042
noised_data,25,1,0.05,R,mse,1.0704729557037354
noised_data,26,1,0.05,R,mse,0.9549733400344849
noised_data,27,1,0.05,R,mse,1.0794641971588135
noised_data,28,1,0.05,R,mse,1.0749797821044922
noised_data,29,1,0.05,R,mse,0.9606584906578064
noised_data,30,1,0.05,R,mse,0.9352859258651733
noised_data,31,1,0.05,R,mse,1.0260329246520996
noised_data,24,1,0.05,R,mae,0.8020127415657043
noised_data,25,1,0.05,R,mae,0.8212397694587708
noised_data,26,1,0.05,R,mae,0.7782935500144958
noised_data,27,1,0.05,R,mae,0.8313773274421692
noised_data,28,1,0.05,R,mae,0.8262805938720703
noised_data,29,1,0.05,R,mae,0.7823328971862793
noised_data,30,1,0.05,R,mae,0.7716662287712097
noised_data,31,1,0.05,R,mae,0.809554934501648
noised_data,24,1,0.05,P,mse,0.9204531908035278
noised_data,25,1,0.05,P,mse,1.055504560470581
noised_data,26,1,0.05,P,mse,0.9794706106185913
noised_data,27,1,0.05,P,mse,1.004263162612915
noised_data,28,1,0.05,P,mse,1.0659416913986206
noised_data,29,1,0.05,P,mse,1.040914535522461
noised_data,30,1,0.05,P,mse,0.8877553939819336
noised_data,31,1,0.05,P,mse,1.083633303642273
noised_data,24,1,0.05,P,mae,0.7635484933853149
noised_data,25,1,0.05,P,mae,0.8273019790649414
noised_data,26,1,0.05,P,mae,0.7923263311386108
noised_data,27,1,0.05,P,mae,0.7951521873474121
noised_data,28,1,0.05,P,mae,0.8241352438926697
noised_data,29,1,0.05,P,mae,0.809348464012146
noised_data,30,1,0.05,P,mae,0.7478232979774475
noised_data,31,1,0.05,P,mae,0.8291938304901123
noised_data,24,1,0.15,R,mse,0.872252881526947
noised_data,25,1,0.15,R,mse,1.0469439029693604
noised_data,26,1,0.15,R,mse,0.8447682857513428
noised_data,27,1,0.15,R,mse,1.0748460292816162
noised_data,28,1,0.15,R,mse,0.9899044036865234
noised_data,29,1,0.15,R,mse,0.8995419144630432
noised_data,30,1,0.15,R,mse,0.719425618648529
noised_data,31,1,0.15,R,mse,0.9141842126846313
noised_data,24,1,0.15,R,mae,0.7473935484886169
noised_data,25,1,0.15,R,mae,0.8148117065429688
noised_data,26,1,0.15,R,mae,0.7195891737937927
noised_data,27,1,0.15,R,mae,0.8213140964508057
noised_data,28,1,0.15,R,mae,0.7871724367141724
noised_data,29,1,0.15,R,mae,0.75193852186203
noised_data,30,1,0.15,R,mae,0.6654940843582153
noised_data,31,1,0.15,R,mae,0.7626871466636658
noised_data,24,1,0.15,P,mse,0.7704057097434998
noised_data,25,1,0.15,P,mse,1.0469646453857422
noised_data,26,1,0.15,P,mse,0.899681568145752
noised_data,27,1,0.15,P,mse,0.9902017116546631
noised_data,28,1,0.15,P,mse,1.028622031211853
noised_data,29,1,0.15,P,mse,0.9291753768920898
noised_data,30,1,0.15,P,mse,0.7187845706939697
noised_data,31,1,0.15,P,mse,0.9676040410995483
noised_data,24,1,0.15,P,mae,0.6941643953323364
noised_data,25,1,0.15,P,mae,0.8216865062713623
noised_data,26,1,0.15,P,mae,0.7551151514053345
noised_data,27,1,0.15,P,mae,0.7896770238876343
noised_data,28,1,0.15,P,mae,0.8049847483634949
noised_data,29,1,0.15,P,mae,0.7647533416748047
noised_data,30,1,0.15,P,mae,0.6666016578674316
noised_data,31,1,0.15,P,mae,0.7774926424026489
noised_data,24,1,0.3,R,mse,0.7968347072601318
noised_data,25,1,0.3,R,mse,1.0471433401107788
noised_data,26,1,0.3,R,mse,0.7453574538230896
noised_data,27,1,0.3,R,mse,1.0235023498535156
noised_data,28,1,0.3,R,mse,0.9083253145217896
noised_data,29,1,0.3,R,mse,0.8732075095176697
noised_data,30,1,0.3,R,mse,0.5522534251213074
noised_data,31,1,0.3,R,mse,0.8263289928436279
noised_data,24,1,0.3,R,mae,0.7022368907928467
noised_data,25,1,0.3,R,mae,0.8081879615783691
noised_data,26,1,0.3,R,mae,0.6609600782394409
noised_data,27,1,0.3,R,mae,0.7951716780662537
noised_data,28,1,0.3,R,mae,0.7519750595092773
noised_data,29,1,0.3,R,mae,0.7287191152572632
noised_data,30,1,0.3,R,mae,0.5701302289962769
noised_data,31,1,0.3,R,mae,0.7137566208839417
noised_data,24,1,0.3,P,mse,0.6937807202339172
noised_data,25,1,0.3,P,mse,1.061134696006775
noised_data,26,1,0.3,P,mse,0.7870941162109375
noised_data,27,1,0.3,P,mse,0.9585599899291992
noised_data,28,1,0.3,P,mse,0.941979169845581
noised_data,29,1,0.3,P,mse,0.9133862257003784
noised_data,30,1,0.3,P,mse,0.5615330934524536
noised_data,31,1,0.3,P,mse,0.8652771711349487
noised_data,24,1,0.3,P,mae,0.6514416933059692
noised_data,25,1,0.3,P,mae,0.8148277401924133
noised_data,26,1,0.3,P,mae,0.6916313767433167
noised_data,27,1,0.3,P,mae,0.7775839567184448
noised_data,28,1,0.3,P,mae,0.7650572061538696
noised_data,29,1,0.3,P,mae,0.755946934223175
noised_data,30,1,0.3,P,mae,0.5702922344207764
noised_data,31,1,0.3,P,mae,0.7319562435150146
noised_data,24,1,0.5,R,mse,0.7384532690048218
noised_data,25,1,0.5,R,mse,1.0306315422058105
noised_data,26,1,0.5,R,mse,0.6950993537902832
noised_data,27,1,0.5,R,mse,0.979833722114563
noised_data,28,1,0.5,R,mse,0.7725398540496826
noised_data,29,1,0.5,R,mse,0.8831888437271118
noised_data,30,1,0.5,R,mse,0.4855049252510071
noised_data,31,1,0.5,R,mse,0.7559618949890137
noised_data,24,1,0.5,R,mae,0.669938325881958
noised_data,25,1,0.5,R,mae,0.8006333112716675
noised_data,26,1,0.5,R,mae,0.6379446983337402
noised_data,27,1,0.5,R,mae,0.7727009057998657
noised_data,28,1,0.5,R,mae,0.6993178129196167
noised_data,29,1,0.5,R,mae,0.7380900382995605
noised_data,30,1,0.5,R,mae,0.5121471285820007
noised_data,31,1,0.5,R,mae,0.6795039176940918
noised_data,24,1,0.5,P,mse,0.6183227300643921
noised_data,25,1,0.5,P,mse,1.0677874088287354
noised_data,26,1,0.5,P,mse,0.6893649101257324
noised_data,27,1,0.5,P,mse,0.9049335718154907
noised_data,28,1,0.5,P,mse,0.8164214491844177
noised_data,29,1,0.5,P,mse,0.8759251236915588
noised_data,30,1,0.5,P,mse,0.495123952627182
noised_data,31,1,0.5,P,mse,0.7696700692176819
noised_data,24,1,0.5,P,mae,0.6129932403564453
noised_data,25,1,0.5,P,mae,0.8217836618423462
noised_data,26,1,0.5,P,mae,0.6442088484764099
noised_data,27,1,0.5,P,mae,0.7566425204277039
noised_data,28,1,0.5,P,mae,0.7120779156684875
noised_data,29,1,0.5,P,mae,0.7345848083496094
noised_data,30,1,0.5,P,mae,0.5110233426094055
noised_data,31,1,0.5,P,mae,0.6938343048095703
noised_data,24,1,0.7,R,mse,0.658866286277771
noised_data,25,1,0.7,R,mse,0.8430348038673401
noised_data,26,1,0.7,R,mse,0.5772119164466858
noised_data,27,1,0.7,R,mse,0.8657974004745483
noised_data,28,1,0.7,R,mse,0.6763026118278503
noised_data,29,1,0.7,R,mse,0.8534431457519531
noised_data,30,1,0.7,R,mse,0.4728557765483856
noised_data,31,1,0.7,R,mse,0.6587516069412231
noised_data,24,1,0.7,R,mae,0.6348045468330383
noised_data,25,1,0.7,R,mae,0.7196609973907471
noised_data,26,1,0.7,R,mae,0.5866190195083618
noised_data,27,1,0.7,R,mae,0.7212330102920532
noised_data,28,1,0.7,R,mae,0.6568170785903931
noised_data,29,1,0.7,R,mae,0.7423273324966431
noised_data,30,1,0.7,R,mae,0.4966427981853485
noised_data,31,1,0.7,R,mae,0.637022852897644
noised_data,24,1,0.7,P,mse,0.5478907823562622
noised_data,25,1,0.7,P,mse,0.8755226135253906
noised_data,26,1,0.7,P,mse,0.5629391670227051
noised_data,27,1,0.7,P,mse,0.7687733173370361
noised_data,28,1,0.7,P,mse,0.7136709690093994
noised_data,29,1,0.7,P,mse,0.8442664742469788
noised_data,30,1,0.7,P,mse,0.43947598338127136
noised_data,31,1,0.7,P,mse,0.6022225618362427
noised_data,24,1,0.7,P,mae,0.5812355279922485
noised_data,25,1,0.7,P,mae,0.7420322895050049
noised_data,26,1,0.7,P,mae,0.5839937329292297
noised_data,27,1,0.7,P,mae,0.6950479745864868
noised_data,28,1,0.7,P,mae,0.6652621030807495
noised_data,29,1,0.7,P,mae,0.718763530254364
noised_data,30,1,0.7,P,mae,0.47700417041778564
noised_data,31,1,0.7,P,mae,0.620664119720459
noised_data,24,1,0.85,R,mse,0.7113746404647827
noised_data,25,1,0.85,R,mse,0.6916122436523438
noised_data,26,1,0.85,R,mse,0.5788902044296265
noised_data,27,1,0.85,R,mse,0.7044943571090698
noised_data,28,1,0.85,R,mse,0.6486396193504333
noised_data,29,1,0.85,R,mse,0.787850558757782
noised_data,30,1,0.85,R,mse,0.6480315923690796
noised_data,31,1,0.85,R,mse,0.5640628337860107
noised_data,24,1,0.85,R,mae,0.6608986258506775
noised_data,25,1,0.85,R,mae,0.6591618061065674
noised_data,26,1,0.85,R,mae,0.5958694219589233
noised_data,27,1,0.85,R,mae,0.6609967350959778
noised_data,28,1,0.85,R,mae,0.6425429582595825
noised_data,29,1,0.85,R,mae,0.7149378061294556
noised_data,30,1,0.85,R,mae,0.5708956718444824
noised_data,31,1,0.85,R,mae,0.5887249708175659
noised_data,24,1,0.85,P,mse,0.6002074480056763
noised_data,25,1,0.85,P,mse,0.723379373550415
noised_data,26,1,0.85,P,mse,0.5400745868682861
noised_data,27,1,0.85,P,mse,0.6260808110237122
noised_data,28,1,0.85,P,mse,0.6264821887016296
noised_data,29,1,0.85,P,mse,0.7898122668266296
noised_data,30,1,0.85,P,mse,0.6012217402458191
noised_data,31,1,0.85,P,mse,0.5002222657203674
noised_data,24,1,0.85,P,mae,0.6154814958572388
noised_data,25,1,0.85,P,mae,0.6788622140884399
noised_data,26,1,0.85,P,mae,0.5793777704238892
noised_data,27,1,0.85,P,mae,0.6281008720397949
noised_data,28,1,0.85,P,mae,0.6235119104385376
noised_data,29,1,0.85,P,mae,0.700852632522583
noised_data,30,1,0.85,P,mae,0.5479497909545898
noised_data,31,1,0.85,P,mae,0.564687967300415
noised_data,24,1,0.95,R,mse,0.6920391917228699
noised_data,25,1,0.95,R,mse,0.6272653341293335
noised_data,26,1,0.95,R,mse,0.7086846828460693
noised_data,27,1,0.95,R,mse,0.6421124935150146
noised_data,28,1,0.95,R,mse,0.7089003324508667
noised_data,29,1,0.95,R,mse,0.7227798104286194
noised_data,30,1,0.95,R,mse,0.78864985704422
noised_data,31,1,0.95,R,mse,0.539783775806427
noised_data,24,1,0.95,R,mae,0.6522901058197021
noised_data,25,1,0.95,R,mae,0.6359119415283203
noised_data,26,1,0.95,R,mae,0.6664586067199707
noised_data,27,1,0.95,R,mae,0.6330567598342896
noised_data,28,1,0.95,R,mae,0.6824220418930054
noised_data,29,1,0.95,R,mae,0.6775469779968262
noised_data,30,1,0.95,R,mae,0.6987111568450928
noised_data,31,1,0.95,R,mae,0.5791678428649902
noised_data,24,1,0.95,P,mse,0.5915603637695312
noised_data,25,1,0.95,P,mse,0.6499089002609253
noised_data,26,1,0.95,P,mse,0.6482195854187012
noised_data,27,1,0.95,P,mse,0.5702210664749146
noised_data,28,1,0.95,P,mse,0.6660981178283691
noised_data,29,1,0.95,P,mse,0.7416626214981079
noised_data,30,1,0.95,P,mse,0.8015166521072388
noised_data,31,1,0.95,P,mse,0.4796537458896637
noised_data,24,1,0.95,P,mae,0.6145284175872803
noised_data,25,1,0.95,P,mae,0.6481564044952393
noised_data,26,1,0.95,P,mae,0.6407252550125122
noised_data,27,1,0.95,P,mae,0.5934922099113464
noised_data,28,1,0.95,P,mae,0.6479820609092712
noised_data,29,1,0.95,P,mae,0.6758670806884766
noised_data,30,1,0.95,P,mae,0.7019091844558716
noised_data,31,1,0.95,P,mae,0.5584765672683716
noised_data,32,0,0.05,R,mse,0.7822293043136597
noised_data,33,0,0.05,R,mse,1.0092122554779053
noised_data,34,0,0.05,R,mse,0.9415079355239868
noised_data,35,0,0.05,R,mse,0.8535232543945312
noised_data,36,0,0.05,R,mse,1.1214103698730469
noised_data,37,0,0.05,R,mse,0.8527568578720093
noised_data,38,0,0.05,R,mse,0.9939201474189758
noised_data,39,0,0.05,R,mse,0.9651855230331421
noised_data,32,0,0.05,R,mae,0.6571784019470215
noised_data,33,0,0.05,R,mae,0.7972015738487244
noised_data,34,0,0.05,R,mae,0.7715523838996887
noised_data,35,0,0.05,R,mae,0.73945152759552
noised_data,36,0,0.05,R,mae,0.8415857553482056
noised_data,37,0,0.05,R,mae,0.736051082611084
noised_data,38,0,0.05,R,mae,0.8033335208892822
noised_data,39,0,0.05,R,mae,0.7845263481140137
noised_data,32,0,0.05,P,mse,0.866400957107544
noised_data,33,0,0.05,P,mse,0.9980272054672241
noised_data,34,0,0.05,P,mse,0.9474972486495972
noised_data,35,0,0.05,P,mse,0.8338525295257568
noised_data,36,0,0.05,P,mse,1.0532289743423462
noised_data,37,0,0.05,P,mse,0.8535696864128113
noised_data,38,0,0.05,P,mse,0.9765079021453857
noised_data,39,0,0.05,P,mse,0.8986414074897766
noised_data,32,0,0.05,P,mae,0.7048916816711426
noised_data,33,0,0.05,P,mae,0.7997758388519287
noised_data,34,0,0.05,P,mae,0.7802743911743164
noised_data,35,0,0.05,P,mae,0.7267184257507324
noised_data,36,0,0.05,P,mae,0.8203048706054688
noised_data,37,0,0.05,P,mae,0.7200825810432434
noised_data,38,0,0.05,P,mae,0.7864922285079956
noised_data,39,0,0.05,P,mae,0.7569251656532288
noised_data,32,0,0.15,R,mse,0.6562356948852539
noised_data,33,0,0.15,R,mse,0.8548709154129028
noised_data,34,0,0.15,R,mse,0.8078522682189941
noised_data,35,0,0.15,R,mse,0.6213124394416809
noised_data,36,0,0.15,R,mse,1.0963616371154785
noised_data,37,0,0.15,R,mse,0.6505903005599976
noised_data,38,0,0.15,R,mse,0.858576774597168
noised_data,39,0,0.15,R,mse,0.7748548984527588
noised_data,32,0,0.15,R,mae,0.576951801776886
noised_data,33,0,0.15,R,mae,0.7310668230056763
noised_data,34,0,0.15,R,mae,0.7094100117683411
noised_data,35,0,0.15,R,mae,0.6111832857131958
noised_data,36,0,0.15,R,mae,0.825219452381134
noised_data,37,0,0.15,R,mae,0.626711905002594
noised_data,38,0,0.15,R,mae,0.7362443208694458
noised_data,39,0,0.15,R,mae,0.6871791481971741
noised_data,32,0,0.15,P,mse,0.7408636212348938
noised_data,33,0,0.15,P,mse,0.8720685243606567
noised_data,34,0,0.15,P,mse,0.8354748487472534
noised_data,35,0,0.15,P,mse,0.6072754263877869
noised_data,36,0,0.15,P,mse,1.0435599088668823
noised_data,37,0,0.15,P,mse,0.659338653087616
noised_data,38,0,0.15,P,mse,0.8362276554107666
noised_data,39,0,0.15,P,mse,0.75291508436203
noised_data,32,0,0.15,P,mae,0.6333900690078735
noised_data,33,0,0.15,P,mae,0.7317450642585754
noised_data,34,0,0.15,P,mae,0.7271246910095215
noised_data,35,0,0.15,P,mae,0.6041804552078247
noised_data,36,0,0.15,P,mae,0.815433919429779
noised_data,37,0,0.15,P,mae,0.6175051927566528
noised_data,38,0,0.15,P,mae,0.723314642906189
noised_data,39,0,0.15,P,mae,0.6789109706878662
noised_data,32,0,0.3,R,mse,0.5709776878356934
noised_data,33,0,0.3,R,mse,0.7568793296813965
noised_data,34,0,0.3,R,mse,0.7485747337341309
noised_data,35,0,0.3,R,mse,0.45515650510787964
noised_data,36,0,0.3,R,mse,1.0021283626556396
noised_data,37,0,0.3,R,mse,0.5106282234191895
noised_data,38,0,0.3,R,mse,0.7390289902687073
noised_data,39,0,0.3,R,mse,0.6522020101547241
noised_data,32,0,0.3,R,mae,0.51555335521698
noised_data,33,0,0.3,R,mae,0.6807920336723328
noised_data,34,0,0.3,R,mae,0.6718811392784119
noised_data,35,0,0.3,R,mae,0.5017072558403015
noised_data,36,0,0.3,R,mae,0.7925494909286499
noised_data,37,0,0.3,R,mae,0.5400392413139343
noised_data,38,0,0.3,R,mae,0.6760189533233643
noised_data,39,0,0.3,R,mae,0.6113665103912354
noised_data,32,0,0.3,P,mse,0.6325587630271912
noised_data,33,0,0.3,P,mse,0.7971839904785156
noised_data,34,0,0.3,P,mse,0.7644827961921692
noised_data,35,0,0.3,P,mse,0.45757776498794556
noised_data,36,0,0.3,P,mse,0.9352703094482422
noised_data,37,0,0.3,P,mse,0.4889349639415741
noised_data,38,0,0.3,P,mse,0.7037181854248047
noised_data,39,0,0.3,P,mse,0.6608290672302246
noised_data,32,0,0.3,P,mae,0.5735616087913513
noised_data,33,0,0.3,P,mae,0.6934833526611328
noised_data,34,0,0.3,P,mae,0.6788756847381592
noised_data,35,0,0.3,P,mae,0.5062594413757324
noised_data,36,0,0.3,P,mae,0.7719926238059998
noised_data,37,0,0.3,P,mae,0.5216710567474365
noised_data,38,0,0.3,P,mae,0.6541856527328491
noised_data,39,0,0.3,P,mae,0.6203486919403076
noised_data,32,0,0.5,R,mse,0.6083765625953674
noised_data,33,0,0.5,R,mse,0.7403613328933716
noised_data,34,0,0.5,R,mse,0.7805041670799255
noised_data,35,0,0.5,R,mse,0.4580230116844177
noised_data,36,0,0.5,R,mse,0.8391937017440796
noised_data,37,0,0.5,R,mse,0.47832420468330383
noised_data,38,0,0.5,R,mse,0.5715020895004272
noised_data,39,0,0.5,R,mse,0.6001992225646973
noised_data,32,0,0.5,R,mae,0.5186201930046082
noised_data,33,0,0.5,R,mae,0.6687865257263184
noised_data,34,0,0.5,R,mae,0.6645128130912781
noised_data,35,0,0.5,R,mae,0.4761362671852112
noised_data,36,0,0.5,R,mae,0.7264617085456848
noised_data,37,0,0.5,R,mae,0.49830034375190735
noised_data,38,0,0.5,R,mae,0.5848604440689087
noised_data,39,0,0.5,R,mae,0.5659136772155762
noised_data,32,0,0.5,P,mse,0.6060071587562561
noised_data,33,0,0.5,P,mse,0.781201958656311
noised_data,34,0,0.5,P,mse,0.7902289628982544
noised_data,35,0,0.5,P,mse,0.42468300461769104
noised_data,36,0,0.5,P,mse,0.812454879283905
noised_data,37,0,0.5,P,mse,0.4097529649734497
noised_data,38,0,0.5,P,mse,0.5525091886520386
noised_data,39,0,0.5,P,mse,0.6058975458145142
noised_data,32,0,0.5,P,mae,0.5440106391906738
noised_data,33,0,0.5,P,mae,0.6864273548126221
noised_data,34,0,0.5,P,mae,0.6708236932754517
noised_data,35,0,0.5,P,mae,0.4732019305229187
noised_data,36,0,0.5,P,mae,0.7310001254081726
noised_data,37,0,0.5,P,mae,0.46995919942855835
noised_data,38,0,0.5,P,mae,0.5708701014518738
noised_data,39,0,0.5,P,mae,0.5763726830482483
noised_data,32,0,0.7,R,mse,0.594733476638794
noised_data,33,0,0.7,R,mse,0.6844819188117981
noised_data,34,0,0.7,R,mse,0.8022261261940002
noised_data,35,0,0.7,R,mse,0.4643667936325073
noised_data,36,0,0.7,R,mse,0.6383290886878967
noised_data,37,0,0.7,R,mse,0.524779200553894
noised_data,38,0,0.7,R,mse,0.4739474654197693
noised_data,39,0,0.7,R,mse,0.5135582685470581
noised_data,32,0,0.7,R,mae,0.5144095420837402
noised_data,33,0,0.7,R,mae,0.648971676826477
noised_data,34,0,0.7,R,mae,0.6801811456680298
noised_data,35,0,0.7,R,mae,0.49763479828834534
noised_data,36,0,0.7,R,mae,0.6322610378265381
noised_data,37,0,0.7,R,mae,0.5354869961738586
noised_data,38,0,0.7,R,mae,0.5209661722183228
noised_data,39,0,0.7,R,mae,0.5179867148399353
noised_data,32,0,0.7,P,mse,0.575436532497406
noised_data,33,0,0.7,P,mse,0.6791971921920776
noised_data,34,0,0.7,P,mse,0.7624797821044922
noised_data,35,0,0.7,P,mse,0.45252281427383423
noised_data,36,0,0.7,P,mse,0.6461489200592041
noised_data,37,0,0.7,P,mse,0.4653773903846741
noised_data,38,0,0.7,P,mse,0.49792081117630005
noised_data,39,0,0.7,P,mse,0.5189542770385742
noised_data,32,0,0.7,P,mae,0.5268672704696655
noised_data,33,0,0.7,P,mae,0.6444453597068787
noised_data,34,0,0.7,P,mae,0.6630745530128479
noised_data,35,0,0.7,P,mae,0.5020707249641418
noised_data,36,0,0.7,P,mae,0.6429011821746826
noised_data,37,0,0.7,P,mae,0.5047745108604431
noised_data,38,0,0.7,P,mae,0.5254432559013367
noised_data,39,0,0.7,P,mae,0.532260537147522
noised_data,32,0,0.85,R,mse,0.5032406449317932
noised_data,33,0,0.85,R,mse,0.6519232988357544
noised_data,34,0,0.85,R,mse,0.8405805826187134
noised_data,35,0,0.85,R,mse,0.6073405742645264
noised_data,36,0,0.85,R,mse,0.5297685861587524
noised_data,37,0,0.85,R,mse,0.485940158367157
noised_data,38,0,0.85,R,mse,0.47187167406082153
noised_data,39,0,0.85,R,mse,0.4953540563583374
noised_data,32,0,0.85,R,mae,0.4911539554595947
noised_data,33,0,0.85,R,mae,0.6435127258300781
noised_data,34,0,0.85,R,mae,0.7227232456207275
noised_data,35,0,0.85,R,mae,0.5993390679359436
noised_data,36,0,0.85,R,mae,0.5813950300216675
noised_data,37,0,0.85,R,mae,0.529117226600647
noised_data,38,0,0.85,R,mae,0.5184156894683838
noised_data,39,0,0.85,R,mae,0.5261356234550476
noised_data,32,0,0.85,P,mse,0.4777979254722595
noised_data,33,0,0.85,P,mse,0.6260643005371094
noised_data,34,0,0.85,P,mse,0.7851832509040833
noised_data,35,0,0.85,P,mse,0.6262470483779907
noised_data,36,0,0.85,P,mse,0.5530542135238647
noised_data,37,0,0.85,P,mse,0.44069263339042664
noised_data,38,0,0.85,P,mse,0.5531665086746216
noised_data,39,0,0.85,P,mse,0.4788072109222412
noised_data,32,0,0.85,P,mae,0.4981878399848938
noised_data,33,0,0.85,P,mae,0.6317049264907837
noised_data,34,0,0.85,P,mae,0.6956695318222046
noised_data,35,0,0.85,P,mae,0.6005992293357849
noised_data,36,0,0.85,P,mae,0.5876697301864624
noised_data,37,0,0.85,P,mae,0.5013793110847473
noised_data,38,0,0.85,P,mae,0.5352133512496948
noised_data,39,0,0.85,P,mae,0.5221832990646362
noised_data,32,0,0.95,R,mse,0.47196611762046814
noised_data,33,0,0.95,R,mse,0.621635913848877
noised_data,34,0,0.95,R,mse,0.9260905385017395
noised_data,35,0,0.95,R,mse,0.7306995391845703
noised_data,36,0,0.95,R,mse,0.5398904085159302
noised_data,37,0,0.95,R,mse,0.7394075393676758
noised_data,38,0,0.95,R,mse,0.4825543165206909
noised_data,39,0,0.95,R,mse,0.4612951874732971
noised_data,32,0,0.95,R,mae,0.5499516725540161
noised_data,33,0,0.95,R,mae,0.6301532983779907
noised_data,34,0,0.95,R,mae,0.7975066900253296
noised_data,35,0,0.95,R,mae,0.7205556035041809
noised_data,36,0,0.95,R,mae,0.5951147079467773
noised_data,37,0,0.95,R,mae,0.6840274930000305
noised_data,38,0,0.95,R,mae,0.5314841270446777
noised_data,39,0,0.95,R,mae,0.5134451985359192
noised_data,32,0,0.95,P,mse,0.4884887933731079
noised_data,33,0,0.95,P,mse,0.5856157541275024
noised_data,34,0,0.95,P,mse,0.9453946948051453
noised_data,35,0,0.95,P,mse,0.7075872421264648
noised_data,36,0,0.95,P,mse,0.549432635307312
noised_data,37,0,0.95,P,mse,0.7884018421173096
noised_data,38,0,0.95,P,mse,0.5467956066131592
noised_data,39,0,0.95,P,mse,0.4703078269958496
noised_data,32,0,0.95,P,mae,0.5645177960395813
noised_data,33,0,0.95,P,mae,0.6139452457427979
noised_data,34,0,0.95,P,mae,0.8064736127853394
noised_data,35,0,0.95,P,mae,0.6977081298828125
noised_data,36,0,0.95,P,mae,0.5909754037857056
noised_data,37,0,0.95,P,mae,0.7053829431533813
noised_data,38,0,0.95,P,mae,0.5408895015716553
noised_data,39,0,0.95,P,mae,0.5242865681648254
noised_data,32,1,0.05,R,mse,0.8813725709915161
noised_data,33,1,0.05,R,mse,0.9974870681762695
noised_data,34,1,0.05,R,mse,0.8982604742050171
noised_data,35,1,0.05,R,mse,0.8378551006317139
noised_data,36,1,0.05,R,mse,1.0783045291900635
noised_data,37,1,0.05,R,mse,0.8453624844551086
noised_data,38,1,0.05,R,mse,0.9495978355407715
noised_data,39,1,0.05,R,mse,0.933191180229187
noised_data,32,1,0.05,R,mae,0.7103275656700134
noised_data,33,1,0.05,R,mae,0.8012686967849731
noised_data,34,1,0.05,R,mae,0.751249372959137
noised_data,35,1,0.05,R,mae,0.7282471060752869
noised_data,36,1,0.05,R,mae,0.8241040706634521
noised_data,37,1,0.05,R,mae,0.7217890024185181
noised_data,38,1,0.05,R,mae,0.7825469374656677
noised_data,39,1,0.05,R,mae,0.7746623158454895
noised_data,32,1,0.05,P,mse,0.7650758028030396
noised_data,33,1,0.05,P,mse,1.0160551071166992
noised_data,34,1,0.05,P,mse,0.9903126955032349
noised_data,35,1,0.05,P,mse,0.8432626724243164
noised_data,36,1,0.05,P,mse,1.0926367044448853
noised_data,37,1,0.05,P,mse,0.859886109828949
noised_data,38,1,0.05,P,mse,1.0227020978927612
noised_data,39,1,0.05,P,mse,0.9291843771934509
noised_data,32,1,0.05,P,mae,0.6513584852218628
noised_data,33,1,0.05,P,mae,0.7987039685249329
noised_data,34,1,0.05,P,mae,0.8001687526702881
noised_data,35,1,0.05,P,mae,0.7340553998947144
noised_data,36,1,0.05,P,mae,0.8361198902130127
noised_data,37,1,0.05,P,mae,0.7350743412971497
noised_data,38,1,0.05,P,mae,0.8080596327781677
noised_data,39,1,0.05,P,mae,0.7655991315841675
noised_data,32,1,0.15,R,mse,0.7741969227790833
noised_data,33,1,0.15,R,mse,0.8424710631370544
noised_data,34,1,0.15,R,mse,0.7885771989822388
noised_data,35,1,0.15,R,mse,0.60739666223526
noised_data,36,1,0.15,R,mse,1.0339772701263428
noised_data,37,1,0.15,R,mse,0.6303061842918396
noised_data,38,1,0.15,R,mse,0.824207067489624
noised_data,39,1,0.15,R,mse,0.7302443981170654
noised_data,32,1,0.15,R,mae,0.6447780728340149
noised_data,33,1,0.15,R,mae,0.7286393642425537
noised_data,34,1,0.15,R,mae,0.7000777125358582
noised_data,35,1,0.15,R,mae,0.6022560596466064
noised_data,36,1,0.15,R,mae,0.8067649602890015
noised_data,37,1,0.15,R,mae,0.6120686531066895
noised_data,38,1,0.15,R,mae,0.7272371649742126
noised_data,39,1,0.15,R,mae,0.6748412847518921
noised_data,32,1,0.15,P,mse,0.6191139221191406
noised_data,33,1,0.15,P,mse,0.8819411396980286
noised_data,34,1,0.15,P,mse,0.862240195274353
noised_data,35,1,0.15,P,mse,0.6111437082290649
noised_data,36,1,0.15,P,mse,1.0952717065811157
noised_data,37,1,0.15,P,mse,0.6752305030822754
noised_data,38,1,0.15,P,mse,0.8688918352127075
noised_data,39,1,0.15,P,mse,0.7928519248962402
noised_data,32,1,0.15,P,mae,0.5629366636276245
noised_data,33,1,0.15,P,mae,0.7335295677185059
noised_data,34,1,0.15,P,mae,0.736725389957428
noised_data,35,1,0.15,P,mae,0.6076701879501343
noised_data,36,1,0.15,P,mae,0.8306001424789429
noised_data,37,1,0.15,P,mae,0.6307449340820312
noised_data,38,1,0.15,P,mae,0.7306126952171326
noised_data,39,1,0.15,P,mae,0.6903296113014221
noised_data,32,1,0.3,R,mse,0.6906626224517822
noised_data,33,1,0.3,R,mse,0.7716524004936218
noised_data,34,1,0.3,R,mse,0.7265921831130981
noised_data,35,1,0.3,R,mse,0.45056456327438354
noised_data,36,1,0.3,R,mse,0.9317613840103149
noised_data,37,1,0.3,R,mse,0.46315237879753113
noised_data,38,1,0.3,R,mse,0.7098448276519775
noised_data,39,1,0.3,R,mse,0.6254547834396362
noised_data,32,1,0.3,R,mae,0.5934960842132568
noised_data,33,1,0.3,R,mae,0.6898148059844971
noised_data,34,1,0.3,R,mae,0.6644042730331421
noised_data,35,1,0.3,R,mae,0.5013271570205688
noised_data,36,1,0.3,R,mae,0.772309422492981
noised_data,37,1,0.3,R,mae,0.5178788900375366
noised_data,38,1,0.3,R,mae,0.6651098728179932
noised_data,39,1,0.3,R,mae,0.6058622598648071
noised_data,32,1,0.3,P,mse,0.5213532447814941
noised_data,33,1,0.3,P,mse,0.775367259979248
noised_data,34,1,0.3,P,mse,0.7785277366638184
noised_data,35,1,0.3,P,mse,0.4635063409805298
noised_data,36,1,0.3,P,mse,1.005952000617981
noised_data,37,1,0.3,P,mse,0.5390068888664246
noised_data,38,1,0.3,P,mse,0.7299982309341431
noised_data,39,1,0.3,P,mse,0.6907634735107422
noised_data,32,1,0.3,P,mae,0.5024774074554443
noised_data,33,1,0.3,P,mae,0.6804240942001343
noised_data,34,1,0.3,P,mae,0.6831344366073608
noised_data,35,1,0.3,P,mae,0.5081943869590759
noised_data,36,1,0.3,P,mae,0.7931004762649536
noised_data,37,1,0.3,P,mae,0.5456448197364807
noised_data,38,1,0.3,P,mae,0.66463303565979
noised_data,39,1,0.3,P,mae,0.6266038417816162
noised_data,32,1,0.5,R,mse,0.705710232257843
noised_data,33,1,0.5,R,mse,0.7598645687103271
noised_data,34,1,0.5,R,mse,0.7555481791496277
noised_data,35,1,0.5,R,mse,0.4073328375816345
noised_data,36,1,0.5,R,mse,0.7839701175689697
noised_data,37,1,0.5,R,mse,0.386320561170578
noised_data,38,1,0.5,R,mse,0.5598412752151489
noised_data,39,1,0.5,R,mse,0.5683321952819824
noised_data,32,1,0.5,R,mae,0.5862748026847839
noised_data,33,1,0.5,R,mae,0.6768506169319153
noised_data,34,1,0.5,R,mae,0.6552388668060303
noised_data,35,1,0.5,R,mae,0.46310675144195557
noised_data,36,1,0.5,R,mae,0.7173492908477783
noised_data,37,1,0.5,R,mae,0.45712754130363464
noised_data,38,1,0.5,R,mae,0.5802481174468994
noised_data,39,1,0.5,R,mae,0.5607388019561768
noised_data,32,1,0.5,P,mse,0.5177701115608215
noised_data,33,1,0.5,P,mse,0.7508222460746765
noised_data,34,1,0.5,P,mse,0.8146346211433411
noised_data,35,1,0.5,P,mse,0.4661949872970581
noised_data,36,1,0.5,P,mse,0.8768510818481445
noised_data,37,1,0.5,P,mse,0.5096563100814819
noised_data,38,1,0.5,P,mse,0.5589075088500977
noised_data,39,1,0.5,P,mse,0.6196869611740112
noised_data,32,1,0.5,P,mae,0.47954779863357544
noised_data,33,1,0.5,P,mae,0.6741530299186707
noised_data,34,1,0.5,P,mae,0.6790472865104675
noised_data,35,1,0.5,P,mae,0.4794751703739166
noised_data,36,1,0.5,P,mae,0.7462086081504822
noised_data,37,1,0.5,P,mae,0.509139895439148
noised_data,38,1,0.5,P,mae,0.5741002559661865
noised_data,39,1,0.5,P,mae,0.5737026333808899
noised_data,32,1,0.7,R,mse,0.6517136096954346
noised_data,33,1,0.7,R,mse,0.6901946663856506
noised_data,34,1,0.7,R,mse,0.7752318382263184
noised_data,35,1,0.7,R,mse,0.4583570957183838
noised_data,36,1,0.7,R,mse,0.5987268686294556
noised_data,37,1,0.7,R,mse,0.43573272228240967
noised_data,38,1,0.7,R,mse,0.4825093746185303
noised_data,39,1,0.7,R,mse,0.5210545063018799
noised_data,32,1,0.7,R,mae,0.5660319328308105
noised_data,33,1,0.7,R,mae,0.6475851535797119
noised_data,34,1,0.7,R,mae,0.6711676120758057
noised_data,35,1,0.7,R,mae,0.5052388310432434
noised_data,36,1,0.7,R,mae,0.6231911182403564
noised_data,37,1,0.7,R,mae,0.4947645366191864
noised_data,38,1,0.7,R,mae,0.5238591432571411
noised_data,39,1,0.7,R,mae,0.5265397429466248
noised_data,32,1,0.7,P,mse,0.514296293258667
noised_data,33,1,0.7,P,mse,0.6720762252807617
noised_data,34,1,0.7,P,mse,0.7944995164871216
noised_data,35,1,0.7,P,mse,0.48530876636505127
noised_data,36,1,0.7,P,mse,0.6845818758010864
noised_data,37,1,0.7,P,mse,0.5558236241340637
noised_data,38,1,0.7,P,mse,0.4952699542045593
noised_data,39,1,0.7,P,mse,0.5203279256820679
noised_data,32,1,0.7,P,mae,0.479259192943573
noised_data,33,1,0.7,P,mae,0.6444046497344971
noised_data,34,1,0.7,P,mae,0.6751677393913269
noised_data,35,1,0.7,P,mae,0.505436360836029
noised_data,36,1,0.7,P,mae,0.6517239809036255
noised_data,37,1,0.7,P,mae,0.544958770275116
noised_data,38,1,0.7,P,mae,0.5270789265632629
noised_data,39,1,0.7,P,mae,0.5287743806838989
noised_data,32,1,0.85,R,mse,0.5371295809745789
noised_data,33,1,0.85,R,mse,0.6409391164779663
noised_data,34,1,0.85,R,mse,0.8394811153411865
noised_data,35,1,0.85,R,mse,0.6021547317504883
noised_data,36,1,0.85,R,mse,0.519127368927002
noised_data,37,1,0.85,R,mse,0.41846850514411926
noised_data,38,1,0.85,R,mse,0.45663362741470337
noised_data,39,1,0.85,R,mse,0.4983527362346649
noised_data,32,1,0.85,R,mae,0.5279595851898193
noised_data,33,1,0.85,R,mae,0.6383739709854126
noised_data,34,1,0.85,R,mae,0.7179975509643555
noised_data,35,1,0.85,R,mae,0.5960369110107422
noised_data,36,1,0.85,R,mae,0.5764635801315308
noised_data,37,1,0.85,R,mae,0.49370330572128296
noised_data,38,1,0.85,R,mae,0.5091885924339294
noised_data,39,1,0.85,R,mae,0.5263770818710327
noised_data,32,1,0.85,P,mse,0.4442564845085144
noised_data,33,1,0.85,P,mse,0.6396796703338623
noised_data,34,1,0.85,P,mse,0.7896981239318848
noised_data,35,1,0.85,P,mse,0.6159588098526001
noised_data,36,1,0.85,P,mse,0.5621791481971741
noised_data,37,1,0.85,P,mse,0.511399507522583
noised_data,38,1,0.85,P,mse,0.560821533203125
noised_data,39,1,0.85,P,mse,0.47766751050949097
noised_data,32,1,0.85,P,mae,0.46576249599456787
noised_data,33,1,0.85,P,mae,0.6391722559928894
noised_data,34,1,0.85,P,mae,0.7009985446929932
noised_data,35,1,0.85,P,mae,0.5982109308242798
noised_data,36,1,0.85,P,mae,0.59195876121521
noised_data,37,1,0.85,P,mae,0.540683388710022
noised_data,38,1,0.85,P,mae,0.5387325882911682
noised_data,39,1,0.85,P,mae,0.5215091705322266
noised_data,32,1,0.95,R,mse,0.5231412053108215
noised_data,33,1,0.95,R,mse,0.6119104027748108
noised_data,34,1,0.95,R,mse,0.9317336082458496
noised_data,35,1,0.95,R,mse,0.7139348983764648
noised_data,36,1,0.95,R,mse,0.532849907875061
noised_data,37,1,0.95,R,mse,0.7345302104949951
noised_data,38,1,0.95,R,mse,0.456259548664093
noised_data,39,1,0.95,R,mse,0.4810519516468048
noised_data,32,1,0.95,R,mae,0.5764638185501099
noised_data,33,1,0.95,R,mae,0.6261332631111145
noised_data,34,1,0.95,R,mae,0.8010739684104919
noised_data,35,1,0.95,R,mae,0.7036889791488647
noised_data,36,1,0.95,R,mae,0.5888150930404663
noised_data,37,1,0.95,R,mae,0.6804207563400269
noised_data,38,1,0.95,R,mae,0.5180522799491882
noised_data,39,1,0.95,R,mae,0.5233898758888245
noised_data,32,1,0.95,P,mse,0.43354514241218567
noised_data,33,1,0.95,P,mse,0.5952745676040649
noised_data,34,1,0.95,P,mse,0.9395105838775635
noised_data,35,1,0.95,P,mse,0.7237528562545776
noised_data,36,1,0.95,P,mse,0.5466721653938293
noised_data,37,1,0.95,P,mse,0.803612232208252
noised_data,38,1,0.95,P,mse,0.5709989070892334
noised_data,39,1,0.95,P,mse,0.4506409168243408
noised_data,32,1,0.95,P,mae,0.5342757701873779
noised_data,33,1,0.95,P,mae,0.617868185043335
noised_data,34,1,0.95,P,mae,0.802699863910675
noised_data,35,1,0.95,P,mae,0.7140408754348755
noised_data,36,1,0.95,P,mae,0.5921978950500488
noised_data,37,1,0.95,P,mae,0.7138170003890991
noised_data,38,1,0.95,P,mae,0.5519251823425293
noised_data,39,1,0.95,P,mae,0.5137812495231628
noised_data,40,0,0.05,R,mse,1.084707260131836
noised_data,41,0,0.05,R,mse,0.9608391523361206
noised_data,42,0,0.05,R,mse,0.9603961706161499
noised_data,43,0,0.05,R,mse,0.9577093720436096
noised_data,44,0,0.05,R,mse,0.9900582432746887
noised_data,45,0,0.05,R,mse,0.9698574542999268
noised_data,46,0,0.05,R,mse,0.9510685801506042
noised_data,47,0,0.05,R,mse,1.065843105316162
noised_data,40,0,0.05,R,mae,0.829957127571106
noised_data,41,0,0.05,R,mae,0.7856322526931763
noised_data,42,0,0.05,R,mae,0.7887110710144043
noised_data,43,0,0.05,R,mae,0.7784751653671265
noised_data,44,0,0.05,R,mae,0.7977595329284668
noised_data,45,0,0.05,R,mae,0.7808317542076111
noised_data,46,0,0.05,R,mae,0.7760443091392517
noised_data,47,0,0.05,R,mae,0.8188413381576538
noised_data,40,0,0.05,P,mse,1.0891003608703613
noised_data,41,0,0.05,P,mse,0.9812671542167664
noised_data,42,0,0.05,P,mse,1.0414948463439941
noised_data,43,0,0.05,P,mse,0.9640474319458008
noised_data,44,0,0.05,P,mse,0.9632644057273865
noised_data,45,0,0.05,P,mse,1.0097122192382812
noised_data,46,0,0.05,P,mse,0.9062501192092896
noised_data,47,0,0.05,P,mse,1.0431830883026123
noised_data,40,0,0.05,P,mae,0.8348444700241089
noised_data,41,0,0.05,P,mae,0.7944636344909668
noised_data,42,0,0.05,P,mae,0.820303201675415
noised_data,43,0,0.05,P,mae,0.785424530506134
noised_data,44,0,0.05,P,mae,0.7820143103599548
noised_data,45,0,0.05,P,mae,0.7934868335723877
noised_data,46,0,0.05,P,mae,0.7638508081436157
noised_data,47,0,0.05,P,mae,0.8052200078964233
noised_data,40,0,0.15,R,mse,0.995333731174469
noised_data,41,0,0.15,R,mse,0.7942074537277222
noised_data,42,0,0.15,R,mse,0.837072491645813
noised_data,43,0,0.15,R,mse,0.8323861956596375
noised_data,44,0,0.15,R,mse,0.8050717115402222
noised_data,45,0,0.15,R,mse,0.9285777807235718
noised_data,46,0,0.15,R,mse,0.7526529431343079
noised_data,47,0,0.15,R,mse,1.067704200744629
noised_data,40,0,0.15,R,mae,0.7925891876220703
noised_data,41,0,0.15,R,mae,0.7007806301116943
noised_data,42,0,0.15,R,mae,0.7306407690048218
noised_data,43,0,0.15,R,mae,0.7196328639984131
noised_data,44,0,0.15,R,mae,0.7152097225189209
noised_data,45,0,0.15,R,mae,0.761014461517334
noised_data,46,0,0.15,R,mae,0.685591995716095
noised_data,47,0,0.15,R,mae,0.8138450384140015
noised_data,40,0,0.15,P,mse,1.0178970098495483
noised_data,41,0,0.15,P,mse,0.8004464507102966
noised_data,42,0,0.15,P,mse,0.9231706261634827
noised_data,43,0,0.15,P,mse,0.8319651484489441
noised_data,44,0,0.15,P,mse,0.797541618347168
noised_data,45,0,0.15,P,mse,0.9066329002380371
noised_data,46,0,0.15,P,mse,0.7054182887077332
noised_data,47,0,0.15,P,mse,1.0392425060272217
noised_data,40,0,0.15,P,mae,0.8077370524406433
noised_data,41,0,0.15,P,mae,0.7000357508659363
noised_data,42,0,0.15,P,mae,0.7654126882553101
noised_data,43,0,0.15,P,mae,0.7220185399055481
noised_data,44,0,0.15,P,mae,0.6991117596626282
noised_data,45,0,0.15,P,mae,0.7447862029075623
noised_data,46,0,0.15,P,mae,0.6690487861633301
noised_data,47,0,0.15,P,mae,0.8021161556243896
noised_data,40,0,0.3,R,mse,0.8578375577926636
noised_data,41,0,0.3,R,mse,0.7275304794311523
noised_data,42,0,0.3,R,mse,0.7724889516830444
noised_data,43,0,0.3,R,mse,0.7552456259727478
noised_data,44,0,0.3,R,mse,0.6626381278038025
noised_data,45,0,0.3,R,mse,0.9029698371887207
noised_data,46,0,0.3,R,mse,0.6281038522720337
noised_data,47,0,0.3,R,mse,1.131500005722046
noised_data,40,0,0.3,R,mae,0.7373788952827454
noised_data,41,0,0.3,R,mae,0.6587266325950623
noised_data,42,0,0.3,R,mae,0.6901600956916809
noised_data,43,0,0.3,R,mae,0.6696767210960388
noised_data,44,0,0.3,R,mae,0.6386121511459351
noised_data,45,0,0.3,R,mae,0.746877133846283
noised_data,46,0,0.3,R,mae,0.613047182559967
noised_data,47,0,0.3,R,mae,0.8366448879241943
noised_data,40,0,0.3,P,mse,0.8969283103942871
noised_data,41,0,0.3,P,mse,0.7200242280960083
noised_data,42,0,0.3,P,mse,0.8304080963134766
noised_data,43,0,0.3,P,mse,0.731574296951294
noised_data,44,0,0.3,P,mse,0.6850559711456299
noised_data,45,0,0.3,P,mse,0.8718109130859375
noised_data,46,0,0.3,P,mse,0.6162399649620056
noised_data,47,0,0.3,P,mse,1.0747053623199463
noised_data,40,0,0.3,P,mae,0.7532927393913269
noised_data,41,0,0.3,P,mae,0.6537104249000549
noised_data,42,0,0.3,P,mae,0.7176644206047058
noised_data,43,0,0.3,P,mae,0.6670092344284058
noised_data,44,0,0.3,P,mae,0.6335726380348206
noised_data,45,0,0.3,P,mae,0.7303615808486938
noised_data,46,0,0.3,P,mae,0.6098887920379639
noised_data,47,0,0.3,P,mae,0.8158866167068481
noised_data,40,0,0.5,R,mse,0.6684663891792297
noised_data,41,0,0.5,R,mse,0.7654807567596436
noised_data,42,0,0.5,R,mse,0.7715669870376587
noised_data,43,0,0.5,R,mse,0.7349002957344055
noised_data,44,0,0.5,R,mse,0.6763484477996826
noised_data,45,0,0.5,R,mse,0.9027824401855469
noised_data,46,0,0.5,R,mse,0.5706274509429932
noised_data,47,0,0.5,R,mse,1.097755789756775
noised_data,40,0,0.5,R,mae,0.6403028964996338
noised_data,41,0,0.5,R,mae,0.6807190775871277
noised_data,42,0,0.5,R,mae,0.6837061047554016
noised_data,43,0,0.5,R,mae,0.6466935276985168
noised_data,44,0,0.5,R,mae,0.6325461268424988
noised_data,45,0,0.5,R,mae,0.7550432085990906
noised_data,46,0,0.5,R,mae,0.5636625289916992
noised_data,47,0,0.5,R,mae,0.8334376811981201
noised_data,40,0,0.5,P,mse,0.7038971781730652
noised_data,41,0,0.5,P,mse,0.7560515403747559
noised_data,42,0,0.5,P,mse,0.8343417048454285
noised_data,43,0,0.5,P,mse,0.7990623712539673
noised_data,44,0,0.5,P,mse,0.6545839309692383
noised_data,45,0,0.5,P,mse,0.9057470560073853
noised_data,46,0,0.5,P,mse,0.5776439309120178
noised_data,47,0,0.5,P,mse,1.072105884552002
noised_data,40,0,0.5,P,mae,0.6565501689910889
noised_data,41,0,0.5,P,mae,0.6811937689781189
noised_data,42,0,0.5,P,mae,0.7092399597167969
noised_data,43,0,0.5,P,mae,0.6770620346069336
noised_data,44,0,0.5,P,mae,0.61411052942276
noised_data,45,0,0.5,P,mae,0.7499599456787109
noised_data,46,0,0.5,P,mae,0.5705966949462891
noised_data,47,0,0.5,P,mae,0.8296530246734619
noised_data,40,0,0.7,R,mse,0.517724871635437
noised_data,41,0,0.7,R,mse,0.8815587759017944
noised_data,42,0,0.7,R,mse,0.6558436155319214
noised_data,43,0,0.7,R,mse,0.6154428124427795
noised_data,44,0,0.7,R,mse,0.7548130750656128
noised_data,45,0,0.7,R,mse,0.8423267006874084
noised_data,46,0,0.7,R,mse,0.5113418102264404
noised_data,47,0,0.7,R,mse,0.8869360685348511
noised_data,40,0,0.7,R,mae,0.5613143444061279
noised_data,41,0,0.7,R,mae,0.7551285028457642
noised_data,42,0,0.7,R,mae,0.6257086396217346
noised_data,43,0,0.7,R,mae,0.5973044633865356
noised_data,44,0,0.7,R,mae,0.6813164949417114
noised_data,45,0,0.7,R,mae,0.7324191331863403
noised_data,46,0,0.7,R,mae,0.5377330183982849
noised_data,47,0,0.7,R,mae,0.7513006329536438
noised_data,40,0,0.7,P,mse,0.5064104199409485
noised_data,41,0,0.7,P,mse,0.9075521230697632
noised_data,42,0,0.7,P,mse,0.7080106735229492
noised_data,43,0,0.7,P,mse,0.6908841133117676
noised_data,44,0,0.7,P,mse,0.7073035836219788
noised_data,45,0,0.7,P,mse,0.8106354475021362
noised_data,46,0,0.7,P,mse,0.5046725273132324
noised_data,47,0,0.7,P,mse,0.8685410022735596
noised_data,40,0,0.7,P,mae,0.5566626787185669
noised_data,41,0,0.7,P,mae,0.7613168358802795
noised_data,42,0,0.7,P,mae,0.651239275932312
noised_data,43,0,0.7,P,mae,0.633913516998291
noised_data,44,0,0.7,P,mae,0.6606549620628357
noised_data,45,0,0.7,P,mae,0.7157691717147827
noised_data,46,0,0.7,P,mae,0.541399359703064
noised_data,47,0,0.7,P,mae,0.751797080039978
noised_data,40,0,0.85,R,mse,0.4913526177406311
noised_data,41,0,0.85,R,mse,0.7463299632072449
noised_data,42,0,0.85,R,mse,0.5560392141342163
noised_data,43,0,0.85,R,mse,0.5680539608001709
noised_data,44,0,0.85,R,mse,0.7700140476226807
noised_data,45,0,0.85,R,mse,0.6673719882965088
noised_data,46,0,0.85,R,mse,0.4890685975551605
noised_data,47,0,0.85,R,mse,0.7370039224624634
noised_data,40,0,0.85,R,mae,0.5570814609527588
noised_data,41,0,0.85,R,mae,0.699299156665802
noised_data,42,0,0.85,R,mae,0.5807390213012695
noised_data,43,0,0.85,R,mae,0.5817446708679199
noised_data,44,0,0.85,R,mae,0.6950463056564331
noised_data,45,0,0.85,R,mae,0.6565998196601868
noised_data,46,0,0.85,R,mae,0.5340149402618408
noised_data,47,0,0.85,R,mae,0.6837339997291565
noised_data,40,0,0.85,P,mse,0.45295101404190063
noised_data,41,0,0.85,P,mse,0.8012512922286987
noised_data,42,0,0.85,P,mse,0.6078563928604126
noised_data,43,0,0.85,P,mse,0.6615242958068848
noised_data,44,0,0.85,P,mse,0.7218184471130371
noised_data,45,0,0.85,P,mse,0.638498842716217
noised_data,46,0,0.85,P,mse,0.4880324602127075
noised_data,47,0,0.85,P,mse,0.7265743017196655
noised_data,40,0,0.85,P,mae,0.5339721441268921
noised_data,41,0,0.85,P,mae,0.7184242010116577
noised_data,42,0,0.85,P,mae,0.5954753756523132
noised_data,43,0,0.85,P,mae,0.6307160258293152
noised_data,44,0,0.85,P,mae,0.6732479333877563
noised_data,45,0,0.85,P,mae,0.638491153717041
noised_data,46,0,0.85,P,mae,0.5404449105262756
noised_data,47,0,0.85,P,mae,0.6800608038902283
noised_data,40,0,0.95,R,mse,0.6340722441673279
noised_data,41,0,0.95,R,mse,0.6656649112701416
noised_data,42,0,0.95,R,mse,0.48729923367500305
noised_data,43,0,0.95,R,mse,0.5194141268730164
noised_data,44,0,0.95,R,mse,0.977829098701477
noised_data,45,0,0.95,R,mse,0.5855509042739868
noised_data,46,0,0.95,R,mse,0.8312374353408813
noised_data,47,0,0.95,R,mse,0.6311720609664917
noised_data,40,0,0.95,R,mae,0.6543653011322021
noised_data,41,0,0.95,R,mae,0.6549715995788574
noised_data,42,0,0.95,R,mae,0.5447325706481934
noised_data,43,0,0.95,R,mae,0.5653354525566101
noised_data,44,0,0.95,R,mae,0.797203540802002
noised_data,45,0,0.95,R,mae,0.6176431179046631
noised_data,46,0,0.95,R,mae,0.7269294261932373
noised_data,47,0,0.95,R,mae,0.6313768625259399
noised_data,40,0,0.95,P,mse,0.5700668096542358
noised_data,41,0,0.95,P,mse,0.704770565032959
noised_data,42,0,0.95,P,mse,0.5248990058898926
noised_data,43,0,0.95,P,mse,0.593011200428009
noised_data,44,0,0.95,P,mse,0.92546546459198
noised_data,45,0,0.95,P,mse,0.5650196075439453
noised_data,46,0,0.95,P,mse,0.8447898626327515
noised_data,47,0,0.95,P,mse,0.6218489408493042
noised_data,40,0,0.95,P,mae,0.6182924509048462
noised_data,41,0,0.95,P,mae,0.6717464327812195
noised_data,42,0,0.95,P,mae,0.5506720542907715
noised_data,43,0,0.95,P,mae,0.6044397354125977
noised_data,44,0,0.95,P,mae,0.7796116471290588
noised_data,45,0,0.95,P,mae,0.6053301692008972
noised_data,46,0,0.95,P,mae,0.7366639971733093
noised_data,47,0,0.95,P,mae,0.6259304285049438
noised_data,40,1,0.05,R,mse,1.0859441757202148
noised_data,41,1,0.05,R,mse,0.9979245662689209
noised_data,42,1,0.05,R,mse,0.9768272638320923
noised_data,43,1,0.05,R,mse,0.9667080044746399
noised_data,44,1,0.05,R,mse,0.9638150334358215
noised_data,45,1,0.05,R,mse,1.0103113651275635
noised_data,46,1,0.05,R,mse,0.9148096442222595
noised_data,47,1,0.05,R,mse,1.0616377592086792
noised_data,40,1,0.05,R,mae,0.8293998837471008
noised_data,41,1,0.05,R,mae,0.8014772534370422
noised_data,42,1,0.05,R,mae,0.7965953350067139
noised_data,43,1,0.05,R,mae,0.7804736495018005
noised_data,44,1,0.05,R,mae,0.7832352519035339
noised_data,45,1,0.05,R,mae,0.7940093874931335
noised_data,46,1,0.05,R,mae,0.7588099241256714
noised_data,47,1,0.05,R,mae,0.8135014772415161
noised_data,40,1,0.05,P,mse,1.0902838706970215
noised_data,41,1,0.05,P,mse,0.9423474669456482
noised_data,42,1,0.05,P,mse,1.0271590948104858
noised_data,43,1,0.05,P,mse,0.9535195827484131
noised_data,44,1,0.05,P,mse,0.9904078245162964
noised_data,45,1,0.05,P,mse,0.9732474684715271
noised_data,46,1,0.05,P,mse,0.9391738176345825
noised_data,47,1,0.05,P,mse,1.0492173433303833
noised_data,40,1,0.05,P,mae,0.8358829021453857
noised_data,41,1,0.05,P,mae,0.7766857743263245
noised_data,42,1,0.05,P,mae,0.8134558200836182
noised_data,43,1,0.05,P,mae,0.7826895117759705
noised_data,44,1,0.05,P,mae,0.7974764108657837
noised_data,45,1,0.05,P,mae,0.7801873683929443
noised_data,46,1,0.05,P,mae,0.7789387702941895
noised_data,47,1,0.05,P,mae,0.8124000430107117
noised_data,40,1,0.15,R,mse,1.014298677444458
noised_data,41,1,0.15,R,mse,0.8203626871109009
noised_data,42,1,0.15,R,mse,0.8445014953613281
noised_data,43,1,0.15,R,mse,0.8586522340774536
noised_data,44,1,0.15,R,mse,0.7902714014053345
noised_data,45,1,0.15,R,mse,0.9277704358100891
noised_data,46,1,0.15,R,mse,0.7196608185768127
noised_data,47,1,0.15,R,mse,1.068047285079956
noised_data,40,1,0.15,R,mae,0.8042306900024414
noised_data,41,1,0.15,R,mae,0.7091864347457886
noised_data,42,1,0.15,R,mae,0.7372251749038696
noised_data,43,1,0.15,R,mae,0.7318907976150513
noised_data,44,1,0.15,R,mae,0.704944372177124
noised_data,45,1,0.15,R,mae,0.758039653301239
noised_data,46,1,0.15,R,mae,0.6648976802825928
noised_data,47,1,0.15,R,mae,0.8100075125694275
noised_data,40,1,0.15,P,mse,1.000622272491455
noised_data,41,1,0.15,P,mse,0.7767664194107056
noised_data,42,1,0.15,P,mse,0.9216769337654114
noised_data,43,1,0.15,P,mse,0.8104054927825928
noised_data,44,1,0.15,P,mse,0.8065590858459473
noised_data,45,1,0.15,P,mse,0.9038809537887573
noised_data,46,1,0.15,P,mse,0.7380144000053406
noised_data,47,1,0.15,P,mse,1.045255422592163
noised_data,40,1,0.15,P,mae,0.7979269027709961
noised_data,41,1,0.15,P,mae,0.6941169500350952
noised_data,42,1,0.15,P,mae,0.7631105184555054
noised_data,43,1,0.15,P,mae,0.7124396562576294
noised_data,44,1,0.15,P,mae,0.7049287557601929
noised_data,45,1,0.15,P,mae,0.7445025444030762
noised_data,46,1,0.15,P,mae,0.6862761378288269
noised_data,47,1,0.15,P,mae,0.8090670108795166
noised_data,40,1,0.3,R,mse,0.8720859289169312
noised_data,41,1,0.3,R,mse,0.73088538646698
noised_data,42,1,0.3,R,mse,0.7699449062347412
noised_data,43,1,0.3,R,mse,0.768618106842041
noised_data,44,1,0.3,R,mse,0.6548426747322083
noised_data,45,1,0.3,R,mse,0.8829942345619202
noised_data,46,1,0.3,R,mse,0.5837131142616272
noised_data,47,1,0.3,R,mse,1.0972776412963867
noised_data,40,1,0.3,R,mae,0.7442991733551025
noised_data,41,1,0.3,R,mae,0.6633290648460388
noised_data,42,1,0.3,R,mae,0.6955597400665283
noised_data,43,1,0.3,R,mae,0.6787157654762268
noised_data,44,1,0.3,R,mae,0.6272727251052856
noised_data,45,1,0.3,R,mae,0.7351405620574951
noised_data,46,1,0.3,R,mae,0.5930303335189819
noised_data,47,1,0.3,R,mae,0.8193281888961792
noised_data,40,1,0.3,P,mse,0.8824242353439331
noised_data,41,1,0.3,P,mse,0.7179762125015259
noised_data,42,1,0.3,P,mse,0.8298035860061646
noised_data,43,1,0.3,P,mse,0.7360907793045044
noised_data,44,1,0.3,P,mse,0.6783545017242432
noised_data,45,1,0.3,P,mse,0.8901253938674927
noised_data,46,1,0.3,P,mse,0.6629456281661987
noised_data,47,1,0.3,P,mse,1.100541353225708
noised_data,40,1,0.3,P,mae,0.7450598478317261
noised_data,41,1,0.3,P,mae,0.6535818576812744
noised_data,42,1,0.3,P,mae,0.7121456861495972
noised_data,43,1,0.3,P,mae,0.6653815507888794
noised_data,44,1,0.3,P,mae,0.6392871141433716
noised_data,45,1,0.3,P,mae,0.7417594790458679
noised_data,46,1,0.3,P,mae,0.6306763887405396
noised_data,47,1,0.3,P,mae,0.8332934379577637
noised_data,40,1,0.5,R,mse,0.6879861354827881
noised_data,41,1,0.5,R,mse,0.7728383541107178
noised_data,42,1,0.5,R,mse,0.8050829172134399
noised_data,43,1,0.5,R,mse,0.7583489418029785
noised_data,44,1,0.5,R,mse,0.6291117668151855
noised_data,45,1,0.5,R,mse,0.9112352728843689
noised_data,46,1,0.5,R,mse,0.5328938961029053
noised_data,47,1,0.5,R,mse,1.0735076665878296
noised_data,40,1,0.5,R,mae,0.6507376432418823
noised_data,41,1,0.5,R,mae,0.6876177787780762
noised_data,42,1,0.5,R,mae,0.698651909828186
noised_data,43,1,0.5,R,mae,0.6591770648956299
noised_data,44,1,0.5,R,mae,0.6031644344329834
noised_data,45,1,0.5,R,mae,0.7541097402572632
noised_data,46,1,0.5,R,mae,0.554823100566864
noised_data,47,1,0.5,R,mae,0.8256911635398865
noised_data,40,1,0.5,P,mse,0.6802643537521362
noised_data,41,1,0.5,P,mse,0.7561646699905396
noised_data,42,1,0.5,P,mse,0.8028783202171326
noised_data,43,1,0.5,P,mse,0.7578169107437134
noised_data,44,1,0.5,P,mse,0.6975455284118652
noised_data,45,1,0.5,P,mse,0.9042283296585083
noised_data,46,1,0.5,P,mse,0.6124953627586365
noised_data,47,1,0.5,P,mse,1.0950992107391357
noised_data,40,1,0.5,P,mae,0.6435307264328003
noised_data,41,1,0.5,P,mae,0.6786923408508301
noised_data,42,1,0.5,P,mae,0.6898902058601379
noised_data,43,1,0.5,P,mae,0.6553497314453125
noised_data,44,1,0.5,P,mae,0.6418929100036621
noised_data,45,1,0.5,P,mae,0.7517061233520508
noised_data,46,1,0.5,P,mae,0.5806990265846252
noised_data,47,1,0.5,P,mae,0.8352630734443665
noised_data,40,1,0.7,R,mse,0.5149776935577393
noised_data,41,1,0.7,R,mse,0.9052090048789978
noised_data,42,1,0.7,R,mse,0.6823754906654358
noised_data,43,1,0.7,R,mse,0.6650968790054321
noised_data,44,1,0.7,R,mse,0.6988427042961121
noised_data,45,1,0.7,R,mse,0.8500619530677795
noised_data,46,1,0.7,R,mse,0.47920677065849304
noised_data,47,1,0.7,R,mse,0.8792796730995178
noised_data,40,1,0.7,R,mae,0.5619127750396729
noised_data,41,1,0.7,R,mae,0.7599264979362488
noised_data,42,1,0.7,R,mae,0.6411739587783813
noised_data,43,1,0.7,R,mae,0.6264636516571045
noised_data,44,1,0.7,R,mae,0.6572074890136719
noised_data,45,1,0.7,R,mae,0.733822226524353
noised_data,46,1,0.7,R,mae,0.5279261469841003
noised_data,47,1,0.7,R,mae,0.7504580020904541
noised_data,40,1,0.7,P,mse,0.5093768239021301
noised_data,41,1,0.7,P,mse,0.8904855847358704
noised_data,42,1,0.7,P,mse,0.6654677391052246
noised_data,43,1,0.7,P,mse,0.6343716382980347
noised_data,44,1,0.7,P,mse,0.7639361619949341
noised_data,45,1,0.7,P,mse,0.8026242256164551
noised_data,46,1,0.7,P,mse,0.5334880948066711
noised_data,47,1,0.7,P,mse,0.8764562606811523
noised_data,40,1,0.7,P,mae,0.5567528009414673
noised_data,41,1,0.7,P,mae,0.7604830265045166
noised_data,42,1,0.7,P,mae,0.6280098557472229
noised_data,43,1,0.7,P,mae,0.6014467477798462
noised_data,44,1,0.7,P,mae,0.6862019300460815
noised_data,45,1,0.7,P,mae,0.71433424949646
noised_data,46,1,0.7,P,mae,0.5490900278091431
noised_data,47,1,0.7,P,mae,0.7526431083679199
noised_data,40,1,0.85,R,mse,0.48612159490585327
noised_data,41,1,0.85,R,mse,0.7859519720077515
noised_data,42,1,0.85,R,mse,0.5933598875999451
noised_data,43,1,0.85,R,mse,0.648698627948761
noised_data,44,1,0.85,R,mse,0.7110845446586609
noised_data,45,1,0.85,R,mse,0.6702880859375
noised_data,46,1,0.85,R,mse,0.4722653925418854
noised_data,47,1,0.85,R,mse,0.7389406561851501
noised_data,40,1,0.85,R,mae,0.5534164905548096
noised_data,41,1,0.85,R,mae,0.712379515171051
noised_data,42,1,0.85,R,mae,0.6011128425598145
noised_data,43,1,0.85,R,mae,0.6197707653045654
noised_data,44,1,0.85,R,mae,0.6741572618484497
noised_data,45,1,0.85,R,mae,0.6568535566329956
noised_data,46,1,0.85,R,mae,0.5272731184959412
noised_data,47,1,0.85,R,mae,0.6809036731719971
noised_data,40,1,0.85,P,mse,0.46207955479621887
noised_data,41,1,0.85,P,mse,0.7645033597946167
noised_data,42,1,0.85,P,mse,0.5737778544425964
noised_data,43,1,0.85,P,mse,0.5834323167800903
noised_data,44,1,0.85,P,mse,0.7797093391418457
noised_data,45,1,0.85,P,mse,0.6363296508789062
noised_data,46,1,0.85,P,mse,0.5051881074905396
noised_data,47,1,0.85,P,mse,0.725509524345398
noised_data,40,1,0.85,P,mae,0.5396262407302856
noised_data,41,1,0.85,P,mae,0.7062835097312927
noised_data,42,1,0.85,P,mae,0.5766125917434692
noised_data,43,1,0.85,P,mae,0.594179630279541
noised_data,44,1,0.85,P,mae,0.6929744482040405
noised_data,45,1,0.85,P,mae,0.6390493512153625
noised_data,46,1,0.85,P,mae,0.546441912651062
noised_data,47,1,0.85,P,mae,0.6832099556922913
noised_data,40,1,0.95,R,mse,0.6185095310211182
noised_data,41,1,0.95,R,mse,0.6825317740440369
noised_data,42,1,0.95,R,mse,0.5178567171096802
noised_data,43,1,0.95,R,mse,0.5889235138893127
noised_data,44,1,0.95,R,mse,0.9088844060897827
noised_data,45,1,0.95,R,mse,0.5884506106376648
noised_data,46,1,0.95,R,mse,0.8475322723388672
noised_data,47,1,0.95,R,mse,0.6363903880119324
noised_data,40,1,0.95,R,mae,0.6479071974754333
noised_data,41,1,0.95,R,mae,0.6612967252731323
noised_data,42,1,0.95,R,mae,0.5603702068328857
noised_data,43,1,0.95,R,mae,0.5950878858566284
noised_data,44,1,0.95,R,mae,0.7752714157104492
noised_data,45,1,0.95,R,mae,0.6186445951461792
noised_data,46,1,0.95,R,mae,0.7364155054092407
noised_data,47,1,0.95,R,mae,0.6292933225631714
noised_data,40,1,0.95,P,mse,0.586151659488678
noised_data,41,1,0.95,P,mse,0.6903064846992493
noised_data,42,1,0.95,P,mse,0.4949725866317749
noised_data,43,1,0.95,P,mse,0.52564537525177
noised_data,44,1,0.95,P,mse,0.9912837743759155
noised_data,45,1,0.95,P,mse,0.571901798248291
noised_data,46,1,0.95,P,mse,0.8250946402549744
noised_data,47,1,0.95,P,mse,0.6182899475097656
noised_data,40,1,0.95,P,mae,0.6249410510063171
noised_data,41,1,0.95,P,mae,0.6659712791442871
noised_data,42,1,0.95,P,mae,0.5355392098426819
noised_data,43,1,0.95,P,mae,0.5755376219749451
noised_data,44,1,0.95,P,mae,0.8000075817108154
noised_data,45,1,0.95,P,mae,0.6100484728813171
noised_data,46,1,0.95,P,mae,0.724424421787262
noised_data,47,1,0.95,P,mae,0.6288343667984009
noised_data,48,0,0.05,R,mse,1.0650720596313477
noised_data,49,0,0.05,R,mse,1.050254464149475
noised_data,50,0,0.05,R,mse,0.6624356508255005
noised_data,51,0,0.05,R,mse,1.043607473373413
noised_data,52,0,0.05,R,mse,1.0430318117141724
noised_data,53,0,0.05,R,mse,0.9808937907218933
noised_data,54,0,0.05,R,mse,1.0471022129058838
noised_data,55,0,0.05,R,mse,1.0854014158248901
noised_data,48,0,0.05,R,mae,0.820993185043335
noised_data,49,0,0.05,R,mae,0.819817066192627
noised_data,50,0,0.05,R,mae,0.5834590792655945
noised_data,51,0,0.05,R,mae,0.8195456862449646
noised_data,52,0,0.05,R,mae,0.8073925375938416
noised_data,53,0,0.05,R,mae,0.7894948720932007
noised_data,54,0,0.05,R,mae,0.8205082416534424
noised_data,55,0,0.05,R,mae,0.8277587890625
noised_data,48,0,0.05,P,mse,1.0568578243255615
noised_data,49,0,0.05,P,mse,0.9444564580917358
noised_data,50,0,0.05,P,mse,0.7526262998580933
noised_data,51,0,0.05,P,mse,1.0650889873504639
noised_data,52,0,0.05,P,mse,1.0363236665725708
noised_data,53,0,0.05,P,mse,0.9418853521347046
noised_data,54,0,0.05,P,mse,1.0700651407241821
noised_data,55,0,0.05,P,mse,0.9470946192741394
noised_data,48,0,0.05,P,mae,0.820022463798523
noised_data,49,0,0.05,P,mae,0.7799309492111206
noised_data,50,0,0.05,P,mae,0.649357795715332
noised_data,51,0,0.05,P,mae,0.8284409046173096
noised_data,52,0,0.05,P,mae,0.8065418601036072
noised_data,53,0,0.05,P,mae,0.7709643840789795
noised_data,54,0,0.05,P,mae,0.8217086791992188
noised_data,55,0,0.05,P,mae,0.7685098052024841
noised_data,48,0,0.15,R,mse,0.9718624949455261
noised_data,49,0,0.15,R,mse,0.9707022905349731
noised_data,50,0,0.15,R,mse,0.5904929637908936
noised_data,51,0,0.15,R,mse,1.0322201251983643
noised_data,52,0,0.15,R,mse,0.9741607904434204
noised_data,53,0,0.15,R,mse,0.8189988136291504
noised_data,54,0,0.15,R,mse,1.0482510328292847
noised_data,55,0,0.15,R,mse,0.9132775068283081
noised_data,48,0,0.15,R,mae,0.7847541570663452
noised_data,49,0,0.15,R,mae,0.7841248512268066
noised_data,50,0,0.15,R,mae,0.5167011022567749
noised_data,51,0,0.15,R,mae,0.8080018758773804
noised_data,52,0,0.15,R,mae,0.7759033441543579
noised_data,53,0,0.15,R,mae,0.7145734429359436
noised_data,54,0,0.15,R,mae,0.8187487721443176
noised_data,55,0,0.15,R,mae,0.7488783597946167
noised_data,48,0,0.15,P,mse,0.9857559204101562
noised_data,49,0,0.15,P,mse,0.873741090297699
noised_data,50,0,0.15,P,mse,0.6448867321014404
noised_data,51,0,0.15,P,mse,1.0891157388687134
noised_data,52,0,0.15,P,mse,0.9992209672927856
noised_data,53,0,0.15,P,mse,0.7712906002998352
noised_data,54,0,0.15,P,mse,1.0878474712371826
noised_data,55,0,0.15,P,mse,0.8240001797676086
noised_data,48,0,0.15,P,mae,0.7917194962501526
noised_data,49,0,0.15,P,mae,0.7423139810562134
noised_data,50,0,0.15,P,mae,0.5688178539276123
noised_data,51,0,0.15,P,mae,0.8398028612136841
noised_data,52,0,0.15,P,mae,0.7882799506187439
noised_data,53,0,0.15,P,mae,0.695030152797699
noised_data,54,0,0.15,P,mae,0.8280814290046692
noised_data,55,0,0.15,P,mae,0.7147247791290283
noised_data,48,0,0.3,R,mse,0.9189950227737427
noised_data,49,0,0.3,R,mse,0.9337308406829834
noised_data,50,0,0.3,R,mse,0.5842700004577637
noised_data,51,0,0.3,R,mse,1.0125443935394287
noised_data,52,0,0.3,R,mse,0.9065744876861572
noised_data,53,0,0.3,R,mse,0.663970947265625
noised_data,54,0,0.3,R,mse,1.0503896474838257
noised_data,55,0,0.3,R,mse,0.7446388006210327
noised_data,48,0,0.3,R,mae,0.7571380138397217
noised_data,49,0,0.3,R,mae,0.757696270942688
noised_data,50,0,0.3,R,mae,0.5015583038330078
noised_data,51,0,0.3,R,mae,0.7973712086677551
noised_data,52,0,0.3,R,mae,0.733924388885498
noised_data,53,0,0.3,R,mae,0.6258188486099243
noised_data,54,0,0.3,R,mae,0.8090007305145264
noised_data,55,0,0.3,R,mae,0.6576665639877319
noised_data,48,0,0.3,P,mse,0.9407647848129272
noised_data,49,0,0.3,P,mse,0.853003978729248
noised_data,50,0,0.3,P,mse,0.6431236267089844
noised_data,51,0,0.3,P,mse,1.0263409614562988
noised_data,52,0,0.3,P,mse,0.8983050584793091
noised_data,53,0,0.3,P,mse,0.6105654239654541
noised_data,54,0,0.3,P,mse,1.1178669929504395
noised_data,55,0,0.3,P,mse,0.6966961026191711
noised_data,48,0,0.3,P,mae,0.7607108354568481
noised_data,49,0,0.3,P,mae,0.7308470010757446
noised_data,50,0,0.3,P,mae,0.5563434362411499
noised_data,51,0,0.3,P,mae,0.8136578798294067
noised_data,52,0,0.3,P,mae,0.7340498566627502
noised_data,53,0,0.3,P,mae,0.6036376953125
noised_data,54,0,0.3,P,mae,0.8287329077720642
noised_data,55,0,0.3,P,mae,0.6529737710952759
noised_data,48,0,0.5,R,mse,0.8938125371932983
noised_data,49,0,0.5,R,mse,0.9034144878387451
noised_data,50,0,0.5,R,mse,0.6375924348831177
noised_data,51,0,0.5,R,mse,0.9649631977081299
noised_data,52,0,0.5,R,mse,0.7457744479179382
noised_data,53,0,0.5,R,mse,0.6333037614822388
noised_data,54,0,0.5,R,mse,0.9967696666717529
noised_data,55,0,0.5,R,mse,0.6501815319061279
noised_data,48,0,0.5,R,mae,0.7410075068473816
noised_data,49,0,0.5,R,mae,0.749100387096405
noised_data,50,0,0.5,R,mae,0.5126975178718567
noised_data,51,0,0.5,R,mae,0.779920220375061
noised_data,52,0,0.5,R,mae,0.6700205206871033
noised_data,53,0,0.5,R,mae,0.580573320388794
noised_data,54,0,0.5,R,mae,0.7909458875656128
noised_data,55,0,0.5,R,mae,0.6183480620384216
noised_data,48,0,0.5,P,mse,0.9186020493507385
noised_data,49,0,0.5,P,mse,0.8976560235023499
noised_data,50,0,0.5,P,mse,0.6655271053314209
noised_data,51,0,0.5,P,mse,0.9484682083129883
noised_data,52,0,0.5,P,mse,0.7522944211959839
noised_data,53,0,0.5,P,mse,0.5903476476669312
noised_data,54,0,0.5,P,mse,1.1004133224487305
noised_data,55,0,0.5,P,mse,0.6716377139091492
noised_data,48,0,0.5,P,mae,0.7471616268157959
noised_data,49,0,0.5,P,mae,0.7514393925666809
noised_data,50,0,0.5,P,mae,0.5475484728813171
noised_data,51,0,0.5,P,mae,0.7769212126731873
noised_data,52,0,0.5,P,mae,0.6711044907569885
noised_data,53,0,0.5,P,mae,0.5584619641304016
noised_data,54,0,0.5,P,mae,0.8247874975204468
noised_data,55,0,0.5,P,mae,0.630002498626709
noised_data,48,0,0.7,R,mse,0.7028428316116333
noised_data,49,0,0.7,R,mse,0.8205528259277344
noised_data,50,0,0.7,R,mse,0.5614371299743652
noised_data,51,0,0.7,R,mse,0.8985581398010254
noised_data,52,0,0.7,R,mse,0.5910366773605347
noised_data,53,0,0.7,R,mse,0.5982748866081238
noised_data,54,0,0.7,R,mse,0.7971147298812866
noised_data,55,0,0.7,R,mse,0.5332551002502441
noised_data,48,0,0.7,R,mae,0.6489619612693787
noised_data,49,0,0.7,R,mae,0.7154611349105835
noised_data,50,0,0.7,R,mae,0.48727181553840637
noised_data,51,0,0.7,R,mae,0.747275173664093
noised_data,52,0,0.7,R,mae,0.6064600944519043
noised_data,53,0,0.7,R,mae,0.5640723705291748
noised_data,54,0,0.7,R,mae,0.7107182741165161
noised_data,55,0,0.7,R,mae,0.552432656288147
noised_data,48,0,0.7,P,mse,0.7261804342269897
noised_data,49,0,0.7,P,mse,0.8148210048675537
noised_data,50,0,0.7,P,mse,0.601550817489624
noised_data,51,0,0.7,P,mse,0.7863327264785767
noised_data,52,0,0.7,P,mse,0.5660375356674194
noised_data,53,0,0.7,P,mse,0.574006199836731
noised_data,54,0,0.7,P,mse,0.891059160232544
noised_data,55,0,0.7,P,mse,0.600069522857666
noised_data,48,0,0.7,P,mae,0.6635745763778687
noised_data,49,0,0.7,P,mae,0.714580774307251
noised_data,50,0,0.7,P,mae,0.5300113558769226
noised_data,51,0,0.7,P,mae,0.6944911479949951
noised_data,52,0,0.7,P,mae,0.5863552689552307
noised_data,53,0,0.7,P,mae,0.5381289720535278
noised_data,54,0,0.7,P,mae,0.7523359060287476
noised_data,55,0,0.7,P,mae,0.5916191339492798
noised_data,48,0,0.85,R,mse,0.559073805809021
noised_data,49,0,0.85,R,mse,0.6738648414611816
noised_data,50,0,0.85,R,mse,0.4800630509853363
noised_data,51,0,0.85,R,mse,0.8273428678512573
noised_data,52,0,0.85,R,mse,0.5169141888618469
noised_data,53,0,0.85,R,mse,0.6184417605400085
noised_data,54,0,0.85,R,mse,0.6672359704971313
noised_data,55,0,0.85,R,mse,0.5753697156906128
noised_data,48,0,0.85,R,mae,0.5797830820083618
noised_data,49,0,0.85,R,mae,0.6510970592498779
noised_data,50,0,0.85,R,mae,0.4555942416191101
noised_data,51,0,0.85,R,mae,0.7052167057991028
noised_data,52,0,0.85,R,mae,0.566966712474823
noised_data,53,0,0.85,R,mae,0.5915514230728149
noised_data,54,0,0.85,R,mae,0.6545464992523193
noised_data,55,0,0.85,R,mae,0.5709355473518372
noised_data,48,0,0.85,P,mse,0.5885710716247559
noised_data,49,0,0.85,P,mse,0.6732302308082581
noised_data,50,0,0.85,P,mse,0.5406646728515625
noised_data,51,0,0.85,P,mse,0.680261492729187
noised_data,52,0,0.85,P,mse,0.46675682067871094
noised_data,53,0,0.85,P,mse,0.6319870352745056
noised_data,54,0,0.85,P,mse,0.7552557587623596
noised_data,55,0,0.85,P,mse,0.6323856711387634
noised_data,48,0,0.85,P,mae,0.5962385535240173
noised_data,49,0,0.85,P,mae,0.6484187841415405
noised_data,50,0,0.85,P,mae,0.5143189430236816
noised_data,51,0,0.85,P,mae,0.6428256034851074
noised_data,52,0,0.85,P,mae,0.5405229330062866
noised_data,53,0,0.85,P,mae,0.5878438353538513
noised_data,54,0,0.85,P,mae,0.6978614926338196
noised_data,55,0,0.85,P,mae,0.6149342060089111
noised_data,48,0,0.95,R,mse,0.511211633682251
noised_data,49,0,0.95,R,mse,0.5681838393211365
noised_data,50,0,0.95,R,mse,0.4979167580604553
noised_data,51,0,0.95,R,mse,0.7559056282043457
noised_data,52,0,0.95,R,mse,0.48023557662963867
noised_data,53,0,0.95,R,mse,0.5856813192367554
noised_data,54,0,0.95,R,mse,0.594191312789917
noised_data,55,0,0.95,R,mse,0.5961414575576782
noised_data,48,0,0.95,R,mae,0.5586094856262207
noised_data,49,0,0.95,R,mae,0.5976943969726562
noised_data,50,0,0.95,R,mae,0.5369826555252075
noised_data,51,0,0.95,R,mae,0.6688846945762634
noised_data,52,0,0.95,R,mae,0.547817587852478
noised_data,53,0,0.95,R,mae,0.5887033939361572
noised_data,54,0,0.95,R,mae,0.6158252954483032
noised_data,55,0,0.95,R,mae,0.6051863431930542
noised_data,48,0,0.95,P,mse,0.5393089056015015
noised_data,49,0,0.95,P,mse,0.569206178188324
noised_data,50,0,0.95,P,mse,0.5741121768951416
noised_data,51,0,0.95,P,mse,0.6259461045265198
noised_data,52,0,0.95,P,mse,0.4354686141014099
noised_data,53,0,0.95,P,mse,0.604111909866333
noised_data,54,0,0.95,P,mse,0.669486403465271
noised_data,55,0,0.95,P,mse,0.6326882839202881
noised_data,48,0,0.95,P,mae,0.5721179246902466
noised_data,49,0,0.95,P,mae,0.5973770618438721
noised_data,50,0,0.95,P,mae,0.6106514930725098
noised_data,51,0,0.95,P,mae,0.6196945309638977
noised_data,52,0,0.95,P,mae,0.5208530426025391
noised_data,53,0,0.95,P,mae,0.5907622575759888
noised_data,54,0,0.95,P,mae,0.6510905623435974
noised_data,55,0,0.95,P,mae,0.6282114386558533
noised_data,48,1,0.05,R,mse,1.0593204498291016
noised_data,49,1,0.05,R,mse,0.9925632476806641
noised_data,50,1,0.05,R,mse,0.728725790977478
noised_data,51,1,0.05,R,mse,1.1069799661636353
noised_data,52,1,0.05,R,mse,1.0561771392822266
noised_data,53,1,0.05,R,mse,0.9874099493026733
noised_data,54,1,0.05,R,mse,1.106645941734314
noised_data,55,1,0.05,R,mse,1.0168886184692383
noised_data,48,1,0.05,R,mae,0.8181843757629395
noised_data,49,1,0.05,R,mae,0.8041009902954102
noised_data,50,1,0.05,R,mae,0.6186368465423584
noised_data,51,1,0.05,R,mae,0.8495826721191406
noised_data,52,1,0.05,R,mae,0.8189194202423096
noised_data,53,1,0.05,R,mae,0.7887803912162781
noised_data,54,1,0.05,R,mae,0.8368867635726929
noised_data,55,1,0.05,R,mae,0.7952498197555542
noised_data,48,1,0.05,P,mse,1.0589396953582764
noised_data,49,1,0.05,P,mse,1.0082252025604248
noised_data,50,1,0.05,P,mse,0.6856374740600586
noised_data,51,1,0.05,P,mse,1.0027921199798584
noised_data,52,1,0.05,P,mse,1.0249054431915283
noised_data,53,1,0.05,P,mse,0.9327375888824463
noised_data,54,1,0.05,P,mse,1.0117406845092773
noised_data,55,1,0.05,P,mse,1.0164411067962646
noised_data,48,1,0.05,P,mae,0.8234931230545044
noised_data,49,1,0.05,P,mae,0.7978814244270325
noised_data,50,1,0.05,P,mae,0.6136945486068726
noised_data,51,1,0.05,P,mae,0.7994168400764465
noised_data,52,1,0.05,P,mae,0.7961063981056213
noised_data,53,1,0.05,P,mae,0.7721865773200989
noised_data,54,1,0.05,P,mae,0.8057408332824707
noised_data,55,1,0.05,P,mae,0.8010532259941101
noised_data,48,1,0.15,R,mse,0.97632896900177
noised_data,49,1,0.15,R,mse,0.8837041854858398
noised_data,50,1,0.15,R,mse,0.6636803150177002
noised_data,51,1,0.15,R,mse,1.1019995212554932
noised_data,52,1,0.15,R,mse,1.0049771070480347
noised_data,53,1,0.15,R,mse,0.810360312461853
noised_data,54,1,0.15,R,mse,1.1154037714004517
noised_data,55,1,0.15,R,mse,0.8611202239990234
noised_data,48,1,0.15,R,mae,0.7895166873931885
noised_data,49,1,0.15,R,mae,0.7491278648376465
noised_data,50,1,0.15,R,mae,0.5577161908149719
noised_data,51,1,0.15,R,mae,0.8425463438034058
noised_data,52,1,0.15,R,mae,0.7893384695053101
noised_data,53,1,0.15,R,mae,0.7125259637832642
noised_data,54,1,0.15,R,mae,0.8377100825309753
noised_data,55,1,0.15,R,mae,0.7291775941848755
noised_data,48,1,0.15,P,mse,0.983041524887085
noised_data,49,1,0.15,P,mse,0.9525109529495239
noised_data,50,1,0.15,P,mse,0.5706391334533691
noised_data,51,1,0.15,P,mse,1.0152955055236816
noised_data,52,1,0.15,P,mse,0.9582499265670776
noised_data,53,1,0.15,P,mse,0.7690944075584412
noised_data,54,1,0.15,P,mse,1.028716802597046
noised_data,55,1,0.15,P,mse,0.872936487197876
noised_data,48,1,0.15,P,mae,0.7892388105392456
noised_data,49,1,0.15,P,mae,0.7757347822189331
noised_data,50,1,0.15,P,mae,0.5268909931182861
noised_data,51,1,0.15,P,mae,0.8024244904518127
noised_data,52,1,0.15,P,mae,0.7716180086135864
noised_data,53,1,0.15,P,mae,0.6941148042678833
noised_data,54,1,0.15,P,mae,0.8122991323471069
noised_data,55,1,0.15,P,mae,0.7325479388237
noised_data,48,1,0.3,R,mse,0.9281383752822876
noised_data,49,1,0.3,R,mse,0.8468917608261108
noised_data,50,1,0.3,R,mse,0.6380323171615601
noised_data,51,1,0.3,R,mse,1.0345436334609985
noised_data,52,1,0.3,R,mse,0.9044341444969177
noised_data,53,1,0.3,R,mse,0.6519787907600403
noised_data,54,1,0.3,R,mse,1.1262409687042236
noised_data,55,1,0.3,R,mse,0.7173210382461548
noised_data,48,1,0.3,R,mae,0.7626011371612549
noised_data,49,1,0.3,R,mae,0.7194977402687073
noised_data,50,1,0.3,R,mae,0.53583824634552
noised_data,51,1,0.3,R,mae,0.8122667074203491
noised_data,52,1,0.3,R,mae,0.7404943704605103
noised_data,53,1,0.3,R,mae,0.6225221157073975
noised_data,54,1,0.3,R,mae,0.8285838961601257
noised_data,55,1,0.3,R,mae,0.6518391966819763
noised_data,48,1,0.3,P,mse,0.9345232844352722
noised_data,49,1,0.3,P,mse,0.9347528219223022
noised_data,50,1,0.3,P,mse,0.5893919467926025
noised_data,51,1,0.3,P,mse,1.0147099494934082
noised_data,52,1,0.3,P,mse,0.8894888758659363
noised_data,53,1,0.3,P,mse,0.6175810694694519
noised_data,54,1,0.3,P,mse,1.0407713651657104
noised_data,55,1,0.3,P,mse,0.719281017780304
noised_data,48,1,0.3,P,mae,0.7565368413925171
noised_data,49,1,0.3,P,mae,0.7675506472587585
noised_data,50,1,0.3,P,mae,0.516823410987854
noised_data,51,1,0.3,P,mae,0.803364634513855
noised_data,52,1,0.3,P,mae,0.7247143387794495
noised_data,53,1,0.3,P,mae,0.6043685078620911
noised_data,54,1,0.3,P,mae,0.8070861101150513
noised_data,55,1,0.3,P,mae,0.6550387144088745
noised_data,48,1,0.5,R,mse,0.900077223777771
noised_data,49,1,0.5,R,mse,0.9392516016960144
noised_data,50,1,0.5,R,mse,0.6793878078460693
noised_data,51,1,0.5,R,mse,0.9521811604499817
noised_data,52,1,0.5,R,mse,0.7500194311141968
noised_data,53,1,0.5,R,mse,0.6349862813949585
noised_data,54,1,0.5,R,mse,1.0878804922103882
noised_data,55,1,0.5,R,mse,0.671658456325531
noised_data,48,1,0.5,R,mae,0.745559811592102
noised_data,49,1,0.5,R,mae,0.7614935636520386
noised_data,50,1,0.5,R,mae,0.5375559329986572
noised_data,51,1,0.5,R,mae,0.7739189863204956
noised_data,52,1,0.5,R,mae,0.6786887645721436
noised_data,53,1,0.5,R,mae,0.576365053653717
noised_data,54,1,0.5,R,mae,0.8167575597763062
noised_data,55,1,0.5,R,mae,0.6306920051574707
noised_data,48,1,0.5,P,mse,0.9202654957771301
noised_data,49,1,0.5,P,mse,0.883663535118103
noised_data,50,1,0.5,P,mse,0.6259317398071289
noised_data,51,1,0.5,P,mse,0.9470425844192505
noised_data,52,1,0.5,P,mse,0.7598732113838196
noised_data,53,1,0.5,P,mse,0.5787277817726135
noised_data,54,1,0.5,P,mse,1.0039262771606445
noised_data,55,1,0.5,P,mse,0.6457709074020386
noised_data,48,1,0.5,P,mae,0.747282862663269
noised_data,49,1,0.5,P,mae,0.7475978136062622
noised_data,50,1,0.5,P,mae,0.5208317637443542
noised_data,51,1,0.5,P,mae,0.7765631079673767
noised_data,52,1,0.5,P,mae,0.6670488715171814
noised_data,53,1,0.5,P,mae,0.5620914697647095
noised_data,54,1,0.5,P,mae,0.7952800989151001
noised_data,55,1,0.5,P,mae,0.6163302659988403
noised_data,48,1,0.7,R,mse,0.716590166091919
noised_data,49,1,0.7,R,mse,0.8337153196334839
noised_data,50,1,0.7,R,mse,0.6028742790222168
noised_data,51,1,0.7,R,mse,0.8171277642250061
noised_data,52,1,0.7,R,mse,0.5956291556358337
noised_data,53,1,0.7,R,mse,0.6397766470909119
noised_data,54,1,0.7,R,mse,0.8480676412582397
noised_data,55,1,0.7,R,mse,0.5634904503822327
noised_data,48,1,0.7,R,mae,0.6576147675514221
noised_data,49,1,0.7,R,mae,0.7207094430923462
noised_data,50,1,0.7,R,mae,0.5119822025299072
noised_data,51,1,0.7,R,mae,0.7102810740470886
noised_data,52,1,0.7,R,mae,0.6135913133621216
noised_data,53,1,0.7,R,mae,0.568929135799408
noised_data,54,1,0.7,R,mae,0.7306951284408569
noised_data,55,1,0.7,R,mae,0.570234477519989
noised_data,48,1,0.7,P,mse,0.7098656296730042
noised_data,49,1,0.7,P,mse,0.7984610199928284
noised_data,50,1,0.7,P,mse,0.574750542640686
noised_data,51,1,0.7,P,mse,0.8643527030944824
noised_data,52,1,0.7,P,mse,0.5592390298843384
noised_data,53,1,0.7,P,mse,0.5228941440582275
noised_data,54,1,0.7,P,mse,0.8329694867134094
noised_data,55,1,0.7,P,mse,0.5535898208618164
noised_data,48,1,0.7,P,mae,0.6543232202529907
noised_data,49,1,0.7,P,mae,0.7074605226516724
noised_data,50,1,0.7,P,mae,0.5077107548713684
noised_data,51,1,0.7,P,mae,0.7297590374946594
noised_data,52,1,0.7,P,mae,0.5778651237487793
noised_data,53,1,0.7,P,mae,0.5293844938278198
noised_data,54,1,0.7,P,mae,0.7291766405105591
noised_data,55,1,0.7,P,mae,0.567697286605835
noised_data,48,1,0.85,R,mse,0.576394259929657
noised_data,49,1,0.85,R,mse,0.6759181618690491
noised_data,50,1,0.85,R,mse,0.5166170001029968
noised_data,51,1,0.85,R,mse,0.7640954256057739
noised_data,52,1,0.85,R,mse,0.5132068395614624
noised_data,53,1,0.85,R,mse,0.6926748752593994
noised_data,54,1,0.85,R,mse,0.6814490556716919
noised_data,55,1,0.85,R,mse,0.6214268803596497
noised_data,48,1,0.85,R,mae,0.590416431427002
noised_data,49,1,0.85,R,mae,0.6510357856750488
noised_data,50,1,0.85,R,mae,0.4840388298034668
noised_data,51,1,0.85,R,mae,0.6745370626449585
noised_data,52,1,0.85,R,mae,0.5657260417938232
noised_data,53,1,0.85,R,mae,0.6105701327323914
noised_data,54,1,0.85,R,mae,0.6619974374771118
noised_data,55,1,0.85,R,mae,0.5889992117881775
noised_data,48,1,0.85,P,mse,0.5699772834777832
noised_data,49,1,0.85,P,mse,0.6709043979644775
noised_data,50,1,0.85,P,mse,0.5045337677001953
noised_data,51,1,0.85,P,mse,0.7455761432647705
noised_data,52,1,0.85,P,mse,0.4663853943347931
noised_data,53,1,0.85,P,mse,0.5571706295013428
noised_data,54,1,0.85,P,mse,0.7285299301147461
noised_data,55,1,0.85,P,mse,0.5814749002456665
noised_data,48,1,0.85,P,mae,0.585135281085968
noised_data,49,1,0.85,P,mae,0.6482208967208862
noised_data,50,1,0.85,P,mae,0.4879036545753479
noised_data,51,1,0.85,P,mae,0.6741290092468262
noised_data,52,1,0.85,P,mae,0.5392111539840698
noised_data,53,1,0.85,P,mae,0.567705512046814
noised_data,54,1,0.85,P,mae,0.6851142048835754
noised_data,55,1,0.85,P,mae,0.5926663279533386
noised_data,48,1,0.95,R,mse,0.5342200398445129
noised_data,49,1,0.95,R,mse,0.5649340748786926
noised_data,50,1,0.95,R,mse,0.5283560156822205
noised_data,51,1,0.95,R,mse,0.7099355459213257
noised_data,52,1,0.95,R,mse,0.47389137744903564
noised_data,53,1,0.95,R,mse,0.6541789770126343
noised_data,54,1,0.95,R,mse,0.5985622406005859
noised_data,55,1,0.95,R,mse,0.6344871520996094
noised_data,48,1,0.95,R,mae,0.5703043937683105
noised_data,49,1,0.95,R,mae,0.5964352488517761
noised_data,50,1,0.95,R,mae,0.5623793601989746
noised_data,51,1,0.95,R,mae,0.6508601903915405
noised_data,52,1,0.95,R,mae,0.5442640781402588
noised_data,53,1,0.95,R,mae,0.6095268726348877
noised_data,54,1,0.95,R,mae,0.617368757724762
noised_data,55,1,0.95,R,mae,0.6231277585029602
noised_data,48,1,0.95,P,mse,0.5159317851066589
noised_data,49,1,0.95,P,mse,0.573151171207428
noised_data,50,1,0.95,P,mse,0.5443084836006165
noised_data,51,1,0.95,P,mse,0.6728110313415527
noised_data,52,1,0.95,P,mse,0.4403741955757141
noised_data,53,1,0.95,P,mse,0.536941409111023
noised_data,54,1,0.95,P,mse,0.664528489112854
noised_data,55,1,0.95,P,mse,0.5942506790161133
noised_data,48,1,0.95,P,mae,0.5603283643722534
noised_data,49,1,0.95,P,mae,0.599087119102478
noised_data,50,1,0.95,P,mae,0.5846507549285889
noised_data,51,1,0.95,P,mae,0.6380635499954224
noised_data,52,1,0.95,P,mae,0.5231865644454956
noised_data,53,1,0.95,P,mae,0.5710545778274536
noised_data,54,1,0.95,P,mae,0.6490795612335205
noised_data,55,1,0.95,P,mae,0.6109305024147034
noised_data,56,0,0.05,R,mse,0.9976993203163147
noised_data,57,0,0.05,R,mse,0.9491171836853027
noised_data,58,0,0.05,R,mse,1.0789010524749756
noised_data,59,0,0.05,R,mse,1.0291892290115356
noised_data,60,0,0.05,R,mse,0.9606508612632751
noised_data,61,0,0.05,R,mse,0.8531187772750854
noised_data,62,0,0.05,R,mse,1.0106278657913208
noised_data,63,0,0.05,R,mse,1.0097310543060303
noised_data,56,0,0.05,R,mae,0.7893968820571899
noised_data,57,0,0.05,R,mae,0.7703558206558228
noised_data,58,0,0.05,R,mae,0.8345996737480164
noised_data,59,0,0.05,R,mae,0.8054001331329346
noised_data,60,0,0.05,R,mae,0.766653835773468
noised_data,61,0,0.05,R,mae,0.7291245460510254
noised_data,62,0,0.05,R,mae,0.8040502667427063
noised_data,63,0,0.05,R,mae,0.7917380332946777
noised_data,56,0,0.05,P,mse,1.0206522941589355
noised_data,57,0,0.05,P,mse,0.9148555397987366
noised_data,58,0,0.05,P,mse,1.1140329837799072
noised_data,59,0,0.05,P,mse,1.07115638256073
noised_data,60,0,0.05,P,mse,0.9144538044929504
noised_data,61,0,0.05,P,mse,0.8777496814727783
noised_data,62,0,0.05,P,mse,1.0549824237823486
noised_data,63,0,0.05,P,mse,1.027256727218628
noised_data,56,0,0.05,P,mae,0.8048849105834961
noised_data,57,0,0.05,P,mae,0.7621990442276001
noised_data,58,0,0.05,P,mae,0.8415368795394897
noised_data,59,0,0.05,P,mae,0.8310947418212891
noised_data,60,0,0.05,P,mae,0.7408795356750488
noised_data,61,0,0.05,P,mae,0.753934383392334
noised_data,62,0,0.05,P,mae,0.8223060369491577
noised_data,63,0,0.05,P,mae,0.8052124977111816
noised_data,56,0,0.15,R,mse,0.9150757789611816
noised_data,57,0,0.15,R,mse,0.7581943273544312
noised_data,58,0,0.15,R,mse,1.0934343338012695
noised_data,59,0,0.15,R,mse,0.9370457530021667
noised_data,60,0,0.15,R,mse,0.8143021464347839
noised_data,61,0,0.15,R,mse,0.6146343946456909
noised_data,62,0,0.15,R,mse,0.9422214031219482
noised_data,63,0,0.15,R,mse,0.9057837724685669
noised_data,56,0,0.15,R,mae,0.7519118189811707
noised_data,57,0,0.15,R,mae,0.6834855079650879
noised_data,58,0,0.15,R,mae,0.8385879397392273
noised_data,59,0,0.15,R,mae,0.7665278911590576
noised_data,60,0,0.15,R,mae,0.69640052318573
noised_data,61,0,0.15,R,mae,0.6138620376586914
noised_data,62,0,0.15,R,mae,0.7727330327033997
noised_data,63,0,0.15,R,mae,0.7432534098625183
noised_data,56,0,0.15,P,mse,0.926676869392395
noised_data,57,0,0.15,P,mse,0.7080581188201904
noised_data,58,0,0.15,P,mse,1.1553003787994385
noised_data,59,0,0.15,P,mse,0.9848880767822266
noised_data,60,0,0.15,P,mse,0.7614149451255798
noised_data,61,0,0.15,P,mse,0.6056751608848572
noised_data,62,0,0.15,P,mse,0.9946232438087463
noised_data,63,0,0.15,P,mse,0.8814122676849365
noised_data,56,0,0.15,P,mae,0.764776349067688
noised_data,57,0,0.15,P,mae,0.657071590423584
noised_data,58,0,0.15,P,mae,0.8569083213806152
noised_data,59,0,0.15,P,mae,0.7932454347610474
noised_data,60,0,0.15,P,mae,0.6643316745758057
noised_data,61,0,0.15,P,mae,0.6106659173965454
noised_data,62,0,0.15,P,mae,0.7878315448760986
noised_data,63,0,0.15,P,mae,0.7391982078552246
noised_data,56,0,0.3,R,mse,0.8821516633033752
noised_data,57,0,0.3,R,mse,0.6126503348350525
noised_data,58,0,0.3,R,mse,1.0613800287246704
noised_data,59,0,0.3,R,mse,0.8464009761810303
noised_data,60,0,0.3,R,mse,0.6470415592193604
noised_data,61,0,0.3,R,mse,0.5123326778411865
noised_data,62,0,0.3,R,mse,0.9173660278320312
noised_data,63,0,0.3,R,mse,0.8277583122253418
noised_data,56,0,0.3,R,mae,0.7292579412460327
noised_data,57,0,0.3,R,mae,0.5912208557128906
noised_data,58,0,0.3,R,mae,0.8180472254753113
noised_data,59,0,0.3,R,mae,0.7237666845321655
noised_data,60,0,0.3,R,mae,0.6214698553085327
noised_data,61,0,0.3,R,mae,0.537695050239563
noised_data,62,0,0.3,R,mae,0.7538695335388184
noised_data,63,0,0.3,R,mae,0.7027114033699036
noised_data,56,0,0.3,P,mse,0.858010470867157
noised_data,57,0,0.3,P,mse,0.6067624092102051
noised_data,58,0,0.3,P,mse,1.166395664215088
noised_data,59,0,0.3,P,mse,0.8805246353149414
noised_data,60,0,0.3,P,mse,0.6083093881607056
noised_data,61,0,0.3,P,mse,0.5072124004364014
noised_data,62,0,0.3,P,mse,0.9202355146408081
noised_data,63,0,0.3,P,mse,0.758735179901123
noised_data,56,0,0.3,P,mae,0.727709949016571
noised_data,57,0,0.3,P,mae,0.5846173763275146
noised_data,58,0,0.3,P,mae,0.8660085201263428
noised_data,59,0,0.3,P,mae,0.7450235486030579
noised_data,60,0,0.3,P,mae,0.5899108648300171
noised_data,61,0,0.3,P,mae,0.5444021821022034
noised_data,62,0,0.3,P,mae,0.7531030774116516
noised_data,63,0,0.3,P,mae,0.6742980480194092
noised_data,56,0,0.5,R,mse,0.8326060771942139
noised_data,57,0,0.5,R,mse,0.5633065700531006
noised_data,58,0,0.5,R,mse,0.9264230728149414
noised_data,59,0,0.5,R,mse,0.7987086176872253
noised_data,60,0,0.5,R,mse,0.5194809436798096
noised_data,61,0,0.5,R,mse,0.528600811958313
noised_data,62,0,0.5,R,mse,0.80397629737854
noised_data,63,0,0.5,R,mse,0.6842072010040283
noised_data,56,0,0.5,R,mae,0.702130138874054
noised_data,57,0,0.5,R,mae,0.5441217422485352
noised_data,58,0,0.5,R,mae,0.7613303065299988
noised_data,59,0,0.5,R,mae,0.7042837142944336
noised_data,60,0,0.5,R,mae,0.5505031943321228
noised_data,61,0,0.5,R,mae,0.524925947189331
noised_data,62,0,0.5,R,mae,0.7121773958206177
noised_data,63,0,0.5,R,mae,0.6380969882011414
noised_data,56,0,0.5,P,mse,0.8036482334136963
noised_data,57,0,0.5,P,mse,0.5862712860107422
noised_data,58,0,0.5,P,mse,1.0269056558609009
noised_data,59,0,0.5,P,mse,0.8278553485870361
noised_data,60,0,0.5,P,mse,0.4954860210418701
noised_data,61,0,0.5,P,mse,0.5103458762168884
noised_data,62,0,0.5,P,mse,0.8231379985809326
noised_data,63,0,0.5,P,mse,0.6681114435195923
noised_data,56,0,0.5,P,mae,0.7044038772583008
noised_data,57,0,0.5,P,mae,0.5571668744087219
noised_data,58,0,0.5,P,mae,0.8070452809333801
noised_data,59,0,0.5,P,mae,0.7160326242446899
noised_data,60,0,0.5,P,mae,0.5258063673973083
noised_data,61,0,0.5,P,mae,0.5320699214935303
noised_data,62,0,0.5,P,mae,0.7139694094657898
noised_data,63,0,0.5,P,mae,0.628167986869812
noised_data,56,0,0.7,R,mse,0.7855095267295837
noised_data,57,0,0.7,R,mse,0.5979721546173096
noised_data,58,0,0.7,R,mse,0.7322390675544739
noised_data,59,0,0.7,R,mse,0.7329279184341431
noised_data,60,0,0.7,R,mse,0.45061904191970825
noised_data,61,0,0.7,R,mse,0.5668479204177856
noised_data,62,0,0.7,R,mse,0.6218270659446716
noised_data,63,0,0.7,R,mse,0.585645854473114
noised_data,56,0,0.7,R,mae,0.6931480169296265
noised_data,57,0,0.7,R,mae,0.5685988664627075
noised_data,58,0,0.7,R,mae,0.6847071051597595
noised_data,59,0,0.7,R,mae,0.6785233020782471
noised_data,60,0,0.7,R,mae,0.508301854133606
noised_data,61,0,0.7,R,mae,0.5610847473144531
noised_data,62,0,0.7,R,mae,0.6257727146148682
noised_data,63,0,0.7,R,mae,0.585945725440979
noised_data,56,0,0.7,P,mse,0.7476329207420349
noised_data,57,0,0.7,P,mse,0.5563583970069885
noised_data,58,0,0.7,P,mse,0.7967156171798706
noised_data,59,0,0.7,P,mse,0.7101455926895142
noised_data,60,0,0.7,P,mse,0.4497920870780945
noised_data,61,0,0.7,P,mse,0.5168235301971436
noised_data,62,0,0.7,P,mse,0.6389466524124146
noised_data,63,0,0.7,P,mse,0.6646925210952759
noised_data,56,0,0.7,P,mae,0.6861222982406616
noised_data,57,0,0.7,P,mae,0.5533504486083984
noised_data,58,0,0.7,P,mae,0.7043514251708984
noised_data,59,0,0.7,P,mae,0.6678704619407654
noised_data,60,0,0.7,P,mae,0.48433762788772583
noised_data,61,0,0.7,P,mae,0.5499012470245361
noised_data,62,0,0.7,P,mae,0.6339791417121887
noised_data,63,0,0.7,P,mae,0.6249322891235352
noised_data,56,0,0.85,R,mse,0.7594518661499023
noised_data,57,0,0.85,R,mse,0.5864611864089966
noised_data,58,0,0.85,R,mse,0.6368237733840942
noised_data,59,0,0.85,R,mse,0.7607200145721436
noised_data,60,0,0.85,R,mse,0.44955331087112427
noised_data,61,0,0.85,R,mse,0.7253466844558716
noised_data,62,0,0.85,R,mse,0.5319539904594421
noised_data,63,0,0.85,R,mse,0.6356165409088135
noised_data,56,0,0.85,R,mae,0.6819376945495605
noised_data,57,0,0.85,R,mae,0.5838172435760498
noised_data,58,0,0.85,R,mae,0.6428518295288086
noised_data,59,0,0.85,R,mae,0.6868489384651184
noised_data,60,0,0.85,R,mae,0.49936190247535706
noised_data,61,0,0.85,R,mae,0.6626081466674805
noised_data,62,0,0.85,R,mae,0.576795756816864
noised_data,63,0,0.85,R,mae,0.6270886659622192
noised_data,56,0,0.85,P,mse,0.7554256916046143
noised_data,57,0,0.85,P,mse,0.5752842426300049
noised_data,58,0,0.85,P,mse,0.6802834272384644
noised_data,59,0,0.85,P,mse,0.6389124393463135
noised_data,60,0,0.85,P,mse,0.40563344955444336
noised_data,61,0,0.85,P,mse,0.5643103122711182
noised_data,62,0,0.85,P,mse,0.5822842717170715
noised_data,63,0,0.85,P,mse,0.7438361644744873
noised_data,56,0,0.85,P,mae,0.6983304023742676
noised_data,57,0,0.85,P,mae,0.5882105827331543
noised_data,58,0,0.85,P,mae,0.6488882899284363
noised_data,59,0,0.85,P,mae,0.625816285610199
noised_data,60,0,0.85,P,mae,0.46595877408981323
noised_data,61,0,0.85,P,mae,0.6043013334274292
noised_data,62,0,0.85,P,mae,0.5958454608917236
noised_data,63,0,0.85,P,mae,0.6716088056564331
noised_data,56,0,0.95,R,mse,0.6986269950866699
noised_data,57,0,0.95,R,mse,0.5914387702941895
noised_data,58,0,0.95,R,mse,0.6102544069290161
noised_data,59,0,0.95,R,mse,0.6962170004844666
noised_data,60,0,0.95,R,mse,0.669981837272644
noised_data,61,0,0.95,R,mse,0.7850925326347351
noised_data,62,0,0.95,R,mse,0.5562906265258789
noised_data,63,0,0.95,R,mse,0.7691877484321594
noised_data,56,0,0.95,R,mae,0.6616766452789307
noised_data,57,0,0.95,R,mae,0.6000078320503235
noised_data,58,0,0.95,R,mae,0.6345221996307373
noised_data,59,0,0.95,R,mae,0.6470954418182373
noised_data,60,0,0.95,R,mae,0.6555871963500977
noised_data,61,0,0.95,R,mae,0.7335602045059204
noised_data,62,0,0.95,R,mae,0.5872223377227783
noised_data,63,0,0.95,R,mae,0.7094806432723999
noised_data,56,0,0.95,P,mse,0.6698437333106995
noised_data,57,0,0.95,P,mse,0.6014713048934937
noised_data,58,0,0.95,P,mse,0.6498143672943115
noised_data,59,0,0.95,P,mse,0.5903815627098083
noised_data,60,0,0.95,P,mse,0.6678469777107239
noised_data,61,0,0.95,P,mse,0.674129843711853
noised_data,62,0,0.95,P,mse,0.6276464462280273
noised_data,63,0,0.95,P,mse,0.8099614381790161
noised_data,56,0,0.95,P,mae,0.6621978282928467
noised_data,57,0,0.95,P,mae,0.6105786561965942
noised_data,58,0,0.95,P,mae,0.6437231302261353
noised_data,59,0,0.95,P,mae,0.6052747964859009
noised_data,60,0,0.95,P,mae,0.6656714677810669
noised_data,61,0,0.95,P,mae,0.6797400116920471
noised_data,62,0,0.95,P,mae,0.6138850450515747
noised_data,63,0,0.95,P,mae,0.7258304357528687
noised_data,56,1,0.05,R,mse,1.014014482498169
noised_data,57,1,0.05,R,mse,0.9336786270141602
noised_data,58,1,0.05,R,mse,1.1102335453033447
noised_data,59,1,0.05,R,mse,1.0526301860809326
noised_data,60,1,0.05,R,mse,0.9081833958625793
noised_data,61,1,0.05,R,mse,0.8905850648880005
noised_data,62,1,0.05,R,mse,1.024420142173767
noised_data,63,1,0.05,R,mse,1.0205694437026978
noised_data,56,1,0.05,R,mae,0.7984302043914795
noised_data,57,1,0.05,R,mae,0.7704265713691711
noised_data,58,1,0.05,R,mae,0.8441013097763062
noised_data,59,1,0.05,R,mae,0.8173798322677612
noised_data,60,1,0.05,R,mae,0.7442063689231873
noised_data,61,1,0.05,R,mae,0.7540851831436157
noised_data,62,1,0.05,R,mae,0.8125312924385071
noised_data,63,1,0.05,R,mae,0.7977361679077148
noised_data,56,1,0.05,P,mse,0.9999181032180786
noised_data,57,1,0.05,P,mse,0.9264395833015442
noised_data,58,1,0.05,P,mse,1.083134412765503
noised_data,59,1,0.05,P,mse,1.0463794469833374
noised_data,60,1,0.05,P,mse,0.9673262238502502
noised_data,61,1,0.05,P,mse,0.844669759273529
noised_data,62,1,0.05,P,mse,1.0427135229110718
noised_data,63,1,0.05,P,mse,1.0153497457504272
noised_data,56,1,0.05,P,mae,0.7940426468849182
noised_data,57,1,0.05,P,mae,0.7616331577301025
noised_data,58,1,0.05,P,mae,0.8314405679702759
noised_data,59,1,0.05,P,mae,0.819343626499176
noised_data,60,1,0.05,P,mae,0.7637989521026611
noised_data,61,1,0.05,P,mae,0.7315895557403564
noised_data,62,1,0.05,P,mae,0.8159067630767822
noised_data,63,1,0.05,P,mae,0.7993420958518982
noised_data,56,1,0.15,R,mse,0.9221656322479248
noised_data,57,1,0.15,R,mse,0.7473961710929871
noised_data,58,1,0.15,R,mse,1.1292951107025146
noised_data,59,1,0.15,R,mse,0.96945720911026
noised_data,60,1,0.15,R,mse,0.7543601989746094
noised_data,61,1,0.15,R,mse,0.6120596528053284
noised_data,62,1,0.15,R,mse,0.9615231156349182
noised_data,63,1,0.15,R,mse,0.8809199929237366
noised_data,56,1,0.15,R,mae,0.7576215863227844
noised_data,57,1,0.15,R,mae,0.6784226298332214
noised_data,58,1,0.15,R,mae,0.8552656173706055
noised_data,59,1,0.15,R,mae,0.7873751521110535
noised_data,60,1,0.15,R,mae,0.6706526279449463
noised_data,61,1,0.15,R,mae,0.6164893507957458
noised_data,62,1,0.15,R,mae,0.7773240804672241
noised_data,63,1,0.15,R,mae,0.7277453541755676
noised_data,56,1,0.15,P,mse,0.915272057056427
noised_data,57,1,0.15,P,mse,0.7193694114685059
noised_data,58,1,0.15,P,mse,1.1245810985565186
noised_data,59,1,0.15,P,mse,0.949131965637207
noised_data,60,1,0.15,P,mse,0.8236011862754822
noised_data,61,1,0.15,P,mse,0.6190361380577087
noised_data,62,1,0.15,P,mse,0.9736648201942444
noised_data,63,1,0.15,P,mse,0.9013116359710693
noised_data,56,1,0.15,P,mae,0.7584579586982727
noised_data,57,1,0.15,P,mae,0.6604515910148621
noised_data,58,1,0.15,P,mae,0.8404327034950256
noised_data,59,1,0.15,P,mae,0.7730454206466675
noised_data,60,1,0.15,P,mae,0.6899034976959229
noised_data,61,1,0.15,P,mae,0.6126036643981934
noised_data,62,1,0.15,P,mae,0.7828800082206726
noised_data,63,1,0.15,P,mae,0.7534047365188599
noised_data,56,1,0.3,R,mse,0.8374975919723511
noised_data,57,1,0.3,R,mse,0.6375942826271057
noised_data,58,1,0.3,R,mse,1.128298044204712
noised_data,59,1,0.3,R,mse,0.9028765559196472
noised_data,60,1,0.3,R,mse,0.601810097694397
noised_data,61,1,0.3,R,mse,0.4831402599811554
noised_data,62,1,0.3,R,mse,0.9222437739372253
noised_data,63,1,0.3,R,mse,0.7787063717842102
noised_data,56,1,0.3,R,mae,0.7123749256134033
noised_data,57,1,0.3,R,mae,0.6017674207687378
noised_data,58,1,0.3,R,mae,0.8516258001327515
noised_data,59,1,0.3,R,mae,0.7529147863388062
noised_data,60,1,0.3,R,mae,0.5946661829948425
noised_data,61,1,0.3,R,mae,0.5295364260673523
noised_data,62,1,0.3,R,mae,0.7529562711715698
noised_data,63,1,0.3,R,mae,0.6735893487930298
noised_data,56,1,0.3,P,mse,0.8786650896072388
noised_data,57,1,0.3,P,mse,0.5891638398170471
noised_data,58,1,0.3,P,mse,1.1019374132156372
noised_data,59,1,0.3,P,mse,0.8181207180023193
noised_data,60,1,0.3,P,mse,0.6572664380073547
noised_data,61,1,0.3,P,mse,0.5466231107711792
noised_data,62,1,0.3,P,mse,0.9173963069915771
noised_data,63,1,0.3,P,mse,0.8017196655273438
noised_data,56,1,0.3,P,mae,0.7352592945098877
noised_data,57,1,0.3,P,mae,0.576819121837616
noised_data,58,1,0.3,P,mae,0.832129716873169
noised_data,59,1,0.3,P,mae,0.7152099609375
noised_data,60,1,0.3,P,mae,0.619514524936676
noised_data,61,1,0.3,P,mae,0.5586618781089783
noised_data,62,1,0.3,P,mae,0.7514829635620117
noised_data,63,1,0.3,P,mae,0.7027701139450073
noised_data,56,1,0.5,R,mse,0.7676958441734314
noised_data,57,1,0.5,R,mse,0.6093027591705322
noised_data,58,1,0.5,R,mse,1.016332745552063
noised_data,59,1,0.5,R,mse,0.8796465396881104
noised_data,60,1,0.5,R,mse,0.5061773061752319
noised_data,61,1,0.5,R,mse,0.5277315974235535
noised_data,62,1,0.5,R,mse,0.7842828035354614
noised_data,63,1,0.5,R,mse,0.677275538444519
noised_data,56,1,0.5,R,mae,0.6777805089950562
noised_data,57,1,0.5,R,mae,0.5645954608917236
noised_data,58,1,0.5,R,mae,0.7966605424880981
noised_data,59,1,0.5,R,mae,0.7313892245292664
noised_data,60,1,0.5,R,mae,0.5375639796257019
noised_data,61,1,0.5,R,mae,0.5298503637313843
noised_data,62,1,0.5,R,mae,0.701169490814209
noised_data,63,1,0.5,R,mae,0.630907416343689
noised_data,56,1,0.5,P,mse,0.8629618883132935
noised_data,57,1,0.5,P,mse,0.5289376378059387
noised_data,58,1,0.5,P,mse,0.9346659779548645
noised_data,59,1,0.5,P,mse,0.7577121257781982
noised_data,60,1,0.5,P,mse,0.5125463604927063
noised_data,61,1,0.5,P,mse,0.5295534133911133
noised_data,62,1,0.5,P,mse,0.8424914479255676
noised_data,63,1,0.5,P,mse,0.6747876405715942
noised_data,56,1,0.5,P,mae,0.7248392701148987
noised_data,57,1,0.5,P,mae,0.5308748483657837
noised_data,58,1,0.5,P,mae,0.770125150680542
noised_data,59,1,0.5,P,mae,0.6924837827682495
noised_data,60,1,0.5,P,mae,0.5418181419372559
noised_data,61,1,0.5,P,mae,0.541502833366394
noised_data,62,1,0.5,P,mae,0.7251337170600891
noised_data,63,1,0.5,P,mae,0.6362887024879456
noised_data,56,1,0.7,R,mse,0.7251673936843872
noised_data,57,1,0.7,R,mse,0.6384791731834412
noised_data,58,1,0.7,R,mse,0.8161160945892334
noised_data,59,1,0.7,R,mse,0.7565016746520996
noised_data,60,1,0.7,R,mse,0.47298741340637207
noised_data,61,1,0.7,R,mse,0.5172723531723022
noised_data,62,1,0.7,R,mse,0.6077978014945984
noised_data,63,1,0.7,R,mse,0.614967405796051
noised_data,56,1,0.7,R,mae,0.67108553647995
noised_data,57,1,0.7,R,mae,0.5899937152862549
noised_data,58,1,0.7,R,mae,0.7127900719642639
noised_data,59,1,0.7,R,mae,0.6808661222457886
noised_data,60,1,0.7,R,mae,0.5067691206932068
noised_data,61,1,0.7,R,mae,0.5388554334640503
noised_data,62,1,0.7,R,mae,0.6191863417625427
noised_data,63,1,0.7,R,mae,0.6015639305114746
noised_data,56,1,0.7,P,mse,0.8069912791252136
noised_data,57,1,0.7,P,mse,0.5261865854263306
noised_data,58,1,0.7,P,mse,0.7192545533180237
noised_data,59,1,0.7,P,mse,0.6985161900520325
noised_data,60,1,0.7,P,mse,0.427875280380249
noised_data,61,1,0.7,P,mse,0.5580307245254517
noised_data,62,1,0.7,P,mse,0.6567646265029907
noised_data,63,1,0.7,P,mse,0.6168734431266785
noised_data,56,1,0.7,P,mae,0.7071037292480469
noised_data,57,1,0.7,P,mae,0.5394793748855591
noised_data,58,1,0.7,P,mae,0.6794945001602173
noised_data,59,1,0.7,P,mae,0.6697180271148682
noised_data,60,1,0.7,P,mae,0.4869702160358429
noised_data,61,1,0.7,P,mae,0.5692182779312134
noised_data,62,1,0.7,P,mae,0.6426753401756287
noised_data,63,1,0.7,P,mae,0.6034839153289795
noised_data,56,1,0.85,R,mse,0.6913380026817322
noised_data,57,1,0.85,R,mse,0.6269973516464233
noised_data,58,1,0.85,R,mse,0.720280110836029
noised_data,59,1,0.85,R,mse,0.6961376667022705
noised_data,60,1,0.85,R,mse,0.4638109505176544
noised_data,61,1,0.85,R,mse,0.5973845720291138
noised_data,62,1,0.85,R,mse,0.5287061929702759
noised_data,63,1,0.85,R,mse,0.7081431150436401
noised_data,56,1,0.85,R,mae,0.6612860560417175
noised_data,57,1,0.85,R,mae,0.6077776551246643
noised_data,58,1,0.85,R,mae,0.669711709022522
noised_data,59,1,0.85,R,mae,0.6478939652442932
noised_data,60,1,0.85,R,mae,0.502511739730835
noised_data,61,1,0.85,R,mae,0.6070501208305359
noised_data,62,1,0.85,R,mae,0.5731362700462341
noised_data,63,1,0.85,R,mae,0.6608647108078003
noised_data,56,1,0.85,P,mse,0.8102972507476807
noised_data,57,1,0.85,P,mse,0.5320058465003967
noised_data,58,1,0.85,P,mse,0.5985071063041687
noised_data,59,1,0.85,P,mse,0.6974520683288574
noised_data,60,1,0.85,P,mse,0.41021376848220825
noised_data,61,1,0.85,P,mse,0.6952384114265442
noised_data,62,1,0.85,P,mse,0.5891656875610352
noised_data,63,1,0.85,P,mse,0.6958844661712646
noised_data,56,1,0.85,P,mae,0.7133528590202332
noised_data,57,1,0.85,P,mae,0.5627250671386719
noised_data,58,1,0.85,P,mae,0.6231154203414917
noised_data,59,1,0.85,P,mae,0.6629489064216614
noised_data,60,1,0.85,P,mae,0.4741276204586029
noised_data,61,1,0.85,P,mae,0.6605693697929382
noised_data,62,1,0.85,P,mae,0.601194441318512
noised_data,63,1,0.85,P,mae,0.6528207659721375
noised_data,56,1,0.95,R,mse,0.6424782276153564
noised_data,57,1,0.95,R,mse,0.6390602588653564
noised_data,58,1,0.95,R,mse,0.6787620186805725
noised_data,59,1,0.95,R,mse,0.6490821242332458
noised_data,60,1,0.95,R,mse,0.6972336769104004
noised_data,61,1,0.95,R,mse,0.7188927531242371
noised_data,62,1,0.95,R,mse,0.5865302085876465
noised_data,63,1,0.95,R,mse,0.7779145836830139
noised_data,56,1,0.95,R,mae,0.6422035694122314
noised_data,57,1,0.95,R,mae,0.6274583339691162
noised_data,58,1,0.95,R,mae,0.6604186296463013
noised_data,59,1,0.95,R,mae,0.6229070425033569
noised_data,60,1,0.95,R,mae,0.6747865080833435
noised_data,61,1,0.95,R,mae,0.7012866735458374
noised_data,62,1,0.95,R,mae,0.5980348587036133
noised_data,63,1,0.95,R,mae,0.7108312249183655
noised_data,56,1,0.95,P,mse,0.7236806750297546
noised_data,57,1,0.95,P,mse,0.5603755712509155
noised_data,58,1,0.95,P,mse,0.5801743865013123
noised_data,59,1,0.95,P,mse,0.6371229887008667
noised_data,60,1,0.95,P,mse,0.6285766959190369
noised_data,61,1,0.95,P,mse,0.7422384023666382
noised_data,62,1,0.95,P,mse,0.6015145778656006
noised_data,63,1,0.95,P,mse,0.7977827787399292
noised_data,56,1,0.95,P,mae,0.6803674697875977
noised_data,57,1,0.95,P,mae,0.5870369672775269
noised_data,58,1,0.95,P,mae,0.6174226999282837
noised_data,59,1,0.95,P,mae,0.6292674541473389
noised_data,60,1,0.95,P,mae,0.6377640962600708
noised_data,61,1,0.95,P,mae,0.7126320600509644
noised_data,62,1,0.95,P,mae,0.6051175594329834
noised_data,63,1,0.95,P,mae,0.7218549251556396
noised_data,64,0,0.05,R,mse,1.0661940574645996
noised_data,65,0,0.05,R,mse,1.0518298149108887
noised_data,66,0,0.05,R,mse,1.0133585929870605
noised_data,67,0,0.05,R,mse,1.064640760421753
noised_data,68,0,0.05,R,mse,1.0520151853561401
noised_data,69,0,0.05,R,mse,1.0740149021148682
noised_data,70,0,0.05,R,mse,0.7529417276382446
noised_data,71,0,0.05,R,mse,0.9016335010528564
noised_data,64,0,0.05,R,mae,0.8234362602233887
noised_data,65,0,0.05,R,mae,0.8111786842346191
noised_data,66,0,0.05,R,mae,0.7901087999343872
noised_data,67,0,0.05,R,mae,0.8176692724227905
noised_data,68,0,0.05,R,mae,0.8132991790771484
noised_data,69,0,0.05,R,mae,0.8234348297119141
noised_data,70,0,0.05,R,mae,0.6746900677680969
noised_data,71,0,0.05,R,mae,0.7582087516784668
noised_data,64,0,0.05,P,mse,1.0280990600585938
noised_data,65,0,0.05,P,mse,1.0372769832611084
noised_data,66,0,0.05,P,mse,0.9419406056404114
noised_data,67,0,0.05,P,mse,1.0965580940246582
noised_data,68,0,0.05,P,mse,0.9534434080123901
noised_data,69,0,0.05,P,mse,1.1078771352767944
noised_data,70,0,0.05,P,mse,0.7214428186416626
noised_data,71,0,0.05,P,mse,0.8761464953422546
noised_data,64,0,0.05,P,mae,0.8023417592048645
noised_data,65,0,0.05,P,mae,0.8079952001571655
noised_data,66,0,0.05,P,mae,0.7702605128288269
noised_data,67,0,0.05,P,mae,0.8425391912460327
noised_data,68,0,0.05,P,mae,0.7801599502563477
noised_data,69,0,0.05,P,mae,0.8317419290542603
noised_data,70,0,0.05,P,mae,0.6417757272720337
noised_data,71,0,0.05,P,mae,0.7397466897964478
noised_data,64,0,0.15,R,mse,0.9707491397857666
noised_data,65,0,0.15,R,mse,0.9946240186691284
noised_data,66,0,0.15,R,mse,0.8684550523757935
noised_data,67,0,0.15,R,mse,1.0018184185028076
noised_data,68,0,0.15,R,mse,0.8652231693267822
noised_data,69,0,0.15,R,mse,1.0766817331314087
noised_data,70,0,0.15,R,mse,0.573218047618866
noised_data,71,0,0.15,R,mse,0.7592436075210571
noised_data,64,0,0.15,R,mae,0.7811904549598694
noised_data,65,0,0.15,R,mae,0.7836008071899414
noised_data,66,0,0.15,R,mae,0.7298047542572021
noised_data,67,0,0.15,R,mae,0.7894281148910522
noised_data,68,0,0.15,R,mae,0.7386983036994934
noised_data,69,0,0.15,R,mae,0.821759045124054
noised_data,70,0,0.15,R,mae,0.5665743947029114
noised_data,71,0,0.15,R,mae,0.6851471066474915
noised_data,64,0,0.15,P,mse,0.9375397562980652
noised_data,65,0,0.15,P,mse,0.923869252204895
noised_data,66,0,0.15,P,mse,0.827627956867218
noised_data,67,0,0.15,P,mse,1.0541701316833496
noised_data,68,0,0.15,P,mse,0.7964810132980347
noised_data,69,0,0.15,P,mse,1.0870531797409058
noised_data,70,0,0.15,P,mse,0.5427355170249939
noised_data,71,0,0.15,P,mse,0.7308026552200317
noised_data,64,0,0.15,P,mae,0.7626534104347229
noised_data,65,0,0.15,P,mae,0.7572613954544067
noised_data,66,0,0.15,P,mae,0.7193815112113953
noised_data,67,0,0.15,P,mae,0.8206758499145508
noised_data,68,0,0.15,P,mae,0.7111479043960571
noised_data,69,0,0.15,P,mae,0.8287378549575806
noised_data,70,0,0.15,P,mae,0.5267858505249023
noised_data,71,0,0.15,P,mae,0.6678561568260193
noised_data,64,0,0.3,R,mse,0.9413623809814453
noised_data,65,0,0.3,R,mse,0.9499863386154175
noised_data,66,0,0.3,R,mse,0.7818963527679443
noised_data,67,0,0.3,R,mse,0.8461899161338806
noised_data,68,0,0.3,R,mse,0.7594262957572937
noised_data,69,0,0.3,R,mse,1.039933681488037
noised_data,70,0,0.3,R,mse,0.4957009553909302
noised_data,71,0,0.3,R,mse,0.6749205589294434
noised_data,64,0,0.3,R,mae,0.7676131725311279
noised_data,65,0,0.3,R,mae,0.7669986486434937
noised_data,66,0,0.3,R,mae,0.6848323345184326
noised_data,67,0,0.3,R,mae,0.7253310680389404
noised_data,68,0,0.3,R,mae,0.6760826110839844
noised_data,69,0,0.3,R,mae,0.8067798018455505
noised_data,70,0,0.3,R,mae,0.5025724172592163
noised_data,71,0,0.3,R,mae,0.6360117793083191
noised_data,64,0,0.3,P,mse,0.8995476365089417
noised_data,65,0,0.3,P,mse,0.8686928749084473
noised_data,66,0,0.3,P,mse,0.7885349988937378
noised_data,67,0,0.3,P,mse,0.9261153936386108
noised_data,68,0,0.3,P,mse,0.7306034564971924
noised_data,69,0,0.3,P,mse,1.0070433616638184
noised_data,70,0,0.3,P,mse,0.47746431827545166
noised_data,71,0,0.3,P,mse,0.6546978950500488
noised_data,64,0,0.3,P,mae,0.737080454826355
noised_data,65,0,0.3,P,mae,0.7362016439437866
noised_data,66,0,0.3,P,mae,0.6960718631744385
noised_data,67,0,0.3,P,mae,0.762353241443634
noised_data,68,0,0.3,P,mae,0.6717709302902222
noised_data,69,0,0.3,P,mae,0.7952394485473633
noised_data,70,0,0.3,P,mae,0.4789406657218933
noised_data,71,0,0.3,P,mae,0.6162360310554504
noised_data,64,0,0.5,R,mse,0.8886741399765015
noised_data,65,0,0.5,R,mse,0.8826266527175903
noised_data,66,0,0.5,R,mse,0.7498816251754761
noised_data,67,0,0.5,R,mse,0.7130910754203796
noised_data,68,0,0.5,R,mse,0.6957571506500244
noised_data,69,0,0.5,R,mse,0.8321033716201782
noised_data,70,0,0.5,R,mse,0.48801189661026
noised_data,71,0,0.5,R,mse,0.623708188533783
noised_data,64,0,0.5,R,mae,0.7394244074821472
noised_data,65,0,0.5,R,mae,0.7348859906196594
noised_data,66,0,0.5,R,mae,0.6632696390151978
noised_data,67,0,0.5,R,mae,0.6582952737808228
noised_data,68,0,0.5,R,mae,0.6508622169494629
noised_data,69,0,0.5,R,mae,0.7265646457672119
noised_data,70,0,0.5,R,mae,0.48821741342544556
noised_data,71,0,0.5,R,mae,0.5959362983703613
noised_data,64,0,0.5,P,mse,0.8131096363067627
noised_data,65,0,0.5,P,mse,0.858910083770752
noised_data,66,0,0.5,P,mse,0.6769408583641052
noised_data,67,0,0.5,P,mse,0.7306866645812988
noised_data,68,0,0.5,P,mse,0.7005577683448792
noised_data,69,0,0.5,P,mse,0.787004292011261
noised_data,70,0,0.5,P,mse,0.4827331602573395
noised_data,71,0,0.5,P,mse,0.5915443897247314
noised_data,64,0,0.5,P,mae,0.7005146741867065
noised_data,65,0,0.5,P,mae,0.7359560132026672
noised_data,66,0,0.5,P,mae,0.6351650357246399
noised_data,67,0,0.5,P,mae,0.6753592491149902
noised_data,68,0,0.5,P,mae,0.6514487266540527
noised_data,69,0,0.5,P,mae,0.7005325555801392
noised_data,70,0,0.5,P,mae,0.4666411578655243
noised_data,71,0,0.5,P,mae,0.5742373466491699
noised_data,64,0,0.7,R,mse,0.8695834279060364
noised_data,65,0,0.7,R,mse,0.7202576398849487
noised_data,66,0,0.7,R,mse,0.584880530834198
noised_data,67,0,0.7,R,mse,0.5876619815826416
noised_data,68,0,0.7,R,mse,0.5447245836257935
noised_data,69,0,0.7,R,mse,0.6129026412963867
noised_data,70,0,0.7,R,mse,0.4978641867637634
noised_data,71,0,0.7,R,mse,0.6251949071884155
noised_data,64,0,0.7,R,mae,0.7454732656478882
noised_data,65,0,0.7,R,mae,0.6661723852157593
noised_data,66,0,0.7,R,mae,0.5926839709281921
noised_data,67,0,0.7,R,mae,0.593609094619751
noised_data,68,0,0.7,R,mae,0.5758899450302124
noised_data,69,0,0.7,R,mae,0.613957405090332
noised_data,70,0,0.7,R,mae,0.48304569721221924
noised_data,71,0,0.7,R,mae,0.584807276725769
noised_data,64,0,0.7,P,mse,0.7261225581169128
noised_data,65,0,0.7,P,mse,0.7275207042694092
noised_data,66,0,0.7,P,mse,0.5510411858558655
noised_data,67,0,0.7,P,mse,0.616799533367157
noised_data,68,0,0.7,P,mse,0.5445274114608765
noised_data,69,0,0.7,P,mse,0.5407463312149048
noised_data,70,0,0.7,P,mse,0.46495190262794495
noised_data,71,0,0.7,P,mse,0.5699387192726135
noised_data,64,0,0.7,P,mae,0.6744381189346313
noised_data,65,0,0.7,P,mae,0.6788498163223267
noised_data,66,0,0.7,P,mae,0.5692949295043945
noised_data,67,0,0.7,P,mae,0.6086559295654297
noised_data,68,0,0.7,P,mae,0.5802778005599976
noised_data,69,0,0.7,P,mae,0.5774573087692261
noised_data,70,0,0.7,P,mae,0.4576042890548706
noised_data,71,0,0.7,P,mae,0.5671280026435852
noised_data,64,0,0.85,R,mse,0.8197064995765686
noised_data,65,0,0.85,R,mse,0.6113934516906738
noised_data,66,0,0.85,R,mse,0.5059337019920349
noised_data,67,0,0.85,R,mse,0.5573974847793579
noised_data,68,0,0.85,R,mse,0.5731096267700195
noised_data,69,0,0.85,R,mse,0.4613277316093445
noised_data,70,0,0.85,R,mse,0.5086573362350464
noised_data,71,0,0.85,R,mse,0.6206904649734497
noised_data,64,0,0.85,R,mae,0.7288805246353149
noised_data,65,0,0.85,R,mae,0.6172968149185181
noised_data,66,0,0.85,R,mae,0.5521786212921143
noised_data,67,0,0.85,R,mae,0.5679075121879578
noised_data,68,0,0.85,R,mae,0.5891216397285461
noised_data,69,0,0.85,R,mae,0.5326375365257263
noised_data,70,0,0.85,R,mae,0.4950312376022339
noised_data,71,0,0.85,R,mae,0.5918325781822205
noised_data,64,0,0.85,P,mse,0.6826710104942322
noised_data,65,0,0.85,P,mse,0.6359447240829468
noised_data,66,0,0.85,P,mse,0.5179382562637329
noised_data,67,0,0.85,P,mse,0.6631925702095032
noised_data,68,0,0.85,P,mse,0.5386061668395996
noised_data,69,0,0.85,P,mse,0.3930301070213318
noised_data,70,0,0.85,P,mse,0.46659165620803833
noised_data,71,0,0.85,P,mse,0.5982454419136047
noised_data,64,0,0.85,P,mae,0.6617733240127563
noised_data,65,0,0.85,P,mae,0.6310943365097046
noised_data,66,0,0.85,P,mae,0.5384865999221802
noised_data,67,0,0.85,P,mae,0.6094484329223633
noised_data,68,0,0.85,P,mae,0.5762673616409302
noised_data,69,0,0.85,P,mae,0.4938589930534363
noised_data,70,0,0.85,P,mae,0.4778635501861572
noised_data,71,0,0.85,P,mae,0.5780571103096008
noised_data,64,0,0.95,R,mse,0.7339499592781067
noised_data,65,0,0.95,R,mse,0.5825801491737366
noised_data,66,0,0.95,R,mse,0.5461012125015259
noised_data,67,0,0.95,R,mse,0.514636218547821
noised_data,68,0,0.95,R,mse,0.7949396371841431
noised_data,69,0,0.95,R,mse,0.39204874634742737
noised_data,70,0,0.95,R,mse,1.0894964933395386
noised_data,71,0,0.95,R,mse,0.633853554725647
noised_data,64,0,0.95,R,mae,0.6956322193145752
noised_data,65,0,0.95,R,mae,0.5994982719421387
noised_data,66,0,0.95,R,mae,0.5687588453292847
noised_data,67,0,0.95,R,mae,0.5392400622367859
noised_data,68,0,0.95,R,mae,0.6882749795913696
noised_data,69,0,0.95,R,mae,0.49187013506889343
noised_data,70,0,0.95,R,mae,0.7989993095397949
noised_data,71,0,0.95,R,mae,0.6241282224655151
noised_data,64,0,0.95,P,mse,0.6509532928466797
noised_data,65,0,0.95,P,mse,0.609028697013855
noised_data,66,0,0.95,P,mse,0.5453143119812012
noised_data,67,0,0.95,P,mse,0.6652755737304688
noised_data,68,0,0.95,P,mse,0.7379097938537598
noised_data,69,0,0.95,P,mse,0.33506089448928833
noised_data,70,0,0.95,P,mse,1.1271213293075562
noised_data,71,0,0.95,P,mse,0.6190561652183533
noised_data,64,0,0.95,P,mae,0.6494827270507812
noised_data,65,0,0.95,P,mae,0.6115772128105164
noised_data,66,0,0.95,P,mae,0.5534111857414246
noised_data,67,0,0.95,P,mae,0.6020731329917908
noised_data,68,0,0.95,P,mae,0.6635627746582031
noised_data,69,0,0.95,P,mae,0.4581841230392456
noised_data,70,0,0.95,P,mae,0.8217530846595764
noised_data,71,0,0.95,P,mae,0.6128106117248535
noised_data,64,1,0.05,R,mse,1.0433402061462402
noised_data,65,1,0.05,R,mse,1.0053038597106934
noised_data,66,1,0.05,R,mse,0.994380533695221
noised_data,67,1,0.05,R,mse,1.1036081314086914
noised_data,68,1,0.05,R,mse,0.9751171469688416
noised_data,69,1,0.05,R,mse,1.1296963691711426
noised_data,70,1,0.05,R,mse,0.7074971199035645
noised_data,71,1,0.05,R,mse,0.893351137638092
noised_data,64,1,0.05,R,mae,0.8076936602592468
noised_data,65,1,0.05,R,mae,0.791982889175415
noised_data,66,1,0.05,R,mae,0.7832399606704712
noised_data,67,1,0.05,R,mae,0.8395228981971741
noised_data,68,1,0.05,R,mae,0.7822734713554382
noised_data,69,1,0.05,R,mae,0.8405460119247437
noised_data,70,1,0.05,R,mae,0.6410542726516724
noised_data,71,1,0.05,R,mae,0.7537975311279297
noised_data,64,1,0.05,P,mse,1.051832675933838
noised_data,65,1,0.05,P,mse,1.0865511894226074
noised_data,66,1,0.05,P,mse,0.9593860507011414
noised_data,67,1,0.05,P,mse,1.057218074798584
noised_data,68,1,0.05,P,mse,1.0327175855636597
noised_data,69,1,0.05,P,mse,1.0508657693862915
noised_data,70,1,0.05,P,mse,0.7708986401557922
noised_data,71,1,0.05,P,mse,0.8916081190109253
noised_data,64,1,0.05,P,mae,0.8171097040176392
noised_data,65,1,0.05,P,mae,0.8263343572616577
noised_data,66,1,0.05,P,mae,0.774703860282898
noised_data,67,1,0.05,P,mae,0.8203748464584351
noised_data,68,1,0.05,P,mae,0.8124477863311768
noised_data,69,1,0.05,P,mae,0.8134413361549377
noised_data,70,1,0.05,P,mae,0.677657961845398
noised_data,71,1,0.05,P,mae,0.7472374439239502
noised_data,64,1,0.15,R,mse,0.9532970786094666
noised_data,65,1,0.15,R,mse,0.930992603302002
noised_data,66,1,0.15,R,mse,0.8791928291320801
noised_data,67,1,0.15,R,mse,1.0619843006134033
noised_data,68,1,0.15,R,mse,0.8125203847885132
noised_data,69,1,0.15,R,mse,1.1254864931106567
noised_data,70,1,0.15,R,mse,0.5492421388626099
noised_data,71,1,0.15,R,mse,0.7280626893043518
noised_data,64,1,0.15,R,mae,0.7690789699554443
noised_data,65,1,0.15,R,mae,0.7591406106948853
noised_data,66,1,0.15,R,mae,0.7262657880783081
noised_data,67,1,0.15,R,mae,0.8190122842788696
noised_data,68,1,0.15,R,mae,0.7123574614524841
noised_data,69,1,0.15,R,mae,0.8450254201889038
noised_data,70,1,0.15,R,mae,0.5399518013000488
noised_data,71,1,0.15,R,mae,0.6703275442123413
noised_data,64,1,0.15,P,mse,0.9516139030456543
noised_data,65,1,0.15,P,mse,0.9820826053619385
noised_data,66,1,0.15,P,mse,0.8164688348770142
noised_data,67,1,0.15,P,mse,0.9958842396736145
noised_data,68,1,0.15,P,mse,0.8542685508728027
noised_data,69,1,0.15,P,mse,1.0377910137176514
noised_data,70,1,0.15,P,mse,0.5691124796867371
noised_data,71,1,0.15,P,mse,0.7636518478393555
noised_data,64,1,0.15,P,mae,0.7698504328727722
noised_data,65,1,0.15,P,mae,0.7793742418289185
noised_data,66,1,0.15,P,mae,0.7207934856414795
noised_data,67,1,0.15,P,mae,0.792699933052063
noised_data,68,1,0.15,P,mae,0.7402563095092773
noised_data,69,1,0.15,P,mae,0.8045741319656372
noised_data,70,1,0.15,P,mae,0.5555473566055298
noised_data,71,1,0.15,P,mae,0.6825118064880371
noised_data,64,1,0.3,R,mse,0.9319353699684143
noised_data,65,1,0.3,R,mse,0.8905339241027832
noised_data,66,1,0.3,R,mse,0.8094906806945801
noised_data,67,1,0.3,R,mse,0.9040416479110718
noised_data,68,1,0.3,R,mse,0.7512897849082947
noised_data,69,1,0.3,R,mse,1.0456761121749878
noised_data,70,1,0.3,R,mse,0.4751061797142029
noised_data,71,1,0.3,R,mse,0.6149789690971375
noised_data,64,1,0.3,R,mae,0.7626755237579346
noised_data,65,1,0.3,R,mae,0.74001145362854
noised_data,66,1,0.3,R,mae,0.6959655284881592
noised_data,67,1,0.3,R,mae,0.7548121213912964
noised_data,68,1,0.3,R,mae,0.6730104684829712
noised_data,69,1,0.3,R,mae,0.8190207481384277
noised_data,70,1,0.3,R,mae,0.4805467128753662
noised_data,71,1,0.3,R,mae,0.6014160513877869
noised_data,64,1,0.3,P,mse,0.8982446193695068
noised_data,65,1,0.3,P,mse,0.9083202481269836
noised_data,66,1,0.3,P,mse,0.7477874755859375
noised_data,67,1,0.3,P,mse,0.8663002252578735
noised_data,68,1,0.3,P,mse,0.7438021898269653
noised_data,69,1,0.3,P,mse,1.0009164810180664
noised_data,70,1,0.3,P,mse,0.4963422417640686
noised_data,71,1,0.3,P,mse,0.7135980129241943
noised_data,64,1,0.3,P,mae,0.7358624339103699
noised_data,65,1,0.3,P,mae,0.754648745059967
noised_data,66,1,0.3,P,mae,0.678424596786499
noised_data,67,1,0.3,P,mae,0.7327766418457031
noised_data,68,1,0.3,P,mae,0.6752719879150391
noised_data,69,1,0.3,P,mae,0.7836301922798157
noised_data,70,1,0.3,P,mae,0.5028080940246582
noised_data,71,1,0.3,P,mae,0.6477970480918884
noised_data,64,1,0.5,R,mse,0.866490364074707
noised_data,65,1,0.5,R,mse,0.8752521276473999
noised_data,66,1,0.5,R,mse,0.7015938758850098
noised_data,67,1,0.5,R,mse,0.7066408395767212
noised_data,68,1,0.5,R,mse,0.726689338684082
noised_data,69,1,0.5,R,mse,0.807979166507721
noised_data,70,1,0.5,R,mse,0.46847254037857056
noised_data,71,1,0.5,R,mse,0.546190619468689
noised_data,64,1,0.5,R,mae,0.7351275682449341
noised_data,65,1,0.5,R,mae,0.7319880723953247
noised_data,66,1,0.5,R,mae,0.6441456079483032
noised_data,67,1,0.5,R,mae,0.664198637008667
noised_data,68,1,0.5,R,mae,0.6608664989471436
noised_data,69,1,0.5,R,mae,0.7162135243415833
noised_data,70,1,0.5,R,mae,0.46410638093948364
noised_data,71,1,0.5,R,mae,0.5561444759368896
noised_data,64,1,0.5,P,mse,0.8272470235824585
noised_data,65,1,0.5,P,mse,0.8725773692131042
noised_data,66,1,0.5,P,mse,0.7122350931167603
noised_data,67,1,0.5,P,mse,0.7572377324104309
noised_data,68,1,0.5,P,mse,0.6803613901138306
noised_data,69,1,0.5,P,mse,0.8140132427215576
noised_data,70,1,0.5,P,mse,0.4932313561439514
noised_data,71,1,0.5,P,mse,0.664577841758728
noised_data,64,1,0.5,P,mae,0.7017120122909546
noised_data,65,1,0.5,P,mae,0.738818883895874
noised_data,66,1,0.5,P,mae,0.6463330984115601
noised_data,67,1,0.5,P,mae,0.6776264905929565
noised_data,68,1,0.5,P,mae,0.6462326645851135
noised_data,69,1,0.5,P,mae,0.711781919002533
noised_data,70,1,0.5,P,mae,0.48498106002807617
noised_data,71,1,0.5,P,mae,0.612042248249054
noised_data,64,1,0.7,R,mse,0.8219521641731262
noised_data,65,1,0.7,R,mse,0.7551784515380859
noised_data,66,1,0.7,R,mse,0.5589804649353027
noised_data,67,1,0.7,R,mse,0.5726984739303589
noised_data,68,1,0.7,R,mse,0.5542537569999695
noised_data,69,1,0.7,R,mse,0.5936011672019958
noised_data,70,1,0.7,R,mse,0.4760068356990814
noised_data,71,1,0.7,R,mse,0.5605968832969666
noised_data,64,1,0.7,R,mae,0.7279322147369385
noised_data,65,1,0.7,R,mae,0.6890842914581299
noised_data,66,1,0.7,R,mae,0.5757678747177124
noised_data,67,1,0.7,R,mae,0.5916774272918701
noised_data,68,1,0.7,R,mae,0.5820375680923462
noised_data,69,1,0.7,R,mae,0.5981563925743103
noised_data,70,1,0.7,R,mae,0.46743571758270264
noised_data,71,1,0.7,R,mae,0.5590482950210571
noised_data,64,1,0.7,P,mse,0.7770981192588806
noised_data,65,1,0.7,P,mse,0.6975868940353394
noised_data,66,1,0.7,P,mse,0.5790582895278931
noised_data,67,1,0.7,P,mse,0.6307283043861389
noised_data,68,1,0.7,P,mse,0.5350027084350586
noised_data,69,1,0.7,P,mse,0.5668561458587646
noised_data,70,1,0.7,P,mse,0.4915323257446289
noised_data,71,1,0.7,P,mse,0.6399898529052734
noised_data,64,1,0.7,P,mae,0.6942392587661743
noised_data,65,1,0.7,P,mae,0.6604790687561035
noised_data,66,1,0.7,P,mae,0.5858856439590454
noised_data,67,1,0.7,P,mae,0.6097055673599243
noised_data,68,1,0.7,P,mae,0.57585608959198
noised_data,69,1,0.7,P,mae,0.5951052904129028
noised_data,70,1,0.7,P,mae,0.47448819875717163
noised_data,71,1,0.7,P,mae,0.5982391238212585
noised_data,64,1,0.85,R,mse,0.7904270887374878
noised_data,65,1,0.85,R,mse,0.6578572988510132
noised_data,66,1,0.85,R,mse,0.5031615495681763
noised_data,67,1,0.85,R,mse,0.5613100528717041
noised_data,68,1,0.85,R,mse,0.561376690864563
noised_data,69,1,0.85,R,mse,0.42893078923225403
noised_data,70,1,0.85,R,mse,0.47663265466690063
noised_data,71,1,0.85,R,mse,0.5723985433578491
noised_data,64,1,0.85,R,mae,0.7156528234481812
noised_data,65,1,0.85,R,mae,0.6437615156173706
noised_data,66,1,0.85,R,mae,0.5397486686706543
noised_data,67,1,0.85,R,mae,0.5763645172119141
noised_data,68,1,0.85,R,mae,0.5851976871490479
noised_data,69,1,0.85,R,mae,0.5087517499923706
noised_data,70,1,0.85,R,mae,0.4862825870513916
noised_data,71,1,0.85,R,mae,0.5683410167694092
noised_data,64,1,0.85,P,mse,0.7132962942123413
noised_data,65,1,0.85,P,mse,0.5956886410713196
noised_data,66,1,0.85,P,mse,0.5205574035644531
noised_data,67,1,0.85,P,mse,0.6635524034500122
noised_data,68,1,0.85,P,mse,0.5495990514755249
noised_data,69,1,0.85,P,mse,0.4226451814174652
noised_data,70,1,0.85,P,mse,0.5060406923294067
noised_data,71,1,0.85,P,mse,0.651236355304718
noised_data,64,1,0.85,P,mae,0.6758733987808228
noised_data,65,1,0.85,P,mae,0.6080802083015442
noised_data,66,1,0.85,P,mae,0.5507742166519165
noised_data,67,1,0.85,P,mae,0.6032602787017822
noised_data,68,1,0.85,P,mae,0.580496072769165
noised_data,69,1,0.85,P,mae,0.5159785151481628
noised_data,70,1,0.85,P,mae,0.4981983006000519
noised_data,71,1,0.85,P,mae,0.6046657562255859
noised_data,64,1,0.95,R,mse,0.7250927686691284
noised_data,65,1,0.95,R,mse,0.6211376190185547
noised_data,66,1,0.95,R,mse,0.5314286947250366
noised_data,67,1,0.95,R,mse,0.537660539150238
noised_data,68,1,0.95,R,mse,0.7601078748703003
noised_data,69,1,0.95,R,mse,0.36365967988967896
noised_data,70,1,0.95,R,mse,1.1605665683746338
noised_data,71,1,0.95,R,mse,0.6027107834815979
noised_data,64,1,0.95,R,mae,0.6895701289176941
noised_data,65,1,0.95,R,mae,0.619624137878418
noised_data,66,1,0.95,R,mae,0.5521275401115417
noised_data,67,1,0.95,R,mae,0.5566415786743164
noised_data,68,1,0.95,R,mae,0.6744005680084229
noised_data,69,1,0.95,R,mae,0.46839678287506104
noised_data,70,1,0.95,R,mae,0.8375194072723389
noised_data,71,1,0.95,R,mae,0.6077993512153625
noised_data,64,1,0.95,P,mse,0.660832941532135
noised_data,65,1,0.95,P,mse,0.5680180788040161
noised_data,66,1,0.95,P,mse,0.5609895586967468
noised_data,67,1,0.95,P,mse,0.6438823342323303
noised_data,68,1,0.95,P,mse,0.7755559086799622
noised_data,69,1,0.95,P,mse,0.3640272915363312
noised_data,70,1,0.95,P,mse,1.0563132762908936
noised_data,71,1,0.95,P,mse,0.6549240350723267
noised_data,64,1,0.95,P,mae,0.6561468839645386
noised_data,65,1,0.95,P,mae,0.5904313325881958
noised_data,66,1,0.95,P,mae,0.5703867077827454
noised_data,67,1,0.95,P,mae,0.5863480567932129
noised_data,68,1,0.95,P,mae,0.6787071824073792
noised_data,69,1,0.95,P,mae,0.48233795166015625
noised_data,70,1,0.95,P,mae,0.7829912900924683
noised_data,71,1,0.95,P,mae,0.6312766671180725
noised_data,72,0,0.05,R,mse,1.1115878820419312
noised_data,73,0,0.05,R,mse,1.0847828388214111
noised_data,74,0,0.05,R,mse,1.0138416290283203
noised_data,75,0,0.05,R,mse,1.0138537883758545
noised_data,76,0,0.05,R,mse,1.0036065578460693
noised_data,77,0,0.05,R,mse,1.0252485275268555
noised_data,78,0,0.05,R,mse,1.0045931339263916
noised_data,79,0,0.05,R,mse,1.0464186668395996
noised_data,72,0,0.05,R,mae,0.8414795994758606
noised_data,73,0,0.05,R,mae,0.8301922678947449
noised_data,74,0,0.05,R,mae,0.7984081506729126
noised_data,75,0,0.05,R,mae,0.8072278499603271
noised_data,76,0,0.05,R,mae,0.8021343946456909
noised_data,77,0,0.05,R,mae,0.8111361861228943
noised_data,78,0,0.05,R,mae,0.7950698137283325
noised_data,79,0,0.05,R,mae,0.8165188431739807
noised_data,72,0,0.05,P,mse,1.0529999732971191
noised_data,73,0,0.05,P,mse,0.9854301810264587
noised_data,74,0,0.05,P,mse,0.9934602379798889
noised_data,75,0,0.05,P,mse,0.9928317070007324
noised_data,76,0,0.05,P,mse,1.056847333908081
noised_data,77,0,0.05,P,mse,0.983742356300354
noised_data,78,0,0.05,P,mse,0.9730724096298218
noised_data,79,0,0.05,P,mse,1.0842957496643066
noised_data,72,0,0.05,P,mae,0.8116449117660522
noised_data,73,0,0.05,P,mae,0.796657383441925
noised_data,74,0,0.05,P,mae,0.7917630672454834
noised_data,75,0,0.05,P,mae,0.7959421873092651
noised_data,76,0,0.05,P,mae,0.8197382092475891
noised_data,77,0,0.05,P,mae,0.8027818202972412
noised_data,78,0,0.05,P,mae,0.789302408695221
noised_data,79,0,0.05,P,mae,0.8309780359268188
noised_data,72,0,0.15,R,mse,1.1422852277755737
noised_data,73,0,0.15,R,mse,1.0266441106796265
noised_data,74,0,0.15,R,mse,0.9356122016906738
noised_data,75,0,0.15,R,mse,0.8787723183631897
noised_data,76,0,0.15,R,mse,0.9249992370605469
noised_data,77,0,0.15,R,mse,0.9378456473350525
noised_data,78,0,0.15,R,mse,0.9005679488182068
noised_data,79,0,0.15,R,mse,1.0576140880584717
noised_data,72,0,0.15,R,mae,0.8540792465209961
noised_data,73,0,0.15,R,mae,0.8028675317764282
noised_data,74,0,0.15,R,mae,0.7628971934318542
noised_data,75,0,0.15,R,mae,0.7408554553985596
noised_data,76,0,0.15,R,mae,0.764776885509491
noised_data,77,0,0.15,R,mae,0.7674692869186401
noised_data,78,0,0.15,R,mae,0.7507840394973755
noised_data,79,0,0.15,R,mae,0.8202712535858154
noised_data,72,0,0.15,P,mse,1.089011788368225
noised_data,73,0,0.15,P,mse,0.922925591468811
noised_data,74,0,0.15,P,mse,0.8723104000091553
noised_data,75,0,0.15,P,mse,0.8948778510093689
noised_data,76,0,0.15,P,mse,0.9612497091293335
noised_data,77,0,0.15,P,mse,0.9040199518203735
noised_data,78,0,0.15,P,mse,0.9049561023712158
noised_data,79,0,0.15,P,mse,1.1097832918167114
noised_data,72,0,0.15,P,mae,0.826391339302063
noised_data,73,0,0.15,P,mae,0.7655906677246094
noised_data,74,0,0.15,P,mae,0.7428888082504272
noised_data,75,0,0.15,P,mae,0.7524301409721375
noised_data,76,0,0.15,P,mae,0.7828227281570435
noised_data,77,0,0.15,P,mae,0.7657824754714966
noised_data,78,0,0.15,P,mae,0.7544230818748474
noised_data,79,0,0.15,P,mae,0.836225152015686
noised_data,72,0,0.3,R,mse,1.1552631855010986
noised_data,73,0,0.3,R,mse,0.9182384014129639
noised_data,74,0,0.3,R,mse,0.9074459075927734
noised_data,75,0,0.3,R,mse,0.7464777827262878
noised_data,76,0,0.3,R,mse,0.8916222453117371
noised_data,77,0,0.3,R,mse,0.819021999835968
noised_data,78,0,0.3,R,mse,0.8533219695091248
noised_data,79,0,0.3,R,mse,1.119175672531128
noised_data,72,0,0.3,R,mae,0.8572211265563965
noised_data,73,0,0.3,R,mae,0.7600167989730835
noised_data,74,0,0.3,R,mae,0.7426116466522217
noised_data,75,0,0.3,R,mae,0.6762980222702026
noised_data,76,0,0.3,R,mae,0.7411196231842041
noised_data,77,0,0.3,R,mae,0.7094844579696655
noised_data,78,0,0.3,R,mae,0.72273850440979
noised_data,79,0,0.3,R,mae,0.8385294079780579
noised_data,72,0,0.3,P,mse,1.100222110748291
noised_data,73,0,0.3,P,mse,0.8307381868362427
noised_data,74,0,0.3,P,mse,0.7930567264556885
noised_data,75,0,0.3,P,mse,0.7804955840110779
noised_data,76,0,0.3,P,mse,0.8935230374336243
noised_data,77,0,0.3,P,mse,0.8223314881324768
noised_data,78,0,0.3,P,mse,0.9172723293304443
noised_data,79,0,0.3,P,mse,1.1481082439422607
noised_data,72,0,0.3,P,mae,0.8304367661476135
noised_data,73,0,0.3,P,mae,0.7168596982955933
noised_data,74,0,0.3,P,mae,0.7047798037528992
noised_data,75,0,0.3,P,mae,0.697006106376648
noised_data,76,0,0.3,P,mae,0.7463726997375488
noised_data,77,0,0.3,P,mae,0.7136934399604797
noised_data,78,0,0.3,P,mae,0.7453625202178955
noised_data,79,0,0.3,P,mae,0.8468945026397705
noised_data,72,0,0.5,R,mse,1.1059834957122803
noised_data,73,0,0.5,R,mse,0.7541535496711731
noised_data,74,0,0.5,R,mse,0.8533543944358826
noised_data,75,0,0.5,R,mse,0.6826300621032715
noised_data,76,0,0.5,R,mse,0.873054563999176
noised_data,77,0,0.5,R,mse,0.6937750577926636
noised_data,78,0,0.5,R,mse,0.8942574262619019
noised_data,79,0,0.5,R,mse,1.0771509408950806
noised_data,72,0,0.5,R,mae,0.8365291953086853
noised_data,73,0,0.5,R,mae,0.6891444325447083
noised_data,74,0,0.5,R,mae,0.7244081497192383
noised_data,75,0,0.5,R,mae,0.6407030820846558
noised_data,76,0,0.5,R,mae,0.7381029725074768
noised_data,77,0,0.5,R,mae,0.6532106995582581
noised_data,78,0,0.5,R,mae,0.7388392686843872
noised_data,79,0,0.5,R,mae,0.8175219297409058
noised_data,72,0,0.5,P,mse,1.0678380727767944
noised_data,73,0,0.5,P,mse,0.6652685403823853
noised_data,74,0,0.5,P,mse,0.7268991470336914
noised_data,75,0,0.5,P,mse,0.7281705141067505
noised_data,76,0,0.5,P,mse,0.968176007270813
noised_data,77,0,0.5,P,mse,0.7328288555145264
noised_data,78,0,0.5,P,mse,0.9888250827789307
noised_data,79,0,0.5,P,mse,1.0246875286102295
noised_data,72,0,0.5,P,mae,0.8218420147895813
noised_data,73,0,0.5,P,mae,0.6352276802062988
noised_data,74,0,0.5,P,mae,0.6669692993164062
noised_data,75,0,0.5,P,mae,0.6631213426589966
noised_data,76,0,0.5,P,mae,0.7776588201522827
noised_data,77,0,0.5,P,mae,0.668872594833374
noised_data,78,0,0.5,P,mae,0.7732954621315002
noised_data,79,0,0.5,P,mae,0.8067922592163086
noised_data,72,0,0.7,R,mse,0.9159426689147949
noised_data,73,0,0.7,R,mse,0.5883369445800781
noised_data,74,0,0.7,R,mse,0.7850670218467712
noised_data,75,0,0.7,R,mse,0.6208357810974121
noised_data,76,0,0.7,R,mse,0.7342740893363953
noised_data,77,0,0.7,R,mse,0.628013014793396
noised_data,78,0,0.7,R,mse,0.7831683158874512
noised_data,79,0,0.7,R,mse,0.8706145286560059
noised_data,72,0,0.7,R,mae,0.7568493485450745
noised_data,73,0,0.7,R,mae,0.6004568338394165
noised_data,74,0,0.7,R,mae,0.6958065032958984
noised_data,75,0,0.7,R,mae,0.6092193722724915
noised_data,76,0,0.7,R,mae,0.6832499504089355
noised_data,77,0,0.7,R,mae,0.6114484071731567
noised_data,78,0,0.7,R,mae,0.6948633790016174
noised_data,79,0,0.7,R,mae,0.7362910509109497
noised_data,72,0,0.7,P,mse,0.8913546204566956
noised_data,73,0,0.7,P,mse,0.5304502844810486
noised_data,74,0,0.7,P,mse,0.721015453338623
noised_data,75,0,0.7,P,mse,0.6069334745407104
noised_data,76,0,0.7,P,mse,0.7975720167160034
noised_data,77,0,0.7,P,mse,0.7068866491317749
noised_data,78,0,0.7,P,mse,0.8572261333465576
noised_data,79,0,0.7,P,mse,0.8069952726364136
noised_data,72,0,0.7,P,mae,0.7502906918525696
noised_data,73,0,0.7,P,mae,0.5627256631851196
noised_data,74,0,0.7,P,mae,0.6665208339691162
noised_data,75,0,0.7,P,mae,0.590139627456665
noised_data,76,0,0.7,P,mae,0.7170506715774536
noised_data,77,0,0.7,P,mae,0.626101016998291
noised_data,78,0,0.7,P,mae,0.7204926609992981
noised_data,79,0,0.7,P,mae,0.7206400632858276
noised_data,72,0,0.85,R,mse,0.7396900653839111
noised_data,73,0,0.85,R,mse,0.5642802119255066
noised_data,74,0,0.85,R,mse,0.8150863647460938
noised_data,75,0,0.85,R,mse,0.662703275680542
noised_data,76,0,0.85,R,mse,0.5656294226646423
noised_data,77,0,0.85,R,mse,0.5427077412605286
noised_data,78,0,0.85,R,mse,0.7120980024337769
noised_data,79,0,0.85,R,mse,0.7363549470901489
noised_data,72,0,0.85,R,mae,0.6816206574440002
noised_data,73,0,0.85,R,mae,0.5790404677391052
noised_data,74,0,0.85,R,mae,0.6967469453811646
noised_data,75,0,0.85,R,mae,0.6340656876564026
noised_data,76,0,0.85,R,mae,0.5992395877838135
noised_data,77,0,0.85,R,mae,0.5759387612342834
noised_data,78,0,0.85,R,mae,0.6624528169631958
noised_data,79,0,0.85,R,mae,0.6842978596687317
noised_data,72,0,0.85,P,mse,0.7288545370101929
noised_data,73,0,0.85,P,mse,0.48509716987609863
noised_data,74,0,0.85,P,mse,0.7786138653755188
noised_data,75,0,0.85,P,mse,0.5939376354217529
noised_data,76,0,0.85,P,mse,0.6164772510528564
noised_data,77,0,0.85,P,mse,0.6291214227676392
noised_data,78,0,0.85,P,mse,0.7815247774124146
noised_data,79,0,0.85,P,mse,0.6990211009979248
noised_data,72,0,0.85,P,mae,0.6784931421279907
noised_data,73,0,0.85,P,mae,0.5368166565895081
noised_data,74,0,0.85,P,mae,0.6843606233596802
noised_data,75,0,0.85,P,mae,0.5920615196228027
noised_data,76,0,0.85,P,mae,0.632696807384491
noised_data,77,0,0.85,P,mae,0.5925626754760742
noised_data,78,0,0.85,P,mae,0.6913892030715942
noised_data,79,0,0.85,P,mae,0.6703486442565918
noised_data,72,0,0.95,R,mse,0.6905248165130615
noised_data,73,0,0.95,R,mse,0.5938959717750549
noised_data,74,0,0.95,R,mse,0.8208274841308594
noised_data,75,0,0.95,R,mse,0.8347401022911072
noised_data,76,0,0.95,R,mse,0.4899052679538727
noised_data,77,0,0.95,R,mse,0.5599879622459412
noised_data,78,0,0.95,R,mse,0.6893218159675598
noised_data,79,0,0.95,R,mse,0.6433029174804688
noised_data,72,0,0.95,R,mae,0.6629894971847534
noised_data,73,0,0.95,R,mae,0.6051168441772461
noised_data,74,0,0.95,R,mae,0.7006436586380005
noised_data,75,0,0.95,R,mae,0.7484192848205566
noised_data,76,0,0.95,R,mae,0.5571339130401611
noised_data,77,0,0.95,R,mae,0.5890311002731323
noised_data,78,0,0.95,R,mae,0.6561728715896606
noised_data,79,0,0.95,R,mae,0.6444188356399536
noised_data,72,0,0.95,P,mse,0.6854292154312134
noised_data,73,0,0.95,P,mse,0.5083617568016052
noised_data,74,0,0.95,P,mse,0.8232913017272949
noised_data,75,0,0.95,P,mse,0.8686068058013916
noised_data,76,0,0.95,P,mse,0.5358843207359314
noised_data,77,0,0.95,P,mse,0.6613590121269226
noised_data,78,0,0.95,P,mse,0.7491316795349121
noised_data,79,0,0.95,P,mse,0.6237122416496277
noised_data,72,0,0.95,P,mae,0.6642985939979553
noised_data,73,0,0.95,P,mae,0.5638568997383118
noised_data,74,0,0.95,P,mae,0.7106630802154541
noised_data,75,0,0.95,P,mae,0.7462737560272217
noised_data,76,0,0.95,P,mae,0.5850449204444885
noised_data,77,0,0.95,P,mae,0.6180129051208496
noised_data,78,0,0.95,P,mae,0.6806827187538147
noised_data,79,0,0.95,P,mae,0.6331210136413574
noised_data,72,1,0.05,R,mse,1.0622260570526123
noised_data,73,1,0.05,R,mse,1.071740746498108
noised_data,74,1,0.05,R,mse,1.0327401161193848
noised_data,75,1,0.05,R,mse,0.9845227599143982
noised_data,76,1,0.05,R,mse,1.0499906539916992
noised_data,77,1,0.05,R,mse,1.0108566284179688
noised_data,78,1,0.05,R,mse,0.9955481290817261
noised_data,79,1,0.05,R,mse,1.0376813411712646
noised_data,72,1,0.05,R,mae,0.8152585029602051
noised_data,73,1,0.05,R,mae,0.8279324769973755
noised_data,74,1,0.05,R,mae,0.8089176416397095
noised_data,75,1,0.05,R,mae,0.7973719835281372
noised_data,76,1,0.05,R,mae,0.8194233179092407
noised_data,77,1,0.05,R,mae,0.8128167986869812
noised_data,78,1,0.05,R,mae,0.794649600982666
noised_data,79,1,0.05,R,mae,0.8071061372756958
noised_data,72,1,0.05,P,mse,1.101253628730774
noised_data,73,1,0.05,P,mse,0.9956697225570679
noised_data,74,1,0.05,P,mse,0.9793310761451721
noised_data,75,1,0.05,P,mse,1.0138750076293945
noised_data,76,1,0.05,P,mse,1.0068905353546143
noised_data,77,1,0.05,P,mse,0.9972953796386719
noised_data,78,1,0.05,P,mse,0.985173761844635
noised_data,79,1,0.05,P,mse,1.0886861085891724
noised_data,72,1,0.05,P,mae,0.8376100659370422
noised_data,73,1,0.05,P,mae,0.7983348369598389
noised_data,74,1,0.05,P,mae,0.7851170301437378
noised_data,75,1,0.05,P,mae,0.8021222352981567
noised_data,76,1,0.05,P,mae,0.800384521484375
noised_data,77,1,0.05,P,mae,0.8010653257369995
noised_data,78,1,0.05,P,mae,0.7888107895851135
noised_data,79,1,0.05,P,mae,0.838491678237915
noised_data,72,1,0.15,R,mse,1.1099679470062256
noised_data,73,1,0.15,R,mse,0.9881646633148193
noised_data,74,1,0.15,R,mse,0.9331762790679932
noised_data,75,1,0.15,R,mse,0.8784560561180115
noised_data,76,1,0.15,R,mse,0.9743776321411133
noised_data,77,1,0.15,R,mse,0.9405534267425537
noised_data,78,1,0.15,R,mse,0.9147539138793945
noised_data,79,1,0.15,R,mse,1.0659112930297852
noised_data,72,1,0.15,R,mae,0.8355011343955994
noised_data,73,1,0.15,R,mae,0.7900460958480835
noised_data,74,1,0.15,R,mae,0.7626413106918335
noised_data,75,1,0.15,R,mae,0.7384392023086548
noised_data,76,1,0.15,R,mae,0.7841501235961914
noised_data,77,1,0.15,R,mae,0.7751758098602295
noised_data,78,1,0.15,R,mae,0.7568981647491455
noised_data,79,1,0.15,R,mae,0.8188869953155518
noised_data,72,1,0.15,P,mse,1.12391996383667
noised_data,73,1,0.15,P,mse,0.955427885055542
noised_data,74,1,0.15,P,mse,0.8792290091514587
noised_data,75,1,0.15,P,mse,0.8944185376167297
noised_data,76,1,0.15,P,mse,0.9159581661224365
noised_data,77,1,0.15,P,mse,0.9070540070533752
noised_data,78,1,0.15,P,mse,0.890038251876831
noised_data,79,1,0.15,P,mse,1.094536304473877
noised_data,72,1,0.15,P,mae,0.845497727394104
noised_data,73,1,0.15,P,mae,0.775317907333374
noised_data,74,1,0.15,P,mae,0.7451954483985901
noised_data,75,1,0.15,P,mae,0.7528412342071533
noised_data,76,1,0.15,P,mae,0.7627273797988892
noised_data,77,1,0.15,P,mae,0.7605926990509033
noised_data,78,1,0.15,P,mae,0.7480278611183167
noised_data,79,1,0.15,P,mae,0.8347578048706055
noised_data,72,1,0.3,R,mse,1.130948781967163
noised_data,73,1,0.3,R,mse,0.8979793190956116
noised_data,74,1,0.3,R,mse,0.8485397100448608
noised_data,75,1,0.3,R,mse,0.7545244693756104
noised_data,76,1,0.3,R,mse,0.9180347919464111
noised_data,77,1,0.3,R,mse,0.8368396759033203
noised_data,78,1,0.3,R,mse,0.8774087429046631
noised_data,79,1,0.3,R,mse,1.1308927536010742
noised_data,72,1,0.3,R,mae,0.8397089242935181
noised_data,73,1,0.3,R,mae,0.7431322932243347
noised_data,74,1,0.3,R,mae,0.7212035655975342
noised_data,75,1,0.3,R,mae,0.6755383014678955
noised_data,76,1,0.3,R,mae,0.7490698099136353
noised_data,77,1,0.3,R,mae,0.7206796407699585
noised_data,78,1,0.3,R,mae,0.7329463362693787
noised_data,79,1,0.3,R,mae,0.8428412079811096
noised_data,72,1,0.3,P,mse,1.140496850013733
noised_data,73,1,0.3,P,mse,0.8464581966400146
noised_data,74,1,0.3,P,mse,0.8545304536819458
noised_data,75,1,0.3,P,mse,0.7687630653381348
noised_data,76,1,0.3,P,mse,0.8455707430839539
noised_data,77,1,0.3,P,mse,0.7981603741645813
noised_data,78,1,0.3,P,mse,0.8985557556152344
noised_data,79,1,0.3,P,mse,1.1269400119781494
noised_data,72,1,0.3,P,mae,0.85361248254776
noised_data,73,1,0.3,P,mae,0.7298229932785034
noised_data,74,1,0.3,P,mae,0.7275430560112
noised_data,75,1,0.3,P,mae,0.6934857368469238
noised_data,76,1,0.3,P,mae,0.7314742207527161
noised_data,77,1,0.3,P,mae,0.6990612745285034
noised_data,78,1,0.3,P,mae,0.7393393516540527
noised_data,79,1,0.3,P,mae,0.8382010459899902
noised_data,72,1,0.5,R,mse,1.0874781608581543
noised_data,73,1,0.5,R,mse,0.730664849281311
noised_data,74,1,0.5,R,mse,0.7888749241828918
noised_data,75,1,0.5,R,mse,0.7072572708129883
noised_data,76,1,0.5,R,mse,0.9377750754356384
noised_data,77,1,0.5,R,mse,0.6997746825218201
noised_data,78,1,0.5,R,mse,0.8980811834335327
noised_data,79,1,0.5,R,mse,1.0525983572006226
noised_data,72,1,0.5,R,mae,0.8245724439620972
noised_data,73,1,0.5,R,mae,0.6667330265045166
noised_data,74,1,0.5,R,mae,0.6985514760017395
noised_data,75,1,0.5,R,mae,0.6510838270187378
noised_data,76,1,0.5,R,mae,0.7586053013801575
noised_data,77,1,0.5,R,mae,0.6564255952835083
noised_data,78,1,0.5,R,mae,0.7388349175453186
noised_data,79,1,0.5,R,mae,0.8093017339706421
noised_data,72,1,0.5,P,mse,1.090358018875122
noised_data,73,1,0.5,P,mse,0.6941377520561218
noised_data,74,1,0.5,P,mse,0.7925785779953003
noised_data,75,1,0.5,P,mse,0.7087861895561218
noised_data,76,1,0.5,P,mse,0.9109765887260437
noised_data,77,1,0.5,P,mse,0.7195466160774231
noised_data,78,1,0.5,P,mse,0.9669291973114014
noised_data,79,1,0.5,P,mse,1.0506443977355957
noised_data,72,1,0.5,P,mae,0.8360728025436401
noised_data,73,1,0.5,P,mae,0.6591769456863403
noised_data,74,1,0.5,P,mae,0.6939568519592285
noised_data,75,1,0.5,P,mae,0.6569639444351196
noised_data,76,1,0.5,P,mae,0.7593021392822266
noised_data,77,1,0.5,P,mae,0.6613322496414185
noised_data,78,1,0.5,P,mae,0.7675939202308655
noised_data,79,1,0.5,P,mae,0.816451907157898
noised_data,72,1,0.7,R,mse,0.9141275882720947
noised_data,73,1,0.7,R,mse,0.5880070924758911
noised_data,74,1,0.7,R,mse,0.7583624124526978
noised_data,75,1,0.7,R,mse,0.6167015433311462
noised_data,76,1,0.7,R,mse,0.7732446789741516
noised_data,77,1,0.7,R,mse,0.6164730191230774
noised_data,78,1,0.7,R,mse,0.7835027575492859
noised_data,79,1,0.7,R,mse,0.8474311828613281
noised_data,72,1,0.7,R,mae,0.7541047930717468
noised_data,73,1,0.7,R,mae,0.5911205410957336
noised_data,74,1,0.7,R,mae,0.6873928308486938
noised_data,75,1,0.7,R,mae,0.5977943539619446
noised_data,76,1,0.7,R,mae,0.7005376219749451
noised_data,77,1,0.7,R,mae,0.6115020513534546
noised_data,78,1,0.7,R,mae,0.6937383413314819
noised_data,79,1,0.7,R,mae,0.7255576848983765
noised_data,72,1,0.7,P,mse,0.897051990032196
noised_data,73,1,0.7,P,mse,0.5279697775840759
noised_data,74,1,0.7,P,mse,0.7583112716674805
noised_data,75,1,0.7,P,mse,0.6038411855697632
noised_data,76,1,0.7,P,mse,0.7546982169151306
noised_data,77,1,0.7,P,mse,0.7192632555961609
noised_data,78,1,0.7,P,mse,0.8525437116622925
noised_data,79,1,0.7,P,mse,0.8193552494049072
noised_data,72,1,0.7,P,mae,0.7548816204071045
noised_data,73,1,0.7,P,mae,0.5690743923187256
noised_data,74,1,0.7,P,mae,0.6805146932601929
noised_data,75,1,0.7,P,mae,0.5990344285964966
noised_data,76,1,0.7,P,mae,0.6980536580085754
noised_data,77,1,0.7,P,mae,0.6248145699501038
noised_data,78,1,0.7,P,mae,0.7196899652481079
noised_data,79,1,0.7,P,mae,0.7271873950958252
noised_data,72,1,0.85,R,mse,0.7412264347076416
noised_data,73,1,0.85,R,mse,0.5611103177070618
noised_data,74,1,0.85,R,mse,0.8786073923110962
noised_data,75,1,0.85,R,mse,0.6385806798934937
noised_data,76,1,0.85,R,mse,0.5925499200820923
noised_data,77,1,0.85,R,mse,0.5483876466751099
noised_data,78,1,0.85,R,mse,0.7490417957305908
noised_data,79,1,0.85,R,mse,0.7244375348091125
noised_data,72,1,0.85,R,mae,0.6790154576301575
noised_data,73,1,0.85,R,mae,0.5728263854980469
noised_data,74,1,0.85,R,mae,0.7270619869232178
noised_data,75,1,0.85,R,mae,0.615662693977356
noised_data,76,1,0.85,R,mae,0.6137018203735352
noised_data,77,1,0.85,R,mae,0.5774654150009155
noised_data,78,1,0.85,R,mae,0.6788486242294312
noised_data,79,1,0.85,R,mae,0.6763381958007812
noised_data,72,1,0.85,P,mse,0.7262373566627502
noised_data,73,1,0.85,P,mse,0.4820922911167145
noised_data,74,1,0.85,P,mse,0.7365262508392334
noised_data,75,1,0.85,P,mse,0.619448721408844
noised_data,76,1,0.85,P,mse,0.5900671482086182
noised_data,77,1,0.85,P,mse,0.6225053071975708
noised_data,78,1,0.85,P,mse,0.7409844398498535
noised_data,79,1,0.85,P,mse,0.7035978436470032
noised_data,72,1,0.85,P,mae,0.6806892156600952
noised_data,73,1,0.85,P,mae,0.5398574471473694
noised_data,74,1,0.85,P,mae,0.6636571884155273
noised_data,75,1,0.85,P,mae,0.6114578247070312
noised_data,76,1,0.85,P,mae,0.618634045124054
noised_data,77,1,0.85,P,mae,0.5902502536773682
noised_data,78,1,0.85,P,mae,0.6732816100120544
noised_data,79,1,0.85,P,mae,0.6748716831207275
noised_data,72,1,0.95,R,mse,0.6933000087738037
noised_data,73,1,0.95,R,mse,0.5783665180206299
noised_data,74,1,0.95,R,mse,0.9203065633773804
noised_data,75,1,0.95,R,mse,0.8603302240371704
noised_data,76,1,0.95,R,mse,0.5144657492637634
noised_data,77,1,0.95,R,mse,0.573218047618866
noised_data,78,1,0.95,R,mse,0.7340232729911804
noised_data,79,1,0.95,R,mse,0.6317987442016602
noised_data,72,1,0.95,R,mae,0.6628645658493042
noised_data,73,1,0.95,R,mae,0.597578763961792
noised_data,74,1,0.95,R,mae,0.7551807761192322
noised_data,75,1,0.95,R,mae,0.7508021593093872
noised_data,76,1,0.95,R,mae,0.5695850253105164
noised_data,77,1,0.95,R,mae,0.5929889678955078
noised_data,78,1,0.95,R,mae,0.675095796585083
noised_data,79,1,0.95,R,mae,0.6353163719177246
noised_data,72,1,0.95,P,mse,0.6871210932731628
noised_data,73,1,0.95,P,mse,0.5196655988693237
noised_data,74,1,0.95,P,mse,0.7267844080924988
noised_data,75,1,0.95,P,mse,0.8442484140396118
noised_data,76,1,0.95,P,mse,0.5103092193603516
noised_data,77,1,0.95,P,mse,0.6464104652404785
noised_data,78,1,0.95,P,mse,0.7047685980796814
noised_data,79,1,0.95,P,mse,0.631300151348114
noised_data,72,1,0.95,P,mae,0.6665502786636353
noised_data,73,1,0.95,P,mae,0.5686776638031006
noised_data,74,1,0.95,P,mae,0.6585189700126648
noised_data,75,1,0.95,P,mae,0.743802011013031
noised_data,76,1,0.95,P,mae,0.5721033811569214
noised_data,77,1,0.95,P,mae,0.6131539940834045
noised_data,78,1,0.95,P,mae,0.661834716796875
noised_data,79,1,0.95,P,mae,0.6402639150619507
noised_data,80,0,0.05,R,mse,1.0684319734573364
noised_data,81,0,0.05,R,mse,1.0141557455062866
noised_data,82,0,0.05,R,mse,1.0146405696868896
noised_data,83,0,0.05,R,mse,1.0390372276306152
noised_data,84,0,0.05,R,mse,0.8996905088424683
noised_data,85,0,0.05,R,mse,1.019527554512024
noised_data,86,0,0.05,R,mse,1.1567323207855225
noised_data,87,0,0.05,R,mse,1.0090563297271729
noised_data,80,0,0.05,R,mae,0.8229246139526367
noised_data,81,0,0.05,R,mae,0.8072336912155151
noised_data,82,0,0.05,R,mae,0.7917101383209229
noised_data,83,0,0.05,R,mae,0.8143179416656494
noised_data,84,0,0.05,R,mae,0.75213623046875
noised_data,85,0,0.05,R,mae,0.8034861087799072
noised_data,86,0,0.05,R,mae,0.8525347709655762
noised_data,87,0,0.05,R,mae,0.8008203506469727
noised_data,80,0,0.05,P,mse,1.0631859302520752
noised_data,81,0,0.05,P,mse,0.9740692973136902
noised_data,82,0,0.05,P,mse,1.0338075160980225
noised_data,83,0,0.05,P,mse,0.9950789213180542
noised_data,84,0,0.05,P,mse,0.876701295375824
noised_data,85,0,0.05,P,mse,1.0288736820220947
noised_data,86,0,0.05,P,mse,1.1111466884613037
noised_data,87,0,0.05,P,mse,1.04775071144104
noised_data,80,0,0.05,P,mae,0.8204880356788635
noised_data,81,0,0.05,P,mae,0.7836540937423706
noised_data,82,0,0.05,P,mae,0.8069109916687012
noised_data,83,0,0.05,P,mae,0.7904373407363892
noised_data,84,0,0.05,P,mae,0.7521687150001526
noised_data,85,0,0.05,P,mae,0.8072506189346313
noised_data,86,0,0.05,P,mae,0.8528566360473633
noised_data,87,0,0.05,P,mae,0.8147673606872559
noised_data,80,0,0.15,R,mse,1.0840790271759033
noised_data,81,0,0.15,R,mse,0.939905047416687
noised_data,82,0,0.15,R,mse,0.952994167804718
noised_data,83,0,0.15,R,mse,1.0050716400146484
noised_data,84,0,0.15,R,mse,0.6915746331214905
noised_data,85,0,0.15,R,mse,0.9060155153274536
noised_data,86,0,0.15,R,mse,1.1214919090270996
noised_data,87,0,0.15,R,mse,0.9683628678321838
noised_data,80,0,0.15,R,mae,0.8289790749549866
noised_data,81,0,0.15,R,mae,0.7704770565032959
noised_data,82,0,0.15,R,mae,0.7686632871627808
noised_data,83,0,0.15,R,mae,0.7923499941825867
noised_data,84,0,0.15,R,mae,0.6576864123344421
noised_data,85,0,0.15,R,mae,0.7531252503395081
noised_data,86,0,0.15,R,mae,0.834617018699646
noised_data,87,0,0.15,R,mae,0.7802034020423889
noised_data,80,0,0.15,P,mse,1.111467957496643
noised_data,81,0,0.15,P,mse,0.8903868198394775
noised_data,82,0,0.15,P,mse,0.947860836982727
noised_data,83,0,0.15,P,mse,0.9369497895240784
noised_data,84,0,0.15,P,mse,0.6654496192932129
noised_data,85,0,0.15,P,mse,0.9231334924697876
noised_data,86,0,0.15,P,mse,1.0785951614379883
noised_data,87,0,0.15,P,mse,0.9959980249404907
noised_data,80,0,0.15,P,mae,0.8345871567726135
noised_data,81,0,0.15,P,mae,0.7386494874954224
noised_data,82,0,0.15,P,mae,0.7693853378295898
noised_data,83,0,0.15,P,mae,0.7644824981689453
noised_data,84,0,0.15,P,mae,0.6464188098907471
noised_data,85,0,0.15,P,mae,0.7602572441101074
noised_data,86,0,0.15,P,mae,0.8348155617713928
noised_data,87,0,0.15,P,mae,0.7967989444732666
noised_data,80,0,0.3,R,mse,1.0706011056900024
noised_data,81,0,0.3,R,mse,0.9074498414993286
noised_data,82,0,0.3,R,mse,0.9119642972946167
noised_data,83,0,0.3,R,mse,0.8826897740364075
noised_data,84,0,0.3,R,mse,0.5625615119934082
noised_data,85,0,0.3,R,mse,0.830638587474823
noised_data,86,0,0.3,R,mse,1.0886720418930054
noised_data,87,0,0.3,R,mse,0.985133171081543
noised_data,80,0,0.3,R,mae,0.8214033842086792
noised_data,81,0,0.3,R,mae,0.7454328536987305
noised_data,82,0,0.3,R,mae,0.7472819685935974
noised_data,83,0,0.3,R,mae,0.7364583611488342
noised_data,84,0,0.3,R,mae,0.5852481126785278
noised_data,85,0,0.3,R,mae,0.7201830744743347
noised_data,86,0,0.3,R,mae,0.8204464912414551
noised_data,87,0,0.3,R,mae,0.7787166237831116
noised_data,80,0,0.3,P,mse,1.139107584953308
noised_data,81,0,0.3,P,mse,0.8173812627792358
noised_data,82,0,0.3,P,mse,0.8582078814506531
noised_data,83,0,0.3,P,mse,0.8365211486816406
noised_data,84,0,0.3,P,mse,0.539972186088562
noised_data,85,0,0.3,P,mse,0.8527681827545166
noised_data,86,0,0.3,P,mse,1.0195841789245605
noised_data,87,0,0.3,P,mse,1.0306408405303955
noised_data,80,0,0.3,P,mae,0.8387179374694824
noised_data,81,0,0.3,P,mae,0.7042214870452881
noised_data,82,0,0.3,P,mae,0.7281488180160522
noised_data,83,0,0.3,P,mae,0.7145557403564453
noised_data,84,0,0.3,P,mae,0.5736986398696899
noised_data,85,0,0.3,P,mae,0.7285051345825195
noised_data,86,0,0.3,P,mae,0.7978368997573853
noised_data,87,0,0.3,P,mae,0.8017915487289429
noised_data,80,0,0.5,R,mse,1.0209524631500244
noised_data,81,0,0.5,R,mse,0.813726544380188
noised_data,82,0,0.5,R,mse,0.8028832674026489
noised_data,83,0,0.5,R,mse,0.7752000093460083
noised_data,84,0,0.5,R,mse,0.6109335422515869
noised_data,85,0,0.5,R,mse,0.7637283802032471
noised_data,86,0,0.5,R,mse,0.963627278804779
noised_data,87,0,0.5,R,mse,0.9669461846351624
noised_data,80,0,0.5,R,mae,0.7978987693786621
noised_data,81,0,0.5,R,mae,0.6944177746772766
noised_data,82,0,0.5,R,mae,0.6955443024635315
noised_data,83,0,0.5,R,mae,0.6938731074333191
noised_data,84,0,0.5,R,mae,0.5983985662460327
noised_data,85,0,0.5,R,mae,0.6939992904663086
noised_data,86,0,0.5,R,mae,0.7690767049789429
noised_data,87,0,0.5,R,mae,0.7734107971191406
noised_data,80,0,0.5,P,mse,1.0489082336425781
noised_data,81,0,0.5,P,mse,0.760647177696228
noised_data,82,0,0.5,P,mse,0.7756564617156982
noised_data,83,0,0.5,P,mse,0.7502416372299194
noised_data,84,0,0.5,P,mse,0.5518339276313782
noised_data,85,0,0.5,P,mse,0.7782055139541626
noised_data,86,0,0.5,P,mse,0.9128211140632629
noised_data,87,0,0.5,P,mse,1.0036569833755493
noised_data,80,0,0.5,P,mae,0.8117406368255615
noised_data,81,0,0.5,P,mae,0.671281099319458
noised_data,82,0,0.5,P,mae,0.6801474094390869
noised_data,83,0,0.5,P,mae,0.6769887208938599
noised_data,84,0,0.5,P,mae,0.571528971195221
noised_data,85,0,0.5,P,mae,0.6974505186080933
noised_data,86,0,0.5,P,mae,0.7523817420005798
noised_data,87,0,0.5,P,mae,0.7920783162117004
noised_data,80,0,0.7,R,mse,0.8318842649459839
noised_data,81,0,0.7,R,mse,0.6229681968688965
noised_data,82,0,0.7,R,mse,0.695045530796051
noised_data,83,0,0.7,R,mse,0.7182509899139404
noised_data,84,0,0.7,R,mse,0.6521899700164795
noised_data,85,0,0.7,R,mse,0.6834615468978882
noised_data,86,0,0.7,R,mse,0.7153198719024658
noised_data,87,0,0.7,R,mse,0.8262323141098022
noised_data,80,0,0.7,R,mae,0.7249349355697632
noised_data,81,0,0.7,R,mae,0.6048019528388977
noised_data,82,0,0.7,R,mae,0.6453638076782227
noised_data,83,0,0.7,R,mae,0.6731606721878052
noised_data,84,0,0.7,R,mae,0.6268922686576843
noised_data,85,0,0.7,R,mae,0.6538234949111938
noised_data,86,0,0.7,R,mae,0.6671709418296814
noised_data,87,0,0.7,R,mae,0.7196707129478455
noised_data,80,0,0.7,P,mse,0.8365257978439331
noised_data,81,0,0.7,P,mse,0.5979483127593994
noised_data,82,0,0.7,P,mse,0.6788926124572754
noised_data,83,0,0.7,P,mse,0.750507116317749
noised_data,84,0,0.7,P,mse,0.6640095710754395
noised_data,85,0,0.7,P,mse,0.6960898637771606
noised_data,86,0,0.7,P,mse,0.675420343875885
noised_data,87,0,0.7,P,mse,0.8857663869857788
noised_data,80,0,0.7,P,mae,0.7249230146408081
noised_data,81,0,0.7,P,mae,0.6010316610336304
noised_data,82,0,0.7,P,mae,0.6383756399154663
noised_data,83,0,0.7,P,mae,0.6832533478736877
noised_data,84,0,0.7,P,mae,0.6398114562034607
noised_data,85,0,0.7,P,mae,0.6601659059524536
noised_data,86,0,0.7,P,mae,0.6467568874359131
noised_data,87,0,0.7,P,mae,0.7522532939910889
noised_data,80,0,0.85,R,mse,0.8431848287582397
noised_data,81,0,0.85,R,mse,0.6666151285171509
noised_data,82,0,0.85,R,mse,0.6067901849746704
noised_data,83,0,0.85,R,mse,0.6457920074462891
noised_data,84,0,0.85,R,mse,0.6008967161178589
noised_data,85,0,0.85,R,mse,0.591140866279602
noised_data,86,0,0.85,R,mse,0.5623958110809326
noised_data,87,0,0.85,R,mse,0.6636520028114319
noised_data,80,0,0.85,R,mae,0.715569019317627
noised_data,81,0,0.85,R,mae,0.6414517164230347
noised_data,82,0,0.85,R,mae,0.595451831817627
noised_data,83,0,0.85,R,mae,0.6443395018577576
noised_data,84,0,0.85,R,mae,0.609257698059082
noised_data,85,0,0.85,R,mae,0.604844331741333
noised_data,86,0,0.85,R,mae,0.5949158668518066
noised_data,87,0,0.85,R,mae,0.6471855640411377
noised_data,80,0,0.85,P,mse,0.7596002817153931
noised_data,81,0,0.85,P,mse,0.6770762205123901
noised_data,82,0,0.85,P,mse,0.5860469341278076
noised_data,83,0,0.85,P,mse,0.6915297508239746
noised_data,84,0,0.85,P,mse,0.6317825317382812
noised_data,85,0,0.85,P,mse,0.5694665908813477
noised_data,86,0,0.85,P,mse,0.5428364276885986
noised_data,87,0,0.85,P,mse,0.7137653827667236
noised_data,80,0,0.85,P,mae,0.7002530097961426
noised_data,81,0,0.85,P,mae,0.6450653672218323
noised_data,82,0,0.85,P,mae,0.6018104553222656
noised_data,83,0,0.85,P,mae,0.6664182543754578
noised_data,84,0,0.85,P,mae,0.6255781650543213
noised_data,85,0,0.85,P,mae,0.5960975885391235
noised_data,86,0,0.85,P,mae,0.5803562998771667
noised_data,87,0,0.85,P,mae,0.6732590198516846
noised_data,80,0,0.95,R,mse,0.8372931480407715
noised_data,81,0,0.95,R,mse,0.7717547416687012
noised_data,82,0,0.95,R,mse,0.6497085094451904
noised_data,83,0,0.95,R,mse,0.5916120409965515
noised_data,84,0,0.95,R,mse,0.6790046095848083
noised_data,85,0,0.95,R,mse,0.6052100658416748
noised_data,86,0,0.95,R,mse,0.4746541976928711
noised_data,87,0,0.95,R,mse,0.5546921491622925
noised_data,80,0,0.95,R,mae,0.7144414782524109
noised_data,81,0,0.95,R,mae,0.6993967294692993
noised_data,82,0,0.95,R,mae,0.6192705631256104
noised_data,83,0,0.95,R,mae,0.6172925233840942
noised_data,84,0,0.95,R,mae,0.6488882303237915
noised_data,85,0,0.95,R,mae,0.6244012117385864
noised_data,86,0,0.95,R,mae,0.5485777854919434
noised_data,87,0,0.95,R,mae,0.5943526029586792
noised_data,80,0,0.95,P,mse,0.7450226545333862
noised_data,81,0,0.95,P,mse,0.7493194341659546
noised_data,82,0,0.95,P,mse,0.6175298690795898
noised_data,83,0,0.95,P,mse,0.634124755859375
noised_data,84,0,0.95,P,mse,0.7097834944725037
noised_data,85,0,0.95,P,mse,0.6398741006851196
noised_data,86,0,0.95,P,mse,0.46418410539627075
noised_data,87,0,0.95,P,mse,0.5946503281593323
noised_data,80,0,0.95,P,mae,0.7054123878479004
noised_data,81,0,0.95,P,mae,0.6891063451766968
noised_data,82,0,0.95,P,mae,0.6120860576629639
noised_data,83,0,0.95,P,mae,0.6446309089660645
noised_data,84,0,0.95,P,mae,0.6662638187408447
noised_data,85,0,0.95,P,mae,0.6463460922241211
noised_data,86,0,0.95,P,mae,0.5386199951171875
noised_data,87,0,0.95,P,mae,0.6143956184387207
noised_data,80,1,0.05,R,mse,1.0336065292358398
noised_data,81,1,0.05,R,mse,0.9843924045562744
noised_data,82,1,0.05,R,mse,1.0519866943359375
noised_data,83,1,0.05,R,mse,1.0139344930648804
noised_data,84,1,0.05,R,mse,0.8735964298248291
noised_data,85,1,0.05,R,mse,1.0446622371673584
noised_data,86,1,0.05,R,mse,1.1374220848083496
noised_data,87,1,0.05,R,mse,1.0567526817321777
noised_data,80,1,0.05,R,mae,0.8085172772407532
noised_data,81,1,0.05,R,mae,0.7905237674713135
noised_data,82,1,0.05,R,mae,0.8113120794296265
noised_data,83,1,0.05,R,mae,0.8045308589935303
noised_data,84,1,0.05,R,mae,0.744728684425354
noised_data,85,1,0.05,R,mae,0.808783233165741
noised_data,86,1,0.05,R,mae,0.858366072177887
noised_data,87,1,0.05,R,mae,0.8210906386375427
noised_data,80,1,0.05,P,mse,1.0973972082138062
noised_data,81,1,0.05,P,mse,1.0029182434082031
noised_data,82,1,0.05,P,mse,0.9979979991912842
noised_data,83,1,0.05,P,mse,1.015960931777954
noised_data,84,1,0.05,P,mse,0.9003715515136719
noised_data,85,1,0.05,P,mse,1.0043247938156128
noised_data,86,1,0.05,P,mse,1.1302680969238281
noised_data,87,1,0.05,P,mse,1.0010528564453125
noised_data,80,1,0.05,P,mae,0.8353803753852844
noised_data,81,1,0.05,P,mae,0.7996221780776978
noised_data,82,1,0.05,P,mae,0.7859781980514526
noised_data,83,1,0.05,P,mae,0.798405647277832
noised_data,84,1,0.05,P,mae,0.7593399286270142
noised_data,85,1,0.05,P,mae,0.8033024668693542
noised_data,86,1,0.05,P,mae,0.8462051153182983
noised_data,87,1,0.05,P,mae,0.7939375042915344
noised_data,80,1,0.15,R,mse,1.0485568046569824
noised_data,81,1,0.15,R,mse,0.8949116468429565
noised_data,82,1,0.15,R,mse,0.9872708320617676
noised_data,83,1,0.15,R,mse,0.9686625599861145
noised_data,84,1,0.15,R,mse,0.6979397535324097
noised_data,85,1,0.15,R,mse,0.9102911353111267
noised_data,86,1,0.15,R,mse,1.1064262390136719
noised_data,87,1,0.15,R,mse,1.0207390785217285
noised_data,80,1,0.15,R,mae,0.8137407302856445
noised_data,81,1,0.15,R,mae,0.7504980564117432
noised_data,82,1,0.15,R,mae,0.7848491072654724
noised_data,83,1,0.15,R,mae,0.7787400484085083
noised_data,84,1,0.15,R,mae,0.6586453914642334
noised_data,85,1,0.15,R,mae,0.7557125687599182
noised_data,86,1,0.15,R,mae,0.8438283205032349
noised_data,87,1,0.15,R,mae,0.8046185374259949
noised_data,80,1,0.15,P,mse,1.1470301151275635
noised_data,81,1,0.15,P,mse,0.9252281785011292
noised_data,82,1,0.15,P,mse,0.9191552996635437
noised_data,83,1,0.15,P,mse,0.9708020687103271
noised_data,84,1,0.15,P,mse,0.6668998003005981
noised_data,85,1,0.15,P,mse,0.9123855233192444
noised_data,86,1,0.15,P,mse,1.096863031387329
noised_data,87,1,0.15,P,mse,0.9434438347816467
noised_data,80,1,0.15,P,mae,0.8505027294158936
noised_data,81,1,0.15,P,mae,0.7568134069442749
noised_data,82,1,0.15,P,mae,0.755362868309021
noised_data,83,1,0.15,P,mae,0.7755783796310425
noised_data,84,1,0.15,P,mae,0.6501274704933167
noised_data,85,1,0.15,P,mae,0.7558175325393677
noised_data,86,1,0.15,P,mae,0.8282797932624817
noised_data,87,1,0.15,P,mae,0.7725194692611694
noised_data,80,1,0.3,R,mse,1.045771598815918
noised_data,81,1,0.3,R,mse,0.8482266664505005
noised_data,82,1,0.3,R,mse,0.9438029527664185
noised_data,83,1,0.3,R,mse,0.8401308059692383
noised_data,84,1,0.3,R,mse,0.5791887044906616
noised_data,85,1,0.3,R,mse,0.8321817517280579
noised_data,86,1,0.3,R,mse,1.0571444034576416
noised_data,87,1,0.3,R,mse,1.0466283559799194
noised_data,80,1,0.3,R,mae,0.8080829381942749
noised_data,81,1,0.3,R,mae,0.724682092666626
noised_data,82,1,0.3,R,mae,0.7548134326934814
noised_data,83,1,0.3,R,mae,0.716204047203064
noised_data,84,1,0.3,R,mae,0.5907678008079529
noised_data,85,1,0.3,R,mae,0.7217878103256226
noised_data,86,1,0.3,R,mae,0.8127555847167969
noised_data,87,1,0.3,R,mae,0.8043696284294128
noised_data,80,1,0.3,P,mse,1.1717255115509033
noised_data,81,1,0.3,P,mse,0.8690745234489441
noised_data,82,1,0.3,P,mse,0.8294230699539185
noised_data,83,1,0.3,P,mse,0.8794745802879333
noised_data,84,1,0.3,P,mse,0.5335031747817993
noised_data,85,1,0.3,P,mse,0.8493945002555847
noised_data,86,1,0.3,P,mse,1.0582058429718018
noised_data,87,1,0.3,P,mse,0.9700422883033752
noised_data,80,1,0.3,P,mae,0.8548338413238525
noised_data,81,1,0.3,P,mae,0.721020519733429
noised_data,82,1,0.3,P,mae,0.7241979837417603
noised_data,83,1,0.3,P,mae,0.7343413233757019
noised_data,84,1,0.3,P,mae,0.5730828046798706
noised_data,85,1,0.3,P,mae,0.7261979579925537
noised_data,86,1,0.3,P,mae,0.8086445331573486
noised_data,87,1,0.3,P,mae,0.7781427502632141
noised_data,80,1,0.5,R,mse,1.0081725120544434
noised_data,81,1,0.5,R,mse,0.771212637424469
noised_data,82,1,0.5,R,mse,0.8291239738464355
noised_data,83,1,0.5,R,mse,0.7470606565475464
noised_data,84,1,0.5,R,mse,0.5844569206237793
noised_data,85,1,0.5,R,mse,0.7638205289840698
noised_data,86,1,0.5,R,mse,0.9407174587249756
noised_data,87,1,0.5,R,mse,0.997470498085022
noised_data,80,1,0.5,R,mae,0.7944608926773071
noised_data,81,1,0.5,R,mae,0.6817294359207153
noised_data,82,1,0.5,R,mae,0.6985268592834473
noised_data,83,1,0.5,R,mae,0.6821137070655823
noised_data,84,1,0.5,R,mae,0.586902916431427
noised_data,85,1,0.5,R,mae,0.6933742761611938
noised_data,86,1,0.5,R,mae,0.764640212059021
noised_data,87,1,0.5,R,mae,0.7882170081138611
noised_data,80,1,0.5,P,mse,1.0695111751556396
noised_data,81,1,0.5,P,mse,0.7870648503303528
noised_data,82,1,0.5,P,mse,0.7323966026306152
noised_data,83,1,0.5,P,mse,0.7811852693557739
noised_data,84,1,0.5,P,mse,0.5749133229255676
noised_data,85,1,0.5,P,mse,0.7772292494773865
noised_data,86,1,0.5,P,mse,0.9351822733879089
noised_data,87,1,0.5,P,mse,0.983218789100647
noised_data,80,1,0.5,P,mae,0.818932056427002
noised_data,81,1,0.5,P,mae,0.6781260967254639
noised_data,82,1,0.5,P,mae,0.6701841354370117
noised_data,83,1,0.5,P,mae,0.6898046731948853
noised_data,84,1,0.5,P,mae,0.5812317132949829
noised_data,85,1,0.5,P,mae,0.6977673172950745
noised_data,86,1,0.5,P,mae,0.7572094798088074
noised_data,87,1,0.5,P,mae,0.7821715474128723
noised_data,80,1,0.7,R,mse,0.7933245897293091
noised_data,81,1,0.7,R,mse,0.6163355112075806
noised_data,82,1,0.7,R,mse,0.6911948323249817
noised_data,83,1,0.7,R,mse,0.728293776512146
noised_data,84,1,0.7,R,mse,0.6683592796325684
noised_data,85,1,0.7,R,mse,0.6890057325363159
noised_data,86,1,0.7,R,mse,0.7234019041061401
noised_data,87,1,0.7,R,mse,0.8693392872810364
noised_data,80,1,0.7,R,mae,0.7060306072235107
noised_data,81,1,0.7,R,mae,0.6102089881896973
noised_data,82,1,0.7,R,mae,0.645236611366272
noised_data,83,1,0.7,R,mae,0.6792151927947998
noised_data,84,1,0.7,R,mae,0.6335119605064392
noised_data,85,1,0.7,R,mae,0.6543931365013123
noised_data,86,1,0.7,R,mae,0.666469931602478
noised_data,87,1,0.7,R,mae,0.7402603626251221
noised_data,80,1,0.7,P,mse,0.8746914863586426
noised_data,81,1,0.7,P,mse,0.5996584892272949
noised_data,82,1,0.7,P,mse,0.6822311282157898
noised_data,83,1,0.7,P,mse,0.7389698028564453
noised_data,84,1,0.7,P,mse,0.6615408062934875
noised_data,85,1,0.7,P,mse,0.6739423871040344
noised_data,86,1,0.7,P,mse,0.6678425073623657
noised_data,87,1,0.7,P,mse,0.8403280973434448
noised_data,80,1,0.7,P,mae,0.7439465522766113
noised_data,81,1,0.7,P,mae,0.5932912230491638
noised_data,82,1,0.7,P,mae,0.6382545232772827
noised_data,83,1,0.7,P,mae,0.6770617961883545
noised_data,84,1,0.7,P,mae,0.6380507349967957
noised_data,85,1,0.7,P,mae,0.6516381502151489
noised_data,86,1,0.7,P,mae,0.6481485962867737
noised_data,87,1,0.7,P,mae,0.730425238609314
noised_data,80,1,0.85,R,mse,0.7219810485839844
noised_data,81,1,0.85,R,mse,0.6712572574615479
noised_data,82,1,0.85,R,mse,0.5878106951713562
noised_data,83,1,0.85,R,mse,0.6550192832946777
noised_data,84,1,0.85,R,mse,0.649619460105896
noised_data,85,1,0.85,R,mse,0.5599374175071716
noised_data,86,1,0.85,R,mse,0.5771476030349731
noised_data,87,1,0.85,R,mse,0.699766993522644
noised_data,80,1,0.85,R,mae,0.6842617988586426
noised_data,81,1,0.85,R,mae,0.6406473517417908
noised_data,82,1,0.85,R,mae,0.6016268730163574
noised_data,83,1,0.85,R,mae,0.6499882936477661
noised_data,84,1,0.85,R,mae,0.6295456290245056
noised_data,85,1,0.85,R,mae,0.592371940612793
noised_data,86,1,0.85,R,mae,0.5953916907310486
noised_data,87,1,0.85,R,mae,0.6632111668586731
noised_data,80,1,0.85,P,mse,0.8890112638473511
noised_data,81,1,0.85,P,mse,0.6781995296478271
noised_data,82,1,0.85,P,mse,0.6053946018218994
noised_data,83,1,0.85,P,mse,0.6835203170776367
noised_data,84,1,0.85,P,mse,0.58291095495224
noised_data,85,1,0.85,P,mse,0.5907031297683716
noised_data,86,1,0.85,P,mse,0.528967559337616
noised_data,87,1,0.85,P,mse,0.6779588460922241
noised_data,80,1,0.85,P,mae,0.7357521653175354
noised_data,81,1,0.85,P,mae,0.648720383644104
noised_data,82,1,0.85,P,mae,0.5966033339500427
noised_data,83,1,0.85,P,mae,0.6608772873878479
noised_data,84,1,0.85,P,mae,0.606667160987854
noised_data,85,1,0.85,P,mae,0.6045390367507935
noised_data,86,1,0.85,P,mae,0.580400288105011
noised_data,87,1,0.85,P,mae,0.6573193669319153
noised_data,80,1,0.95,R,mse,0.7014382481575012
noised_data,81,1,0.95,R,mse,0.7449695467948914
noised_data,82,1,0.95,R,mse,0.6315960884094238
noised_data,83,1,0.95,R,mse,0.5961449146270752
noised_data,84,1,0.95,R,mse,0.7442208528518677
noised_data,85,1,0.95,R,mse,0.629547655582428
noised_data,86,1,0.95,R,mse,0.4864722788333893
noised_data,87,1,0.95,R,mse,0.5797214508056641
noised_data,80,1,0.95,R,mae,0.6834471821784973
noised_data,81,1,0.95,R,mae,0.6818897724151611
noised_data,82,1,0.95,R,mae,0.6245781183242798
noised_data,83,1,0.95,R,mae,0.6224346160888672
noised_data,84,1,0.95,R,mae,0.6796548366546631
noised_data,85,1,0.95,R,mae,0.6408940553665161
noised_data,86,1,0.95,R,mae,0.5494178533554077
noised_data,87,1,0.95,R,mae,0.6046383380889893
noised_data,80,1,0.95,P,mse,0.8827327489852905
noised_data,81,1,0.95,P,mse,0.7733514308929443
noised_data,82,1,0.95,P,mse,0.6329999566078186
noised_data,83,1,0.95,P,mse,0.6273295283317566
noised_data,84,1,0.95,P,mse,0.6423697471618652
noised_data,85,1,0.95,P,mse,0.6145818829536438
noised_data,86,1,0.95,P,mse,0.4531143605709076
noised_data,87,1,0.95,P,mse,0.5702438354492188
noised_data,80,1,0.95,P,mae,0.7374212741851807
noised_data,81,1,0.95,P,mae,0.7051342725753784
noised_data,82,1,0.95,P,mae,0.605466365814209
noised_data,83,1,0.95,P,mae,0.638364851474762
noised_data,84,1,0.95,P,mae,0.6349334716796875
noised_data,85,1,0.95,P,mae,0.6295138001441956
noised_data,86,1,0.95,P,mae,0.5380725264549255
noised_data,87,1,0.95,P,mae,0.6043482422828674
noised_data,88,0,0.05,R,mse,0.8482482433319092
noised_data,89,0,0.05,R,mse,0.9051796793937683
noised_data,90,0,0.05,R,mse,1.0385937690734863
noised_data,91,0,0.05,R,mse,1.0441871881484985
noised_data,92,0,0.05,R,mse,1.0187883377075195
noised_data,93,0,0.05,R,mse,0.9675037860870361
noised_data,94,0,0.05,R,mse,1.0238580703735352
noised_data,95,0,0.05,R,mse,1.0927563905715942
noised_data,88,0,0.05,R,mae,0.7289936542510986
noised_data,89,0,0.05,R,mae,0.733238935470581
noised_data,90,0,0.05,R,mae,0.8067583441734314
noised_data,91,0,0.05,R,mae,0.8178202509880066
noised_data,92,0,0.05,R,mae,0.8054285645484924
noised_data,93,0,0.05,R,mae,0.7837939262390137
noised_data,94,0,0.05,R,mae,0.8061080574989319
noised_data,95,0,0.05,R,mae,0.8323644399642944
noised_data,88,0,0.05,P,mse,0.9179773330688477
noised_data,89,0,0.05,P,mse,0.8977845907211304
noised_data,90,0,0.05,P,mse,1.0323278903961182
noised_data,91,0,0.05,P,mse,1.0487295389175415
noised_data,92,0,0.05,P,mse,1.0495386123657227
noised_data,93,0,0.05,P,mse,1.0012949705123901
noised_data,94,0,0.05,P,mse,1.0289840698242188
noised_data,95,0,0.05,P,mse,1.057302713394165
noised_data,88,0,0.05,P,mae,0.7575299739837646
noised_data,89,0,0.05,P,mae,0.7367351651191711
noised_data,90,0,0.05,P,mae,0.8081433773040771
noised_data,91,0,0.05,P,mae,0.8107354640960693
noised_data,92,0,0.05,P,mae,0.8130905032157898
noised_data,93,0,0.05,P,mae,0.8010962009429932
noised_data,94,0,0.05,P,mae,0.8107720613479614
noised_data,95,0,0.05,P,mae,0.8204188346862793
noised_data,88,0,0.15,R,mse,0.6457698941230774
noised_data,89,0,0.15,R,mse,0.7717059850692749
noised_data,90,0,0.15,R,mse,0.971155047416687
noised_data,91,0,0.15,R,mse,0.9644896388053894
noised_data,92,0,0.15,R,mse,0.9108890891075134
noised_data,93,0,0.15,R,mse,0.7749282121658325
noised_data,94,0,0.15,R,mse,0.924561619758606
noised_data,95,0,0.15,R,mse,1.0425527095794678
noised_data,88,0,0.15,R,mae,0.630478024482727
noised_data,89,0,0.15,R,mae,0.6689968109130859
noised_data,90,0,0.15,R,mae,0.7765717506408691
noised_data,91,0,0.15,R,mae,0.7753763198852539
noised_data,92,0,0.15,R,mae,0.7576043605804443
noised_data,93,0,0.15,R,mae,0.693875253200531
noised_data,94,0,0.15,R,mae,0.7637130618095398
noised_data,95,0,0.15,R,mae,0.808568000793457
noised_data,88,0,0.15,P,mse,0.7268563508987427
noised_data,89,0,0.15,P,mse,0.7466843128204346
noised_data,90,0,0.15,P,mse,0.9514486789703369
noised_data,91,0,0.15,P,mse,0.9679464101791382
noised_data,92,0,0.15,P,mse,0.921548068523407
noised_data,93,0,0.15,P,mse,0.8164311051368713
noised_data,94,0,0.15,P,mse,0.9484671354293823
noised_data,95,0,0.15,P,mse,0.9738494157791138
noised_data,88,0,0.15,P,mae,0.6669594645500183
noised_data,89,0,0.15,P,mae,0.6508080959320068
noised_data,90,0,0.15,P,mae,0.7721611857414246
noised_data,91,0,0.15,P,mae,0.7751936912536621
noised_data,92,0,0.15,P,mae,0.7577226161956787
noised_data,93,0,0.15,P,mae,0.7184556722640991
noised_data,94,0,0.15,P,mae,0.7779554724693298
noised_data,95,0,0.15,P,mae,0.7828161120414734
noised_data,88,0,0.3,R,mse,0.5677882432937622
noised_data,89,0,0.3,R,mse,0.6987069845199585
noised_data,90,0,0.3,R,mse,0.969334602355957
noised_data,91,0,0.3,R,mse,0.8359320163726807
noised_data,92,0,0.3,R,mse,0.8337923884391785
noised_data,93,0,0.3,R,mse,0.6030516028404236
noised_data,94,0,0.3,R,mse,0.8374089002609253
noised_data,95,0,0.3,R,mse,1.0053181648254395
noised_data,88,0,0.3,R,mae,0.5848966836929321
noised_data,89,0,0.3,R,mae,0.6296175718307495
noised_data,90,0,0.3,R,mae,0.7697497606277466
noised_data,91,0,0.3,R,mae,0.713747501373291
noised_data,92,0,0.3,R,mae,0.719620943069458
noised_data,93,0,0.3,R,mae,0.6066215634346008
noised_data,94,0,0.3,R,mae,0.7181693315505981
noised_data,95,0,0.3,R,mae,0.7865320444107056
noised_data,88,0,0.3,P,mse,0.6406450271606445
noised_data,89,0,0.3,P,mse,0.6646730899810791
noised_data,90,0,0.3,P,mse,0.967842698097229
noised_data,91,0,0.3,P,mse,0.8739185333251953
noised_data,92,0,0.3,P,mse,0.8646357655525208
noised_data,93,0,0.3,P,mse,0.6551884412765503
noised_data,94,0,0.3,P,mse,0.9046071767807007
noised_data,95,0,0.3,P,mse,0.9195853471755981
noised_data,88,0,0.3,P,mae,0.6144158840179443
noised_data,89,0,0.3,P,mae,0.5989351272583008
noised_data,90,0,0.3,P,mae,0.7679990530014038
noised_data,91,0,0.3,P,mae,0.7290045022964478
noised_data,92,0,0.3,P,mae,0.7300329208374023
noised_data,93,0,0.3,P,mae,0.6348370313644409
noised_data,94,0,0.3,P,mae,0.7517572045326233
noised_data,95,0,0.3,P,mae,0.7477597594261169
noised_data,88,0,0.5,R,mse,0.607603132724762
noised_data,89,0,0.5,R,mse,0.7221033573150635
noised_data,90,0,0.5,R,mse,0.9790287017822266
noised_data,91,0,0.5,R,mse,0.7675312757492065
noised_data,92,0,0.5,R,mse,0.830642819404602
noised_data,93,0,0.5,R,mse,0.4948936700820923
noised_data,94,0,0.5,R,mse,0.7880476713180542
noised_data,95,0,0.5,R,mse,0.9535384774208069
noised_data,88,0,0.5,R,mae,0.6087072491645813
noised_data,89,0,0.5,R,mae,0.6283024549484253
noised_data,90,0,0.5,R,mae,0.7732645273208618
noised_data,91,0,0.5,R,mae,0.6817933320999146
noised_data,92,0,0.5,R,mae,0.7172877788543701
noised_data,93,0,0.5,R,mae,0.540157675743103
noised_data,94,0,0.5,R,mae,0.6979637145996094
noised_data,95,0,0.5,R,mae,0.7564085721969604
noised_data,88,0,0.5,P,mse,0.7037994861602783
noised_data,89,0,0.5,P,mse,0.661674976348877
noised_data,90,0,0.5,P,mse,0.995305597782135
noised_data,91,0,0.5,P,mse,0.7926777005195618
noised_data,92,0,0.5,P,mse,0.8450874090194702
noised_data,93,0,0.5,P,mse,0.5763153433799744
noised_data,94,0,0.5,P,mse,0.8243952989578247
noised_data,95,0,0.5,P,mse,0.8309140801429749
noised_data,88,0,0.5,P,mae,0.6455954909324646
noised_data,89,0,0.5,P,mae,0.5866592526435852
noised_data,90,0,0.5,P,mae,0.7813485264778137
noised_data,91,0,0.5,P,mae,0.6979324817657471
noised_data,92,0,0.5,P,mae,0.719474196434021
noised_data,93,0,0.5,P,mae,0.5746759176254272
noised_data,94,0,0.5,P,mae,0.7156290411949158
noised_data,95,0,0.5,P,mae,0.702029824256897
noised_data,88,0,0.7,R,mse,0.7488503456115723
noised_data,89,0,0.7,R,mse,0.6587895154953003
noised_data,90,0,0.7,R,mse,0.8276655673980713
noised_data,91,0,0.7,R,mse,0.7166221737861633
noised_data,92,0,0.7,R,mse,0.7439374327659607
noised_data,93,0,0.7,R,mse,0.4610025882720947
noised_data,94,0,0.7,R,mse,0.7546468377113342
noised_data,95,0,0.7,R,mse,0.7293127775192261
noised_data,88,0,0.7,R,mae,0.6802148818969727
noised_data,89,0,0.7,R,mae,0.6084140539169312
noised_data,90,0,0.7,R,mae,0.7167044878005981
noised_data,91,0,0.7,R,mae,0.6649091243743896
noised_data,92,0,0.7,R,mae,0.6756089925765991
noised_data,93,0,0.7,R,mae,0.5193182229995728
noised_data,94,0,0.7,R,mae,0.6804697513580322
noised_data,95,0,0.7,R,mae,0.6583225727081299
noised_data,88,0,0.7,P,mse,0.7670286893844604
noised_data,89,0,0.7,P,mse,0.5826970338821411
noised_data,90,0,0.7,P,mse,0.8507816791534424
noised_data,91,0,0.7,P,mse,0.6779766082763672
noised_data,92,0,0.7,P,mse,0.7136436700820923
noised_data,93,0,0.7,P,mse,0.6523789167404175
noised_data,94,0,0.7,P,mse,0.7392266988754272
noised_data,95,0,0.7,P,mse,0.6588748693466187
noised_data,88,0,0.7,P,mae,0.6865357160568237
noised_data,89,0,0.7,P,mae,0.5649073123931885
noised_data,90,0,0.7,P,mae,0.7248601913452148
noised_data,91,0,0.7,P,mae,0.6539555788040161
noised_data,92,0,0.7,P,mae,0.6638233661651611
noised_data,93,0,0.7,P,mae,0.588476300239563
noised_data,94,0,0.7,P,mae,0.6706793308258057
noised_data,95,0,0.7,P,mae,0.6281610131263733
noised_data,88,0,0.85,R,mse,0.8203105926513672
noised_data,89,0,0.85,R,mse,0.6590508222579956
noised_data,90,0,0.85,R,mse,0.7139845490455627
noised_data,91,0,0.85,R,mse,0.677599310874939
noised_data,92,0,0.85,R,mse,0.6599936485290527
noised_data,93,0,0.85,R,mse,0.5712267160415649
noised_data,94,0,0.85,R,mse,0.6439296007156372
noised_data,95,0,0.85,R,mse,0.6499664783477783
noised_data,88,0,0.85,R,mae,0.71514892578125
noised_data,89,0,0.85,R,mae,0.6100515127182007
noised_data,90,0,0.85,R,mae,0.6662745475769043
noised_data,91,0,0.85,R,mae,0.6382967829704285
noised_data,92,0,0.85,R,mae,0.645911693572998
noised_data,93,0,0.85,R,mae,0.5879190564155579
noised_data,94,0,0.85,R,mae,0.6274511814117432
noised_data,95,0,0.85,R,mae,0.6199714541435242
noised_data,88,0,0.85,P,mse,0.8721575736999512
noised_data,89,0,0.85,P,mse,0.5979961156845093
noised_data,90,0,0.85,P,mse,0.7418508529663086
noised_data,91,0,0.85,P,mse,0.6249262690544128
noised_data,92,0,0.85,P,mse,0.5969803929328918
noised_data,93,0,0.85,P,mse,0.7340684533119202
noised_data,94,0,0.85,P,mse,0.5938680171966553
noised_data,95,0,0.85,P,mse,0.5912991762161255
noised_data,88,0,0.85,P,mae,0.7428078651428223
noised_data,89,0,0.85,P,mae,0.5809401869773865
noised_data,90,0,0.85,P,mae,0.6821819543838501
noised_data,91,0,0.85,P,mae,0.6185935735702515
noised_data,92,0,0.85,P,mae,0.6129169464111328
noised_data,93,0,0.85,P,mae,0.6424827575683594
noised_data,94,0,0.85,P,mae,0.6047079563140869
noised_data,95,0,0.85,P,mae,0.5930400490760803
noised_data,88,0,0.95,R,mse,0.7565391063690186
noised_data,89,0,0.95,R,mse,0.6922085285186768
noised_data,90,0,0.95,R,mse,0.6311640739440918
noised_data,91,0,0.95,R,mse,0.5871268510818481
noised_data,92,0,0.95,R,mse,0.6963063478469849
noised_data,93,0,0.95,R,mse,0.6546545028686523
noised_data,94,0,0.95,R,mse,0.6444895267486572
noised_data,95,0,0.95,R,mse,0.6528745889663696
noised_data,88,0,0.95,R,mae,0.6881688237190247
noised_data,89,0,0.95,R,mae,0.6700392961502075
noised_data,90,0,0.95,R,mae,0.6287335157394409
noised_data,91,0,0.95,R,mae,0.5939788222312927
noised_data,92,0,0.95,R,mae,0.671316921710968
noised_data,93,0,0.95,R,mae,0.5995438098907471
noised_data,94,0,0.95,R,mae,0.6371537446975708
noised_data,95,0,0.95,R,mae,0.6469260454177856
noised_data,88,0,0.95,P,mse,0.8386141657829285
noised_data,89,0,0.95,P,mse,0.6359784007072449
noised_data,90,0,0.95,P,mse,0.6758474111557007
noised_data,91,0,0.95,P,mse,0.5588984489440918
noised_data,92,0,0.95,P,mse,0.6287810802459717
noised_data,93,0,0.95,P,mse,0.8177956342697144
noised_data,94,0,0.95,P,mse,0.6131664514541626
noised_data,95,0,0.95,P,mse,0.6212166547775269
noised_data,88,0,0.95,P,mae,0.7323572635650635
noised_data,89,0,0.95,P,mae,0.6422076225280762
noised_data,90,0,0.95,P,mae,0.6507575511932373
noised_data,91,0,0.95,P,mae,0.5859211683273315
noised_data,92,0,0.95,P,mae,0.6329872012138367
noised_data,93,0,0.95,P,mae,0.6634310483932495
noised_data,94,0,0.95,P,mae,0.6210573315620422
noised_data,95,0,0.95,P,mae,0.6328412294387817
noised_data,88,1,0.05,R,mse,0.8917214870452881
noised_data,89,1,0.05,R,mse,0.9397537708282471
noised_data,90,1,0.05,R,mse,1.0523053407669067
noised_data,91,1,0.05,R,mse,1.0533241033554077
noised_data,92,1,0.05,R,mse,1.0263293981552124
noised_data,93,1,0.05,R,mse,0.9897063374519348
noised_data,94,1,0.05,R,mse,1.0452567338943481
noised_data,95,1,0.05,R,mse,1.0790079832077026
noised_data,88,1,0.05,R,mae,0.7459696531295776
noised_data,89,1,0.05,R,mae,0.7553462982177734
noised_data,90,1,0.05,R,mae,0.8139611482620239
noised_data,91,1,0.05,R,mae,0.8184219598770142
noised_data,92,1,0.05,R,mae,0.8056375980377197
noised_data,93,1,0.05,R,mae,0.791263222694397
noised_data,94,1,0.05,R,mae,0.8157862424850464
noised_data,95,1,0.05,R,mae,0.8233286142349243
noised_data,88,1,0.05,P,mse,0.8742021322250366
noised_data,89,1,0.05,P,mse,0.8660810589790344
noised_data,90,1,0.05,P,mse,1.016606330871582
noised_data,91,1,0.05,P,mse,1.0401954650878906
noised_data,92,1,0.05,P,mse,1.0418062210083008
noised_data,93,1,0.05,P,mse,0.9814904928207397
noised_data,94,1,0.05,P,mse,1.0127557516098022
noised_data,95,1,0.05,P,mse,1.0717692375183105
noised_data,88,1,0.05,P,mae,0.7413976788520813
noised_data,89,1,0.05,P,mae,0.7179971933364868
noised_data,90,1,0.05,P,mae,0.7989720106124878
noised_data,91,1,0.05,P,mae,0.8102027177810669
noised_data,92,1,0.05,P,mae,0.8135615587234497
noised_data,93,1,0.05,P,mae,0.7930635809898376
noised_data,94,1,0.05,P,mae,0.8027523756027222
noised_data,95,1,0.05,P,mae,0.8306087851524353
noised_data,88,1,0.15,R,mse,0.6779779195785522
noised_data,89,1,0.15,R,mse,0.7875099182128906
noised_data,90,1,0.15,R,mse,0.9681568145751953
noised_data,91,1,0.15,R,mse,0.9876831769943237
noised_data,92,1,0.15,R,mse,0.8954529762268066
noised_data,93,1,0.15,R,mse,0.787602424621582
noised_data,94,1,0.15,R,mse,0.9579401016235352
noised_data,95,1,0.15,R,mse,1.0311572551727295
noised_data,88,1,0.15,R,mae,0.6451259851455688
noised_data,89,1,0.15,R,mae,0.673904299736023
noised_data,90,1,0.15,R,mae,0.7772658467292786
noised_data,91,1,0.15,R,mae,0.786470890045166
noised_data,92,1,0.15,R,mae,0.7462102174758911
noised_data,93,1,0.15,R,mae,0.7017424702644348
noised_data,94,1,0.15,R,mae,0.7766765356063843
noised_data,95,1,0.15,R,mae,0.8048380613327026
noised_data,88,1,0.15,P,mse,0.7021127939224243
noised_data,89,1,0.15,P,mse,0.7300970554351807
noised_data,90,1,0.15,P,mse,0.9571823477745056
noised_data,91,1,0.15,P,mse,0.9471849203109741
noised_data,92,1,0.15,P,mse,0.9353820085525513
noised_data,93,1,0.15,P,mse,0.796435534954071
noised_data,94,1,0.15,P,mse,0.921886146068573
noised_data,95,1,0.15,P,mse,0.9951368570327759
noised_data,88,1,0.15,P,mae,0.6546541452407837
noised_data,89,1,0.15,P,mae,0.6470119953155518
noised_data,90,1,0.15,P,mae,0.7703719735145569
noised_data,91,1,0.15,P,mae,0.7663885951042175
noised_data,92,1,0.15,P,mae,0.7666468024253845
noised_data,93,1,0.15,P,mae,0.7067434787750244
noised_data,94,1,0.15,P,mae,0.7676255106925964
noised_data,95,1,0.15,P,mae,0.7892443537712097
noised_data,88,1,0.3,R,mse,0.5932091474533081
noised_data,89,1,0.3,R,mse,0.6968804597854614
noised_data,90,1,0.3,R,mse,0.9794433116912842
noised_data,91,1,0.3,R,mse,0.8786694407463074
noised_data,92,1,0.3,R,mse,0.8298785090446472
noised_data,93,1,0.3,R,mse,0.6222798824310303
noised_data,94,1,0.3,R,mse,0.8909201622009277
noised_data,95,1,0.3,R,mse,1.0063869953155518
noised_data,88,1,0.3,R,mae,0.5968878269195557
noised_data,89,1,0.3,R,mae,0.630119800567627
noised_data,90,1,0.3,R,mae,0.774793803691864
noised_data,91,1,0.3,R,mae,0.7363564968109131
noised_data,92,1,0.3,R,mae,0.7158087491989136
noised_data,93,1,0.3,R,mae,0.617296576499939
noised_data,94,1,0.3,R,mae,0.7363635301589966
noised_data,95,1,0.3,R,mae,0.7795627117156982
noised_data,88,1,0.3,P,mse,0.6403929591178894
noised_data,89,1,0.3,P,mse,0.6583371162414551
noised_data,90,1,0.3,P,mse,0.9646904468536377
noised_data,91,1,0.3,P,mse,0.8341643214225769
noised_data,92,1,0.3,P,mse,0.8623695373535156
noised_data,93,1,0.3,P,mse,0.6509873867034912
noised_data,94,1,0.3,P,mse,0.8229880928993225
noised_data,95,1,0.3,P,mse,0.9275279641151428
noised_data,88,1,0.3,P,mae,0.6141937971115112
noised_data,89,1,0.3,P,mae,0.5957396626472473
noised_data,90,1,0.3,P,mae,0.7653579711914062
noised_data,91,1,0.3,P,mae,0.7091314792633057
noised_data,92,1,0.3,P,mae,0.7312283515930176
noised_data,93,1,0.3,P,mae,0.6312656998634338
noised_data,94,1,0.3,P,mae,0.7203589677810669
noised_data,95,1,0.3,P,mae,0.7563722133636475
noised_data,88,1,0.5,R,mse,0.652050793170929
noised_data,89,1,0.5,R,mse,0.7097938656806946
noised_data,90,1,0.5,R,mse,0.9754521250724792
noised_data,91,1,0.5,R,mse,0.7930527925491333
noised_data,92,1,0.5,R,mse,0.8487443923950195
noised_data,93,1,0.5,R,mse,0.5326955318450928
noised_data,94,1,0.5,R,mse,0.8249608278274536
noised_data,95,1,0.5,R,mse,0.9585593938827515
noised_data,88,1,0.5,R,mae,0.6256992816925049
noised_data,89,1,0.5,R,mae,0.6231529712677002
noised_data,90,1,0.5,R,mae,0.7769020795822144
noised_data,91,1,0.5,R,mae,0.6994105577468872
noised_data,92,1,0.5,R,mae,0.7197849750518799
noised_data,93,1,0.5,R,mae,0.5542120337486267
noised_data,94,1,0.5,R,mae,0.7083622217178345
noised_data,95,1,0.5,R,mae,0.7545546889305115
noised_data,88,1,0.5,P,mse,0.6648997664451599
noised_data,89,1,0.5,P,mse,0.676599383354187
noised_data,90,1,0.5,P,mse,1.0008740425109863
noised_data,91,1,0.5,P,mse,0.7652901411056519
noised_data,92,1,0.5,P,mse,0.8115057945251465
noised_data,93,1,0.5,P,mse,0.5416953563690186
noised_data,94,1,0.5,P,mse,0.7789421081542969
noised_data,95,1,0.5,P,mse,0.8407179713249207
noised_data,88,1,0.5,P,mae,0.6318569183349609
noised_data,89,1,0.5,P,mae,0.5950040817260742
noised_data,90,1,0.5,P,mae,0.7782689929008484
noised_data,91,1,0.5,P,mae,0.6816725730895996
noised_data,92,1,0.5,P,mae,0.7102543115615845
noised_data,93,1,0.5,P,mae,0.5654515027999878
noised_data,94,1,0.5,P,mae,0.6992908120155334
noised_data,95,1,0.5,P,mae,0.7102272510528564
noised_data,88,1,0.7,R,mse,0.7460808157920837
noised_data,89,1,0.7,R,mse,0.6487751007080078
noised_data,90,1,0.7,R,mse,0.8246585726737976
noised_data,91,1,0.7,R,mse,0.7069319486618042
noised_data,92,1,0.7,R,mse,0.7364284992218018
noised_data,93,1,0.7,R,mse,0.5111388564109802
noised_data,94,1,0.7,R,mse,0.7316845655441284
noised_data,95,1,0.7,R,mse,0.7474428415298462
noised_data,88,1,0.7,R,mae,0.6785212755203247
noised_data,89,1,0.7,R,mae,0.6050142049789429
noised_data,90,1,0.7,R,mae,0.7169172167778015
noised_data,91,1,0.7,R,mae,0.6656022071838379
noised_data,92,1,0.7,R,mae,0.6729129552841187
noised_data,93,1,0.7,R,mae,0.5374124050140381
noised_data,94,1,0.7,R,mae,0.6751611232757568
noised_data,95,1,0.7,R,mae,0.6662837266921997
noised_data,88,1,0.7,P,mse,0.7765761613845825
noised_data,89,1,0.7,P,mse,0.5957967042922974
noised_data,90,1,0.7,P,mse,0.8530853390693665
noised_data,91,1,0.7,P,mse,0.6873956918716431
noised_data,92,1,0.7,P,mse,0.7223469018936157
noised_data,93,1,0.7,P,mse,0.6124494075775146
noised_data,94,1,0.7,P,mse,0.7619998455047607
noised_data,95,1,0.7,P,mse,0.6613268852233887
noised_data,88,1,0.7,P,mae,0.6909668445587158
noised_data,89,1,0.7,P,mae,0.5732545256614685
noised_data,90,1,0.7,P,mae,0.7253936529159546
noised_data,91,1,0.7,P,mae,0.6527447700500488
noised_data,92,1,0.7,P,mae,0.6676729917526245
noised_data,93,1,0.7,P,mae,0.5715224742889404
noised_data,94,1,0.7,P,mae,0.6751573085784912
noised_data,95,1,0.7,P,mae,0.6300565004348755
noised_data,88,1,0.85,R,mse,0.8295598030090332
noised_data,89,1,0.85,R,mse,0.6166588664054871
noised_data,90,1,0.85,R,mse,0.722350001335144
noised_data,91,1,0.85,R,mse,0.6157634258270264
noised_data,92,1,0.85,R,mse,0.6294721364974976
noised_data,93,1,0.85,R,mse,0.5832933783531189
noised_data,94,1,0.85,R,mse,0.6105251908302307
noised_data,95,1,0.85,R,mse,0.6596779227256775
noised_data,88,1,0.85,R,mae,0.7242096662521362
noised_data,89,1,0.85,R,mae,0.5987926721572876
noised_data,90,1,0.85,R,mae,0.6738311052322388
noised_data,91,1,0.85,R,mae,0.6252657771110535
noised_data,92,1,0.85,R,mae,0.63164222240448
noised_data,93,1,0.85,R,mae,0.5921601057052612
noised_data,94,1,0.85,R,mae,0.6200060844421387
noised_data,95,1,0.85,R,mae,0.6224944591522217
noised_data,88,1,0.85,P,mse,0.8649605512619019
noised_data,89,1,0.85,P,mse,0.5494603514671326
noised_data,90,1,0.85,P,mse,0.7345101833343506
noised_data,91,1,0.85,P,mse,0.6857690811157227
noised_data,92,1,0.85,P,mse,0.6281858682632446
noised_data,93,1,0.85,P,mse,0.7244501709938049
noised_data,94,1,0.85,P,mse,0.6317471265792847
noised_data,95,1,0.85,P,mse,0.5775108337402344
noised_data,88,1,0.85,P,mae,0.7345472574234009
noised_data,89,1,0.85,P,mae,0.5505426526069641
noised_data,90,1,0.85,P,mae,0.6757946014404297
noised_data,91,1,0.85,P,mae,0.6310871839523315
noised_data,92,1,0.85,P,mae,0.6271407604217529
noised_data,93,1,0.85,P,mae,0.6401497721672058
noised_data,94,1,0.85,P,mae,0.6161157488822937
noised_data,95,1,0.85,P,mae,0.5888417363166809
noised_data,88,1,0.95,R,mse,0.7796453833580017
noised_data,89,1,0.95,R,mse,0.676785945892334
noised_data,90,1,0.95,R,mse,0.6521819233894348
noised_data,91,1,0.95,R,mse,0.542576789855957
noised_data,92,1,0.95,R,mse,0.6808604001998901
noised_data,93,1,0.95,R,mse,0.6708199977874756
noised_data,94,1,0.95,R,mse,0.6260756254196167
noised_data,95,1,0.95,R,mse,0.6785611510276794
noised_data,88,1,0.95,R,mae,0.7054134011268616
noised_data,89,1,0.95,R,mae,0.6599252820014954
noised_data,90,1,0.95,R,mae,0.6388890147209167
noised_data,91,1,0.95,R,mae,0.5883168578147888
noised_data,92,1,0.95,R,mae,0.6677083969116211
noised_data,93,1,0.95,R,mae,0.6082669496536255
noised_data,94,1,0.95,R,mae,0.6325385570526123
noised_data,95,1,0.95,R,mae,0.6568750143051147
noised_data,88,1,0.95,P,mse,0.8182972073554993
noised_data,89,1,0.95,P,mse,0.6417060494422913
noised_data,90,1,0.95,P,mse,0.6525443196296692
noised_data,91,1,0.95,P,mse,0.6025301218032837
noised_data,92,1,0.95,P,mse,0.6412956714630127
noised_data,93,1,0.95,P,mse,0.802372395992279
noised_data,94,1,0.95,P,mse,0.6322721838951111
noised_data,95,1,0.95,P,mse,0.5928928852081299
noised_data,88,1,0.95,P,mae,0.7167453169822693
noised_data,89,1,0.95,P,mae,0.6473930478096008
noised_data,90,1,0.95,P,mae,0.6394917368888855
noised_data,91,1,0.95,P,mae,0.5909910202026367
noised_data,92,1,0.95,P,mae,0.6356023550033569
noised_data,93,1,0.95,P,mae,0.6550672054290771
noised_data,94,1,0.95,P,mae,0.626691460609436
noised_data,95,1,0.95,P,mae,0.621585488319397
noised_data,96,0,0.05,R,mse,1.1132454872131348
noised_data,97,0,0.05,R,mse,1.0215768814086914
noised_data,98,0,0.05,R,mse,0.8661086559295654
noised_data,99,0,0.05,R,mse,1.0160374641418457
noised_data,100,0,0.05,R,mse,0.8365914821624756
noised_data,101,0,0.05,R,mse,1.0071579217910767
noised_data,102,0,0.05,R,mse,1.040938138961792
noised_data,103,0,0.05,R,mse,1.0729972124099731
noised_data,96,0,0.05,R,mae,0.8386696577072144
noised_data,97,0,0.05,R,mae,0.8093370795249939
noised_data,98,0,0.05,R,mae,0.7418653964996338
noised_data,99,0,0.05,R,mae,0.8096420764923096
noised_data,100,0,0.05,R,mae,0.7234615683555603
noised_data,101,0,0.05,R,mae,0.8010176420211792
noised_data,102,0,0.05,R,mae,0.8116662502288818
noised_data,103,0,0.05,R,mae,0.8299599289894104
noised_data,96,0,0.05,P,mse,1.1282418966293335
noised_data,97,0,0.05,P,mse,1.0193941593170166
noised_data,98,0,0.05,P,mse,0.9199253916740417
noised_data,99,0,0.05,P,mse,0.9454910755157471
noised_data,100,0,0.05,P,mse,0.8429398536682129
noised_data,101,0,0.05,P,mse,1.0050842761993408
noised_data,102,0,0.05,P,mse,1.0512421131134033
noised_data,103,0,0.05,P,mse,1.0324223041534424
noised_data,96,0,0.05,P,mae,0.8517806529998779
noised_data,97,0,0.05,P,mae,0.8021859526634216
noised_data,98,0,0.05,P,mae,0.76686692237854
noised_data,99,0,0.05,P,mae,0.7825933694839478
noised_data,100,0,0.05,P,mae,0.7198320627212524
noised_data,101,0,0.05,P,mae,0.7966090440750122
noised_data,102,0,0.05,P,mae,0.8091893196105957
noised_data,103,0,0.05,P,mae,0.8073099255561829
noised_data,96,0,0.15,R,mse,1.1502752304077148
noised_data,97,0,0.15,R,mse,1.0180672407150269
noised_data,98,0,0.15,R,mse,0.6538965106010437
noised_data,99,0,0.15,R,mse,0.8411905169487
noised_data,100,0,0.15,R,mse,0.5074819922447205
noised_data,101,0,0.15,R,mse,0.9058889150619507
noised_data,102,0,0.15,R,mse,0.9814337491989136
noised_data,103,0,0.15,R,mse,0.9799259901046753
noised_data,96,0,0.15,R,mae,0.8570185899734497
noised_data,97,0,0.15,R,mae,0.8012387156486511
noised_data,98,0,0.15,R,mae,0.6298742294311523
noised_data,99,0,0.15,R,mae,0.7234498858451843
noised_data,100,0,0.15,R,mae,0.5526481866836548
noised_data,101,0,0.15,R,mae,0.7539072036743164
noised_data,102,0,0.15,R,mae,0.7844379544258118
noised_data,103,0,0.15,R,mae,0.7893134355545044
noised_data,96,0,0.15,P,mse,1.1952910423278809
noised_data,97,0,0.15,P,mse,0.981268048286438
noised_data,98,0,0.15,P,mse,0.6708744764328003
noised_data,99,0,0.15,P,mse,0.7952840328216553
noised_data,100,0,0.15,P,mse,0.5817095041275024
noised_data,101,0,0.15,P,mse,0.852756679058075
noised_data,102,0,0.15,P,mse,0.992364764213562
noised_data,103,0,0.15,P,mse,0.9221926927566528
noised_data,96,0,0.15,P,mae,0.8727402091026306
noised_data,97,0,0.15,P,mae,0.7811622619628906
noised_data,98,0,0.15,P,mae,0.6524444818496704
noised_data,99,0,0.15,P,mae,0.7092233896255493
noised_data,100,0,0.15,P,mae,0.5852584838867188
noised_data,101,0,0.15,P,mae,0.7253711223602295
noised_data,102,0,0.15,P,mae,0.7841360569000244
noised_data,103,0,0.15,P,mae,0.7623887062072754
noised_data,96,0,0.3,R,mse,1.2033213376998901
noised_data,97,0,0.3,R,mse,0.9729421138763428
noised_data,98,0,0.3,R,mse,0.5278368592262268
noised_data,99,0,0.3,R,mse,0.6969031095504761
noised_data,100,0,0.3,R,mse,0.34199705719947815
noised_data,101,0,0.3,R,mse,0.7691346406936646
noised_data,102,0,0.3,R,mse,0.9359054565429688
noised_data,103,0,0.3,R,mse,0.9252665042877197
noised_data,96,0,0.3,R,mae,0.8781476020812988
noised_data,97,0,0.3,R,mae,0.7744352221488953
noised_data,98,0,0.3,R,mae,0.5633372664451599
noised_data,99,0,0.3,R,mae,0.6506857872009277
noised_data,100,0,0.3,R,mae,0.44661498069763184
noised_data,101,0,0.3,R,mae,0.68297278881073
noised_data,102,0,0.3,R,mae,0.7604111433029175
noised_data,103,0,0.3,R,mae,0.7649299502372742
noised_data,96,0,0.3,P,mse,1.2518553733825684
noised_data,97,0,0.3,P,mse,0.9252961874008179
noised_data,98,0,0.3,P,mse,0.5567313432693481
noised_data,99,0,0.3,P,mse,0.6876958608627319
noised_data,100,0,0.3,P,mse,0.4122852087020874
noised_data,101,0,0.3,P,mse,0.6869341135025024
noised_data,102,0,0.3,P,mse,0.9680124521255493
noised_data,103,0,0.3,P,mse,0.868696928024292
noised_data,96,0,0.3,P,mae,0.8869022130966187
noised_data,97,0,0.3,P,mae,0.7554366588592529
noised_data,98,0,0.3,P,mae,0.585990309715271
noised_data,99,0,0.3,P,mae,0.6454855799674988
noised_data,100,0,0.3,P,mae,0.4811354875564575
noised_data,101,0,0.3,P,mae,0.636772871017456
noised_data,102,0,0.3,P,mae,0.7758382558822632
noised_data,103,0,0.3,P,mae,0.7393468022346497
noised_data,96,0,0.5,R,mse,1.1487936973571777
noised_data,97,0,0.5,R,mse,0.8417824506759644
noised_data,98,0,0.5,R,mse,0.641170859336853
noised_data,99,0,0.5,R,mse,0.6395978927612305
noised_data,100,0,0.5,R,mse,0.2816036343574524
noised_data,101,0,0.5,R,mse,0.6818332076072693
noised_data,102,0,0.5,R,mse,0.889384388923645
noised_data,103,0,0.5,R,mse,0.9306831359863281
noised_data,96,0,0.5,R,mae,0.857905924320221
noised_data,97,0,0.5,R,mae,0.7200700044631958
noised_data,98,0,0.5,R,mae,0.621478259563446
noised_data,99,0,0.5,R,mae,0.6199780702590942
noised_data,100,0,0.5,R,mae,0.3888896703720093
noised_data,101,0,0.5,R,mae,0.6356775760650635
noised_data,102,0,0.5,R,mae,0.7358053922653198
noised_data,103,0,0.5,R,mae,0.7606483697891235
noised_data,96,0,0.5,P,mse,1.1613469123840332
noised_data,97,0,0.5,P,mse,0.7993696928024292
noised_data,98,0,0.5,P,mse,0.5825495719909668
noised_data,99,0,0.5,P,mse,0.6411332488059998
noised_data,100,0,0.5,P,mse,0.3034757971763611
noised_data,101,0,0.5,P,mse,0.6070722341537476
noised_data,102,0,0.5,P,mse,0.9126906991004944
noised_data,103,0,0.5,P,mse,0.9596024751663208
noised_data,96,0,0.5,P,mae,0.8652700185775757
noised_data,97,0,0.5,P,mae,0.712570309638977
noised_data,98,0,0.5,P,mae,0.5955055356025696
noised_data,99,0,0.5,P,mae,0.6256088018417358
noised_data,100,0,0.5,P,mae,0.4077291488647461
noised_data,101,0,0.5,P,mae,0.5951933860778809
noised_data,102,0,0.5,P,mae,0.7510519027709961
noised_data,103,0,0.5,P,mae,0.7792068123817444
noised_data,96,0,0.7,R,mse,0.8955773115158081
noised_data,97,0,0.7,R,mse,0.6620635986328125
noised_data,98,0,0.7,R,mse,0.62073814868927
noised_data,99,0,0.7,R,mse,0.7510880827903748
noised_data,100,0,0.7,R,mse,0.2700483798980713
noised_data,101,0,0.7,R,mse,0.5493991374969482
noised_data,102,0,0.7,R,mse,0.7755905389785767
noised_data,103,0,0.7,R,mse,0.7877539396286011
noised_data,96,0,0.7,R,mae,0.7626762390136719
noised_data,97,0,0.7,R,mae,0.6348956823348999
noised_data,98,0,0.7,R,mae,0.6180603504180908
noised_data,99,0,0.7,R,mae,0.6779605150222778
noised_data,100,0,0.7,R,mae,0.3738502562046051
noised_data,101,0,0.7,R,mae,0.5639012455940247
noised_data,102,0,0.7,R,mae,0.6768823862075806
noised_data,103,0,0.7,R,mae,0.7010535001754761
noised_data,96,0,0.7,P,mse,0.8763284683227539
noised_data,97,0,0.7,P,mse,0.6293617486953735
noised_data,98,0,0.7,P,mse,0.5928841829299927
noised_data,99,0,0.7,P,mse,0.7125356197357178
noised_data,100,0,0.7,P,mse,0.2844303846359253
noised_data,101,0,0.7,P,mse,0.5308040976524353
noised_data,102,0,0.7,P,mse,0.7214641571044922
noised_data,103,0,0.7,P,mse,0.846052348613739
noised_data,96,0,0.7,P,mae,0.7574052810668945
noised_data,97,0,0.7,P,mae,0.6365841031074524
noised_data,98,0,0.7,P,mae,0.600887656211853
noised_data,99,0,0.7,P,mae,0.6640976071357727
noised_data,100,0,0.7,P,mae,0.38777709007263184
noised_data,101,0,0.7,P,mae,0.554115355014801
noised_data,102,0,0.7,P,mae,0.6683863401412964
noised_data,103,0,0.7,P,mae,0.72928386926651
noised_data,96,0,0.85,R,mse,0.6993730068206787
noised_data,97,0,0.85,R,mse,0.5557069778442383
noised_data,98,0,0.85,R,mse,0.5970150232315063
noised_data,99,0,0.85,R,mse,0.7755385637283325
noised_data,100,0,0.85,R,mse,0.4995654225349426
noised_data,101,0,0.85,R,mse,0.5225129127502441
noised_data,102,0,0.85,R,mse,0.694339394569397
noised_data,103,0,0.85,R,mse,0.6714470386505127
noised_data,96,0,0.85,R,mae,0.6747012138366699
noised_data,97,0,0.85,R,mae,0.5846846699714661
noised_data,98,0,0.85,R,mae,0.616879940032959
noised_data,99,0,0.85,R,mae,0.7016640901565552
noised_data,100,0,0.85,R,mae,0.5289996862411499
noised_data,101,0,0.85,R,mae,0.5441128015518188
noised_data,102,0,0.85,R,mae,0.6354175209999084
noised_data,103,0,0.85,R,mae,0.6479674577713013
noised_data,96,0,0.85,P,mse,0.6680717468261719
noised_data,97,0,0.85,P,mse,0.5741151571273804
noised_data,98,0,0.85,P,mse,0.6057640314102173
noised_data,99,0,0.85,P,mse,0.7587350606918335
noised_data,100,0,0.85,P,mse,0.5005836486816406
noised_data,101,0,0.85,P,mse,0.6577392220497131
noised_data,102,0,0.85,P,mse,0.5832270383834839
noised_data,103,0,0.85,P,mse,0.7261898517608643
noised_data,96,0,0.85,P,mae,0.6595861911773682
noised_data,97,0,0.85,P,mae,0.6023105382919312
noised_data,98,0,0.85,P,mae,0.6167725920677185
noised_data,99,0,0.85,P,mae,0.6878775358200073
noised_data,100,0,0.85,P,mae,0.5350886583328247
noised_data,101,0,0.85,P,mae,0.5786480903625488
noised_data,102,0,0.85,P,mae,0.6083481311798096
noised_data,103,0,0.85,P,mae,0.6789566278457642
noised_data,96,0,0.95,R,mse,0.5890200138092041
noised_data,97,0,0.95,R,mse,0.51048743724823
noised_data,98,0,0.95,R,mse,0.5849553942680359
noised_data,99,0,0.95,R,mse,1.1462256908416748
noised_data,100,0,0.95,R,mse,0.5293553471565247
noised_data,101,0,0.95,R,mse,0.6116442680358887
noised_data,102,0,0.95,R,mse,0.711595892906189
noised_data,103,0,0.95,R,mse,0.5986718535423279
noised_data,96,0,0.95,R,mae,0.6179556250572205
noised_data,97,0,0.95,R,mae,0.5625889301300049
noised_data,98,0,0.95,R,mae,0.6108567714691162
noised_data,99,0,0.95,R,mae,0.8471370935440063
noised_data,100,0,0.95,R,mae,0.5804323554039001
noised_data,101,0,0.95,R,mae,0.5903379321098328
noised_data,102,0,0.95,R,mae,0.6734380722045898
noised_data,103,0,0.95,R,mae,0.6125022172927856
noised_data,96,0,0.95,P,mse,0.5608513355255127
noised_data,97,0,0.95,P,mse,0.5275214910507202
noised_data,98,0,0.95,P,mse,0.5844206809997559
noised_data,99,0,0.95,P,mse,1.1203463077545166
noised_data,100,0,0.95,P,mse,0.580920934677124
noised_data,101,0,0.95,P,mse,0.8041437864303589
noised_data,102,0,0.95,P,mse,0.6227868795394897
noised_data,103,0,0.95,P,mse,0.679027795791626
noised_data,96,0,0.95,P,mae,0.6057409048080444
noised_data,97,0,0.95,P,mae,0.5734747648239136
noised_data,98,0,0.95,P,mae,0.6045678853988647
noised_data,99,0,0.95,P,mae,0.834929347038269
noised_data,100,0,0.95,P,mae,0.6066813468933105
noised_data,101,0,0.95,P,mae,0.6398621201515198
noised_data,102,0,0.95,P,mae,0.6453192234039307
noised_data,103,0,0.95,P,mae,0.6505035758018494
noised_data,96,1,0.05,R,mse,1.1360421180725098
noised_data,97,1,0.05,R,mse,1.0008141994476318
noised_data,98,1,0.05,R,mse,0.900348961353302
noised_data,99,1,0.05,R,mse,0.9707286357879639
noised_data,100,1,0.05,R,mse,0.7919449210166931
noised_data,101,1,0.05,R,mse,1.0379434823989868
noised_data,102,1,0.05,R,mse,1.052327036857605
noised_data,103,1,0.05,R,mse,1.0493190288543701
noised_data,96,1,0.05,R,mae,0.8464961051940918
noised_data,97,1,0.05,R,mae,0.7970688939094543
noised_data,98,1,0.05,R,mae,0.7632589340209961
noised_data,99,1,0.05,R,mae,0.7994080781936646
noised_data,100,1,0.05,R,mae,0.6959912776947021
noised_data,101,1,0.05,R,mae,0.8094609975814819
noised_data,102,1,0.05,R,mae,0.8146364688873291
noised_data,103,1,0.05,R,mae,0.8181796073913574
noised_data,96,1,0.05,P,mse,1.1055389642715454
noised_data,97,1,0.05,P,mse,1.0435521602630615
noised_data,98,1,0.05,P,mse,0.8864456415176392
noised_data,99,1,0.05,P,mse,0.9912534952163696
noised_data,100,1,0.05,P,mse,0.8909362554550171
noised_data,101,1,0.05,P,mse,0.9709905982017517
noised_data,102,1,0.05,P,mse,1.0418978929519653
noised_data,103,1,0.05,P,mse,1.0559349060058594
noised_data,96,1,0.05,P,mae,0.8448219299316406
noised_data,97,1,0.05,P,mae,0.8163471817970276
noised_data,98,1,0.05,P,mae,0.7486152648925781
noised_data,99,1,0.05,P,mae,0.7920973896980286
noised_data,100,1,0.05,P,mae,0.7454110383987427
noised_data,101,1,0.05,P,mae,0.7846609354019165
noised_data,102,1,0.05,P,mae,0.8067905306816101
noised_data,103,1,0.05,P,mae,0.8187857270240784
noised_data,96,1,0.15,R,mse,1.1943514347076416
noised_data,97,1,0.15,R,mse,0.9646887183189392
noised_data,98,1,0.15,R,mse,0.6565861701965332
noised_data,99,1,0.15,R,mse,0.8133518695831299
noised_data,100,1,0.15,R,mse,0.5158233642578125
noised_data,101,1,0.15,R,mse,0.8950838446617126
noised_data,102,1,0.15,R,mse,0.9943698644638062
noised_data,103,1,0.15,R,mse,0.958407998085022
noised_data,96,1,0.15,R,mae,0.8687858581542969
noised_data,97,1,0.15,R,mae,0.7820745706558228
noised_data,98,1,0.15,R,mae,0.642294704914093
noised_data,99,1,0.15,R,mae,0.7152799367904663
noised_data,100,1,0.15,R,mae,0.5485528707504272
noised_data,101,1,0.15,R,mae,0.7406620979309082
noised_data,102,1,0.15,R,mae,0.7834075689315796
noised_data,103,1,0.15,R,mae,0.7785500288009644
noised_data,96,1,0.15,P,mse,1.1517685651779175
noised_data,97,1,0.15,P,mse,1.0349249839782715
noised_data,98,1,0.15,P,mse,0.6644915342330933
noised_data,99,1,0.15,P,mse,0.8230684995651245
noised_data,100,1,0.15,P,mse,0.5784251689910889
noised_data,101,1,0.15,P,mse,0.8582345247268677
noised_data,102,1,0.15,P,mse,0.9772204160690308
noised_data,103,1,0.15,P,mse,0.935925304889679
noised_data,96,1,0.15,P,mae,0.8628003597259521
noised_data,97,1,0.15,P,mae,0.8017551898956299
noised_data,98,1,0.15,P,mae,0.6403433680534363
noised_data,99,1,0.15,P,mae,0.7171010971069336
noised_data,100,1,0.15,P,mae,0.5889153480529785
noised_data,101,1,0.15,P,mae,0.7342555522918701
noised_data,102,1,0.15,P,mae,0.7819579243659973
noised_data,103,1,0.15,P,mae,0.7686949968338013
noised_data,96,1,0.3,R,mse,1.2655051946640015
noised_data,97,1,0.3,R,mse,0.9368520975112915
noised_data,98,1,0.3,R,mse,0.5520949363708496
noised_data,99,1,0.3,R,mse,0.6939080953598022
noised_data,100,1,0.3,R,mse,0.3656471073627472
noised_data,101,1,0.3,R,mse,0.7452840805053711
noised_data,102,1,0.3,R,mse,0.9889589548110962
noised_data,103,1,0.3,R,mse,0.8880922198295593
noised_data,96,1,0.3,R,mae,0.8971191644668579
noised_data,97,1,0.3,R,mae,0.7644119262695312
noised_data,98,1,0.3,R,mae,0.5792301893234253
noised_data,99,1,0.3,R,mae,0.6496835947036743
noised_data,100,1,0.3,R,mae,0.45353078842163086
noised_data,101,1,0.3,R,mae,0.6639457941055298
noised_data,102,1,0.3,R,mae,0.7796788215637207
noised_data,103,1,0.3,R,mae,0.7453879117965698
noised_data,96,1,0.3,P,mse,1.1914403438568115
noised_data,97,1,0.3,P,mse,0.9653708934783936
noised_data,98,1,0.3,P,mse,0.5342165231704712
noised_data,99,1,0.3,P,mse,0.6981863975524902
noised_data,100,1,0.3,P,mse,0.39598482847213745
noised_data,101,1,0.3,P,mse,0.7074557542800903
noised_data,102,1,0.3,P,mse,0.9021710753440857
noised_data,103,1,0.3,P,mse,0.9023971557617188
noised_data,96,1,0.3,P,mae,0.8714580535888672
noised_data,97,1,0.3,P,mae,0.7664810419082642
noised_data,98,1,0.3,P,mae,0.5700241327285767
noised_data,99,1,0.3,P,mae,0.651075005531311
noised_data,100,1,0.3,P,mae,0.47644686698913574
noised_data,101,1,0.3,P,mae,0.6531915664672852
noised_data,102,1,0.3,P,mae,0.7509341239929199
noised_data,103,1,0.3,P,mae,0.7568684816360474
noised_data,96,1,0.5,R,mse,1.1759231090545654
noised_data,97,1,0.5,R,mse,0.8052397966384888
noised_data,98,1,0.5,R,mse,0.6113742589950562
noised_data,99,1,0.5,R,mse,0.6469773650169373
noised_data,100,1,0.5,R,mse,0.29469022154808044
noised_data,101,1,0.5,R,mse,0.6641546487808228
noised_data,102,1,0.5,R,mse,0.9795815944671631
noised_data,103,1,0.5,R,mse,0.9051970839500427
noised_data,96,1,0.5,R,mae,0.8749094009399414
noised_data,97,1,0.5,R,mae,0.7093780040740967
noised_data,98,1,0.5,R,mae,0.6057581901550293
noised_data,99,1,0.5,R,mae,0.6279391050338745
noised_data,100,1,0.5,R,mae,0.3962962329387665
noised_data,101,1,0.5,R,mae,0.6260817646980286
noised_data,102,1,0.5,R,mae,0.7704688310623169
noised_data,103,1,0.5,R,mae,0.7518604397773743
noised_data,96,1,0.5,P,mse,1.1315429210662842
noised_data,97,1,0.5,P,mse,0.8344684839248657
noised_data,98,1,0.5,P,mse,0.6050979495048523
noised_data,99,1,0.5,P,mse,0.631780207157135
noised_data,100,1,0.5,P,mse,0.29352110624313354
noised_data,101,1,0.5,P,mse,0.624854564666748
noised_data,102,1,0.5,P,mse,0.8106727004051208
noised_data,103,1,0.5,P,mse,0.9795072078704834
noised_data,96,1,0.5,P,mae,0.8480287790298462
noised_data,97,1,0.5,P,mae,0.7208871841430664
noised_data,98,1,0.5,P,mae,0.6067114472389221
noised_data,99,1,0.5,P,mae,0.6193872690200806
noised_data,100,1,0.5,P,mae,0.40554529428482056
noised_data,101,1,0.5,P,mae,0.6042467355728149
noised_data,102,1,0.5,P,mae,0.7076623439788818
noised_data,103,1,0.5,P,mae,0.7878966331481934
noised_data,96,1,0.7,R,mse,0.8920233249664307
noised_data,97,1,0.7,R,mse,0.6494319438934326
noised_data,98,1,0.7,R,mse,0.6234089732170105
noised_data,99,1,0.7,R,mse,0.7171362638473511
noised_data,100,1,0.7,R,mse,0.27778491377830505
noised_data,101,1,0.7,R,mse,0.5629541873931885
noised_data,102,1,0.7,R,mse,0.8425196409225464
noised_data,103,1,0.7,R,mse,0.774895191192627
noised_data,96,1,0.7,R,mae,0.7660282850265503
noised_data,97,1,0.7,R,mae,0.6407991647720337
noised_data,98,1,0.7,R,mae,0.6187156438827515
noised_data,99,1,0.7,R,mae,0.6707522869110107
noised_data,100,1,0.7,R,mae,0.37783148884773254
noised_data,101,1,0.7,R,mae,0.5716058015823364
noised_data,102,1,0.7,R,mae,0.7091996669769287
noised_data,103,1,0.7,R,mae,0.6969983577728271
noised_data,96,1,0.7,P,mse,0.8746553659439087
noised_data,97,1,0.7,P,mse,0.6540586948394775
noised_data,98,1,0.7,P,mse,0.6102064847946167
noised_data,99,1,0.7,P,mse,0.7504922151565552
noised_data,100,1,0.7,P,mse,0.28322285413742065
noised_data,101,1,0.7,P,mse,0.5160083770751953
noised_data,102,1,0.7,P,mse,0.6601376533508301
noised_data,103,1,0.7,P,mse,0.8621975779533386
noised_data,96,1,0.7,P,mae,0.7518419623374939
noised_data,97,1,0.7,P,mae,0.6373285055160522
noised_data,98,1,0.7,P,mae,0.6097079515457153
noised_data,99,1,0.7,P,mae,0.6720209717750549
noised_data,100,1,0.7,P,mae,0.3904203772544861
noised_data,101,1,0.7,P,mae,0.5479051470756531
noised_data,102,1,0.7,P,mae,0.6378556489944458
noised_data,103,1,0.7,P,mae,0.7350513339042664
noised_data,96,1,0.85,R,mse,0.6891371607780457
noised_data,97,1,0.85,R,mse,0.5889707207679749
noised_data,98,1,0.85,R,mse,0.6002120971679688
noised_data,99,1,0.85,R,mse,0.709141731262207
noised_data,100,1,0.85,R,mse,0.4942299425601959
noised_data,101,1,0.85,R,mse,0.583392858505249
noised_data,102,1,0.85,R,mse,0.716921865940094
noised_data,103,1,0.85,R,mse,0.6581954956054688
noised_data,96,1,0.85,R,mae,0.668193519115448
noised_data,97,1,0.85,R,mae,0.6079777479171753
noised_data,98,1,0.85,R,mae,0.616247832775116
noised_data,99,1,0.85,R,mae,0.6665900349617004
noised_data,100,1,0.85,R,mae,0.5290918350219727
noised_data,101,1,0.85,R,mae,0.5583173036575317
noised_data,102,1,0.85,R,mae,0.6543830037117004
noised_data,103,1,0.85,R,mae,0.6440559029579163
noised_data,96,1,0.85,P,mse,0.6770558953285217
noised_data,97,1,0.85,P,mse,0.5471563339233398
noised_data,98,1,0.85,P,mse,0.6029157042503357
noised_data,99,1,0.85,P,mse,0.8342853784561157
noised_data,100,1,0.85,P,mse,0.5106205344200134
noised_data,101,1,0.85,P,mse,0.5934689044952393
noised_data,102,1,0.85,P,mse,0.5632304549217224
noised_data,103,1,0.85,P,mse,0.7376589775085449
noised_data,96,1,0.85,P,mae,0.6654216051101685
noised_data,97,1,0.85,P,mae,0.5823692083358765
noised_data,98,1,0.85,P,mae,0.6177160739898682
noised_data,99,1,0.85,P,mae,0.7255741357803345
noised_data,100,1,0.85,P,mae,0.5381336212158203
noised_data,101,1,0.85,P,mae,0.5628359913825989
noised_data,102,1,0.85,P,mae,0.5914666652679443
noised_data,103,1,0.85,P,mae,0.6830464601516724
noised_data,96,1,0.95,R,mse,0.5828100442886353
noised_data,97,1,0.95,R,mse,0.5429127216339111
noised_data,98,1,0.95,R,mse,0.5842599868774414
noised_data,99,1,0.95,R,mse,1.0012480020523071
noised_data,100,1,0.95,R,mse,0.5420784950256348
noised_data,101,1,0.95,R,mse,0.6756912469863892
noised_data,102,1,0.95,R,mse,0.7193217277526855
noised_data,103,1,0.95,R,mse,0.592394232749939
noised_data,96,1,0.95,R,mae,0.6145101189613342
noised_data,97,1,0.95,R,mae,0.5831223726272583
noised_data,98,1,0.95,R,mae,0.6101409792900085
noised_data,99,1,0.95,R,mae,0.7847704887390137
noised_data,100,1,0.95,R,mae,0.5923483371734619
noised_data,101,1,0.95,R,mae,0.6063123345375061
noised_data,102,1,0.95,R,mae,0.6776883602142334
noised_data,103,1,0.95,R,mae,0.6105315685272217
noised_data,96,1,0.95,P,mse,0.5671097040176392
noised_data,97,1,0.95,P,mse,0.4978959262371063
noised_data,98,1,0.95,P,mse,0.5919228196144104
noised_data,99,1,0.95,P,mse,1.266308069229126
noised_data,100,1,0.95,P,mse,0.5773502588272095
noised_data,101,1,0.95,P,mse,0.7286406755447388
noised_data,102,1,0.95,P,mse,0.6098465323448181
noised_data,103,1,0.95,P,mse,0.6865044832229614
noised_data,96,1,0.95,P,mae,0.6089848279953003
noised_data,97,1,0.95,P,mae,0.5548616647720337
noised_data,98,1,0.95,P,mae,0.608758270740509
noised_data,99,1,0.95,P,mae,0.8961442708969116
noised_data,100,1,0.95,P,mae,0.5978507399559021
noised_data,101,1,0.95,P,mae,0.618022084236145
noised_data,102,1,0.95,P,mae,0.6381601095199585
noised_data,103,1,0.95,P,mae,0.6537275910377502
noised_data,104,0,0.05,R,mse,1.0470995903015137
noised_data,105,0,0.05,R,mse,1.0352568626403809
noised_data,106,0,0.05,R,mse,1.0183017253875732
noised_data,107,0,0.05,R,mse,1.0387139320373535
noised_data,108,0,0.05,R,mse,0.9296659231185913
noised_data,109,0,0.05,R,mse,0.8604788780212402
noised_data,110,0,0.05,R,mse,0.9368482232093811
noised_data,111,0,0.05,R,mse,0.9796315431594849
noised_data,104,0,0.05,R,mae,0.8234643936157227
noised_data,105,0,0.05,R,mae,0.8081510066986084
noised_data,106,0,0.05,R,mae,0.8106919527053833
noised_data,107,0,0.05,R,mae,0.8169859647750854
noised_data,108,0,0.05,R,mae,0.7671576142311096
noised_data,109,0,0.05,R,mae,0.7359364032745361
noised_data,110,0,0.05,R,mae,0.7669497728347778
noised_data,111,0,0.05,R,mae,0.786389946937561
noised_data,104,0,0.05,P,mse,1.0489330291748047
noised_data,105,0,0.05,P,mse,0.98822021484375
noised_data,106,0,0.05,P,mse,0.9750449657440186
noised_data,107,0,0.05,P,mse,1.097980260848999
noised_data,108,0,0.05,P,mse,0.9234810471534729
noised_data,109,0,0.05,P,mse,0.890380859375
noised_data,110,0,0.05,P,mse,0.9631416201591492
noised_data,111,0,0.05,P,mse,0.9920248985290527
noised_data,104,0,0.05,P,mae,0.827704668045044
noised_data,105,0,0.05,P,mae,0.7916417121887207
noised_data,106,0,0.05,P,mae,0.7817083597183228
noised_data,107,0,0.05,P,mae,0.8371766805648804
noised_data,108,0,0.05,P,mae,0.7621883749961853
noised_data,109,0,0.05,P,mae,0.7485930919647217
noised_data,110,0,0.05,P,mae,0.7747282981872559
noised_data,111,0,0.05,P,mae,0.7954064607620239
noised_data,104,0,0.15,R,mse,0.9526920914649963
noised_data,105,0,0.15,R,mse,0.9027528166770935
noised_data,106,0,0.15,R,mse,0.8612891435623169
noised_data,107,0,0.15,R,mse,1.1057026386260986
noised_data,108,0,0.15,R,mse,0.7657018899917603
noised_data,109,0,0.15,R,mse,0.6479232311248779
noised_data,110,0,0.15,R,mse,0.8193223476409912
noised_data,111,0,0.15,R,mse,0.9200669527053833
noised_data,104,0,0.15,R,mae,0.7750710248947144
noised_data,105,0,0.15,R,mae,0.7439817190170288
noised_data,106,0,0.15,R,mae,0.7360156774520874
noised_data,107,0,0.15,R,mae,0.8402019739151001
noised_data,108,0,0.15,R,mae,0.6715236306190491
noised_data,109,0,0.15,R,mae,0.6333550810813904
noised_data,110,0,0.15,R,mae,0.7088874578475952
noised_data,111,0,0.15,R,mae,0.7447677850723267
noised_data,104,0,0.15,P,mse,0.961784839630127
noised_data,105,0,0.15,P,mse,0.8747198581695557
noised_data,106,0,0.15,P,mse,0.8305771946907043
noised_data,107,0,0.15,P,mse,1.1357614994049072
noised_data,108,0,0.15,P,mse,0.781416654586792
noised_data,109,0,0.15,P,mse,0.6911092400550842
noised_data,110,0,0.15,P,mse,0.8546995520591736
noised_data,111,0,0.15,P,mse,0.9277404546737671
noised_data,104,0,0.15,P,mae,0.786363422870636
noised_data,105,0,0.15,P,mae,0.7401029467582703
noised_data,106,0,0.15,P,mae,0.7183884382247925
noised_data,107,0,0.15,P,mae,0.8488897085189819
noised_data,108,0,0.15,P,mae,0.6854817867279053
noised_data,109,0,0.15,P,mae,0.6523995995521545
noised_data,110,0,0.15,P,mae,0.7228782176971436
noised_data,111,0,0.15,P,mae,0.760141134262085
noised_data,104,0,0.3,R,mse,0.9070727229118347
noised_data,105,0,0.3,R,mse,0.7515895366668701
noised_data,106,0,0.3,R,mse,0.7375020980834961
noised_data,107,0,0.3,R,mse,1.1393182277679443
noised_data,108,0,0.3,R,mse,0.6767499446868896
noised_data,109,0,0.3,R,mse,0.5841058492660522
noised_data,110,0,0.3,R,mse,0.7385773658752441
noised_data,111,0,0.3,R,mse,0.8758257627487183
noised_data,104,0,0.3,R,mae,0.7454908490180969
noised_data,105,0,0.3,R,mae,0.670981764793396
noised_data,106,0,0.3,R,mae,0.6697632074356079
noised_data,107,0,0.3,R,mae,0.8434356451034546
noised_data,108,0,0.3,R,mae,0.6103842258453369
noised_data,109,0,0.3,R,mae,0.5928420424461365
noised_data,110,0,0.3,R,mae,0.6602280139923096
noised_data,111,0,0.3,R,mae,0.7079929709434509
noised_data,104,0,0.3,P,mse,0.9090924263000488
noised_data,105,0,0.3,P,mse,0.7766613960266113
noised_data,106,0,0.3,P,mse,0.7349425554275513
noised_data,107,0,0.3,P,mse,1.1531727313995361
noised_data,108,0,0.3,P,mse,0.6973148584365845
noised_data,109,0,0.3,P,mse,0.6504374742507935
noised_data,110,0,0.3,P,mse,0.7724485993385315
noised_data,111,0,0.3,P,mse,0.9058355689048767
noised_data,104,0,0.3,P,mae,0.7543437480926514
noised_data,105,0,0.3,P,mae,0.6884725689888
noised_data,106,0,0.3,P,mae,0.6707627773284912
noised_data,107,0,0.3,P,mae,0.854623556137085
noised_data,108,0,0.3,P,mae,0.615856409072876
noised_data,109,0,0.3,P,mae,0.6247519850730896
noised_data,110,0,0.3,P,mae,0.6808991432189941
noised_data,111,0,0.3,P,mae,0.7374246120452881
noised_data,104,0,0.5,R,mse,0.9217613339424133
noised_data,105,0,0.5,R,mse,0.6215535402297974
noised_data,106,0,0.5,R,mse,0.6987378597259521
noised_data,107,0,0.5,R,mse,1.0556588172912598
noised_data,108,0,0.5,R,mse,0.5997055768966675
noised_data,109,0,0.5,R,mse,0.6592727899551392
noised_data,110,0,0.5,R,mse,0.6819185018539429
noised_data,111,0,0.5,R,mse,0.7912255525588989
noised_data,104,0,0.5,R,mae,0.7542593479156494
noised_data,105,0,0.5,R,mae,0.6146465539932251
noised_data,106,0,0.5,R,mae,0.6448079347610474
noised_data,107,0,0.5,R,mae,0.8139986991882324
noised_data,108,0,0.5,R,mae,0.5587127208709717
noised_data,109,0,0.5,R,mae,0.6248999834060669
noised_data,110,0,0.5,R,mae,0.6365008354187012
noised_data,111,0,0.5,R,mae,0.6763036251068115
noised_data,104,0,0.5,P,mse,0.8729501962661743
noised_data,105,0,0.5,P,mse,0.6363469958305359
noised_data,106,0,0.5,P,mse,0.7294089794158936
noised_data,107,0,0.5,P,mse,1.0644491910934448
noised_data,108,0,0.5,P,mse,0.6251635551452637
noised_data,109,0,0.5,P,mse,0.640093207359314
noised_data,110,0,0.5,P,mse,0.7108126878738403
noised_data,111,0,0.5,P,mse,0.8394145965576172
noised_data,104,0,0.5,P,mae,0.738283634185791
noised_data,105,0,0.5,P,mae,0.6215395927429199
noised_data,106,0,0.5,P,mae,0.6668840050697327
noised_data,107,0,0.5,P,mae,0.8151404857635498
noised_data,108,0,0.5,P,mae,0.5661119818687439
noised_data,109,0,0.5,P,mae,0.6172081232070923
noised_data,110,0,0.5,P,mae,0.6472225189208984
noised_data,111,0,0.5,P,mae,0.6945886611938477
noised_data,104,0,0.7,R,mse,0.8172438144683838
noised_data,105,0,0.7,R,mse,0.5854871273040771
noised_data,106,0,0.7,R,mse,0.7776790857315063
noised_data,107,0,0.7,R,mse,0.9020693302154541
noised_data,108,0,0.7,R,mse,0.5353395938873291
noised_data,109,0,0.7,R,mse,0.5897993445396423
noised_data,110,0,0.7,R,mse,0.5942741632461548
noised_data,111,0,0.7,R,mse,0.6324065923690796
noised_data,104,0,0.7,R,mae,0.7182769775390625
noised_data,105,0,0.7,R,mae,0.6042441725730896
noised_data,106,0,0.7,R,mae,0.6819853186607361
noised_data,107,0,0.7,R,mae,0.7405768036842346
noised_data,108,0,0.7,R,mae,0.5328173041343689
noised_data,109,0,0.7,R,mae,0.5969611406326294
noised_data,110,0,0.7,R,mae,0.5833367705345154
noised_data,111,0,0.7,R,mae,0.6111673712730408
noised_data,104,0,0.7,P,mse,0.804923415184021
noised_data,105,0,0.7,P,mse,0.5957403182983398
noised_data,106,0,0.7,P,mse,0.7929192781448364
noised_data,107,0,0.7,P,mse,0.8410123586654663
noised_data,108,0,0.7,P,mse,0.5796537399291992
noised_data,109,0,0.7,P,mse,0.5603418350219727
noised_data,110,0,0.7,P,mse,0.5882773399353027
noised_data,111,0,0.7,P,mse,0.6443425416946411
noised_data,104,0,0.7,P,mae,0.7163189649581909
noised_data,105,0,0.7,P,mae,0.6047025918960571
noised_data,106,0,0.7,P,mae,0.6930207014083862
noised_data,107,0,0.7,P,mae,0.7272104024887085
noised_data,108,0,0.7,P,mae,0.54413902759552
noised_data,109,0,0.7,P,mae,0.5811221599578857
noised_data,110,0,0.7,P,mae,0.5756855010986328
noised_data,111,0,0.7,P,mae,0.6135022640228271
noised_data,104,0,0.85,R,mse,0.733230471611023
noised_data,105,0,0.85,R,mse,0.6560688018798828
noised_data,106,0,0.85,R,mse,0.9702156782150269
noised_data,107,0,0.85,R,mse,0.8224436044692993
noised_data,108,0,0.85,R,mse,0.4718937277793884
noised_data,109,0,0.85,R,mse,0.5547139644622803
noised_data,110,0,0.85,R,mse,0.6007400751113892
noised_data,111,0,0.85,R,mse,0.5698949694633484
noised_data,104,0,0.85,R,mae,0.6815834045410156
noised_data,105,0,0.85,R,mae,0.6136211156845093
noised_data,106,0,0.85,R,mae,0.7550735473632812
noised_data,107,0,0.85,R,mae,0.6917132139205933
noised_data,108,0,0.85,R,mae,0.5080089569091797
noised_data,109,0,0.85,R,mae,0.5695613622665405
noised_data,110,0,0.85,R,mae,0.5857699513435364
noised_data,111,0,0.85,R,mae,0.5944309830665588
noised_data,104,0,0.85,P,mse,0.7080520391464233
noised_data,105,0,0.85,P,mse,0.6744445562362671
noised_data,106,0,0.85,P,mse,0.9503132104873657
noised_data,107,0,0.85,P,mse,0.7155774235725403
noised_data,108,0,0.85,P,mse,0.4989645183086395
noised_data,109,0,0.85,P,mse,0.4831939935684204
noised_data,110,0,0.85,P,mse,0.6214269995689392
noised_data,111,0,0.85,P,mse,0.5909825563430786
noised_data,104,0,0.85,P,mae,0.6753690838813782
noised_data,105,0,0.85,P,mae,0.6297599077224731
noised_data,106,0,0.85,P,mae,0.756201446056366
noised_data,107,0,0.85,P,mae,0.6692273616790771
noised_data,108,0,0.85,P,mae,0.516075074672699
noised_data,109,0,0.85,P,mae,0.5377823114395142
noised_data,110,0,0.85,P,mae,0.5798642635345459
noised_data,111,0,0.85,P,mae,0.603783130645752
noised_data,104,0,0.95,R,mse,0.6910845041275024
noised_data,105,0,0.95,R,mse,0.7637827396392822
noised_data,106,0,0.95,R,mse,1.1488656997680664
noised_data,107,0,0.95,R,mse,0.7089934945106506
noised_data,108,0,0.95,R,mse,0.43747374415397644
noised_data,109,0,0.95,R,mse,0.515106201171875
noised_data,110,0,0.95,R,mse,0.5620496869087219
noised_data,111,0,0.95,R,mse,0.5121763348579407
noised_data,104,0,0.95,R,mae,0.655451774597168
noised_data,105,0,0.95,R,mae,0.665961503982544
noised_data,106,0,0.95,R,mae,0.8428332805633545
noised_data,107,0,0.95,R,mae,0.6441128253936768
noised_data,108,0,0.95,R,mae,0.5051822662353516
noised_data,109,0,0.95,R,mae,0.5566095113754272
noised_data,110,0,0.95,R,mae,0.5854361057281494
noised_data,111,0,0.95,R,mae,0.5771456956863403
noised_data,104,0,0.95,P,mse,0.658422589302063
noised_data,105,0,0.95,P,mse,0.7932431697845459
noised_data,106,0,0.95,P,mse,1.081526517868042
noised_data,107,0,0.95,P,mse,0.6100426912307739
noised_data,108,0,0.95,P,mse,0.4637390375137329
noised_data,109,0,0.95,P,mse,0.4457760453224182
noised_data,110,0,0.95,P,mse,0.6089915633201599
noised_data,111,0,0.95,P,mse,0.5280773639678955
noised_data,104,0,0.95,P,mae,0.6438338756561279
noised_data,105,0,0.95,P,mae,0.6829853057861328
noised_data,106,0,0.95,P,mae,0.8350862264633179
noised_data,107,0,0.95,P,mae,0.6164910793304443
noised_data,108,0,0.95,P,mae,0.5148285627365112
noised_data,109,0,0.95,P,mae,0.5211912989616394
noised_data,110,0,0.95,P,mae,0.591711699962616
noised_data,111,0,0.95,P,mae,0.5786219239234924
noised_data,104,1,0.05,R,mse,1.030515193939209
noised_data,105,1,0.05,R,mse,1.012707233428955
noised_data,106,1,0.05,R,mse,1.019860029220581
noised_data,107,1,0.05,R,mse,1.0950829982757568
noised_data,108,1,0.05,R,mse,0.920238733291626
noised_data,109,1,0.05,R,mse,0.9043564796447754
noised_data,110,1,0.05,R,mse,0.9413541555404663
noised_data,111,1,0.05,R,mse,0.976320743560791
noised_data,104,1,0.05,R,mae,0.8157325387001038
noised_data,105,1,0.05,R,mae,0.7993193864822388
noised_data,106,1,0.05,R,mae,0.8061981201171875
noised_data,107,1,0.05,R,mae,0.834011435508728
noised_data,108,1,0.05,R,mae,0.7659732103347778
noised_data,109,1,0.05,R,mae,0.7515575885772705
noised_data,110,1,0.05,R,mae,0.7594651579856873
noised_data,111,1,0.05,R,mae,0.7898765802383423
noised_data,104,1,0.05,P,mse,1.0653995275497437
noised_data,105,1,0.05,P,mse,1.0147557258605957
noised_data,106,1,0.05,P,mse,0.9659335613250732
noised_data,107,1,0.05,P,mse,1.0406033992767334
noised_data,108,1,0.05,P,mse,0.9343373775482178
noised_data,109,1,0.05,P,mse,0.8520108461380005
noised_data,110,1,0.05,P,mse,0.9606320261955261
noised_data,111,1,0.05,P,mse,0.9965014457702637
noised_data,104,1,0.05,P,mae,0.8347558975219727
noised_data,105,1,0.05,P,mae,0.8014966249465942
noised_data,106,1,0.05,P,mae,0.7849515676498413
noised_data,107,1,0.05,P,mae,0.820173978805542
noised_data,108,1,0.05,P,mae,0.7631204128265381
noised_data,109,1,0.05,P,mae,0.7344131469726562
noised_data,110,1,0.05,P,mae,0.782380223274231
noised_data,111,1,0.05,P,mae,0.7939457297325134
noised_data,104,1,0.15,R,mse,0.9535261988639832
noised_data,105,1,0.15,R,mse,0.901879072189331
noised_data,106,1,0.15,R,mse,0.8754658699035645
noised_data,107,1,0.15,R,mse,1.1476315259933472
noised_data,108,1,0.15,R,mse,0.716575026512146
noised_data,109,1,0.15,R,mse,0.6839251518249512
noised_data,110,1,0.15,R,mse,0.8255499601364136
noised_data,111,1,0.15,R,mse,0.901334822177887
noised_data,104,1,0.15,R,mae,0.7816120386123657
noised_data,105,1,0.15,R,mae,0.7464997172355652
noised_data,106,1,0.15,R,mae,0.7405480742454529
noised_data,107,1,0.15,R,mae,0.8542873859405518
noised_data,108,1,0.15,R,mae,0.6514757871627808
noised_data,109,1,0.15,R,mae,0.6474387645721436
noised_data,110,1,0.15,R,mae,0.7051368951797485
noised_data,111,1,0.15,R,mae,0.7446674108505249
noised_data,104,1,0.15,P,mse,0.9626631736755371
noised_data,105,1,0.15,P,mse,0.8735082745552063
noised_data,106,1,0.15,P,mse,0.8131076097488403
noised_data,107,1,0.15,P,mse,1.0936084985733032
noised_data,108,1,0.15,P,mse,0.8164423704147339
noised_data,109,1,0.15,P,mse,0.6561031341552734
noised_data,110,1,0.15,P,mse,0.8484114408493042
noised_data,111,1,0.15,P,mse,0.9443218111991882
noised_data,104,1,0.15,P,mae,0.7810236215591431
noised_data,105,1,0.15,P,mae,0.7382906675338745
noised_data,106,1,0.15,P,mae,0.7093947529792786
noised_data,107,1,0.15,P,mae,0.834683895111084
noised_data,108,1,0.15,P,mae,0.7004929780960083
noised_data,109,1,0.15,P,mae,0.6364531517028809
noised_data,110,1,0.15,P,mae,0.7250194549560547
noised_data,111,1,0.15,P,mae,0.759562611579895
noised_data,104,1,0.3,R,mse,0.9071290493011475
noised_data,105,1,0.3,R,mse,0.7825316786766052
noised_data,106,1,0.3,R,mse,0.7426069378852844
noised_data,107,1,0.3,R,mse,1.1728153228759766
noised_data,108,1,0.3,R,mse,0.6168372631072998
noised_data,109,1,0.3,R,mse,0.6208997964859009
noised_data,110,1,0.3,R,mse,0.7389401197433472
noised_data,111,1,0.3,R,mse,0.8946152329444885
noised_data,104,1,0.3,R,mae,0.7515419721603394
noised_data,105,1,0.3,R,mae,0.6836766600608826
noised_data,106,1,0.3,R,mae,0.6761734485626221
noised_data,107,1,0.3,R,mae,0.8626180291175842
noised_data,108,1,0.3,R,mae,0.5693221092224121
noised_data,109,1,0.3,R,mae,0.6083365678787231
noised_data,110,1,0.3,R,mae,0.6624724864959717
noised_data,111,1,0.3,R,mae,0.7224864363670349
noised_data,104,1,0.3,P,mse,0.9033752679824829
noised_data,105,1,0.3,P,mse,0.7325584888458252
noised_data,106,1,0.3,P,mse,0.7285274267196655
noised_data,107,1,0.3,P,mse,1.1173275709152222
noised_data,108,1,0.3,P,mse,0.747330904006958
noised_data,109,1,0.3,P,mse,0.600926399230957
noised_data,110,1,0.3,P,mse,0.7657439112663269
noised_data,111,1,0.3,P,mse,0.8796370029449463
noised_data,104,1,0.3,P,mae,0.7484408617019653
noised_data,105,1,0.3,P,mae,0.6693880558013916
noised_data,106,1,0.3,P,mae,0.6611272096633911
noised_data,107,1,0.3,P,mae,0.8361223340034485
noised_data,108,1,0.3,P,mae,0.6517499685287476
noised_data,109,1,0.3,P,mae,0.6002789735794067
noised_data,110,1,0.3,P,mae,0.6761990189552307
noised_data,111,1,0.3,P,mae,0.7192208766937256
noised_data,104,1,0.5,R,mse,0.8961715698242188
noised_data,105,1,0.5,R,mse,0.6430907845497131
noised_data,106,1,0.5,R,mse,0.7093743681907654
noised_data,107,1,0.5,R,mse,1.0941994190216064
noised_data,108,1,0.5,R,mse,0.5437151789665222
noised_data,109,1,0.5,R,mse,0.6215461492538452
noised_data,110,1,0.5,R,mse,0.6825085282325745
noised_data,111,1,0.5,R,mse,0.8301864266395569
noised_data,104,1,0.5,R,mae,0.7489241361618042
noised_data,105,1,0.5,R,mae,0.619710385799408
noised_data,106,1,0.5,R,mae,0.6564122438430786
noised_data,107,1,0.5,R,mae,0.8353360295295715
noised_data,108,1,0.5,R,mae,0.5168100595474243
noised_data,109,1,0.5,R,mae,0.6056383848190308
noised_data,110,1,0.5,R,mae,0.6289849281311035
noised_data,111,1,0.5,R,mae,0.6860259771347046
noised_data,104,1,0.5,P,mse,0.9151627421379089
noised_data,105,1,0.5,P,mse,0.6194483637809753
noised_data,106,1,0.5,P,mse,0.7192882299423218
noised_data,107,1,0.5,P,mse,1.0272815227508545
noised_data,108,1,0.5,P,mse,0.6713287830352783
noised_data,109,1,0.5,P,mse,0.6717525720596313
noised_data,110,1,0.5,P,mse,0.710748553276062
noised_data,111,1,0.5,P,mse,0.7988879680633545
noised_data,104,1,0.5,P,mae,0.7510701417922974
noised_data,105,1,0.5,P,mae,0.618693470954895
noised_data,106,1,0.5,P,mae,0.6592020988464355
noised_data,107,1,0.5,P,mae,0.7947320938110352
noised_data,108,1,0.5,P,mae,0.6036931276321411
noised_data,109,1,0.5,P,mae,0.6289615631103516
noised_data,110,1,0.5,P,mae,0.6535786390304565
noised_data,111,1,0.5,P,mae,0.6838245391845703
noised_data,104,1,0.7,R,mse,0.8068490028381348
noised_data,105,1,0.7,R,mse,0.5893751382827759
noised_data,106,1,0.7,R,mse,0.7565503120422363
noised_data,107,1,0.7,R,mse,0.915935754776001
noised_data,108,1,0.7,R,mse,0.5025542974472046
noised_data,109,1,0.7,R,mse,0.5320308804512024
noised_data,110,1,0.7,R,mse,0.5722669363021851
noised_data,111,1,0.7,R,mse,0.6671855449676514
noised_data,104,1,0.7,R,mae,0.7182034254074097
noised_data,105,1,0.7,R,mae,0.6008910536766052
noised_data,106,1,0.7,R,mae,0.6733407974243164
noised_data,107,1,0.7,R,mae,0.755061149597168
noised_data,108,1,0.7,R,mae,0.5032258033752441
noised_data,109,1,0.7,R,mae,0.5628997683525085
noised_data,110,1,0.7,R,mae,0.5666142702102661
noised_data,111,1,0.7,R,mae,0.6271142959594727
noised_data,104,1,0.7,P,mse,0.8301476836204529
noised_data,105,1,0.7,P,mse,0.5945793986320496
noised_data,106,1,0.7,P,mse,0.8055140972137451
noised_data,107,1,0.7,P,mse,0.8100178241729736
noised_data,108,1,0.7,P,mse,0.6143070459365845
noised_data,109,1,0.7,P,mse,0.6157375574111938
noised_data,110,1,0.7,P,mse,0.6094117164611816
noised_data,111,1,0.7,P,mse,0.6147661209106445
noised_data,104,1,0.7,P,mae,0.7223541140556335
noised_data,105,1,0.7,P,mae,0.6096218228340149
noised_data,106,1,0.7,P,mae,0.6968165040016174
noised_data,107,1,0.7,P,mae,0.7084697484970093
noised_data,108,1,0.7,P,mae,0.5748673677444458
noised_data,109,1,0.7,P,mae,0.6110360622406006
noised_data,110,1,0.7,P,mae,0.5919725298881531
noised_data,111,1,0.7,P,mae,0.6025229692459106
noised_data,104,1,0.85,R,mse,0.7001598477363586
noised_data,105,1,0.85,R,mse,0.6863327026367188
noised_data,106,1,0.85,R,mse,0.9330321550369263
noised_data,107,1,0.85,R,mse,0.8323169946670532
noised_data,108,1,0.85,R,mse,0.4428483247756958
noised_data,109,1,0.85,R,mse,0.5118036866188049
noised_data,110,1,0.85,R,mse,0.5752395987510681
noised_data,111,1,0.85,R,mse,0.6142532825469971
noised_data,104,1,0.85,R,mae,0.6709119081497192
noised_data,105,1,0.85,R,mae,0.6238444447517395
noised_data,106,1,0.85,R,mae,0.7444204688072205
noised_data,107,1,0.85,R,mae,0.7046056985855103
noised_data,108,1,0.85,R,mae,0.48333483934402466
noised_data,109,1,0.85,R,mae,0.5406400561332703
noised_data,110,1,0.85,R,mae,0.5700721740722656
noised_data,111,1,0.85,R,mae,0.6195210218429565
noised_data,104,1,0.85,P,mse,0.741124153137207
noised_data,105,1,0.85,P,mse,0.6405371427536011
noised_data,106,1,0.85,P,mse,0.9838085174560547
noised_data,107,1,0.85,P,mse,0.707345724105835
noised_data,108,1,0.85,P,mse,0.5217020511627197
noised_data,109,1,0.85,P,mse,0.5236316919326782
noised_data,110,1,0.85,P,mse,0.6514208316802979
noised_data,111,1,0.85,P,mse,0.5474584102630615
noised_data,104,1,0.85,P,mae,0.6859595775604248
noised_data,105,1,0.85,P,mae,0.6178443431854248
noised_data,106,1,0.85,P,mae,0.7664015889167786
noised_data,107,1,0.85,P,mae,0.6571040153503418
noised_data,108,1,0.85,P,mae,0.5378631353378296
noised_data,109,1,0.85,P,mae,0.5655215382575989
noised_data,110,1,0.85,P,mae,0.5983827114105225
noised_data,111,1,0.85,P,mae,0.5782918930053711
noised_data,104,1,0.95,R,mse,0.6576170921325684
noised_data,105,1,0.95,R,mse,0.7889511585235596
noised_data,106,1,0.95,R,mse,1.0724549293518066
noised_data,107,1,0.95,R,mse,0.7085423469543457
noised_data,108,1,0.95,R,mse,0.4158715307712555
noised_data,109,1,0.95,R,mse,0.4747311472892761
noised_data,110,1,0.95,R,mse,0.5484338998794556
noised_data,111,1,0.95,R,mse,0.5467160940170288
noised_data,104,1,0.95,R,mae,0.6414767503738403
noised_data,105,1,0.95,R,mae,0.6738500595092773
noised_data,106,1,0.95,R,mae,0.825068473815918
noised_data,107,1,0.95,R,mae,0.650632381439209
noised_data,108,1,0.95,R,mae,0.4869278371334076
noised_data,109,1,0.95,R,mae,0.5275958776473999
noised_data,110,1,0.95,R,mae,0.5740646123886108
noised_data,111,1,0.95,R,mae,0.5960084795951843
noised_data,104,1,0.95,P,mse,0.693209171295166
noised_data,105,1,0.95,P,mse,0.7646377086639404
noised_data,106,1,0.95,P,mse,1.156001091003418
noised_data,107,1,0.95,P,mse,0.6133413314819336
noised_data,108,1,0.95,P,mse,0.4855195879936218
noised_data,109,1,0.95,P,mse,0.4849674105644226
noised_data,110,1,0.95,P,mse,0.6204387545585632
noised_data,111,1,0.95,P,mse,0.4924716055393219
noised_data,104,1,0.95,P,mae,0.6583263874053955
noised_data,105,1,0.95,P,mae,0.6734782457351685
noised_data,106,1,0.95,P,mae,0.8528560400009155
noised_data,107,1,0.95,P,mae,0.612099289894104
noised_data,108,1,0.95,P,mae,0.5335658192634583
noised_data,109,1,0.95,P,mae,0.5498589277267456
noised_data,110,1,0.95,P,mae,0.6013610363006592
noised_data,111,1,0.95,P,mae,0.5592767000198364
noised_data,112,0,0.05,R,mse,1.0087960958480835
noised_data,113,0,0.05,R,mse,0.9912658333778381
noised_data,114,0,0.05,R,mse,1.051682710647583
noised_data,115,0,0.05,R,mse,1.0112950801849365
noised_data,116,0,0.05,R,mse,0.9035604000091553
noised_data,117,0,0.05,R,mse,1.0733295679092407
noised_data,118,0,0.05,R,mse,1.0075123310089111
noised_data,119,0,0.05,R,mse,1.053842544555664
noised_data,112,0,0.05,R,mae,0.8011164665222168
noised_data,113,0,0.05,R,mae,0.7980216145515442
noised_data,114,0,0.05,R,mae,0.8151059150695801
noised_data,115,0,0.05,R,mae,0.802834153175354
noised_data,116,0,0.05,R,mae,0.7582706212997437
noised_data,117,0,0.05,R,mae,0.8307700157165527
noised_data,118,0,0.05,R,mae,0.7925207614898682
noised_data,119,0,0.05,R,mae,0.816097617149353
noised_data,112,0,0.05,P,mse,1.0604665279388428
noised_data,113,0,0.05,P,mse,0.9775924682617188
noised_data,114,0,0.05,P,mse,1.028160810470581
noised_data,115,0,0.05,P,mse,1.0256527662277222
noised_data,116,0,0.05,P,mse,0.9783933758735657
noised_data,117,0,0.05,P,mse,0.9797754287719727
noised_data,118,0,0.05,P,mse,1.0044432878494263
noised_data,119,0,0.05,P,mse,1.0712825059890747
noised_data,112,0,0.05,P,mae,0.8212894201278687
noised_data,113,0,0.05,P,mae,0.7945556640625
noised_data,114,0,0.05,P,mae,0.8039413690567017
noised_data,115,0,0.05,P,mae,0.7973006963729858
noised_data,116,0,0.05,P,mae,0.7919095158576965
noised_data,117,0,0.05,P,mae,0.7858678102493286
noised_data,118,0,0.05,P,mae,0.7983577251434326
noised_data,119,0,0.05,P,mae,0.8285675048828125
noised_data,112,0,0.15,R,mse,1.0089678764343262
noised_data,113,0,0.15,R,mse,0.914283275604248
noised_data,114,0,0.15,R,mse,0.9733821153640747
noised_data,115,0,0.15,R,mse,0.888690710067749
noised_data,116,0,0.15,R,mse,0.7176783084869385
noised_data,117,0,0.15,R,mse,0.9988299012184143
noised_data,118,0,0.15,R,mse,0.8957947492599487
noised_data,119,0,0.15,R,mse,1.0094634294509888
noised_data,112,0,0.15,R,mae,0.7960529923439026
noised_data,113,0,0.15,R,mae,0.7630959749221802
noised_data,114,0,0.15,R,mae,0.7887362241744995
noised_data,115,0,0.15,R,mae,0.749428391456604
noised_data,116,0,0.15,R,mae,0.6644814610481262
noised_data,117,0,0.15,R,mae,0.7981908917427063
noised_data,118,0,0.15,R,mae,0.7476747035980225
noised_data,119,0,0.15,R,mae,0.8030515909194946
noised_data,112,0,0.15,P,mse,1.002078890800476
noised_data,113,0,0.15,P,mse,0.8495391607284546
noised_data,114,0,0.15,P,mse,0.9433034658432007
noised_data,115,0,0.15,P,mse,0.9171687364578247
noised_data,116,0,0.15,P,mse,0.7808107137680054
noised_data,117,0,0.15,P,mse,0.9249201416969299
noised_data,118,0,0.15,P,mse,0.8783812522888184
noised_data,119,0,0.15,P,mse,1.058611273765564
noised_data,112,0,0.15,P,mae,0.7934383153915405
noised_data,113,0,0.15,P,mae,0.7304569482803345
noised_data,114,0,0.15,P,mae,0.7649804353713989
noised_data,115,0,0.15,P,mae,0.7461121082305908
noised_data,116,0,0.15,P,mae,0.6926392912864685
noised_data,117,0,0.15,P,mae,0.762954592704773
noised_data,118,0,0.15,P,mae,0.7401882410049438
noised_data,119,0,0.15,P,mae,0.8224660158157349
noised_data,112,0,0.3,R,mse,0.9823036789894104
noised_data,113,0,0.3,R,mse,0.8563960194587708
noised_data,114,0,0.3,R,mse,0.8579331636428833
noised_data,115,0,0.3,R,mse,0.8465802073478699
noised_data,116,0,0.3,R,mse,0.6515668034553528
noised_data,117,0,0.3,R,mse,0.9563793540000916
noised_data,118,0,0.3,R,mse,0.8537126779556274
noised_data,119,0,0.3,R,mse,0.9018622636795044
noised_data,112,0,0.3,R,mae,0.7744154334068298
noised_data,113,0,0.3,R,mae,0.7232140898704529
noised_data,114,0,0.3,R,mae,0.7368196249008179
noised_data,115,0,0.3,R,mae,0.7186153531074524
noised_data,116,0,0.3,R,mae,0.6173959374427795
noised_data,117,0,0.3,R,mae,0.7730487585067749
noised_data,118,0,0.3,R,mae,0.7192731499671936
noised_data,119,0,0.3,R,mae,0.7579330205917358
noised_data,112,0,0.3,P,mse,0.9595418572425842
noised_data,113,0,0.3,P,mse,0.7744826078414917
noised_data,114,0,0.3,P,mse,0.8238264322280884
noised_data,115,0,0.3,P,mse,0.8389782309532166
noised_data,116,0,0.3,P,mse,0.7013601064682007
noised_data,117,0,0.3,P,mse,0.8854660987854004
noised_data,118,0,0.3,P,mse,0.8361945152282715
noised_data,119,0,0.3,P,mse,1.0101330280303955
noised_data,112,0,0.3,P,mae,0.7699166536331177
noised_data,113,0,0.3,P,mae,0.6832573413848877
noised_data,114,0,0.3,P,mae,0.7157396674156189
noised_data,115,0,0.3,P,mae,0.7140681743621826
noised_data,116,0,0.3,P,mae,0.6458228230476379
noised_data,117,0,0.3,P,mae,0.7397288680076599
noised_data,118,0,0.3,P,mae,0.7178646922111511
noised_data,119,0,0.3,P,mae,0.7970938682556152
noised_data,112,0,0.5,R,mse,0.8943883180618286
noised_data,113,0,0.5,R,mse,0.7841134667396545
noised_data,114,0,0.5,R,mse,0.7415290474891663
noised_data,115,0,0.5,R,mse,0.8156834244728088
noised_data,116,0,0.5,R,mse,0.702677845954895
noised_data,117,0,0.5,R,mse,0.9178783893585205
noised_data,118,0,0.5,R,mse,0.8484913110733032
noised_data,119,0,0.5,R,mse,0.7840203046798706
noised_data,112,0,0.5,R,mae,0.7371071577072144
noised_data,113,0,0.5,R,mae,0.6857461333274841
noised_data,114,0,0.5,R,mae,0.6714553833007812
noised_data,115,0,0.5,R,mae,0.6971126794815063
noised_data,116,0,0.5,R,mae,0.6242583394050598
noised_data,117,0,0.5,R,mae,0.756550669670105
noised_data,118,0,0.5,R,mae,0.7198916077613831
noised_data,119,0,0.5,R,mae,0.7046003341674805
noised_data,112,0,0.5,P,mse,0.8540586829185486
noised_data,113,0,0.5,P,mse,0.7166793346405029
noised_data,114,0,0.5,P,mse,0.6693165898323059
noised_data,115,0,0.5,P,mse,0.803532063961029
noised_data,116,0,0.5,P,mse,0.692464292049408
noised_data,117,0,0.5,P,mse,0.8617501258850098
noised_data,118,0,0.5,P,mse,0.856159508228302
noised_data,119,0,0.5,P,mse,0.8907369375228882
noised_data,112,0,0.5,P,mae,0.7208954095840454
noised_data,113,0,0.5,P,mae,0.6555650234222412
noised_data,114,0,0.5,P,mae,0.6455825567245483
noised_data,115,0,0.5,P,mae,0.699312686920166
noised_data,116,0,0.5,P,mae,0.6427024006843567
noised_data,117,0,0.5,P,mae,0.7207895517349243
noised_data,118,0,0.5,P,mae,0.7254235148429871
noised_data,119,0,0.5,P,mae,0.7519700527191162
noised_data,112,0,0.7,R,mse,0.6769016981124878
noised_data,113,0,0.7,R,mse,0.7077292203903198
noised_data,114,0,0.7,R,mse,0.5649401545524597
noised_data,115,0,0.7,R,mse,0.7444169521331787
noised_data,116,0,0.7,R,mse,0.609183669090271
noised_data,117,0,0.7,R,mse,0.8159900307655334
noised_data,118,0,0.7,R,mse,0.7636913657188416
noised_data,119,0,0.7,R,mse,0.6257513165473938
noised_data,112,0,0.7,R,mae,0.6435314416885376
noised_data,113,0,0.7,R,mae,0.6498762369155884
noised_data,114,0,0.7,R,mae,0.5809046030044556
noised_data,115,0,0.7,R,mae,0.6679271459579468
noised_data,116,0,0.7,R,mae,0.5827789902687073
noised_data,117,0,0.7,R,mae,0.7038170099258423
noised_data,118,0,0.7,R,mae,0.6929589509963989
noised_data,119,0,0.7,R,mae,0.6244425773620605
noised_data,112,0,0.7,P,mse,0.6061992645263672
noised_data,113,0,0.7,P,mse,0.6814365386962891
noised_data,114,0,0.7,P,mse,0.5492948293685913
noised_data,115,0,0.7,P,mse,0.7561997175216675
noised_data,116,0,0.7,P,mse,0.5846899747848511
noised_data,117,0,0.7,P,mse,0.7720478177070618
noised_data,118,0,0.7,P,mse,0.8174095749855042
noised_data,119,0,0.7,P,mse,0.7489526867866516
noised_data,112,0,0.7,P,mae,0.6118614077568054
noised_data,113,0,0.7,P,mae,0.6370234489440918
noised_data,114,0,0.7,P,mae,0.5707199573516846
noised_data,115,0,0.7,P,mae,0.6740157604217529
noised_data,116,0,0.7,P,mae,0.5972906947135925
noised_data,117,0,0.7,P,mae,0.6881778240203857
noised_data,118,0,0.7,P,mae,0.7102490067481995
noised_data,119,0,0.7,P,mae,0.685210108757019
noised_data,112,0,0.85,R,mse,0.5897804498672485
noised_data,113,0,0.85,R,mse,0.5780890583992004
noised_data,114,0,0.85,R,mse,0.48413172364234924
noised_data,115,0,0.85,R,mse,0.699074923992157
noised_data,116,0,0.85,R,mse,0.6486537456512451
noised_data,117,0,0.85,R,mse,0.6454851627349854
noised_data,118,0,0.85,R,mse,0.6833854913711548
noised_data,119,0,0.85,R,mse,0.5822252035140991
noised_data,112,0,0.85,R,mae,0.6028183698654175
noised_data,113,0,0.85,R,mae,0.5835965871810913
noised_data,114,0,0.85,R,mae,0.5489182472229004
noised_data,115,0,0.85,R,mae,0.6533988118171692
noised_data,116,0,0.85,R,mae,0.598567008972168
noised_data,117,0,0.85,R,mae,0.6284821033477783
noised_data,118,0,0.85,R,mae,0.6580568552017212
noised_data,119,0,0.85,R,mae,0.5945409536361694
noised_data,112,0,0.85,P,mse,0.5175976753234863
noised_data,113,0,0.85,P,mse,0.5655040740966797
noised_data,114,0,0.85,P,mse,0.517288088798523
noised_data,115,0,0.85,P,mse,0.7199433445930481
noised_data,116,0,0.85,P,mse,0.6528372764587402
noised_data,117,0,0.85,P,mse,0.6167056560516357
noised_data,118,0,0.85,P,mse,0.7410087585449219
noised_data,119,0,0.85,P,mse,0.6653055548667908
noised_data,112,0,0.85,P,mae,0.5714898109436035
noised_data,113,0,0.85,P,mae,0.5758621692657471
noised_data,114,0,0.85,P,mae,0.5574589967727661
noised_data,115,0,0.85,P,mae,0.6620003581047058
noised_data,116,0,0.85,P,mae,0.6212027668952942
noised_data,117,0,0.85,P,mae,0.6186927556991577
noised_data,118,0,0.85,P,mae,0.6742910146713257
noised_data,119,0,0.85,P,mae,0.640068769454956
noised_data,112,0,0.95,R,mse,0.5784701704978943
noised_data,113,0,0.95,R,mse,0.5126708745956421
noised_data,114,0,0.95,R,mse,0.44474488496780396
noised_data,115,0,0.95,R,mse,0.720109760761261
noised_data,116,0,0.95,R,mse,0.8066803216934204
noised_data,117,0,0.95,R,mse,0.5603166818618774
noised_data,118,0,0.95,R,mse,0.6548242568969727
noised_data,119,0,0.95,R,mse,0.5162389278411865
noised_data,112,0,0.95,R,mae,0.6074638366699219
noised_data,113,0,0.95,R,mae,0.5648504495620728
noised_data,114,0,0.95,R,mae,0.5336793661117554
noised_data,115,0,0.95,R,mae,0.6631810665130615
noised_data,116,0,0.95,R,mae,0.709412693977356
noised_data,117,0,0.95,R,mae,0.5885116457939148
noised_data,118,0,0.95,R,mae,0.6447856426239014
noised_data,119,0,0.95,R,mae,0.5625424385070801
noised_data,112,0,0.95,P,mse,0.5556074380874634
noised_data,113,0,0.95,P,mse,0.5240118503570557
noised_data,114,0,0.95,P,mse,0.4739408791065216
noised_data,115,0,0.95,P,mse,0.7840494513511658
noised_data,116,0,0.95,P,mse,0.8223051428794861
noised_data,117,0,0.95,P,mse,0.5427300930023193
noised_data,118,0,0.95,P,mse,0.686151921749115
noised_data,119,0,0.95,P,mse,0.5563539266586304
noised_data,112,0,0.95,P,mae,0.6037313938140869
noised_data,113,0,0.95,P,mae,0.5716722011566162
noised_data,114,0,0.95,P,mae,0.5388693809509277
noised_data,115,0,0.95,P,mae,0.7001335024833679
noised_data,116,0,0.95,P,mae,0.7156307697296143
noised_data,117,0,0.95,P,mae,0.5838086605072021
noised_data,118,0,0.95,P,mae,0.6567955613136292
noised_data,119,0,0.95,P,mae,0.5884564518928528
noised_data,112,1,0.05,R,mse,1.0019959211349487
noised_data,113,1,0.05,R,mse,0.9957337379455566
noised_data,114,1,0.05,R,mse,1.0571093559265137
noised_data,115,1,0.05,R,mse,0.975455105304718
noised_data,116,1,0.05,R,mse,0.9498089551925659
noised_data,117,1,0.05,R,mse,1.0200361013412476
noised_data,118,1,0.05,R,mse,0.9873443841934204
noised_data,119,1,0.05,R,mse,1.0509029626846313
noised_data,112,1,0.05,R,mae,0.7980659008026123
noised_data,113,1,0.05,R,mae,0.8032328486442566
noised_data,114,1,0.05,R,mae,0.819730281829834
noised_data,115,1,0.05,R,mae,0.788704514503479
noised_data,116,1,0.05,R,mae,0.7766696810722351
noised_data,117,1,0.05,R,mae,0.805018961429596
noised_data,118,1,0.05,R,mae,0.7853289842605591
noised_data,119,1,0.05,R,mae,0.8146648406982422
noised_data,112,1,0.05,P,mse,1.0685641765594482
noised_data,113,1,0.05,P,mse,0.9764035940170288
noised_data,114,1,0.05,P,mse,1.0294506549835205
noised_data,115,1,0.05,P,mse,1.0590369701385498
noised_data,116,1,0.05,P,mse,0.92928147315979
noised_data,117,1,0.05,P,mse,1.0323593616485596
noised_data,118,1,0.05,P,mse,1.0255333185195923
noised_data,119,1,0.05,P,mse,1.072637677192688
noised_data,112,1,0.05,P,mae,0.8254667520523071
noised_data,113,1,0.05,P,mae,0.7901576161384583
noised_data,114,1,0.05,P,mae,0.8022213578224182
noised_data,115,1,0.05,P,mae,0.8103981018066406
noised_data,116,1,0.05,P,mae,0.7711378335952759
noised_data,117,1,0.05,P,mae,0.8096012473106384
noised_data,118,1,0.05,P,mae,0.8056737184524536
noised_data,119,1,0.05,P,mae,0.8294625878334045
noised_data,112,1,0.15,R,mse,0.9857447743415833
noised_data,113,1,0.15,R,mse,0.9160926938056946
noised_data,114,1,0.15,R,mse,0.964670717716217
noised_data,115,1,0.15,R,mse,0.8530186414718628
noised_data,116,1,0.15,R,mse,0.765247106552124
noised_data,117,1,0.15,R,mse,0.9381583333015442
noised_data,118,1,0.15,R,mse,0.8659963607788086
noised_data,119,1,0.15,R,mse,1.015204906463623
noised_data,112,1,0.15,R,mae,0.7888511419296265
noised_data,113,1,0.15,R,mae,0.7643086314201355
noised_data,114,1,0.15,R,mae,0.7810288667678833
noised_data,115,1,0.15,R,mae,0.731654167175293
noised_data,116,1,0.15,R,mae,0.6821043491363525
noised_data,117,1,0.15,R,mae,0.7698590159416199
noised_data,118,1,0.15,R,mae,0.7343029975891113
noised_data,119,1,0.15,R,mae,0.8034530282020569
noised_data,112,1,0.15,P,mse,1.0282604694366455
noised_data,113,1,0.15,P,mse,0.8525950908660889
noised_data,114,1,0.15,P,mse,0.9562206268310547
noised_data,115,1,0.15,P,mse,0.9458956122398376
noised_data,116,1,0.15,P,mse,0.732398509979248
noised_data,117,1,0.15,P,mse,0.9827919006347656
noised_data,118,1,0.15,P,mse,0.9069734811782837
noised_data,119,1,0.15,P,mse,1.0448555946350098
noised_data,112,1,0.15,P,mae,0.8002197742462158
noised_data,113,1,0.15,P,mae,0.7334233522415161
noised_data,114,1,0.15,P,mae,0.775697648525238
noised_data,115,1,0.15,P,mae,0.7629905343055725
noised_data,116,1,0.15,P,mae,0.6730032563209534
noised_data,117,1,0.15,P,mae,0.7878729104995728
noised_data,118,1,0.15,P,mae,0.7532657384872437
noised_data,119,1,0.15,P,mae,0.8207585215568542
noised_data,112,1,0.3,R,mse,0.9787842631340027
noised_data,113,1,0.3,R,mse,0.8660179972648621
noised_data,114,1,0.3,R,mse,0.8233343362808228
noised_data,115,1,0.3,R,mse,0.8037797212600708
noised_data,116,1,0.3,R,mse,0.6782255172729492
noised_data,117,1,0.3,R,mse,0.9268150925636292
noised_data,118,1,0.3,R,mse,0.8393017053604126
noised_data,119,1,0.3,R,mse,0.940235435962677
noised_data,112,1,0.3,R,mae,0.7747335433959961
noised_data,113,1,0.3,R,mae,0.7229827642440796
noised_data,114,1,0.3,R,mae,0.7177917957305908
noised_data,115,1,0.3,R,mae,0.698248028755188
noised_data,116,1,0.3,R,mae,0.6339316368103027
noised_data,117,1,0.3,R,mae,0.7553660869598389
noised_data,118,1,0.3,R,mae,0.7141684293746948
noised_data,119,1,0.3,R,mae,0.774825394153595
noised_data,112,1,0.3,P,mse,0.967321515083313
noised_data,113,1,0.3,P,mse,0.7625513076782227
noised_data,114,1,0.3,P,mse,0.8606382608413696
noised_data,115,1,0.3,P,mse,0.8627187013626099
noised_data,116,1,0.3,P,mse,0.6756103038787842
noised_data,117,1,0.3,P,mse,0.9201777577400208
noised_data,118,1,0.3,P,mse,0.8399366140365601
noised_data,119,1,0.3,P,mse,0.971868097782135
noised_data,112,1,0.3,P,mae,0.7690118551254272
noised_data,113,1,0.3,P,mae,0.6842326521873474
noised_data,114,1,0.3,P,mae,0.7387962937355042
noised_data,115,1,0.3,P,mae,0.7255168557167053
noised_data,116,1,0.3,P,mae,0.6278549432754517
noised_data,117,1,0.3,P,mae,0.7584523558616638
noised_data,118,1,0.3,P,mae,0.7191188335418701
noised_data,119,1,0.3,P,mae,0.7815251350402832
noised_data,112,1,0.5,R,mse,0.8973493576049805
noised_data,113,1,0.5,R,mse,0.7819728851318359
noised_data,114,1,0.5,R,mse,0.6990038156509399
noised_data,115,1,0.5,R,mse,0.8082163333892822
noised_data,116,1,0.5,R,mse,0.7005833387374878
noised_data,117,1,0.5,R,mse,0.9334876537322998
noised_data,118,1,0.5,R,mse,0.836829662322998
noised_data,119,1,0.5,R,mse,0.8452798128128052
noised_data,112,1,0.5,R,mae,0.739699125289917
noised_data,113,1,0.5,R,mae,0.6852097511291504
noised_data,114,1,0.5,R,mae,0.6564239859580994
noised_data,115,1,0.5,R,mae,0.6963510513305664
noised_data,116,1,0.5,R,mae,0.6388158798217773
noised_data,117,1,0.5,R,mae,0.7528834342956543
noised_data,118,1,0.5,R,mae,0.715265154838562
noised_data,119,1,0.5,R,mae,0.735016942024231
noised_data,112,1,0.5,P,mse,0.8379669189453125
noised_data,113,1,0.5,P,mse,0.7119050621986389
noised_data,114,1,0.5,P,mse,0.7157577276229858
noised_data,115,1,0.5,P,mse,0.8132992386817932
noised_data,116,1,0.5,P,mse,0.6963338851928711
noised_data,117,1,0.5,P,mse,0.850409746170044
noised_data,118,1,0.5,P,mse,0.8676472902297974
noised_data,119,1,0.5,P,mse,0.8393805027008057
noised_data,112,1,0.5,P,mae,0.7134872674942017
noised_data,113,1,0.5,P,mae,0.6533430814743042
noised_data,114,1,0.5,P,mae,0.6630151271820068
noised_data,115,1,0.5,P,mae,0.6970073580741882
noised_data,116,1,0.5,P,mae,0.6306726932525635
noised_data,117,1,0.5,P,mae,0.7276532649993896
noised_data,118,1,0.5,P,mae,0.7298398017883301
noised_data,119,1,0.5,P,mae,0.727789580821991
noised_data,112,1,0.7,R,mse,0.6674181222915649
noised_data,113,1,0.7,R,mse,0.703580379486084
noised_data,114,1,0.7,R,mse,0.5549591779708862
noised_data,115,1,0.7,R,mse,0.7074774503707886
noised_data,116,1,0.7,R,mse,0.6019045114517212
noised_data,117,1,0.7,R,mse,0.8035656213760376
noised_data,118,1,0.7,R,mse,0.8013302087783813
noised_data,119,1,0.7,R,mse,0.7371293902397156
noised_data,112,1,0.7,R,mae,0.639107346534729
noised_data,113,1,0.7,R,mae,0.6465445756912231
noised_data,114,1,0.7,R,mae,0.5749334096908569
noised_data,115,1,0.7,R,mae,0.6513422727584839
noised_data,116,1,0.7,R,mae,0.5943593978881836
noised_data,117,1,0.7,R,mae,0.7006852626800537
noised_data,118,1,0.7,R,mae,0.7066423892974854
noised_data,119,1,0.7,R,mae,0.6723945140838623
noised_data,112,1,0.7,P,mse,0.6181316375732422
noised_data,113,1,0.7,P,mse,0.685240626335144
noised_data,114,1,0.7,P,mse,0.5605875849723816
noised_data,115,1,0.7,P,mse,0.7898176312446594
noised_data,116,1,0.7,P,mse,0.5900755524635315
noised_data,117,1,0.7,P,mse,0.7805651426315308
noised_data,118,1,0.7,P,mse,0.7836271524429321
noised_data,119,1,0.7,P,mse,0.6357013583183289
noised_data,112,1,0.7,P,mae,0.6174076795578003
noised_data,113,1,0.7,P,mae,0.6399809718132019
noised_data,114,1,0.7,P,mae,0.5753065347671509
noised_data,115,1,0.7,P,mae,0.6891872882843018
noised_data,116,1,0.7,P,mae,0.5857356190681458
noised_data,117,1,0.7,P,mae,0.689642608165741
noised_data,118,1,0.7,P,mae,0.6977730989456177
noised_data,119,1,0.7,P,mae,0.6370664238929749
noised_data,112,1,0.85,R,mse,0.564084529876709
noised_data,113,1,0.85,R,mse,0.5722212791442871
noised_data,114,1,0.85,R,mse,0.49625295400619507
noised_data,115,1,0.85,R,mse,0.6765867471694946
noised_data,116,1,0.85,R,mse,0.6675387024879456
noised_data,117,1,0.85,R,mse,0.6354199647903442
noised_data,118,1,0.85,R,mse,0.728083610534668
noised_data,119,1,0.85,R,mse,0.6993179321289062
noised_data,112,1,0.85,R,mae,0.5920929908752441
noised_data,113,1,0.85,R,mae,0.5806081295013428
noised_data,114,1,0.85,R,mae,0.5482374429702759
noised_data,115,1,0.85,R,mae,0.6440931558609009
noised_data,116,1,0.85,R,mae,0.6199397444725037
noised_data,117,1,0.85,R,mae,0.627753734588623
noised_data,118,1,0.85,R,mae,0.6774265766143799
noised_data,119,1,0.85,R,mae,0.6511366367340088
noised_data,112,1,0.85,P,mse,0.5379859209060669
noised_data,113,1,0.85,P,mse,0.5678378343582153
noised_data,114,1,0.85,P,mse,0.500557005405426
noised_data,115,1,0.85,P,mse,0.7398838996887207
noised_data,116,1,0.85,P,mse,0.6255959272384644
noised_data,117,1,0.85,P,mse,0.625120997428894
noised_data,118,1,0.85,P,mse,0.6984577775001526
noised_data,119,1,0.85,P,mse,0.551228404045105
noised_data,112,1,0.85,P,mae,0.5789670944213867
noised_data,113,1,0.85,P,mae,0.5772414207458496
noised_data,114,1,0.85,P,mae,0.5551786422729492
noised_data,115,1,0.85,P,mae,0.6698923110961914
noised_data,116,1,0.85,P,mae,0.5955355167388916
noised_data,117,1,0.85,P,mae,0.6188516616821289
noised_data,118,1,0.85,P,mae,0.6560238599777222
noised_data,119,1,0.85,P,mae,0.584580659866333
noised_data,112,1,0.95,R,mse,0.5629675388336182
noised_data,113,1,0.95,R,mse,0.519146740436554
noised_data,114,1,0.95,R,mse,0.45903587341308594
noised_data,115,1,0.95,R,mse,0.7139983177185059
noised_data,116,1,0.95,R,mse,0.840740442276001
noised_data,117,1,0.95,R,mse,0.5533382296562195
noised_data,118,1,0.95,R,mse,0.6772091388702393
noised_data,119,1,0.95,R,mse,0.5961751341819763
noised_data,112,1,0.95,R,mae,0.603314995765686
noised_data,113,1,0.95,R,mae,0.5669674873352051
noised_data,114,1,0.95,R,mae,0.5324709415435791
noised_data,115,1,0.95,R,mae,0.6694107055664062
noised_data,116,1,0.95,R,mae,0.7281527519226074
noised_data,117,1,0.95,R,mae,0.587753176689148
noised_data,118,1,0.95,R,mae,0.6562968492507935
noised_data,119,1,0.95,R,mae,0.6063263416290283
noised_data,112,1,0.95,P,mse,0.5701775550842285
noised_data,113,1,0.95,P,mse,0.5218144655227661
noised_data,114,1,0.95,P,mse,0.45942509174346924
noised_data,115,1,0.95,P,mse,0.7945085763931274
noised_data,116,1,0.95,P,mse,0.7851639986038208
noised_data,117,1,0.95,P,mse,0.5493900179862976
noised_data,118,1,0.95,P,mse,0.6640782356262207
noised_data,119,1,0.95,P,mse,0.4784436523914337
noised_data,112,1,0.95,P,mae,0.6078380346298218
noised_data,113,1,0.95,P,mae,0.5721307992935181
noised_data,114,1,0.95,P,mae,0.5398787260055542
noised_data,115,1,0.95,P,mae,0.696099042892456
noised_data,116,1,0.95,P,mae,0.6952458620071411
noised_data,117,1,0.95,P,mae,0.584160566329956
noised_data,118,1,0.95,P,mae,0.6456354260444641
noised_data,119,1,0.95,P,mae,0.5457800626754761
noised_data,120,0,0.05,R,mse,0.5284715294837952
noised_data,121,0,0.05,R,mse,1.0379350185394287
noised_data,122,0,0.05,R,mse,1.0206553936004639
noised_data,123,0,0.05,R,mse,0.9863395690917969
noised_data,124,0,0.05,R,mse,1.032332420349121
noised_data,125,0,0.05,R,mse,1.0305027961730957
noised_data,126,0,0.05,R,mse,1.0083874464035034
noised_data,127,0,0.05,R,mse,0.8918900489807129
noised_data,120,0,0.05,R,mae,0.5046539306640625
noised_data,121,0,0.05,R,mae,0.8113994598388672
noised_data,122,0,0.05,R,mae,0.8061595559120178
noised_data,123,0,0.05,R,mae,0.793728232383728
noised_data,124,0,0.05,R,mae,0.8072453737258911
noised_data,125,0,0.05,R,mae,0.8113977909088135
noised_data,126,0,0.05,R,mae,0.8059344291687012
noised_data,127,0,0.05,R,mae,0.7519305944442749
noised_data,120,0,0.05,P,mse,0.5223804712295532
noised_data,121,0,0.05,P,mse,0.9830453395843506
noised_data,122,0,0.05,P,mse,0.9910488128662109
noised_data,123,0,0.05,P,mse,0.911334216594696
noised_data,124,0,0.05,P,mse,1.0586739778518677
noised_data,125,0,0.05,P,mse,1.0404291152954102
noised_data,126,0,0.05,P,mse,1.0974619388580322
noised_data,127,0,0.05,P,mse,0.990025520324707
noised_data,120,0,0.05,P,mae,0.511132538318634
noised_data,121,0,0.05,P,mae,0.7852056622505188
noised_data,122,0,0.05,P,mae,0.7918999791145325
noised_data,123,0,0.05,P,mae,0.7609835267066956
noised_data,124,0,0.05,P,mae,0.819642186164856
noised_data,125,0,0.05,P,mae,0.8143364191055298
noised_data,126,0,0.05,P,mae,0.8371316194534302
noised_data,127,0,0.05,P,mae,0.7880288362503052
noised_data,120,0,0.15,R,mse,0.37138980627059937
noised_data,121,0,0.15,R,mse,0.9410629272460938
noised_data,122,0,0.15,R,mse,0.8438391089439392
noised_data,123,0,0.15,R,mse,0.8573598861694336
noised_data,124,0,0.15,R,mse,0.9867551922798157
noised_data,125,0,0.15,R,mse,0.9404221773147583
noised_data,126,0,0.15,R,mse,0.880946159362793
noised_data,127,0,0.15,R,mse,0.7135757207870483
noised_data,120,0,0.15,R,mae,0.390769362449646
noised_data,121,0,0.15,R,mae,0.7683195471763611
noised_data,122,0,0.15,R,mae,0.7231336832046509
noised_data,123,0,0.15,R,mae,0.7245807647705078
noised_data,124,0,0.15,R,mae,0.7822696566581726
noised_data,125,0,0.15,R,mae,0.7661265134811401
noised_data,126,0,0.15,R,mae,0.7465420365333557
noised_data,127,0,0.15,R,mae,0.6626583337783813
noised_data,120,0,0.15,P,mse,0.34553852677345276
noised_data,121,0,0.15,P,mse,0.9351726770401001
noised_data,122,0,0.15,P,mse,0.8146705031394958
noised_data,123,0,0.15,P,mse,0.7580645680427551
noised_data,124,0,0.15,P,mse,0.9445598721504211
noised_data,125,0,0.15,P,mse,0.9855502247810364
noised_data,126,0,0.15,P,mse,0.9093528985977173
noised_data,127,0,0.15,P,mse,0.8252626657485962
noised_data,120,0,0.15,P,mae,0.3808104395866394
noised_data,121,0,0.15,P,mae,0.7710365653038025
noised_data,122,0,0.15,P,mae,0.7139689922332764
noised_data,123,0,0.15,P,mae,0.683864951133728
noised_data,124,0,0.15,P,mae,0.7767407894134521
noised_data,125,0,0.15,P,mae,0.7791280746459961
noised_data,126,0,0.15,P,mae,0.7511806488037109
noised_data,127,0,0.15,P,mae,0.7058477401733398
noised_data,120,0,0.3,R,mse,0.35141754150390625
noised_data,121,0,0.3,R,mse,0.9584580659866333
noised_data,122,0,0.3,R,mse,0.7142636179924011
noised_data,123,0,0.3,R,mse,0.850287675857544
noised_data,124,0,0.3,R,mse,0.9247946739196777
noised_data,125,0,0.3,R,mse,0.8796521425247192
noised_data,126,0,0.3,R,mse,0.8058761358261108
noised_data,127,0,0.3,R,mse,0.5982903242111206
noised_data,120,0,0.3,R,mae,0.35187846422195435
noised_data,121,0,0.3,R,mae,0.7708756923675537
noised_data,122,0,0.3,R,mae,0.6542327404022217
noised_data,123,0,0.3,R,mae,0.705417275428772
noised_data,124,0,0.3,R,mae,0.7575522661209106
noised_data,125,0,0.3,R,mae,0.730931282043457
noised_data,126,0,0.3,R,mae,0.6876379251480103
noised_data,127,0,0.3,R,mae,0.5863074660301208
noised_data,120,0,0.3,P,mse,0.30102694034576416
noised_data,121,0,0.3,P,mse,0.9749624729156494
noised_data,122,0,0.3,P,mse,0.6997785568237305
noised_data,123,0,0.3,P,mse,0.702711820602417
noised_data,124,0,0.3,P,mse,0.8709134459495544
noised_data,125,0,0.3,P,mse,0.9349147081375122
noised_data,126,0,0.3,P,mse,0.7550418376922607
noised_data,127,0,0.3,P,mse,0.6904162168502808
noised_data,120,0,0.3,P,mae,0.3396538197994232
noised_data,121,0,0.3,P,mae,0.7814934849739075
noised_data,122,0,0.3,P,mae,0.6654776930809021
noised_data,123,0,0.3,P,mae,0.6431573629379272
noised_data,124,0,0.3,P,mae,0.7372915744781494
noised_data,125,0,0.3,P,mae,0.7530932426452637
noised_data,126,0,0.3,P,mae,0.6748375296592712
noised_data,127,0,0.3,P,mae,0.6351237297058105
noised_data,120,0,0.5,R,mse,0.40014728903770447
noised_data,121,0,0.5,R,mse,1.0178842544555664
noised_data,122,0,0.5,R,mse,0.5933079719543457
noised_data,123,0,0.5,R,mse,0.8167726993560791
noised_data,124,0,0.5,R,mse,0.8034091591835022
noised_data,125,0,0.5,R,mse,0.8174418807029724
noised_data,126,0,0.5,R,mse,0.730104386806488
noised_data,127,0,0.5,R,mse,0.5521799921989441
noised_data,120,0,0.5,R,mae,0.3659982979297638
noised_data,121,0,0.5,R,mae,0.8057695031166077
noised_data,122,0,0.5,R,mae,0.5947719812393188
noised_data,123,0,0.5,R,mae,0.6892741918563843
noised_data,124,0,0.5,R,mae,0.6997151970863342
noised_data,125,0,0.5,R,mae,0.6920565366744995
noised_data,126,0,0.5,R,mae,0.6499582529067993
noised_data,127,0,0.5,R,mae,0.5541489720344543
noised_data,120,0,0.5,P,mse,0.36502230167388916
noised_data,121,0,0.5,P,mse,1.0235694646835327
noised_data,122,0,0.5,P,mse,0.5868359208106995
noised_data,123,0,0.5,P,mse,0.6536144018173218
noised_data,124,0,0.5,P,mse,0.7818732261657715
noised_data,125,0,0.5,P,mse,0.8930082321166992
noised_data,126,0,0.5,P,mse,0.7418684363365173
noised_data,127,0,0.5,P,mse,0.6394197940826416
noised_data,120,0,0.5,P,mae,0.36331889033317566
noised_data,121,0,0.5,P,mae,0.8095899820327759
noised_data,122,0,0.5,P,mae,0.6035850048065186
noised_data,123,0,0.5,P,mae,0.6121023893356323
noised_data,124,0,0.5,P,mae,0.691271185874939
noised_data,125,0,0.5,P,mae,0.728290855884552
noised_data,126,0,0.5,P,mae,0.6550396680831909
noised_data,127,0,0.5,P,mae,0.6054524183273315
noised_data,120,0,0.7,R,mse,0.5211169719696045
noised_data,121,0,0.7,R,mse,0.8608978986740112
noised_data,122,0,0.7,R,mse,0.608893871307373
noised_data,123,0,0.7,R,mse,0.7115716934204102
noised_data,124,0,0.7,R,mse,0.6903036832809448
noised_data,125,0,0.7,R,mse,0.7166527509689331
noised_data,126,0,0.7,R,mse,0.6781584024429321
noised_data,127,0,0.7,R,mse,0.5220352411270142
noised_data,120,0,0.7,R,mae,0.430451899766922
noised_data,121,0,0.7,R,mae,0.7465635538101196
noised_data,122,0,0.7,R,mae,0.6164601445198059
noised_data,123,0,0.7,R,mae,0.6470635533332825
noised_data,124,0,0.7,R,mae,0.6447312831878662
noised_data,125,0,0.7,R,mae,0.6247870922088623
noised_data,126,0,0.7,R,mae,0.6418465375900269
noised_data,127,0,0.7,R,mae,0.5510736107826233
noised_data,120,0,0.7,P,mse,0.541800320148468
noised_data,121,0,0.7,P,mse,0.8777462840080261
noised_data,122,0,0.7,P,mse,0.6931742429733276
noised_data,123,0,0.7,P,mse,0.5690466165542603
noised_data,124,0,0.7,P,mse,0.7436601519584656
noised_data,125,0,0.7,P,mse,0.7372087240219116
noised_data,126,0,0.7,P,mse,0.6850352883338928
noised_data,127,0,0.7,P,mse,0.5772902965545654
noised_data,120,0,0.7,P,mae,0.44381847977638245
noised_data,121,0,0.7,P,mae,0.7473731637001038
noised_data,122,0,0.7,P,mae,0.6363509893417358
noised_data,123,0,0.7,P,mae,0.5755525231361389
noised_data,124,0,0.7,P,mae,0.6620333194732666
noised_data,125,0,0.7,P,mae,0.650648832321167
noised_data,126,0,0.7,P,mae,0.6408613324165344
noised_data,127,0,0.7,P,mae,0.5798717737197876
noised_data,120,0,0.85,R,mse,0.5815789103507996
noised_data,121,0,0.85,R,mse,0.7284137606620789
noised_data,122,0,0.85,R,mse,0.7161649465560913
noised_data,123,0,0.85,R,mse,0.6153935790061951
noised_data,124,0,0.85,R,mse,0.5914982557296753
noised_data,125,0,0.85,R,mse,0.640915036201477
noised_data,126,0,0.85,R,mse,0.6311731338500977
noised_data,127,0,0.85,R,mse,0.5768285989761353
noised_data,120,0,0.85,R,mae,0.4736526608467102
noised_data,121,0,0.85,R,mae,0.6810464859008789
noised_data,122,0,0.85,R,mae,0.6778971552848816
noised_data,123,0,0.85,R,mae,0.6190369129180908
noised_data,124,0,0.85,R,mae,0.6067080497741699
noised_data,125,0,0.85,R,mae,0.5776211023330688
noised_data,126,0,0.85,R,mae,0.6262247562408447
noised_data,127,0,0.85,R,mae,0.580964207649231
noised_data,120,0,0.85,P,mse,0.6321341395378113
noised_data,121,0,0.85,P,mse,0.7310630083084106
noised_data,122,0,0.85,P,mse,0.7719488143920898
noised_data,123,0,0.85,P,mse,0.5540648698806763
noised_data,124,0,0.85,P,mse,0.6353052854537964
noised_data,125,0,0.85,P,mse,0.6263798475265503
noised_data,126,0,0.85,P,mse,0.6494929790496826
noised_data,127,0,0.85,P,mse,0.6922314763069153
noised_data,120,0,0.85,P,mae,0.49087992310523987
noised_data,121,0,0.85,P,mae,0.6725473403930664
noised_data,122,0,0.85,P,mae,0.6893280744552612
noised_data,123,0,0.85,P,mae,0.586548924446106
noised_data,124,0,0.85,P,mae,0.6223537921905518
noised_data,125,0,0.85,P,mae,0.5882300138473511
noised_data,126,0,0.85,P,mae,0.6341137290000916
noised_data,127,0,0.85,P,mae,0.6194195747375488
noised_data,120,0,0.95,R,mse,0.5183648467063904
noised_data,121,0,0.95,R,mse,0.6519738435745239
noised_data,122,0,0.95,R,mse,0.7149050235748291
noised_data,123,0,0.95,R,mse,0.6059868931770325
noised_data,124,0,0.95,R,mse,0.5218328833580017
noised_data,125,0,0.95,R,mse,0.613138735294342
noised_data,126,0,0.95,R,mse,0.6469372510910034
noised_data,127,0,0.95,R,mse,0.5551677942276001
noised_data,120,0,0.95,R,mae,0.47301095724105835
noised_data,121,0,0.95,R,mae,0.6468572020530701
noised_data,122,0,0.95,R,mae,0.6847746968269348
noised_data,123,0,0.95,R,mae,0.6245378255844116
noised_data,124,0,0.95,R,mae,0.5779739618301392
noised_data,125,0,0.95,R,mae,0.5698737502098083
noised_data,126,0,0.95,R,mae,0.6608227491378784
noised_data,127,0,0.95,R,mae,0.5838399529457092
noised_data,120,0,0.95,P,mse,0.5343538522720337
noised_data,121,0,0.95,P,mse,0.6385663747787476
noised_data,122,0,0.95,P,mse,0.7638765573501587
noised_data,123,0,0.95,P,mse,0.5676757097244263
noised_data,124,0,0.95,P,mse,0.5465151071548462
noised_data,125,0,0.95,P,mse,0.5581755042076111
noised_data,126,0,0.95,P,mse,0.6722190380096436
noised_data,127,0,0.95,P,mse,0.6442213654518127
noised_data,120,0,0.95,P,mae,0.4898773729801178
noised_data,121,0,0.95,P,mae,0.6281509399414062
noised_data,122,0,0.95,P,mae,0.7024024128913879
noised_data,123,0,0.95,P,mae,0.6084309816360474
noised_data,124,0,0.95,P,mae,0.5884952545166016
noised_data,125,0,0.95,P,mae,0.5566152334213257
noised_data,126,0,0.95,P,mae,0.6732747554779053
noised_data,127,0,0.95,P,mae,0.607125461101532
noised_data,120,1,0.05,R,mse,0.539516031742096
noised_data,121,1,0.05,R,mse,0.9892554879188538
noised_data,122,1,0.05,R,mse,1.0331714153289795
noised_data,123,1,0.05,R,mse,0.9360007047653198
noised_data,124,1,0.05,R,mse,1.0302021503448486
noised_data,125,1,0.05,R,mse,1.0644476413726807
noised_data,126,1,0.05,R,mse,1.0900650024414062
noised_data,127,1,0.05,R,mse,0.9237558841705322
noised_data,120,1,0.05,R,mae,0.5123580098152161
noised_data,121,1,0.05,R,mae,0.7902372479438782
noised_data,122,1,0.05,R,mae,0.8142107725143433
noised_data,123,1,0.05,R,mae,0.772025465965271
noised_data,124,1,0.05,R,mae,0.8101884722709656
noised_data,125,1,0.05,R,mae,0.8192410469055176
noised_data,126,1,0.05,R,mae,0.835347056388855
noised_data,127,1,0.05,R,mae,0.7650951147079468
noised_data,120,1,0.05,P,mse,0.5118000507354736
noised_data,121,1,0.05,P,mse,1.0350587368011475
noised_data,122,1,0.05,P,mse,0.9868308305740356
noised_data,123,1,0.05,P,mse,0.9644896388053894
noised_data,124,1,0.05,P,mse,1.0629076957702637
noised_data,125,1,0.05,P,mse,1.0070505142211914
noised_data,126,1,0.05,P,mse,1.0151575803756714
noised_data,127,1,0.05,P,mse,0.9559808969497681
noised_data,120,1,0.05,P,mae,0.5053997039794922
noised_data,121,1,0.05,P,mae,0.8088663220405579
noised_data,122,1,0.05,P,mae,0.7879886627197266
noised_data,123,1,0.05,P,mae,0.7854401469230652
noised_data,124,1,0.05,P,mae,0.8164249062538147
noised_data,125,1,0.05,P,mae,0.8055969476699829
noised_data,126,1,0.05,P,mae,0.8079355359077454
noised_data,127,1,0.05,P,mae,0.7751150727272034
noised_data,120,1,0.15,R,mse,0.3943064212799072
noised_data,121,1,0.15,R,mse,0.9106315970420837
noised_data,122,1,0.15,R,mse,0.847981333732605
noised_data,123,1,0.15,R,mse,0.8021636009216309
noised_data,124,1,0.15,R,mse,0.9480780363082886
noised_data,125,1,0.15,R,mse,0.955778956413269
noised_data,126,1,0.15,R,mse,0.9210324287414551
noised_data,127,1,0.15,R,mse,0.7742443084716797
noised_data,120,1,0.15,R,mae,0.40078645944595337
noised_data,121,1,0.15,R,mae,0.7625091075897217
noised_data,122,1,0.15,R,mae,0.7282867431640625
noised_data,123,1,0.15,R,mae,0.7028153538703918
noised_data,124,1,0.15,R,mae,0.774338960647583
noised_data,125,1,0.15,R,mae,0.7684169411659241
noised_data,126,1,0.15,R,mae,0.7588727474212646
noised_data,127,1,0.15,R,mae,0.6885312795639038
noised_data,120,1,0.15,P,mse,0.3250191807746887
noised_data,121,1,0.15,P,mse,0.9745500087738037
noised_data,122,1,0.15,P,mse,0.8161153197288513
noised_data,123,1,0.15,P,mse,0.8191179037094116
noised_data,124,1,0.15,P,mse,0.9801180362701416
noised_data,125,1,0.15,P,mse,0.973107099533081
noised_data,126,1,0.15,P,mse,0.8628388047218323
noised_data,127,1,0.15,P,mse,0.7645372152328491
noised_data,120,1,0.15,P,mae,0.37433430552482605
noised_data,121,1,0.15,P,mae,0.7787635326385498
noised_data,122,1,0.15,P,mae,0.712127685546875
noised_data,123,1,0.15,P,mae,0.708305299282074
noised_data,124,1,0.15,P,mae,0.7813055515289307
noised_data,125,1,0.15,P,mae,0.7781873941421509
noised_data,126,1,0.15,P,mae,0.7367411851882935
noised_data,127,1,0.15,P,mae,0.681330144405365
noised_data,120,1,0.3,R,mse,0.3538852035999298
noised_data,121,1,0.3,R,mse,0.9390652775764465
noised_data,122,1,0.3,R,mse,0.7070595622062683
noised_data,123,1,0.3,R,mse,0.7434660196304321
noised_data,124,1,0.3,R,mse,0.8887995481491089
noised_data,125,1,0.3,R,mse,0.8840545415878296
noised_data,126,1,0.3,R,mse,0.8236892223358154
noised_data,127,1,0.3,R,mse,0.6755015850067139
noised_data,120,1,0.3,R,mae,0.35504037141799927
noised_data,121,1,0.3,R,mae,0.7731494903564453
noised_data,122,1,0.3,R,mae,0.6606659293174744
noised_data,123,1,0.3,R,mae,0.6711398363113403
noised_data,124,1,0.3,R,mae,0.7468763589859009
noised_data,125,1,0.3,R,mae,0.7328760027885437
noised_data,126,1,0.3,R,mae,0.6983586549758911
noised_data,127,1,0.3,R,mae,0.6251375675201416
noised_data,120,1,0.3,P,mse,0.30369818210601807
noised_data,121,1,0.3,P,mse,1.0063536167144775
noised_data,122,1,0.3,P,mse,0.7005161046981812
noised_data,123,1,0.3,P,mse,0.8050915002822876
noised_data,124,1,0.3,P,mse,0.9003028869628906
noised_data,125,1,0.3,P,mse,0.9298495054244995
noised_data,126,1,0.3,P,mse,0.7301733493804932
noised_data,127,1,0.3,P,mse,0.6241188645362854
noised_data,120,1,0.3,P,mae,0.33909934759140015
noised_data,121,1,0.3,P,mae,0.7854347229003906
noised_data,122,1,0.3,P,mae,0.6572312116622925
noised_data,123,1,0.3,P,mae,0.675868809223175
noised_data,124,1,0.3,P,mae,0.7444829940795898
noised_data,125,1,0.3,P,mae,0.7534847259521484
noised_data,126,1,0.3,P,mae,0.6648080348968506
noised_data,127,1,0.3,P,mae,0.6026722192764282
noised_data,120,1,0.5,R,mse,0.41899487376213074
noised_data,121,1,0.5,R,mse,1.0182665586471558
noised_data,122,1,0.5,R,mse,0.5671737194061279
noised_data,123,1,0.5,R,mse,0.6807248592376709
noised_data,124,1,0.5,R,mse,0.811179518699646
noised_data,125,1,0.5,R,mse,0.8116291165351868
noised_data,126,1,0.5,R,mse,0.7789753675460815
noised_data,127,1,0.5,R,mse,0.6231447458267212
noised_data,120,1,0.5,R,mae,0.37675872445106506
noised_data,121,1,0.5,R,mae,0.8085353374481201
noised_data,122,1,0.5,R,mae,0.594468891620636
noised_data,123,1,0.5,R,mae,0.6315860152244568
noised_data,124,1,0.5,R,mae,0.7090203762054443
noised_data,125,1,0.5,R,mae,0.6970398426055908
noised_data,126,1,0.5,R,mae,0.6691135168075562
noised_data,127,1,0.5,R,mae,0.5924765467643738
noised_data,120,1,0.5,P,mse,0.33704644441604614
noised_data,121,1,0.5,P,mse,1.014591097831726
noised_data,122,1,0.5,P,mse,0.6149855852127075
noised_data,123,1,0.5,P,mse,0.7909284830093384
noised_data,124,1,0.5,P,mse,0.7757830619812012
noised_data,125,1,0.5,P,mse,0.8887593150138855
noised_data,126,1,0.5,P,mse,0.6880710124969482
noised_data,127,1,0.5,P,mse,0.5522031784057617
noised_data,120,1,0.5,P,mae,0.34655895829200745
noised_data,121,1,0.5,P,mae,0.804320216178894
noised_data,122,1,0.5,P,mae,0.609193742275238
noised_data,123,1,0.5,P,mae,0.6707772612571716
noised_data,124,1,0.5,P,mae,0.6823961138725281
noised_data,125,1,0.5,P,mae,0.7210949659347534
noised_data,126,1,0.5,P,mae,0.6369819641113281
noised_data,127,1,0.5,P,mae,0.558435320854187
noised_data,120,1,0.7,R,mse,0.5913643836975098
noised_data,121,1,0.7,R,mse,0.9028594493865967
noised_data,122,1,0.7,R,mse,0.5859310626983643
noised_data,123,1,0.7,R,mse,0.5668962001800537
noised_data,124,1,0.7,R,mse,0.7584124803543091
noised_data,125,1,0.7,R,mse,0.6473894715309143
noised_data,126,1,0.7,R,mse,0.7232758402824402
noised_data,127,1,0.7,R,mse,0.5687707662582397
noised_data,120,1,0.7,R,mae,0.4577133059501648
noised_data,121,1,0.7,R,mae,0.7568455934524536
noised_data,122,1,0.7,R,mae,0.6050167083740234
noised_data,123,1,0.7,R,mae,0.5787625908851624
noised_data,124,1,0.7,R,mae,0.674568772315979
noised_data,125,1,0.7,R,mae,0.6209133863449097
noised_data,126,1,0.7,R,mae,0.6616989374160767
noised_data,127,1,0.7,R,mae,0.5819152593612671
noised_data,120,1,0.7,P,mse,0.4743708372116089
noised_data,121,1,0.7,P,mse,0.8414431214332581
noised_data,122,1,0.7,P,mse,0.712290346622467
noised_data,123,1,0.7,P,mse,0.7269701957702637
noised_data,124,1,0.7,P,mse,0.6643270254135132
noised_data,125,1,0.7,P,mse,0.8121662735939026
noised_data,126,1,0.7,P,mse,0.6411274671554565
noised_data,127,1,0.7,P,mse,0.526831328868866
noised_data,120,1,0.7,P,mae,0.4169098734855652
noised_data,121,1,0.7,P,mae,0.7389601469039917
noised_data,122,1,0.7,P,mae,0.6439149379730225
noised_data,123,1,0.7,P,mae,0.650667130947113
noised_data,124,1,0.7,P,mae,0.6260348558425903
noised_data,125,1,0.7,P,mae,0.6564644575119019
noised_data,126,1,0.7,P,mae,0.6215300559997559
noised_data,127,1,0.7,P,mae,0.5468170642852783
noised_data,120,1,0.85,R,mse,0.6575091481208801
noised_data,121,1,0.85,R,mse,0.7594307065010071
noised_data,122,1,0.85,R,mse,0.6989425420761108
noised_data,123,1,0.85,R,mse,0.5284204483032227
noised_data,124,1,0.85,R,mse,0.6460152864456177
noised_data,125,1,0.85,R,mse,0.547063946723938
noised_data,126,1,0.85,R,mse,0.6807141304016113
noised_data,127,1,0.85,R,mse,0.6276786923408508
noised_data,120,1,0.85,R,mae,0.49621742963790894
noised_data,121,1,0.85,R,mae,0.6863014698028564
noised_data,122,1,0.85,R,mae,0.6663927435874939
noised_data,123,1,0.85,R,mae,0.5775628089904785
noised_data,124,1,0.85,R,mae,0.6335208415985107
noised_data,125,1,0.85,R,mae,0.5606138110160828
noised_data,126,1,0.85,R,mae,0.6495176553726196
noised_data,127,1,0.85,R,mae,0.6110758781433105
noised_data,120,1,0.85,P,mse,0.5548782348632812
noised_data,121,1,0.85,P,mse,0.7008002996444702
noised_data,122,1,0.85,P,mse,0.8036519289016724
noised_data,123,1,0.85,P,mse,0.6409035325050354
noised_data,124,1,0.85,P,mse,0.5842564105987549
noised_data,125,1,0.85,P,mse,0.7186098098754883
noised_data,126,1,0.85,P,mse,0.5997138023376465
noised_data,127,1,0.85,P,mse,0.6396188139915466
noised_data,120,1,0.85,P,mae,0.46438491344451904
noised_data,121,1,0.85,P,mae,0.6674116849899292
noised_data,122,1,0.85,P,mae,0.7086900472640991
noised_data,123,1,0.85,P,mae,0.6274127960205078
noised_data,124,1,0.85,P,mae,0.5974622964859009
noised_data,125,1,0.85,P,mae,0.6052097082138062
noised_data,126,1,0.85,P,mae,0.6106923818588257
noised_data,127,1,0.85,P,mae,0.5888025760650635
noised_data,120,1,0.95,R,mse,0.5576462745666504
noised_data,121,1,0.95,R,mse,0.6760711669921875
noised_data,122,1,0.95,R,mse,0.7027398347854614
noised_data,123,1,0.95,R,mse,0.5290516018867493
noised_data,124,1,0.95,R,mse,0.5542088150978088
noised_data,125,1,0.95,R,mse,0.514094352722168
noised_data,126,1,0.95,R,mse,0.6756007671356201
noised_data,127,1,0.95,R,mse,0.6007150411605835
noised_data,120,1,0.95,R,mae,0.4821615517139435
noised_data,121,1,0.95,R,mae,0.6505880355834961
noised_data,122,1,0.95,R,mae,0.6770793199539185
noised_data,123,1,0.95,R,mae,0.5882728695869446
noised_data,124,1,0.95,R,mae,0.5961037874221802
noised_data,125,1,0.95,R,mae,0.5409568548202515
noised_data,126,1,0.95,R,mae,0.6725136637687683
noised_data,127,1,0.95,R,mae,0.6069848537445068
noised_data,120,1,0.95,P,mse,0.5004907846450806
noised_data,121,1,0.95,P,mse,0.6165196299552917
noised_data,122,1,0.95,P,mse,0.7755383253097534
noised_data,123,1,0.95,P,mse,0.6364350914955139
noised_data,124,1,0.95,P,mse,0.5159715414047241
noised_data,125,1,0.95,P,mse,0.6562515497207642
noised_data,126,1,0.95,P,mse,0.6415784358978271
noised_data,127,1,0.95,P,mse,0.5978432893753052
noised_data,120,1,0.95,P,mae,0.4838961958885193
noised_data,121,1,0.95,P,mae,0.6251097917556763
noised_data,122,1,0.95,P,mae,0.7102152109146118
noised_data,123,1,0.95,P,mae,0.6401746869087219
noised_data,124,1,0.95,P,mae,0.5712436437606812
noised_data,125,1,0.95,P,mae,0.5850266814231873
noised_data,126,1,0.95,P,mae,0.6600431203842163
noised_data,127,1,0.95,P,mae,0.5837652683258057
noised_data,128,0,0.05,R,mse,1.0282988548278809
noised_data,129,0,0.05,R,mse,1.000887155532837
noised_data,130,0,0.05,R,mse,0.9918424487113953
noised_data,131,0,0.05,R,mse,1.1334381103515625
noised_data,132,0,0.05,R,mse,1.0645767450332642
noised_data,133,0,0.05,R,mse,0.7755203247070312
noised_data,134,0,0.05,R,mse,1.049399971961975
noised_data,135,0,0.05,R,mse,0.9761010408401489
noised_data,128,0,0.05,R,mae,0.8028630018234253
noised_data,129,0,0.05,R,mae,0.7864493727684021
noised_data,130,0,0.05,R,mae,0.791895866394043
noised_data,131,0,0.05,R,mae,0.8458988666534424
noised_data,132,0,0.05,R,mae,0.8270103335380554
noised_data,133,0,0.05,R,mae,0.6626356244087219
noised_data,134,0,0.05,R,mae,0.8185415267944336
noised_data,135,0,0.05,R,mae,0.781546413898468
noised_data,128,0,0.05,P,mse,0.9575886726379395
noised_data,129,0,0.05,P,mse,1.0739368200302124
noised_data,130,0,0.05,P,mse,0.9961632490158081
noised_data,131,0,0.05,P,mse,1.023226022720337
noised_data,132,0,0.05,P,mse,1.0677062273025513
noised_data,133,0,0.05,P,mse,0.7731441855430603
noised_data,134,0,0.05,P,mse,1.0317081212997437
noised_data,135,0,0.05,P,mse,1.0067152976989746
noised_data,128,0,0.05,P,mae,0.7828607559204102
noised_data,129,0,0.05,P,mae,0.8265931606292725
noised_data,130,0,0.05,P,mae,0.8033564686775208
noised_data,131,0,0.05,P,mae,0.8039261698722839
noised_data,132,0,0.05,P,mae,0.822903037071228
noised_data,133,0,0.05,P,mae,0.671582043170929
noised_data,134,0,0.05,P,mae,0.8175055980682373
noised_data,135,0,0.05,P,mae,0.8010048866271973
noised_data,128,0,0.15,R,mse,0.8270524740219116
noised_data,129,0,0.15,R,mse,0.9402925968170166
noised_data,130,0,0.15,R,mse,0.8454150557518005
noised_data,131,0,0.15,R,mse,1.1691721677780151
noised_data,132,0,0.15,R,mse,1.0959534645080566
noised_data,133,0,0.15,R,mse,0.5942401885986328
noised_data,134,0,0.15,R,mse,1.0721403360366821
noised_data,135,0,0.15,R,mse,0.8379378318786621
noised_data,128,0,0.15,R,mae,0.7155982255935669
noised_data,129,0,0.15,R,mae,0.761528491973877
noised_data,130,0,0.15,R,mae,0.7285973429679871
noised_data,131,0,0.15,R,mae,0.859476625919342
noised_data,132,0,0.15,R,mae,0.8372815251350403
noised_data,133,0,0.15,R,mae,0.5524611473083496
noised_data,134,0,0.15,R,mae,0.8291205167770386
noised_data,135,0,0.15,R,mae,0.7214175462722778
noised_data,128,0,0.15,P,mse,0.7644174695014954
noised_data,129,0,0.15,P,mse,0.9593721032142639
noised_data,130,0,0.15,P,mse,0.8618080615997314
noised_data,131,0,0.15,P,mse,1.0773587226867676
noised_data,132,0,0.15,P,mse,1.1046761274337769
noised_data,133,0,0.15,P,mse,0.6140183806419373
noised_data,134,0,0.15,P,mse,1.0270438194274902
noised_data,135,0,0.15,P,mse,0.8503344058990479
noised_data,128,0,0.15,P,mae,0.6948630809783936
noised_data,129,0,0.15,P,mae,0.7707201242446899
noised_data,130,0,0.15,P,mae,0.7397887706756592
noised_data,131,0,0.15,P,mae,0.8230450749397278
noised_data,132,0,0.15,P,mae,0.8270935416221619
noised_data,133,0,0.15,P,mae,0.5759347677230835
noised_data,134,0,0.15,P,mae,0.8079020380973816
noised_data,135,0,0.15,P,mae,0.7339911460876465
noised_data,128,0,0.3,R,mse,0.7317307591438293
noised_data,129,0,0.3,R,mse,0.9262335300445557
noised_data,130,0,0.3,R,mse,0.8574956655502319
noised_data,131,0,0.3,R,mse,1.1551923751831055
noised_data,132,0,0.3,R,mse,1.1300666332244873
noised_data,133,0,0.3,R,mse,0.51914381980896
noised_data,134,0,0.3,R,mse,1.045702576637268
noised_data,135,0,0.3,R,mse,0.8058026432991028
noised_data,128,0,0.3,R,mae,0.6606506705284119
noised_data,129,0,0.3,R,mae,0.7522912621498108
noised_data,130,0,0.3,R,mae,0.722498893737793
noised_data,131,0,0.3,R,mae,0.8541034460067749
noised_data,132,0,0.3,R,mae,0.8505643606185913
noised_data,133,0,0.3,R,mae,0.4985724687576294
noised_data,134,0,0.3,R,mae,0.8128296732902527
noised_data,135,0,0.3,R,mae,0.6965105533599854
noised_data,128,0,0.3,P,mse,0.6672419309616089
noised_data,129,0,0.3,P,mse,0.9387780427932739
noised_data,130,0,0.3,P,mse,0.8297858238220215
noised_data,131,0,0.3,P,mse,1.080755591392517
noised_data,132,0,0.3,P,mse,1.1178395748138428
noised_data,133,0,0.3,P,mse,0.5186915397644043
noised_data,134,0,0.3,P,mse,0.9833526611328125
noised_data,135,0,0.3,P,mse,0.8041089773178101
noised_data,128,0,0.3,P,mae,0.6341094374656677
noised_data,129,0,0.3,P,mae,0.7473552227020264
noised_data,130,0,0.3,P,mae,0.7180479764938354
noised_data,131,0,0.3,P,mae,0.8192324042320251
noised_data,132,0,0.3,P,mae,0.8342773914337158
noised_data,133,0,0.3,P,mae,0.512679934501648
noised_data,134,0,0.3,P,mae,0.7879666686058044
noised_data,135,0,0.3,P,mae,0.7065253257751465
noised_data,128,0,0.5,R,mse,0.7270298004150391
noised_data,129,0,0.5,R,mse,0.947371244430542
noised_data,130,0,0.5,R,mse,0.8625844120979309
noised_data,131,0,0.5,R,mse,1.0626994371414185
noised_data,132,0,0.5,R,mse,1.0757057666778564
noised_data,133,0,0.5,R,mse,0.4898584187030792
noised_data,134,0,0.5,R,mse,0.911067008972168
noised_data,135,0,0.5,R,mse,0.887873649597168
noised_data,128,0,0.5,R,mae,0.6489174365997314
noised_data,129,0,0.5,R,mae,0.7551778554916382
noised_data,130,0,0.5,R,mae,0.729247510433197
noised_data,131,0,0.5,R,mae,0.8095663785934448
noised_data,132,0,0.5,R,mae,0.8309441804885864
noised_data,133,0,0.5,R,mae,0.4830464720726013
noised_data,134,0,0.5,R,mae,0.7552728652954102
noised_data,135,0,0.5,R,mae,0.7331710457801819
noised_data,128,0,0.5,P,mse,0.6863192915916443
noised_data,129,0,0.5,P,mse,0.9748454689979553
noised_data,130,0,0.5,P,mse,0.8572156429290771
noised_data,131,0,0.5,P,mse,0.973525881767273
noised_data,132,0,0.5,P,mse,1.003827691078186
noised_data,133,0,0.5,P,mse,0.5145633220672607
noised_data,134,0,0.5,P,mse,0.8768237829208374
noised_data,135,0,0.5,P,mse,0.9067555665969849
noised_data,128,0,0.5,P,mae,0.6259413957595825
noised_data,129,0,0.5,P,mae,0.7721474766731262
noised_data,130,0,0.5,P,mae,0.7214464545249939
noised_data,131,0,0.5,P,mae,0.7801946997642517
noised_data,132,0,0.5,P,mae,0.7940266132354736
noised_data,133,0,0.5,P,mae,0.5053619146347046
noised_data,134,0,0.5,P,mae,0.7495582699775696
noised_data,135,0,0.5,P,mae,0.7461467981338501
noised_data,128,0,0.7,R,mse,0.6750771999359131
noised_data,129,0,0.7,R,mse,0.7978109121322632
noised_data,130,0,0.7,R,mse,0.7494493722915649
noised_data,131,0,0.7,R,mse,0.791008472442627
noised_data,132,0,0.7,R,mse,0.8309667110443115
noised_data,133,0,0.7,R,mse,0.4837931990623474
noised_data,134,0,0.7,R,mse,0.721718430519104
noised_data,135,0,0.7,R,mse,0.9176502227783203
noised_data,128,0,0.7,R,mae,0.6223565340042114
noised_data,129,0,0.7,R,mae,0.7014451622962952
noised_data,130,0,0.7,R,mae,0.6790347099304199
noised_data,131,0,0.7,R,mae,0.6960761547088623
noised_data,132,0,0.7,R,mae,0.7327526807785034
noised_data,133,0,0.7,R,mae,0.4705303907394409
noised_data,134,0,0.7,R,mae,0.6731532216072083
noised_data,135,0,0.7,R,mae,0.7658292055130005
noised_data,128,0,0.7,P,mse,0.686360239982605
noised_data,129,0,0.7,P,mse,0.778106689453125
noised_data,130,0,0.7,P,mse,0.745182991027832
noised_data,131,0,0.7,P,mse,0.7648147344589233
noised_data,132,0,0.7,P,mse,0.8113558292388916
noised_data,133,0,0.7,P,mse,0.5045174956321716
noised_data,134,0,0.7,P,mse,0.674954891204834
noised_data,135,0,0.7,P,mse,0.9193331599235535
noised_data,128,0,0.7,P,mae,0.627027153968811
noised_data,129,0,0.7,P,mae,0.6963926553726196
noised_data,130,0,0.7,P,mae,0.6646439433097839
noised_data,131,0,0.7,P,mae,0.6950109004974365
noised_data,132,0,0.7,P,mae,0.7149109244346619
noised_data,133,0,0.7,P,mae,0.49537140130996704
noised_data,134,0,0.7,P,mae,0.6587530374526978
noised_data,135,0,0.7,P,mae,0.7704270482063293
noised_data,128,0,0.85,R,mse,0.6723114252090454
noised_data,129,0,0.85,R,mse,0.6439970135688782
noised_data,130,0,0.85,R,mse,0.6693322062492371
noised_data,131,0,0.85,R,mse,0.7170047163963318
noised_data,132,0,0.85,R,mse,0.6840313673019409
noised_data,133,0,0.85,R,mse,0.495632529258728
noised_data,134,0,0.85,R,mse,0.6122696399688721
noised_data,135,0,0.85,R,mse,0.819892406463623
noised_data,128,0,0.85,R,mae,0.6449664831161499
noised_data,129,0,0.85,R,mae,0.632423460483551
noised_data,130,0,0.85,R,mae,0.6381427049636841
noised_data,131,0,0.85,R,mae,0.6594874858856201
noised_data,132,0,0.85,R,mae,0.6669031381607056
noised_data,133,0,0.85,R,mae,0.496262788772583
noised_data,134,0,0.85,R,mae,0.6217896938323975
noised_data,135,0,0.85,R,mae,0.7337449789047241
noised_data,128,0,0.85,P,mse,0.7363007068634033
noised_data,129,0,0.85,P,mse,0.6119260191917419
noised_data,130,0,0.85,P,mse,0.7084901332855225
noised_data,131,0,0.85,P,mse,0.6868723034858704
noised_data,132,0,0.85,P,mse,0.6763604879379272
noised_data,133,0,0.85,P,mse,0.4861355423927307
noised_data,134,0,0.85,P,mse,0.5506001710891724
noised_data,135,0,0.85,P,mse,0.8246726989746094
noised_data,128,0,0.85,P,mae,0.6705541610717773
noised_data,129,0,0.85,P,mae,0.6158972382545471
noised_data,130,0,0.85,P,mae,0.6465663909912109
noised_data,131,0,0.85,P,mae,0.658153772354126
noised_data,132,0,0.85,P,mae,0.6534785032272339
noised_data,133,0,0.85,P,mae,0.5097947120666504
noised_data,134,0,0.85,P,mae,0.5996307134628296
noised_data,135,0,0.85,P,mae,0.7350057363510132
noised_data,128,0,0.95,R,mse,0.7832197546958923
noised_data,129,0,0.95,R,mse,0.5864547491073608
noised_data,130,0,0.95,R,mse,0.6564204096794128
noised_data,131,0,0.95,R,mse,0.7234259247779846
noised_data,132,0,0.95,R,mse,0.5504165291786194
noised_data,133,0,0.95,R,mse,0.9694259166717529
noised_data,134,0,0.95,R,mse,0.6078377962112427
noised_data,135,0,0.95,R,mse,0.7432798147201538
noised_data,128,0,0.95,R,mae,0.7218477725982666
noised_data,129,0,0.95,R,mae,0.6084868907928467
noised_data,130,0,0.95,R,mae,0.6148239374160767
noised_data,131,0,0.95,R,mae,0.667365312576294
noised_data,132,0,0.95,R,mae,0.5987933874130249
noised_data,133,0,0.95,R,mae,0.7992734313011169
noised_data,134,0,0.95,R,mae,0.6396162509918213
noised_data,135,0,0.95,R,mae,0.6994470357894897
noised_data,128,0,0.95,P,mse,0.7925029397010803
noised_data,129,0,0.95,P,mse,0.560106635093689
noised_data,130,0,0.95,P,mse,0.7056651711463928
noised_data,131,0,0.95,P,mse,0.7101809978485107
noised_data,132,0,0.95,P,mse,0.5361359119415283
noised_data,133,0,0.95,P,mse,0.8873153328895569
noised_data,134,0,0.95,P,mse,0.5878129005432129
noised_data,135,0,0.95,P,mse,0.727155327796936
noised_data,128,0,0.95,P,mae,0.7202430367469788
noised_data,129,0,0.95,P,mae,0.5885515213012695
noised_data,130,0,0.95,P,mae,0.6295531988143921
noised_data,131,0,0.95,P,mae,0.6726516485214233
noised_data,132,0,0.95,P,mae,0.5854755640029907
noised_data,133,0,0.95,P,mae,0.7663296461105347
noised_data,134,0,0.95,P,mae,0.6369814872741699
noised_data,135,0,0.95,P,mae,0.6869996786117554
noised_data,128,1,0.05,R,mse,1.0009206533432007
noised_data,129,1,0.05,R,mse,1.0266152620315552
noised_data,130,1,0.05,R,mse,0.985166609287262
noised_data,131,1,0.05,R,mse,1.1109747886657715
noised_data,132,1,0.05,R,mse,1.0740841627120972
noised_data,133,1,0.05,R,mse,0.7003077268600464
noised_data,134,1,0.05,R,mse,1.0567481517791748
noised_data,135,1,0.05,R,mse,0.980009913444519
noised_data,128,1,0.05,R,mae,0.801899790763855
noised_data,129,1,0.05,R,mae,0.8134909868240356
noised_data,130,1,0.05,R,mae,0.7961604595184326
noised_data,131,1,0.05,R,mae,0.83741295337677
noised_data,132,1,0.05,R,mae,0.8296189308166504
noised_data,133,1,0.05,R,mae,0.6249488592147827
noised_data,134,1,0.05,R,mae,0.8261808753013611
noised_data,135,1,0.05,R,mae,0.7898151874542236
noised_data,128,1,0.05,P,mse,0.9832323789596558
noised_data,129,1,0.05,P,mse,1.0526986122131348
noised_data,130,1,0.05,P,mse,1.0013002157211304
noised_data,131,1,0.05,P,mse,1.0410023927688599
noised_data,132,1,0.05,P,mse,1.0612276792526245
noised_data,133,1,0.05,P,mse,0.8434559106826782
noised_data,134,1,0.05,P,mse,1.0276875495910645
noised_data,135,1,0.05,P,mse,0.9964098334312439
noised_data,128,1,0.05,P,mae,0.7824714779853821
noised_data,129,1,0.05,P,mae,0.8040751814842224
noised_data,130,1,0.05,P,mae,0.7985816597938538
noised_data,131,1,0.05,P,mae,0.8097485303878784
noised_data,132,1,0.05,P,mae,0.8205313682556152
noised_data,133,1,0.05,P,mae,0.7091332674026489
noised_data,134,1,0.05,P,mae,0.8110219240188599
noised_data,135,1,0.05,P,mae,0.7889853715896606
noised_data,128,1,0.15,R,mse,0.8252133131027222
noised_data,129,1,0.15,R,mse,0.9441144466400146
noised_data,130,1,0.15,R,mse,0.8311095833778381
noised_data,131,1,0.15,R,mse,1.1783990859985352
noised_data,132,1,0.15,R,mse,1.0928558111190796
noised_data,133,1,0.15,R,mse,0.5445007085800171
noised_data,134,1,0.15,R,mse,1.070624589920044
noised_data,135,1,0.15,R,mse,0.8248392343521118
noised_data,128,1,0.15,R,mae,0.7234840393066406
noised_data,129,1,0.15,R,mae,0.7667002081871033
noised_data,130,1,0.15,R,mae,0.7248824834823608
noised_data,131,1,0.15,R,mae,0.8575027585029602
noised_data,132,1,0.15,R,mae,0.8355861902236938
noised_data,133,1,0.15,R,mae,0.5283058881759644
noised_data,134,1,0.15,R,mae,0.8316604495048523
noised_data,135,1,0.15,R,mae,0.7214997410774231
noised_data,128,1,0.15,P,mse,0.7726223468780518
noised_data,129,1,0.15,P,mse,0.9610384106636047
noised_data,130,1,0.15,P,mse,0.8748688697814941
noised_data,131,1,0.15,P,mse,1.060481309890747
noised_data,132,1,0.15,P,mse,1.1044352054595947
noised_data,133,1,0.15,P,mse,0.6562502980232239
noised_data,134,1,0.15,P,mse,1.0230906009674072
noised_data,135,1,0.15,P,mse,0.8666921257972717
noised_data,128,1,0.15,P,mae,0.6928462982177734
noised_data,129,1,0.15,P,mae,0.7682762742042542
noised_data,130,1,0.15,P,mae,0.7442847490310669
noised_data,131,1,0.15,P,mae,0.819561243057251
noised_data,132,1,0.15,P,mae,0.828687310218811
noised_data,133,1,0.15,P,mae,0.5999925136566162
noised_data,134,1,0.15,P,mae,0.8036073446273804
noised_data,135,1,0.15,P,mae,0.7337030172348022
noised_data,128,1,0.3,R,mse,0.7407740354537964
noised_data,129,1,0.3,R,mse,0.9362211227416992
noised_data,130,1,0.3,R,mse,0.8141407370567322
noised_data,131,1,0.3,R,mse,1.1621345281600952
noised_data,132,1,0.3,R,mse,1.1198399066925049
noised_data,133,1,0.3,R,mse,0.4683813154697418
noised_data,134,1,0.3,R,mse,1.0224711894989014
noised_data,135,1,0.3,R,mse,0.7957254648208618
noised_data,128,1,0.3,R,mae,0.6715214848518372
noised_data,129,1,0.3,R,mae,0.750564455986023
noised_data,130,1,0.3,R,mae,0.7067561149597168
noised_data,131,1,0.3,R,mae,0.8509165644645691
noised_data,132,1,0.3,R,mae,0.8465878963470459
noised_data,133,1,0.3,R,mae,0.4733511209487915
noised_data,134,1,0.3,R,mae,0.8040714859962463
noised_data,135,1,0.3,R,mae,0.6940412521362305
noised_data,128,1,0.3,P,mse,0.6665701866149902
noised_data,129,1,0.3,P,mse,0.9295957088470459
noised_data,130,1,0.3,P,mse,0.8818541765213013
noised_data,131,1,0.3,P,mse,1.0708160400390625
noised_data,132,1,0.3,P,mse,1.1365151405334473
noised_data,133,1,0.3,P,mse,0.5520786643028259
noised_data,134,1,0.3,P,mse,1.0068023204803467
noised_data,135,1,0.3,P,mse,0.8284400105476379
noised_data,128,1,0.3,P,mae,0.6293970346450806
noised_data,129,1,0.3,P,mae,0.7480266690254211
noised_data,130,1,0.3,P,mae,0.7364861965179443
noised_data,131,1,0.3,P,mae,0.8213108777999878
noised_data,132,1,0.3,P,mae,0.8421745300292969
noised_data,133,1,0.3,P,mae,0.5318402647972107
noised_data,134,1,0.3,P,mae,0.7970759868621826
noised_data,135,1,0.3,P,mae,0.7129260301589966
noised_data,128,1,0.5,R,mse,0.7713057398796082
noised_data,129,1,0.5,R,mse,0.9776814579963684
noised_data,130,1,0.5,R,mse,0.8144972324371338
noised_data,131,1,0.5,R,mse,1.0074689388275146
noised_data,132,1,0.5,R,mse,1.0251550674438477
noised_data,133,1,0.5,R,mse,0.465387761592865
noised_data,134,1,0.5,R,mse,0.8675597310066223
noised_data,135,1,0.5,R,mse,0.8751422166824341
noised_data,128,1,0.5,R,mae,0.665230929851532
noised_data,129,1,0.5,R,mae,0.7694635987281799
noised_data,130,1,0.5,R,mae,0.7071559429168701
noised_data,131,1,0.5,R,mae,0.7923629283905029
noised_data,132,1,0.5,R,mae,0.8066197633743286
noised_data,133,1,0.5,R,mae,0.46309125423431396
noised_data,134,1,0.5,R,mae,0.7373523116111755
noised_data,135,1,0.5,R,mae,0.7248754501342773
noised_data,128,1,0.5,P,mse,0.6491712331771851
noised_data,129,1,0.5,P,mse,0.9433679580688477
noised_data,130,1,0.5,P,mse,0.9102376699447632
noised_data,131,1,0.5,P,mse,1.0211588144302368
noised_data,132,1,0.5,P,mse,1.0465087890625
noised_data,133,1,0.5,P,mse,0.5620208978652954
noised_data,134,1,0.5,P,mse,0.9258979558944702
noised_data,135,1,0.5,P,mse,0.9088160991668701
noised_data,128,1,0.5,P,mae,0.6125258207321167
noised_data,129,1,0.5,P,mae,0.7578552961349487
noised_data,130,1,0.5,P,mae,0.7435356378555298
noised_data,131,1,0.5,P,mae,0.7950879335403442
noised_data,132,1,0.5,P,mae,0.815273106098175
noised_data,133,1,0.5,P,mae,0.5370948910713196
noised_data,134,1,0.5,P,mae,0.7686695456504822
noised_data,135,1,0.5,P,mae,0.7504256963729858
noised_data,128,1,0.7,R,mse,0.7533097267150879
noised_data,129,1,0.7,R,mse,0.7851957082748413
noised_data,130,1,0.7,R,mse,0.6894059777259827
noised_data,131,1,0.7,R,mse,0.7661413550376892
noised_data,132,1,0.7,R,mse,0.8028987646102905
noised_data,133,1,0.7,R,mse,0.44652384519577026
noised_data,134,1,0.7,R,mse,0.654715895652771
noised_data,135,1,0.7,R,mse,0.8766669034957886
noised_data,128,1,0.7,R,mae,0.6532939672470093
noised_data,129,1,0.7,R,mae,0.700863242149353
noised_data,130,1,0.7,R,mae,0.653404176235199
noised_data,131,1,0.7,R,mae,0.6901511549949646
noised_data,132,1,0.7,R,mae,0.7152320742607117
noised_data,133,1,0.7,R,mae,0.4436444640159607
noised_data,134,1,0.7,R,mae,0.643653154373169
noised_data,135,1,0.7,R,mae,0.7460178136825562
noised_data,128,1,0.7,P,mse,0.6294105052947998
noised_data,129,1,0.7,P,mse,0.7910611629486084
noised_data,130,1,0.7,P,mse,0.8012567162513733
noised_data,131,1,0.7,P,mse,0.792802095413208
noised_data,132,1,0.7,P,mse,0.8484569787979126
noised_data,133,1,0.7,P,mse,0.5454099178314209
noised_data,134,1,0.7,P,mse,0.7397419810295105
noised_data,135,1,0.7,P,mse,0.9490015506744385
noised_data,128,1,0.7,P,mae,0.6053799390792847
noised_data,129,1,0.7,P,mae,0.6986443996429443
noised_data,130,1,0.7,P,mae,0.6882933378219604
noised_data,131,1,0.7,P,mae,0.7024562954902649
noised_data,132,1,0.7,P,mae,0.7367481589317322
noised_data,133,1,0.7,P,mae,0.5242782235145569
noised_data,134,1,0.7,P,mae,0.6868327260017395
noised_data,135,1,0.7,P,mae,0.7853348255157471
noised_data,128,1,0.85,R,mse,0.7247084379196167
noised_data,129,1,0.85,R,mse,0.6072609424591064
noised_data,130,1,0.85,R,mse,0.6234918832778931
noised_data,131,1,0.85,R,mse,0.6719412803649902
noised_data,132,1,0.85,R,mse,0.6586134433746338
noised_data,133,1,0.85,R,mse,0.44078442454338074
noised_data,134,1,0.85,R,mse,0.5380138158798218
noised_data,135,1,0.85,R,mse,0.805193305015564
noised_data,128,1,0.85,R,mae,0.6640992164611816
noised_data,129,1,0.85,R,mae,0.6145128011703491
noised_data,130,1,0.85,R,mae,0.621281087398529
noised_data,131,1,0.85,R,mae,0.6474028825759888
noised_data,132,1,0.85,R,mae,0.647935688495636
noised_data,133,1,0.85,R,mae,0.4733637571334839
noised_data,134,1,0.85,R,mae,0.5901995301246643
noised_data,135,1,0.85,R,mae,0.7241222858428955
noised_data,128,1,0.85,P,mse,0.6737568378448486
noised_data,129,1,0.85,P,mse,0.6488622426986694
noised_data,130,1,0.85,P,mse,0.7517324090003967
noised_data,131,1,0.85,P,mse,0.7256221771240234
noised_data,132,1,0.85,P,mse,0.7032393217086792
noised_data,133,1,0.85,P,mse,0.5303364396095276
noised_data,134,1,0.85,P,mse,0.6258568167686462
noised_data,135,1,0.85,P,mse,0.8445454835891724
noised_data,128,1,0.85,P,mae,0.644381046295166
noised_data,129,1,0.85,P,mae,0.6342959403991699
noised_data,130,1,0.85,P,mae,0.6637459993362427
noised_data,131,1,0.85,P,mae,0.6666916012763977
noised_data,132,1,0.85,P,mae,0.6725586652755737
noised_data,133,1,0.85,P,mae,0.5326435565948486
noised_data,134,1,0.85,P,mae,0.6317413449287415
noised_data,135,1,0.85,P,mae,0.7473161816596985
noised_data,128,1,0.95,R,mse,0.7900610566139221
noised_data,129,1,0.95,R,mse,0.5464832782745361
noised_data,130,1,0.95,R,mse,0.636404812335968
noised_data,131,1,0.95,R,mse,0.6918826699256897
noised_data,132,1,0.95,R,mse,0.5345425605773926
noised_data,133,1,0.95,R,mse,0.94217848777771
noised_data,134,1,0.95,R,mse,0.5865408182144165
noised_data,135,1,0.95,R,mse,0.7194289565086365
noised_data,128,1,0.95,R,mae,0.7236548066139221
noised_data,129,1,0.95,R,mae,0.5857966542243958
noised_data,130,1,0.95,R,mae,0.6004918813705444
noised_data,131,1,0.95,R,mae,0.6596945524215698
noised_data,132,1,0.95,R,mae,0.5865226984024048
noised_data,133,1,0.95,R,mae,0.7938568592071533
noised_data,134,1,0.95,R,mae,0.6368530988693237
noised_data,135,1,0.95,R,mae,0.6841413974761963
noised_data,128,1,0.95,P,mse,0.7860950827598572
noised_data,129,1,0.95,P,mse,0.6018657684326172
noised_data,130,1,0.95,P,mse,0.7255058884620667
noised_data,131,1,0.95,P,mse,0.7420596480369568
noised_data,132,1,0.95,P,mse,0.5540105104446411
noised_data,133,1,0.95,P,mse,0.9162461757659912
noised_data,134,1,0.95,P,mse,0.6042606830596924
noised_data,135,1,0.95,P,mse,0.749850869178772
noised_data,128,1,0.95,P,mae,0.7189408540725708
noised_data,129,1,0.95,P,mae,0.6127911806106567
noised_data,130,1,0.95,P,mae,0.643123984336853
noised_data,131,1,0.95,P,mae,0.6803854703903198
noised_data,132,1,0.95,P,mae,0.5986485481262207
noised_data,133,1,0.95,P,mae,0.7722757458686829
noised_data,134,1,0.95,P,mae,0.6364266276359558
noised_data,135,1,0.95,P,mae,0.7021589279174805
noised_data,136,0,0.05,R,mse,0.6244674324989319
noised_data,137,0,0.05,R,mse,0.9692740440368652
noised_data,138,0,0.05,R,mse,0.9918127059936523
noised_data,139,0,0.05,R,mse,1.0230997800827026
noised_data,140,0,0.05,R,mse,1.0723495483398438
noised_data,141,0,0.05,R,mse,1.0851080417633057
noised_data,142,0,0.05,R,mse,1.0926122665405273
noised_data,143,0,0.05,R,mse,0.9648033976554871
noised_data,136,0,0.05,R,mae,0.580990195274353
noised_data,137,0,0.05,R,mae,0.7895513772964478
noised_data,138,0,0.05,R,mae,0.796640932559967
noised_data,139,0,0.05,R,mae,0.8095374703407288
noised_data,140,0,0.05,R,mae,0.8242224454879761
noised_data,141,0,0.05,R,mae,0.8317831158638
noised_data,142,0,0.05,R,mae,0.8352639675140381
noised_data,143,0,0.05,R,mae,0.7765315771102905
noised_data,136,0,0.05,P,mse,0.6783004403114319
noised_data,137,0,0.05,P,mse,0.9377594590187073
noised_data,138,0,0.05,P,mse,1.007749319076538
noised_data,139,0,0.05,P,mse,0.9745789170265198
noised_data,140,0,0.05,P,mse,1.0582547187805176
noised_data,141,0,0.05,P,mse,1.0674223899841309
noised_data,142,0,0.05,P,mse,1.0942106246948242
noised_data,143,0,0.05,P,mse,0.952190637588501
noised_data,136,0,0.05,P,mae,0.6043446063995361
noised_data,137,0,0.05,P,mae,0.7677404880523682
noised_data,138,0,0.05,P,mae,0.7995071411132812
noised_data,139,0,0.05,P,mae,0.7926650047302246
noised_data,140,0,0.05,P,mae,0.8180687427520752
noised_data,141,0,0.05,P,mae,0.8209937810897827
noised_data,142,0,0.05,P,mae,0.8432653546333313
noised_data,143,0,0.05,P,mae,0.7835338711738586
noised_data,136,0,0.15,R,mse,0.48074084520339966
noised_data,137,0,0.15,R,mse,0.8468775749206543
noised_data,138,0,0.15,R,mse,0.8949846625328064
noised_data,139,0,0.15,R,mse,0.9436822533607483
noised_data,140,0,0.15,R,mse,0.9774613380432129
noised_data,141,0,0.15,R,mse,1.098650336265564
noised_data,142,0,0.15,R,mse,1.0994595289230347
noised_data,143,0,0.15,R,mse,0.8124416470527649
noised_data,136,0,0.15,R,mae,0.48202815651893616
noised_data,137,0,0.15,R,mae,0.7281497716903687
noised_data,138,0,0.15,R,mae,0.7497707605361938
noised_data,139,0,0.15,R,mae,0.7778682708740234
noised_data,140,0,0.15,R,mae,0.7799221873283386
noised_data,141,0,0.15,R,mae,0.8387112617492676
noised_data,142,0,0.15,R,mae,0.8342190384864807
noised_data,143,0,0.15,R,mae,0.706110954284668
noised_data,136,0,0.15,P,mse,0.5752313137054443
noised_data,137,0,0.15,P,mse,0.7498663663864136
noised_data,138,0,0.15,P,mse,0.9415396451950073
noised_data,139,0,0.15,P,mse,0.8978116512298584
noised_data,140,0,0.15,P,mse,0.9320039749145508
noised_data,141,0,0.15,P,mse,1.1097519397735596
noised_data,142,0,0.15,P,mse,1.0934263467788696
noised_data,143,0,0.15,P,mse,0.83330237865448
noised_data,136,0,0.15,P,mae,0.5297505855560303
noised_data,137,0,0.15,P,mae,0.680255651473999
noised_data,138,0,0.15,P,mae,0.771220326423645
noised_data,139,0,0.15,P,mae,0.7522693872451782
noised_data,140,0,0.15,P,mae,0.765731930732727
noised_data,141,0,0.15,P,mae,0.829138994216919
noised_data,142,0,0.15,P,mae,0.8391993045806885
noised_data,143,0,0.15,P,mae,0.7244863510131836
noised_data,136,0,0.3,R,mse,0.3958151936531067
noised_data,137,0,0.3,R,mse,0.852960467338562
noised_data,138,0,0.3,R,mse,0.877455472946167
noised_data,139,0,0.3,R,mse,0.8622311353683472
noised_data,140,0,0.3,R,mse,0.9012332558631897
noised_data,141,0,0.3,R,mse,1.0778136253356934
noised_data,142,0,0.3,R,mse,1.081572413444519
noised_data,143,0,0.3,R,mse,0.7432190775871277
noised_data,136,0,0.3,R,mae,0.41960781812667847
noised_data,137,0,0.3,R,mae,0.7106181383132935
noised_data,138,0,0.3,R,mae,0.7326573729515076
noised_data,139,0,0.3,R,mae,0.7309173941612244
noised_data,140,0,0.3,R,mae,0.7395828366279602
noised_data,141,0,0.3,R,mae,0.8267987966537476
noised_data,142,0,0.3,R,mae,0.8244894742965698
noised_data,143,0,0.3,R,mae,0.6641678810119629
noised_data,136,0,0.3,P,mse,0.4979398250579834
noised_data,137,0,0.3,P,mse,0.6931999921798706
noised_data,138,0,0.3,P,mse,0.8960486650466919
noised_data,139,0,0.3,P,mse,0.8209583759307861
noised_data,140,0,0.3,P,mse,0.8183038234710693
noised_data,141,0,0.3,P,mse,1.095932126045227
noised_data,142,0,0.3,P,mse,1.0426738262176514
noised_data,143,0,0.3,P,mse,0.7151238918304443
noised_data,136,0,0.3,P,mae,0.4810066819190979
noised_data,137,0,0.3,P,mae,0.6407669186592102
noised_data,138,0,0.3,P,mae,0.7508842945098877
noised_data,139,0,0.3,P,mae,0.7083211541175842
noised_data,140,0,0.3,P,mae,0.7116782665252686
noised_data,141,0,0.3,P,mae,0.816365122795105
noised_data,142,0,0.3,P,mae,0.8065630197525024
noised_data,143,0,0.3,P,mae,0.6616430282592773
noised_data,136,0,0.5,R,mse,0.4219539165496826
noised_data,137,0,0.5,R,mse,0.9638525247573853
noised_data,138,0,0.5,R,mse,0.9058863520622253
noised_data,139,0,0.5,R,mse,0.6944318413734436
noised_data,140,0,0.5,R,mse,0.8222105503082275
noised_data,141,0,0.5,R,mse,0.9793622493743896
noised_data,142,0,0.5,R,mse,1.025390386581421
noised_data,143,0,0.5,R,mse,0.7338986396789551
noised_data,136,0,0.5,R,mae,0.42645028233528137
noised_data,137,0,0.5,R,mae,0.7435336112976074
noised_data,138,0,0.5,R,mae,0.7358047962188721
noised_data,139,0,0.5,R,mae,0.6540131568908691
noised_data,140,0,0.5,R,mae,0.7042813897132874
noised_data,141,0,0.5,R,mae,0.7868325710296631
noised_data,142,0,0.5,R,mae,0.8036946058273315
noised_data,143,0,0.5,R,mae,0.6540477275848389
noised_data,136,0,0.5,P,mse,0.4890328049659729
noised_data,137,0,0.5,P,mse,0.7461583614349365
noised_data,138,0,0.5,P,mse,0.9657973647117615
noised_data,139,0,0.5,P,mse,0.7008036375045776
noised_data,140,0,0.5,P,mse,0.7216423749923706
noised_data,141,0,0.5,P,mse,0.9550778865814209
noised_data,142,0,0.5,P,mse,0.9580481052398682
noised_data,143,0,0.5,P,mse,0.650087833404541
noised_data,136,0,0.5,P,mae,0.4695950150489807
noised_data,137,0,0.5,P,mae,0.6524507999420166
noised_data,138,0,0.5,P,mae,0.7705057859420776
noised_data,139,0,0.5,P,mae,0.6649559140205383
noised_data,140,0,0.5,P,mae,0.6627179384231567
noised_data,141,0,0.5,P,mae,0.7706339955329895
noised_data,142,0,0.5,P,mae,0.7635865211486816
noised_data,143,0,0.5,P,mae,0.6326040029525757
noised_data,136,0,0.7,R,mse,0.44962066411972046
noised_data,137,0,0.7,R,mse,0.9378607273101807
noised_data,138,0,0.7,R,mse,0.7344357371330261
noised_data,139,0,0.7,R,mse,0.4903191328048706
noised_data,140,0,0.7,R,mse,0.6596361398696899
noised_data,141,0,0.7,R,mse,0.6945697665214539
noised_data,142,0,0.7,R,mse,0.8824403285980225
noised_data,143,0,0.7,R,mse,0.7516582608222961
noised_data,136,0,0.7,R,mae,0.442477822303772
noised_data,137,0,0.7,R,mae,0.7578340172767639
noised_data,138,0,0.7,R,mae,0.661678671836853
noised_data,139,0,0.7,R,mae,0.5536410212516785
noised_data,140,0,0.7,R,mae,0.6307835578918457
noised_data,141,0,0.7,R,mae,0.6696372628211975
noised_data,142,0,0.7,R,mae,0.7465300559997559
noised_data,143,0,0.7,R,mae,0.6783725023269653
noised_data,136,0,0.7,P,mse,0.423603355884552
noised_data,137,0,0.7,P,mse,0.779365062713623
noised_data,138,0,0.7,P,mse,0.8600085377693176
noised_data,139,0,0.7,P,mse,0.5993471145629883
noised_data,140,0,0.7,P,mse,0.6029646992683411
noised_data,141,0,0.7,P,mse,0.7029833793640137
noised_data,142,0,0.7,P,mse,0.8671832084655762
noised_data,143,0,0.7,P,mse,0.809822678565979
noised_data,136,0,0.7,P,mae,0.4325892925262451
noised_data,137,0,0.7,P,mae,0.6941550374031067
noised_data,138,0,0.7,P,mae,0.7225620150566101
noised_data,139,0,0.7,P,mae,0.6172146201133728
noised_data,140,0,0.7,P,mae,0.6088261008262634
noised_data,141,0,0.7,P,mae,0.6638175249099731
noised_data,142,0,0.7,P,mae,0.7305687665939331
noised_data,143,0,0.7,P,mae,0.7150605320930481
noised_data,136,0,0.85,R,mse,0.42295560240745544
noised_data,137,0,0.85,R,mse,0.8691592216491699
noised_data,138,0,0.85,R,mse,0.6698312759399414
noised_data,139,0,0.85,R,mse,0.4183293581008911
noised_data,140,0,0.85,R,mse,0.5588541030883789
noised_data,141,0,0.85,R,mse,0.5218596458435059
noised_data,142,0,0.85,R,mse,0.8465921878814697
noised_data,143,0,0.85,R,mse,0.7773458361625671
noised_data,136,0,0.85,R,mae,0.44308948516845703
noised_data,137,0,0.85,R,mae,0.727648138999939
noised_data,138,0,0.85,R,mae,0.6518248319625854
noised_data,139,0,0.85,R,mae,0.513033390045166
noised_data,140,0,0.85,R,mae,0.5770089030265808
noised_data,141,0,0.85,R,mae,0.586085319519043
noised_data,142,0,0.85,R,mae,0.7174208164215088
noised_data,143,0,0.85,R,mae,0.6964961290359497
noised_data,136,0,0.85,P,mse,0.3599751591682434
noised_data,137,0,0.85,P,mse,0.704423189163208
noised_data,138,0,0.85,P,mse,0.7668355107307434
noised_data,139,0,0.85,P,mse,0.5514601469039917
noised_data,140,0,0.85,P,mse,0.5084874629974365
noised_data,141,0,0.85,P,mse,0.5377485752105713
noised_data,142,0,0.85,P,mse,0.9074844121932983
noised_data,143,0,0.85,P,mse,0.8276017904281616
noised_data,136,0,0.85,P,mae,0.41194409132003784
noised_data,137,0,0.85,P,mae,0.6624689102172852
noised_data,138,0,0.85,P,mae,0.6996300220489502
noised_data,139,0,0.85,P,mae,0.5929598212242126
noised_data,140,0,0.85,P,mae,0.5619407892227173
noised_data,141,0,0.85,P,mae,0.5873072147369385
noised_data,142,0,0.85,P,mae,0.737144410610199
noised_data,143,0,0.85,P,mae,0.7242587804794312
noised_data,136,0,0.95,R,mse,0.5755270719528198
noised_data,137,0,0.95,R,mse,0.8457396030426025
noised_data,138,0,0.95,R,mse,0.796159029006958
noised_data,139,0,0.95,R,mse,0.5371641516685486
noised_data,140,0,0.95,R,mse,0.4696587026119232
noised_data,141,0,0.95,R,mse,0.4784879982471466
noised_data,142,0,0.95,R,mse,0.757341742515564
noised_data,143,0,0.95,R,mse,0.7511192560195923
noised_data,136,0,0.95,R,mae,0.6240371465682983
noised_data,137,0,0.95,R,mae,0.717596173286438
noised_data,138,0,0.95,R,mae,0.7351516485214233
noised_data,139,0,0.95,R,mae,0.5510879755020142
noised_data,140,0,0.95,R,mae,0.5296034812927246
noised_data,141,0,0.95,R,mae,0.5609002113342285
noised_data,142,0,0.95,R,mae,0.6745442152023315
noised_data,143,0,0.95,R,mae,0.6881297826766968
noised_data,136,0,0.95,P,mse,0.5168339610099792
noised_data,137,0,0.95,P,mse,0.6877495050430298
noised_data,138,0,0.95,P,mse,0.8152183890342712
noised_data,139,0,0.95,P,mse,0.6972848176956177
noised_data,140,0,0.95,P,mse,0.41940775513648987
noised_data,141,0,0.95,P,mse,0.49024486541748047
noised_data,142,0,0.95,P,mse,0.821943998336792
noised_data,143,0,0.95,P,mse,0.7906265258789062
noised_data,136,0,0.95,P,mae,0.591806173324585
noised_data,137,0,0.95,P,mae,0.6425222754478455
noised_data,138,0,0.95,P,mae,0.7426314353942871
noised_data,139,0,0.95,P,mae,0.6438928842544556
noised_data,140,0,0.95,P,mae,0.5089961290359497
noised_data,141,0,0.95,P,mae,0.5645902156829834
noised_data,142,0,0.95,P,mae,0.6979894638061523
noised_data,143,0,0.95,P,mae,0.7074065208435059
noised_data,136,1,0.05,R,mse,0.6160973906517029
noised_data,137,1,0.05,R,mse,0.9607430696487427
noised_data,138,1,0.05,R,mse,0.9836622476577759
noised_data,139,1,0.05,R,mse,0.9888561964035034
noised_data,140,1,0.05,R,mse,1.0863540172576904
noised_data,141,1,0.05,R,mse,1.092590093612671
noised_data,142,1,0.05,R,mse,1.0748722553253174
noised_data,143,1,0.05,R,mse,0.9621963500976562
noised_data,136,1,0.05,R,mae,0.5721490979194641
noised_data,137,1,0.05,R,mae,0.7765671014785767
noised_data,138,1,0.05,R,mae,0.7890673279762268
noised_data,139,1,0.05,R,mae,0.8052113652229309
noised_data,140,1,0.05,R,mae,0.8275232315063477
noised_data,141,1,0.05,R,mae,0.8319582939147949
noised_data,142,1,0.05,R,mae,0.8338053226470947
noised_data,143,1,0.05,R,mae,0.7802482843399048
noised_data,136,1,0.05,P,mse,0.6845510005950928
noised_data,137,1,0.05,P,mse,0.948790967464447
noised_data,138,1,0.05,P,mse,1.0189321041107178
noised_data,139,1,0.05,P,mse,1.0092921257019043
noised_data,140,1,0.05,P,mse,1.0397534370422363
noised_data,141,1,0.05,P,mse,1.0630133152008057
noised_data,142,1,0.05,P,mse,1.1102361679077148
noised_data,143,1,0.05,P,mse,0.9531154632568359
noised_data,136,1,0.05,P,mae,0.6129346489906311
noised_data,137,1,0.05,P,mae,0.7827955484390259
noised_data,138,1,0.05,P,mae,0.806853175163269
noised_data,139,1,0.05,P,mae,0.7975082397460938
noised_data,140,1,0.05,P,mae,0.8132879734039307
noised_data,141,1,0.05,P,mae,0.8226492404937744
noised_data,142,1,0.05,P,mae,0.8441516757011414
noised_data,143,1,0.05,P,mae,0.780510663986206
noised_data,136,1,0.15,R,mse,0.49873751401901245
noised_data,137,1,0.15,R,mse,0.8137308359146118
noised_data,138,1,0.15,R,mse,0.902256429195404
noised_data,139,1,0.15,R,mse,0.9177939295768738
noised_data,140,1,0.15,R,mse,0.9715241193771362
noised_data,141,1,0.15,R,mse,1.1324427127838135
noised_data,142,1,0.15,R,mse,1.0977917909622192
noised_data,143,1,0.15,R,mse,0.827022910118103
noised_data,136,1,0.15,R,mae,0.487811803817749
noised_data,137,1,0.15,R,mae,0.7103579640388489
noised_data,138,1,0.15,R,mae,0.7501893639564514
noised_data,139,1,0.15,R,mae,0.7710493803024292
noised_data,140,1,0.15,R,mae,0.7752987742424011
noised_data,141,1,0.15,R,mae,0.8394205570220947
noised_data,142,1,0.15,R,mae,0.8438247442245483
noised_data,143,1,0.15,R,mae,0.7205354571342468
noised_data,136,1,0.15,P,mse,0.5550652742385864
noised_data,137,1,0.15,P,mse,0.7840051651000977
noised_data,138,1,0.15,P,mse,0.9375534653663635
noised_data,139,1,0.15,P,mse,0.9192919731140137
noised_data,140,1,0.15,P,mse,0.9322499632835388
noised_data,141,1,0.15,P,mse,1.0825841426849365
noised_data,142,1,0.15,P,mse,1.0887463092803955
noised_data,143,1,0.15,P,mse,0.8131709098815918
noised_data,136,1,0.15,P,mae,0.5221311450004578
noised_data,137,1,0.15,P,mae,0.7011415958404541
noised_data,138,1,0.15,P,mae,0.7701774835586548
noised_data,139,1,0.15,P,mae,0.7585440874099731
noised_data,140,1,0.15,P,mae,0.7674259543418884
noised_data,141,1,0.15,P,mae,0.8295160531997681
noised_data,142,1,0.15,P,mae,0.8277673721313477
noised_data,143,1,0.15,P,mae,0.7096137404441833
noised_data,136,1,0.3,R,mse,0.4331902265548706
noised_data,137,1,0.3,R,mse,0.8102895021438599
noised_data,138,1,0.3,R,mse,0.8705410957336426
noised_data,139,1,0.3,R,mse,0.8477153778076172
noised_data,140,1,0.3,R,mse,0.8621427416801453
noised_data,141,1,0.3,R,mse,1.1112346649169922
noised_data,142,1,0.3,R,mse,1.0852439403533936
noised_data,143,1,0.3,R,mse,0.726343035697937
noised_data,136,1,0.3,R,mae,0.43935510516166687
noised_data,137,1,0.3,R,mae,0.691859245300293
noised_data,138,1,0.3,R,mae,0.7323926687240601
noised_data,139,1,0.3,R,mae,0.7251842021942139
noised_data,140,1,0.3,R,mae,0.7251996994018555
noised_data,141,1,0.3,R,mae,0.8258106708526611
noised_data,142,1,0.3,R,mae,0.8326054811477661
noised_data,143,1,0.3,R,mae,0.6702039241790771
noised_data,136,1,0.3,P,mse,0.4538233280181885
noised_data,137,1,0.3,P,mse,0.7551758289337158
noised_data,138,1,0.3,P,mse,0.9003959894180298
noised_data,139,1,0.3,P,mse,0.8357885479927063
noised_data,140,1,0.3,P,mse,0.8552178740501404
noised_data,141,1,0.3,P,mse,1.0625419616699219
noised_data,142,1,0.3,P,mse,1.0396838188171387
noised_data,143,1,0.3,P,mse,0.7403823137283325
noised_data,136,1,0.3,P,mae,0.45835351943969727
noised_data,137,1,0.3,P,mae,0.6685361266136169
noised_data,138,1,0.3,P,mae,0.745128870010376
noised_data,139,1,0.3,P,mae,0.7136917114257812
noised_data,140,1,0.3,P,mae,0.7246125936508179
noised_data,141,1,0.3,P,mae,0.8171501159667969
noised_data,142,1,0.3,P,mae,0.798663854598999
noised_data,143,1,0.3,P,mae,0.659437894821167
noised_data,136,1,0.5,R,mse,0.4614671468734741
noised_data,137,1,0.5,R,mse,0.8721179962158203
noised_data,138,1,0.5,R,mse,0.9431748390197754
noised_data,139,1,0.5,R,mse,0.7019621133804321
noised_data,140,1,0.5,R,mse,0.7502382397651672
noised_data,141,1,0.5,R,mse,0.9758216142654419
noised_data,142,1,0.5,R,mse,0.9804680347442627
noised_data,143,1,0.5,R,mse,0.686202883720398
noised_data,136,1,0.5,R,mae,0.44633948802948
noised_data,137,1,0.5,R,mae,0.7098515033721924
noised_data,138,1,0.5,R,mae,0.7514121532440186
noised_data,139,1,0.5,R,mae,0.6618696451187134
noised_data,140,1,0.5,R,mae,0.6755827069282532
noised_data,141,1,0.5,R,mae,0.777014970779419
noised_data,142,1,0.5,R,mae,0.7868567109107971
noised_data,143,1,0.5,R,mae,0.6514512300491333
noised_data,136,1,0.5,P,mse,0.4616551399230957
noised_data,137,1,0.5,P,mse,0.8470641374588013
noised_data,138,1,0.5,P,mse,0.924891471862793
noised_data,139,1,0.5,P,mse,0.7020958662033081
noised_data,140,1,0.5,P,mse,0.7910882234573364
noised_data,141,1,0.5,P,mse,0.9576001763343811
noised_data,142,1,0.5,P,mse,0.9998764991760254
noised_data,143,1,0.5,P,mse,0.7052583694458008
noised_data,136,1,0.5,P,mae,0.46085602045059204
noised_data,137,1,0.5,P,mae,0.6897034049034119
noised_data,138,1,0.5,P,mae,0.7515546679496765
noised_data,139,1,0.5,P,mae,0.6608439683914185
noised_data,140,1,0.5,P,mae,0.6920125484466553
noised_data,141,1,0.5,P,mae,0.7790645360946655
noised_data,142,1,0.5,P,mae,0.7794708013534546
noised_data,143,1,0.5,P,mae,0.6400327682495117
noised_data,136,1,0.7,R,mse,0.44624167680740356
noised_data,137,1,0.7,R,mse,0.8598303198814392
noised_data,138,1,0.7,R,mse,0.8315408825874329
noised_data,139,1,0.7,R,mse,0.5339428782463074
noised_data,140,1,0.7,R,mse,0.5962803363800049
noised_data,141,1,0.7,R,mse,0.6957153081893921
noised_data,142,1,0.7,R,mse,0.8169960379600525
noised_data,143,1,0.7,R,mse,0.7788517475128174
noised_data,136,1,0.7,R,mae,0.434757798910141
noised_data,137,1,0.7,R,mae,0.73044753074646
noised_data,138,1,0.7,R,mae,0.7031440138816833
noised_data,139,1,0.7,R,mae,0.5807234048843384
noised_data,140,1,0.7,R,mae,0.6062619686126709
noised_data,141,1,0.7,R,mae,0.660572350025177
noised_data,142,1,0.7,R,mae,0.7234600782394409
noised_data,143,1,0.7,R,mae,0.702721893787384
noised_data,136,1,0.7,P,mse,0.43554458022117615
noised_data,137,1,0.7,P,mse,0.8485107421875
noised_data,138,1,0.7,P,mse,0.7603901624679565
noised_data,139,1,0.7,P,mse,0.5582592487335205
noised_data,140,1,0.7,P,mse,0.6614332795143127
noised_data,141,1,0.7,P,mse,0.6973198652267456
noised_data,142,1,0.7,P,mse,0.930166482925415
noised_data,143,1,0.7,P,mse,0.7674498558044434
noised_data,136,1,0.7,P,mae,0.44487589597702026
noised_data,137,1,0.7,P,mae,0.7190557718276978
noised_data,138,1,0.7,P,mae,0.6791403293609619
noised_data,139,1,0.7,P,mae,0.5911505222320557
noised_data,140,1,0.7,P,mae,0.6301144361495972
noised_data,141,1,0.7,P,mae,0.670905590057373
noised_data,142,1,0.7,P,mae,0.754226565361023
noised_data,143,1,0.7,P,mae,0.6833246946334839
noised_data,136,1,0.85,R,mse,0.37482893466949463
noised_data,137,1,0.85,R,mse,0.7706072330474854
noised_data,138,1,0.85,R,mse,0.7247722744941711
noised_data,139,1,0.85,R,mse,0.47009262442588806
noised_data,140,1,0.85,R,mse,0.495807945728302
noised_data,141,1,0.85,R,mse,0.5174824595451355
noised_data,142,1,0.85,R,mse,0.7639145851135254
noised_data,143,1,0.85,R,mse,0.8060224056243896
noised_data,136,1,0.85,R,mae,0.40756988525390625
noised_data,137,1,0.85,R,mae,0.6917197704315186
noised_data,138,1,0.85,R,mae,0.6732823848724365
noised_data,139,1,0.85,R,mae,0.546059250831604
noised_data,140,1,0.85,R,mae,0.5584392547607422
noised_data,141,1,0.85,R,mae,0.5761817693710327
noised_data,142,1,0.85,R,mae,0.695259690284729
noised_data,143,1,0.85,R,mae,0.712677001953125
noised_data,136,1,0.85,P,mse,0.4074820876121521
noised_data,137,1,0.85,P,mse,0.8052842617034912
noised_data,138,1,0.85,P,mse,0.7108867168426514
noised_data,139,1,0.85,P,mse,0.5013098120689392
noised_data,140,1,0.85,P,mse,0.5689237117767334
noised_data,141,1,0.85,P,mse,0.5425338745117188
noised_data,142,1,0.85,P,mse,0.9915298819541931
noised_data,143,1,0.85,P,mse,0.8009519577026367
noised_data,136,1,0.85,P,mae,0.44553083181381226
noised_data,137,1,0.85,P,mae,0.7002009153366089
noised_data,138,1,0.85,P,mae,0.6759318113327026
noised_data,139,1,0.85,P,mae,0.56110680103302
noised_data,140,1,0.85,P,mae,0.579306960105896
noised_data,141,1,0.85,P,mae,0.597282886505127
noised_data,142,1,0.85,P,mae,0.7600585222244263
noised_data,143,1,0.85,P,mae,0.7093346118927002
noised_data,136,1,0.95,R,mse,0.5316307544708252
noised_data,137,1,0.95,R,mse,0.7696805596351624
noised_data,138,1,0.95,R,mse,0.7744700908660889
noised_data,139,1,0.95,R,mse,0.6316536068916321
noised_data,140,1,0.95,R,mse,0.419033944606781
noised_data,141,1,0.95,R,mse,0.4671698212623596
noised_data,142,1,0.95,R,mse,0.6892684698104858
noised_data,143,1,0.95,R,mse,0.7728884816169739
noised_data,136,1,0.95,R,mae,0.6016845703125
noised_data,137,1,0.95,R,mae,0.6840881109237671
noised_data,138,1,0.95,R,mae,0.7273757457733154
noised_data,139,1,0.95,R,mae,0.6043713092803955
noised_data,140,1,0.95,R,mae,0.5131630897521973
noised_data,141,1,0.95,R,mae,0.5499606728553772
noised_data,142,1,0.95,R,mae,0.6572234034538269
noised_data,143,1,0.95,R,mae,0.7023837566375732
noised_data,136,1,0.95,P,mse,0.5517088770866394
noised_data,137,1,0.95,P,mse,0.766179084777832
noised_data,138,1,0.95,P,mse,0.8422632217407227
noised_data,139,1,0.95,P,mse,0.5981733798980713
noised_data,140,1,0.95,P,mse,0.47060734033584595
noised_data,141,1,0.95,P,mse,0.5046931505203247
noised_data,142,1,0.95,P,mse,0.8907835483551025
noised_data,143,1,0.95,P,mse,0.7689967751502991
noised_data,136,1,0.95,P,mae,0.6071494817733765
noised_data,137,1,0.95,P,mae,0.676896870136261
noised_data,138,1,0.95,P,mae,0.7533813714981079
noised_data,139,1,0.95,P,mae,0.5883321762084961
noised_data,140,1,0.95,P,mae,0.5261603593826294
noised_data,141,1,0.95,P,mae,0.5772707462310791
noised_data,142,1,0.95,P,mae,0.715529203414917
noised_data,143,1,0.95,P,mae,0.693116307258606
noised_data,144,0,0.05,R,mse,1.0520588159561157
noised_data,145,0,0.05,R,mse,0.8938729763031006
noised_data,146,0,0.05,R,mse,0.9690952897071838
noised_data,147,0,0.05,R,mse,0.7964173555374146
noised_data,148,0,0.05,R,mse,0.8215422630310059
noised_data,149,0,0.05,R,mse,1.110144019126892
noised_data,150,0,0.05,R,mse,0.9729053378105164
noised_data,151,0,0.05,R,mse,1.0647361278533936
noised_data,144,0,0.05,R,mae,0.8177570104598999
noised_data,145,0,0.05,R,mae,0.7618132829666138
noised_data,146,0,0.05,R,mae,0.7875062227249146
noised_data,147,0,0.05,R,mae,0.7196886539459229
noised_data,148,0,0.05,R,mae,0.7146152257919312
noised_data,149,0,0.05,R,mae,0.8419129848480225
noised_data,150,0,0.05,R,mae,0.7922893166542053
noised_data,151,0,0.05,R,mae,0.8253799080848694
noised_data,144,0,0.05,P,mse,0.9996446371078491
noised_data,145,0,0.05,P,mse,0.9585645198822021
noised_data,146,0,0.05,P,mse,0.9778032302856445
noised_data,147,0,0.05,P,mse,0.7881692051887512
noised_data,148,0,0.05,P,mse,0.8150393962860107
noised_data,149,0,0.05,P,mse,1.0523030757904053
noised_data,150,0,0.05,P,mse,1.0567986965179443
noised_data,151,0,0.05,P,mse,1.0393117666244507
noised_data,144,0,0.05,P,mae,0.7949773669242859
noised_data,145,0,0.05,P,mae,0.7725653648376465
noised_data,146,0,0.05,P,mae,0.7910294532775879
noised_data,147,0,0.05,P,mae,0.7049492001533508
noised_data,148,0,0.05,P,mae,0.7192690968513489
noised_data,149,0,0.05,P,mae,0.8180907368659973
noised_data,150,0,0.05,P,mae,0.8220372200012207
noised_data,151,0,0.05,P,mae,0.8152880072593689
noised_data,144,0,0.15,R,mse,0.9151502847671509
noised_data,145,0,0.15,R,mse,0.7034032940864563
noised_data,146,0,0.15,R,mse,0.742793619632721
noised_data,147,0,0.15,R,mse,0.4907487630844116
noised_data,148,0,0.15,R,mse,0.537566065788269
noised_data,149,0,0.15,R,mse,1.099882960319519
noised_data,150,0,0.15,R,mse,0.938441276550293
noised_data,151,0,0.15,R,mse,1.0144039392471313
noised_data,144,0,0.15,R,mae,0.7498059868812561
noised_data,145,0,0.15,R,mae,0.6681650876998901
noised_data,146,0,0.15,R,mae,0.688084602355957
noised_data,147,0,0.15,R,mae,0.5543661117553711
noised_data,148,0,0.15,R,mae,0.5667571425437927
noised_data,149,0,0.15,R,mae,0.8344760537147522
noised_data,150,0,0.15,R,mae,0.779900312423706
noised_data,151,0,0.15,R,mae,0.8006374835968018
noised_data,144,0,0.15,P,mse,0.8961675763130188
noised_data,145,0,0.15,P,mse,0.7565208673477173
noised_data,146,0,0.15,P,mse,0.723517119884491
noised_data,147,0,0.15,P,mse,0.478725403547287
noised_data,148,0,0.15,P,mse,0.5798161625862122
noised_data,149,0,0.15,P,mse,1.0226728916168213
noised_data,150,0,0.15,P,mse,1.011129379272461
noised_data,151,0,0.15,P,mse,0.9897940754890442
noised_data,144,0,0.15,P,mae,0.7442022562026978
noised_data,145,0,0.15,P,mae,0.6769660711288452
noised_data,146,0,0.15,P,mae,0.6737778186798096
noised_data,147,0,0.15,P,mae,0.5429196953773499
noised_data,148,0,0.15,P,mae,0.5936299562454224
noised_data,149,0,0.15,P,mae,0.8058772087097168
noised_data,150,0,0.15,P,mae,0.7977035045623779
noised_data,151,0,0.15,P,mae,0.7846279144287109
noised_data,144,0,0.3,R,mse,0.8116767406463623
noised_data,145,0,0.3,R,mse,0.6417549848556519
noised_data,146,0,0.3,R,mse,0.5383344292640686
noised_data,147,0,0.3,R,mse,0.28153562545776367
noised_data,148,0,0.3,R,mse,0.3885953426361084
noised_data,149,0,0.3,R,mse,1.0281498432159424
noised_data,150,0,0.3,R,mse,0.9080869555473328
noised_data,151,0,0.3,R,mse,0.8395963311195374
noised_data,144,0,0.3,R,mae,0.6873071789741516
noised_data,145,0,0.3,R,mae,0.617798924446106
noised_data,146,0,0.3,R,mae,0.5757979154586792
noised_data,147,0,0.3,R,mae,0.4059019684791565
noised_data,148,0,0.3,R,mae,0.4729076623916626
noised_data,149,0,0.3,R,mae,0.8043901920318604
noised_data,150,0,0.3,R,mae,0.7562008500099182
noised_data,151,0,0.3,R,mae,0.7217978835105896
noised_data,144,0,0.3,P,mse,0.8155608177185059
noised_data,145,0,0.3,P,mse,0.6389586925506592
noised_data,146,0,0.3,P,mse,0.5020143985748291
noised_data,147,0,0.3,P,mse,0.2828381359577179
noised_data,148,0,0.3,P,mse,0.4904705882072449
noised_data,149,0,0.3,P,mse,0.955280601978302
noised_data,150,0,0.3,P,mse,0.9834897518157959
noised_data,151,0,0.3,P,mse,0.8116469383239746
noised_data,144,0,0.3,P,mae,0.6951669454574585
noised_data,145,0,0.3,P,mae,0.6177641153335571
noised_data,146,0,0.3,P,mae,0.5586768984794617
noised_data,147,0,0.3,P,mae,0.40177610516548157
noised_data,148,0,0.3,P,mae,0.5183526873588562
noised_data,149,0,0.3,P,mae,0.7751557230949402
noised_data,150,0,0.3,P,mae,0.7777745723724365
noised_data,151,0,0.3,P,mae,0.7070987224578857
noised_data,144,0,0.5,R,mse,0.7542486190795898
noised_data,145,0,0.5,R,mse,0.6940751671791077
noised_data,146,0,0.5,R,mse,0.42278075218200684
noised_data,147,0,0.5,R,mse,0.20665016770362854
noised_data,148,0,0.5,R,mse,0.44376659393310547
noised_data,149,0,0.5,R,mse,0.9410741329193115
noised_data,150,0,0.5,R,mse,0.8918416500091553
noised_data,151,0,0.5,R,mse,0.6072657108306885
noised_data,144,0,0.5,R,mae,0.6425116062164307
noised_data,145,0,0.5,R,mae,0.6271929740905762
noised_data,146,0,0.5,R,mae,0.49389055371284485
noised_data,147,0,0.5,R,mae,0.317323237657547
noised_data,148,0,0.5,R,mae,0.4844913184642792
noised_data,149,0,0.5,R,mae,0.7702400088310242
noised_data,150,0,0.5,R,mae,0.7476436495780945
noised_data,151,0,0.5,R,mae,0.6040239930152893
noised_data,144,0,0.5,P,mse,0.7267701029777527
noised_data,145,0,0.5,P,mse,0.6264796853065491
noised_data,146,0,0.5,P,mse,0.40837109088897705
noised_data,147,0,0.5,P,mse,0.18599575757980347
noised_data,148,0,0.5,P,mse,0.5511971712112427
noised_data,149,0,0.5,P,mse,0.9244744777679443
noised_data,150,0,0.5,P,mse,0.8936200737953186
noised_data,151,0,0.5,P,mse,0.5736641883850098
noised_data,144,0,0.5,P,mae,0.6402860879898071
noised_data,145,0,0.5,P,mae,0.6107853651046753
noised_data,146,0,0.5,P,mae,0.492362916469574
noised_data,147,0,0.5,P,mae,0.3081957697868347
noised_data,148,0,0.5,P,mae,0.5409066081047058
noised_data,149,0,0.5,P,mae,0.7594237327575684
noised_data,150,0,0.5,P,mae,0.74498450756073
noised_data,151,0,0.5,P,mae,0.5918492078781128
noised_data,144,0,0.7,R,mse,0.640661358833313
noised_data,145,0,0.7,R,mse,0.662405252456665
noised_data,146,0,0.7,R,mse,0.40783870220184326
noised_data,147,0,0.7,R,mse,0.22417189180850983
noised_data,148,0,0.7,R,mse,0.452935129404068
noised_data,149,0,0.7,R,mse,0.7917741537094116
noised_data,150,0,0.7,R,mse,0.795093297958374
noised_data,151,0,0.7,R,mse,0.5228078961372375
noised_data,144,0,0.7,R,mae,0.592176079750061
noised_data,145,0,0.7,R,mae,0.6377230882644653
noised_data,146,0,0.7,R,mae,0.47937220335006714
noised_data,147,0,0.7,R,mae,0.3182762861251831
noised_data,148,0,0.7,R,mae,0.48721736669540405
noised_data,149,0,0.7,R,mae,0.7098079919815063
noised_data,150,0,0.7,R,mae,0.6977025270462036
noised_data,151,0,0.7,R,mae,0.5572999119758606
noised_data,144,0,0.7,P,mse,0.624561607837677
noised_data,145,0,0.7,P,mse,0.6632546186447144
noised_data,146,0,0.7,P,mse,0.3980054557323456
noised_data,147,0,0.7,P,mse,0.20448997616767883
noised_data,148,0,0.7,P,mse,0.49083200097084045
noised_data,149,0,0.7,P,mse,0.7935125827789307
noised_data,150,0,0.7,P,mse,0.752996563911438
noised_data,151,0,0.7,P,mse,0.5561888813972473
noised_data,144,0,0.7,P,mae,0.5833480954170227
noised_data,145,0,0.7,P,mae,0.6377871036529541
noised_data,146,0,0.7,P,mae,0.484080970287323
noised_data,147,0,0.7,P,mae,0.30960917472839355
noised_data,148,0,0.7,P,mae,0.5086579322814941
noised_data,149,0,0.7,P,mae,0.7064759135246277
noised_data,150,0,0.7,P,mae,0.6870523691177368
noised_data,151,0,0.7,P,mae,0.5565988421440125
noised_data,144,0,0.85,R,mse,0.5532291531562805
noised_data,145,0,0.85,R,mse,0.6423938870429993
noised_data,146,0,0.85,R,mse,0.5966306924819946
noised_data,147,0,0.85,R,mse,0.6659567356109619
noised_data,148,0,0.85,R,mse,0.5354945659637451
noised_data,149,0,0.85,R,mse,0.6134759187698364
noised_data,150,0,0.85,R,mse,0.7201321125030518
noised_data,151,0,0.85,R,mse,0.4989786744117737
noised_data,144,0,0.85,R,mae,0.5551468133926392
noised_data,145,0,0.85,R,mae,0.6446181535720825
noised_data,146,0,0.85,R,mae,0.559596061706543
noised_data,147,0,0.85,R,mae,0.5679539442062378
noised_data,148,0,0.85,R,mae,0.5334824323654175
noised_data,149,0,0.85,R,mae,0.6258238554000854
noised_data,150,0,0.85,R,mae,0.6630470156669617
noised_data,151,0,0.85,R,mae,0.5379619598388672
noised_data,144,0,0.85,P,mse,0.5346395969390869
noised_data,145,0,0.85,P,mse,0.7091978788375854
noised_data,146,0,0.85,P,mse,0.4755910634994507
noised_data,147,0,0.85,P,mse,0.6114399433135986
noised_data,148,0,0.85,P,mse,0.5297980308532715
noised_data,149,0,0.85,P,mse,0.6102040410041809
noised_data,150,0,0.85,P,mse,0.6731129288673401
noised_data,151,0,0.85,P,mse,0.5153582692146301
noised_data,144,0,0.85,P,mae,0.5524190664291382
noised_data,145,0,0.85,P,mae,0.6735308170318604
noised_data,146,0,0.85,P,mae,0.5460219383239746
noised_data,147,0,0.85,P,mae,0.5466160178184509
noised_data,148,0,0.85,P,mae,0.5378596782684326
noised_data,149,0,0.85,P,mae,0.6184705495834351
noised_data,150,0,0.85,P,mae,0.6439805030822754
noised_data,151,0,0.85,P,mae,0.5391883850097656
noised_data,144,0,0.95,R,mse,0.5097870826721191
noised_data,145,0,0.95,R,mse,0.5998103618621826
noised_data,146,0,0.95,R,mse,0.703899085521698
noised_data,147,0,0.95,R,mse,0.8380619287490845
noised_data,148,0,0.95,R,mse,0.5094516277313232
noised_data,149,0,0.95,R,mse,0.532863438129425
noised_data,150,0,0.95,R,mse,0.6624674201011658
noised_data,151,0,0.95,R,mse,0.6523715257644653
noised_data,144,0,0.95,R,mae,0.5438320636749268
noised_data,145,0,0.95,R,mae,0.6332027912139893
noised_data,146,0,0.95,R,mae,0.6417206525802612
noised_data,147,0,0.95,R,mae,0.7196943163871765
noised_data,148,0,0.95,R,mae,0.5346724987030029
noised_data,149,0,0.95,R,mae,0.5866320133209229
noised_data,150,0,0.95,R,mae,0.6249703764915466
noised_data,151,0,0.95,R,mae,0.6025097966194153
noised_data,144,0,0.95,P,mse,0.5326074361801147
noised_data,145,0,0.95,P,mse,0.6641813516616821
noised_data,146,0,0.95,P,mse,0.5859231352806091
noised_data,147,0,0.95,P,mse,0.7977072596549988
noised_data,148,0,0.95,P,mse,0.4965088367462158
noised_data,149,0,0.95,P,mse,0.5406793355941772
noised_data,150,0,0.95,P,mse,0.5924289226531982
noised_data,151,0,0.95,P,mse,0.6516921520233154
noised_data,144,0,0.95,P,mae,0.5620226263999939
noised_data,145,0,0.95,P,mae,0.6581600308418274
noised_data,146,0,0.95,P,mae,0.6235147714614868
noised_data,147,0,0.95,P,mae,0.7004166841506958
noised_data,148,0,0.95,P,mae,0.5304595232009888
noised_data,149,0,0.95,P,mae,0.585148811340332
noised_data,150,0,0.95,P,mae,0.5993503332138062
noised_data,151,0,0.95,P,mae,0.6177061796188354
noised_data,144,1,0.05,R,mse,1.0440682172775269
noised_data,145,1,0.05,R,mse,0.9219042062759399
noised_data,146,1,0.05,R,mse,1.0050137042999268
noised_data,147,1,0.05,R,mse,0.7545281648635864
noised_data,148,1,0.05,R,mse,0.8630696535110474
noised_data,149,1,0.05,R,mse,1.100595474243164
noised_data,150,1,0.05,R,mse,1.0398571491241455
noised_data,151,1,0.05,R,mse,1.046502947807312
noised_data,144,1,0.05,R,mae,0.8109832406044006
noised_data,145,1,0.05,R,mae,0.7669524550437927
noised_data,146,1,0.05,R,mae,0.8068786859512329
noised_data,147,1,0.05,R,mae,0.6940724849700928
noised_data,148,1,0.05,R,mae,0.737450122833252
noised_data,149,1,0.05,R,mae,0.8335429430007935
noised_data,150,1,0.05,R,mae,0.8135019540786743
noised_data,151,1,0.05,R,mae,0.81903076171875
noised_data,144,1,0.05,P,mse,1.0079307556152344
noised_data,145,1,0.05,P,mse,0.9317777156829834
noised_data,146,1,0.05,P,mse,0.9443923830986023
noised_data,147,1,0.05,P,mse,0.8271981477737427
noised_data,148,1,0.05,P,mse,0.7837749123573303
noised_data,149,1,0.05,P,mse,1.062546968460083
noised_data,150,1,0.05,P,mse,0.9947359561920166
noised_data,151,1,0.05,P,mse,1.0542510747909546
noised_data,144,1,0.05,P,mae,0.8017903566360474
noised_data,145,1,0.05,P,mae,0.7673197984695435
noised_data,146,1,0.05,P,mae,0.7707828283309937
noised_data,147,1,0.05,P,mae,0.729872465133667
noised_data,148,1,0.05,P,mae,0.7009499073028564
noised_data,149,1,0.05,P,mae,0.8269299268722534
noised_data,150,1,0.05,P,mae,0.8023097515106201
noised_data,151,1,0.05,P,mae,0.8206092119216919
noised_data,144,1,0.15,R,mse,0.9139581322669983
noised_data,145,1,0.15,R,mse,0.7317911982536316
noised_data,146,1,0.15,R,mse,0.7555425763130188
noised_data,147,1,0.15,R,mse,0.4468970000743866
noised_data,148,1,0.15,R,mse,0.5675421953201294
noised_data,149,1,0.15,R,mse,1.0804929733276367
noised_data,150,1,0.15,R,mse,0.9976754188537598
noised_data,151,1,0.15,R,mse,1.0145130157470703
noised_data,144,1,0.15,R,mae,0.7457872033119202
noised_data,145,1,0.15,R,mae,0.6738946437835693
noised_data,146,1,0.15,R,mae,0.6971502304077148
noised_data,147,1,0.15,R,mae,0.5210458636283875
noised_data,148,1,0.15,R,mae,0.5878322720527649
noised_data,149,1,0.15,R,mae,0.8235540986061096
noised_data,150,1,0.15,R,mae,0.7976832389831543
noised_data,151,1,0.15,R,mae,0.8000050783157349
noised_data,144,1,0.15,P,mse,0.8999699354171753
noised_data,145,1,0.15,P,mse,0.7273983955383301
noised_data,146,1,0.15,P,mse,0.7133103609085083
noised_data,147,1,0.15,P,mse,0.5182831287384033
noised_data,148,1,0.15,P,mse,0.5501471757888794
noised_data,149,1,0.15,P,mse,1.0443130731582642
noised_data,150,1,0.15,P,mse,0.9494628310203552
noised_data,151,1,0.15,P,mse,0.9890446662902832
noised_data,144,1,0.15,P,mae,0.7483487129211426
noised_data,145,1,0.15,P,mae,0.670444905757904
noised_data,146,1,0.15,P,mae,0.6644735336303711
noised_data,147,1,0.15,P,mae,0.5732637643814087
noised_data,148,1,0.15,P,mae,0.5733605623245239
noised_data,149,1,0.15,P,mae,0.8167911767959595
noised_data,150,1,0.15,P,mae,0.774872362613678
noised_data,151,1,0.15,P,mae,0.7852820158004761
noised_data,144,1,0.3,R,mse,0.8212560415267944
noised_data,145,1,0.3,R,mse,0.6483527421951294
noised_data,146,1,0.3,R,mse,0.5307482481002808
noised_data,147,1,0.3,R,mse,0.2568008601665497
noised_data,148,1,0.3,R,mse,0.41814303398132324
noised_data,149,1,0.3,R,mse,0.9940671324729919
noised_data,150,1,0.3,R,mse,0.9568020105361938
noised_data,151,1,0.3,R,mse,0.8609565496444702
noised_data,144,1,0.3,R,mae,0.6865925788879395
noised_data,145,1,0.3,R,mae,0.625194787979126
noised_data,146,1,0.3,R,mae,0.5774775743484497
noised_data,147,1,0.3,R,mae,0.37764400243759155
noised_data,148,1,0.3,R,mae,0.4880194365978241
noised_data,149,1,0.3,R,mae,0.7845480442047119
noised_data,150,1,0.3,R,mae,0.7714014649391174
noised_data,151,1,0.3,R,mae,0.7299677133560181
noised_data,144,1,0.3,P,mse,0.7963792681694031
noised_data,145,1,0.3,P,mse,0.6197566390037537
noised_data,146,1,0.3,P,mse,0.5061615705490112
noised_data,147,1,0.3,P,mse,0.30279695987701416
noised_data,148,1,0.3,P,mse,0.45676010847091675
noised_data,149,1,0.3,P,mse,0.9938113689422607
noised_data,150,1,0.3,P,mse,0.9174581170082092
noised_data,151,1,0.3,P,mse,0.7924689650535583
noised_data,144,1,0.3,P,mae,0.6898490786552429
noised_data,145,1,0.3,P,mae,0.604292631149292
noised_data,146,1,0.3,P,mae,0.5549115538597107
noised_data,147,1,0.3,P,mae,0.42677730321884155
noised_data,148,1,0.3,P,mae,0.5024275779724121
noised_data,149,1,0.3,P,mae,0.7949439287185669
noised_data,150,1,0.3,P,mae,0.7574937343597412
noised_data,151,1,0.3,P,mae,0.7003424763679504
noised_data,144,1,0.5,R,mse,0.7380300760269165
noised_data,145,1,0.5,R,mse,0.641934871673584
noised_data,146,1,0.5,R,mse,0.432503342628479
noised_data,147,1,0.5,R,mse,0.17485418915748596
noised_data,148,1,0.5,R,mse,0.461768239736557
noised_data,149,1,0.5,R,mse,0.9320428371429443
noised_data,150,1,0.5,R,mse,0.8992810249328613
noised_data,151,1,0.5,R,mse,0.5966018438339233
noised_data,144,1,0.5,R,mae,0.6356709003448486
noised_data,145,1,0.5,R,mae,0.6132181882858276
noised_data,146,1,0.5,R,mae,0.5044757127761841
noised_data,147,1,0.5,R,mae,0.293500691652298
noised_data,148,1,0.5,R,mae,0.4951982796192169
noised_data,149,1,0.5,R,mae,0.7622051239013672
noised_data,150,1,0.5,R,mae,0.7522012591362
noised_data,151,1,0.5,R,mae,0.5996906161308289
noised_data,144,1,0.5,P,mse,0.7464331984519958
noised_data,145,1,0.5,P,mse,0.6775332093238831
noised_data,146,1,0.5,P,mse,0.40277549624443054
noised_data,147,1,0.5,P,mse,0.21610119938850403
noised_data,148,1,0.5,P,mse,0.514933705329895
noised_data,149,1,0.5,P,mse,0.9527278542518616
noised_data,150,1,0.5,P,mse,0.8793467283248901
noised_data,151,1,0.5,P,mse,0.575527548789978
noised_data,144,1,0.5,P,mae,0.6494940519332886
noised_data,145,1,0.5,P,mae,0.6238243579864502
noised_data,146,1,0.5,P,mae,0.4860016703605652
noised_data,147,1,0.5,P,mae,0.3337280750274658
noised_data,148,1,0.5,P,mae,0.5191918611526489
noised_data,149,1,0.5,P,mae,0.7766693830490112
noised_data,150,1,0.5,P,mae,0.7372366189956665
noised_data,151,1,0.5,P,mae,0.5914313197135925
noised_data,144,1,0.7,R,mse,0.6131474375724792
noised_data,145,1,0.7,R,mse,0.6540093421936035
noised_data,146,1,0.7,R,mse,0.3791506588459015
noised_data,147,1,0.7,R,mse,0.17303431034088135
noised_data,148,1,0.7,R,mse,0.4689375162124634
noised_data,149,1,0.7,R,mse,0.788976788520813
noised_data,150,1,0.7,R,mse,0.7970610857009888
noised_data,151,1,0.7,R,mse,0.49979299306869507
noised_data,144,1,0.7,R,mae,0.5721389055252075
noised_data,145,1,0.7,R,mae,0.633651852607727
noised_data,146,1,0.7,R,mae,0.4722922742366791
noised_data,147,1,0.7,R,mae,0.284874826669693
noised_data,148,1,0.7,R,mae,0.49539679288864136
noised_data,149,1,0.7,R,mae,0.7067340612411499
noised_data,150,1,0.7,R,mae,0.7025769352912903
noised_data,151,1,0.7,R,mae,0.5496028065681458
noised_data,144,1,0.7,P,mse,0.6558562517166138
noised_data,145,1,0.7,P,mse,0.6617887616157532
noised_data,146,1,0.7,P,mse,0.41059839725494385
noised_data,147,1,0.7,P,mse,0.2607461214065552
noised_data,148,1,0.7,P,mse,0.4906463623046875
noised_data,149,1,0.7,P,mse,0.7909072041511536
noised_data,150,1,0.7,P,mse,0.7661945819854736
noised_data,151,1,0.7,P,mse,0.5801316499710083
noised_data,144,1,0.7,P,mae,0.6044423580169678
noised_data,145,1,0.7,P,mae,0.6368094086647034
noised_data,146,1,0.7,P,mae,0.4803836941719055
noised_data,147,1,0.7,P,mae,0.3469929099082947
noised_data,148,1,0.7,P,mae,0.5087611079216003
noised_data,149,1,0.7,P,mae,0.7067546248435974
noised_data,150,1,0.7,P,mae,0.688962459564209
noised_data,151,1,0.7,P,mae,0.5663132071495056
noised_data,144,1,0.85,R,mse,0.5022274255752563
noised_data,145,1,0.85,R,mse,0.6781536936759949
noised_data,146,1,0.85,R,mse,0.45391231775283813
noised_data,147,1,0.85,R,mse,0.5463935732841492
noised_data,148,1,0.85,R,mse,0.5143654942512512
noised_data,149,1,0.85,R,mse,0.6060973405838013
noised_data,150,1,0.85,R,mse,0.7125059366226196
noised_data,151,1,0.85,R,mse,0.48616155982017517
noised_data,144,1,0.85,R,mae,0.5328319072723389
noised_data,145,1,0.85,R,mae,0.6613402366638184
noised_data,146,1,0.85,R,mae,0.5327796339988708
noised_data,147,1,0.85,R,mae,0.5073361396789551
noised_data,148,1,0.85,R,mae,0.5196171998977661
noised_data,149,1,0.85,R,mae,0.6181420087814331
noised_data,150,1,0.85,R,mae,0.6652857661247253
noised_data,151,1,0.85,R,mae,0.5316882133483887
noised_data,144,1,0.85,P,mse,0.5863590836524963
noised_data,145,1,0.85,P,mse,0.6762354373931885
noised_data,146,1,0.85,P,mse,0.6239951252937317
noised_data,147,1,0.85,P,mse,0.7415990829467773
noised_data,148,1,0.85,P,mse,0.5354442596435547
noised_data,149,1,0.85,P,mse,0.6181046962738037
noised_data,150,1,0.85,P,mse,0.678382396697998
noised_data,151,1,0.85,P,mse,0.5312503576278687
noised_data,144,1,0.85,P,mae,0.5728427171707153
noised_data,145,1,0.85,P,mae,0.6591615080833435
noised_data,146,1,0.85,P,mae,0.574996829032898
noised_data,147,1,0.85,P,mae,0.6103734970092773
noised_data,148,1,0.85,P,mae,0.5428669452667236
noised_data,149,1,0.85,P,mae,0.6270257830619812
noised_data,150,1,0.85,P,mae,0.6415199041366577
noised_data,151,1,0.85,P,mae,0.5467172265052795
noised_data,144,1,0.95,R,mse,0.4850945472717285
noised_data,145,1,0.95,R,mse,0.6314035654067993
noised_data,146,1,0.95,R,mse,0.5915178060531616
noised_data,147,1,0.95,R,mse,0.6982581615447998
noised_data,148,1,0.95,R,mse,0.4995245039463043
noised_data,149,1,0.95,R,mse,0.5297487378120422
noised_data,150,1,0.95,R,mse,0.6384803652763367
noised_data,151,1,0.95,R,mse,0.6571084260940552
noised_data,144,1,0.95,R,mae,0.5376111268997192
noised_data,145,1,0.95,R,mae,0.6471596956253052
noised_data,146,1,0.95,R,mae,0.6205524802207947
noised_data,147,1,0.95,R,mae,0.6573976278305054
noised_data,148,1,0.95,R,mae,0.5246526598930359
noised_data,149,1,0.95,R,mae,0.5783808827400208
noised_data,150,1,0.95,R,mae,0.6214624643325806
noised_data,151,1,0.95,R,mae,0.6075153946876526
noised_data,144,1,0.95,P,mse,0.5572212934494019
noised_data,145,1,0.95,P,mse,0.6324619054794312
noised_data,146,1,0.95,P,mse,0.6980670690536499
noised_data,147,1,0.95,P,mse,0.9371182918548584
noised_data,148,1,0.95,P,mse,0.5042927861213684
noised_data,149,1,0.95,P,mse,0.5444027185440063
noised_data,150,1,0.95,P,mse,0.6191778182983398
noised_data,151,1,0.95,P,mse,0.6487974524497986
noised_data,144,1,0.95,P,mae,0.5676105618476868
noised_data,145,1,0.95,P,mae,0.6445518732070923
noised_data,146,1,0.95,P,mae,0.6443130970001221
noised_data,147,1,0.95,P,mae,0.7608768939971924
noised_data,148,1,0.95,P,mae,0.5375525951385498
noised_data,149,1,0.95,P,mae,0.5938344597816467
noised_data,150,1,0.95,P,mae,0.6049032807350159
noised_data,151,1,0.95,P,mae,0.613309383392334
noised_data,152,0,0.05,R,mse,1.0130853652954102
noised_data,153,0,0.05,R,mse,1.017775297164917
noised_data,154,0,0.05,R,mse,0.9658831357955933
noised_data,155,0,0.05,R,mse,1.0014129877090454
noised_data,156,0,0.05,R,mse,0.9897786974906921
noised_data,157,0,0.05,R,mse,1.0659286975860596
noised_data,158,0,0.05,R,mse,1.0041725635528564
noised_data,159,0,0.05,R,mse,0.9806975722312927
noised_data,152,0,0.05,R,mae,0.7912910580635071
noised_data,153,0,0.05,R,mae,0.8003606796264648
noised_data,154,0,0.05,R,mae,0.7759571671485901
noised_data,155,0,0.05,R,mae,0.7960805892944336
noised_data,156,0,0.05,R,mae,0.7948030233383179
noised_data,157,0,0.05,R,mae,0.8312659859657288
noised_data,158,0,0.05,R,mae,0.8004224300384521
noised_data,159,0,0.05,R,mae,0.7936520576477051
noised_data,152,0,0.05,P,mse,0.9755297899246216
noised_data,153,0,0.05,P,mse,0.9820955395698547
noised_data,154,0,0.05,P,mse,0.9649738073348999
noised_data,155,0,0.05,P,mse,0.9682007431983948
noised_data,156,0,0.05,P,mse,0.9542686343193054
noised_data,157,0,0.05,P,mse,1.0594968795776367
noised_data,158,0,0.05,P,mse,1.0097858905792236
noised_data,159,0,0.05,P,mse,1.0354121923446655
noised_data,152,0,0.05,P,mae,0.776997447013855
noised_data,153,0,0.05,P,mae,0.7918397188186646
noised_data,154,0,0.05,P,mae,0.7808424234390259
noised_data,155,0,0.05,P,mae,0.7850792407989502
noised_data,156,0,0.05,P,mae,0.777220606803894
noised_data,157,0,0.05,P,mae,0.823041558265686
noised_data,158,0,0.05,P,mae,0.7992929220199585
noised_data,159,0,0.05,P,mae,0.8018712997436523
noised_data,152,0,0.15,R,mse,0.8767307996749878
noised_data,153,0,0.15,R,mse,0.8963686227798462
noised_data,154,0,0.15,R,mse,0.862247884273529
noised_data,155,0,0.15,R,mse,0.9096038937568665
noised_data,156,0,0.15,R,mse,0.8845532536506653
noised_data,157,0,0.15,R,mse,1.0276117324829102
noised_data,158,0,0.15,R,mse,0.8960204124450684
noised_data,159,0,0.15,R,mse,0.9344826340675354
noised_data,152,0,0.15,R,mae,0.739325761795044
noised_data,153,0,0.15,R,mae,0.7468731999397278
noised_data,154,0,0.15,R,mae,0.72871333360672
noised_data,155,0,0.15,R,mae,0.7508639693260193
noised_data,156,0,0.15,R,mae,0.7459185719490051
noised_data,157,0,0.15,R,mae,0.8117812871932983
noised_data,158,0,0.15,R,mae,0.7470599412918091
noised_data,159,0,0.15,R,mae,0.7627568244934082
noised_data,152,0,0.15,P,mse,0.8689663410186768
noised_data,153,0,0.15,P,mse,0.8659725189208984
noised_data,154,0,0.15,P,mse,0.8097954988479614
noised_data,155,0,0.15,P,mse,0.8183396458625793
noised_data,156,0,0.15,P,mse,0.8763267397880554
noised_data,157,0,0.15,P,mse,1.0284767150878906
noised_data,158,0,0.15,P,mse,0.8860070705413818
noised_data,159,0,0.15,P,mse,0.9542752504348755
noised_data,152,0,0.15,P,mae,0.7377095222473145
noised_data,153,0,0.15,P,mae,0.7373056411743164
noised_data,154,0,0.15,P,mae,0.7030375003814697
noised_data,155,0,0.15,P,mae,0.7134464979171753
noised_data,156,0,0.15,P,mae,0.7348114252090454
noised_data,157,0,0.15,P,mae,0.8070703744888306
noised_data,158,0,0.15,P,mae,0.7449641227722168
noised_data,159,0,0.15,P,mae,0.7565202713012695
noised_data,152,0,0.3,R,mse,0.752912163734436
noised_data,153,0,0.3,R,mse,0.8190051317214966
noised_data,154,0,0.3,R,mse,0.8053207397460938
noised_data,155,0,0.3,R,mse,0.9084365963935852
noised_data,156,0,0.3,R,mse,0.800773561000824
noised_data,157,0,0.3,R,mse,0.9092305302619934
noised_data,158,0,0.3,R,mse,0.8126609325408936
noised_data,159,0,0.3,R,mse,0.8993004560470581
noised_data,152,0,0.3,R,mae,0.6775418519973755
noised_data,153,0,0.3,R,mae,0.7092704176902771
noised_data,154,0,0.3,R,mae,0.6872603893280029
noised_data,155,0,0.3,R,mae,0.7376800775527954
noised_data,156,0,0.3,R,mae,0.7061108946800232
noised_data,157,0,0.3,R,mae,0.762210488319397
noised_data,158,0,0.3,R,mae,0.7053635120391846
noised_data,159,0,0.3,R,mae,0.734184741973877
noised_data,152,0,0.3,P,mse,0.7690630555152893
noised_data,153,0,0.3,P,mse,0.8261530995368958
noised_data,154,0,0.3,P,mse,0.7481892704963684
noised_data,155,0,0.3,P,mse,0.7551587820053101
noised_data,156,0,0.3,P,mse,0.8069431781768799
noised_data,157,0,0.3,P,mse,0.8828598260879517
noised_data,158,0,0.3,P,mse,0.7857564687728882
noised_data,159,0,0.3,P,mse,0.9417351484298706
noised_data,152,0,0.3,P,mae,0.6910662055015564
noised_data,153,0,0.3,P,mae,0.702895998954773
noised_data,154,0,0.3,P,mae,0.6626421213150024
noised_data,155,0,0.3,P,mae,0.6765429973602295
noised_data,156,0,0.3,P,mae,0.7063183188438416
noised_data,157,0,0.3,P,mae,0.7447571754455566
noised_data,158,0,0.3,P,mae,0.690640926361084
noised_data,159,0,0.3,P,mae,0.7285668849945068
noised_data,152,0,0.5,R,mse,0.6760616302490234
noised_data,153,0,0.5,R,mse,0.8128658533096313
noised_data,154,0,0.5,R,mse,0.8129916191101074
noised_data,155,0,0.5,R,mse,0.8962689638137817
noised_data,156,0,0.5,R,mse,0.7554751634597778
noised_data,157,0,0.5,R,mse,0.7900451421737671
noised_data,158,0,0.5,R,mse,0.8466886878013611
noised_data,159,0,0.5,R,mse,0.9592366218566895
noised_data,152,0,0.5,R,mae,0.6369974613189697
noised_data,153,0,0.5,R,mae,0.7073764801025391
noised_data,154,0,0.5,R,mae,0.68967604637146
noised_data,155,0,0.5,R,mae,0.7423985600471497
noised_data,156,0,0.5,R,mae,0.6848428249359131
noised_data,157,0,0.5,R,mae,0.7125052213668823
noised_data,158,0,0.5,R,mae,0.7219668626785278
noised_data,159,0,0.5,R,mae,0.7608639597892761
noised_data,152,0,0.5,P,mse,0.6866987347602844
noised_data,153,0,0.5,P,mse,0.8087367415428162
noised_data,154,0,0.5,P,mse,0.7711477875709534
noised_data,155,0,0.5,P,mse,0.7735927700996399
noised_data,156,0,0.5,P,mse,0.7399681806564331
noised_data,157,0,0.5,P,mse,0.7769344449043274
noised_data,158,0,0.5,P,mse,0.7797510027885437
noised_data,159,0,0.5,P,mse,1.0156669616699219
noised_data,152,0,0.5,P,mae,0.6447253227233887
noised_data,153,0,0.5,P,mae,0.6857735514640808
noised_data,154,0,0.5,P,mae,0.668143630027771
noised_data,155,0,0.5,P,mae,0.6792175769805908
noised_data,156,0,0.5,P,mae,0.676254153251648
noised_data,157,0,0.5,P,mae,0.7007122039794922
noised_data,158,0,0.5,P,mae,0.6945592164993286
noised_data,159,0,0.5,P,mae,0.7624656558036804
noised_data,152,0,0.7,R,mse,0.6165785193443298
noised_data,153,0,0.7,R,mse,0.712689995765686
noised_data,154,0,0.7,R,mse,0.701443076133728
noised_data,155,0,0.7,R,mse,0.7603764533996582
noised_data,156,0,0.7,R,mse,0.7174081206321716
noised_data,157,0,0.7,R,mse,0.6730338931083679
noised_data,158,0,0.7,R,mse,0.7621260285377502
noised_data,159,0,0.7,R,mse,0.8211566209793091
noised_data,152,0,0.7,R,mae,0.6082151532173157
noised_data,153,0,0.7,R,mae,0.660081684589386
noised_data,154,0,0.7,R,mae,0.6505654454231262
noised_data,155,0,0.7,R,mae,0.687111496925354
noised_data,156,0,0.7,R,mae,0.6658402681350708
noised_data,157,0,0.7,R,mae,0.6529704928398132
noised_data,158,0,0.7,R,mae,0.6947250366210938
noised_data,159,0,0.7,R,mae,0.708101212978363
noised_data,152,0,0.7,P,mse,0.5802013278007507
noised_data,153,0,0.7,P,mse,0.6941189765930176
noised_data,154,0,0.7,P,mse,0.749130129814148
noised_data,155,0,0.7,P,mse,0.6710602641105652
noised_data,156,0,0.7,P,mse,0.6775994300842285
noised_data,157,0,0.7,P,mse,0.6243658065795898
noised_data,158,0,0.7,P,mse,0.7665301561355591
noised_data,159,0,0.7,P,mse,0.8511836528778076
noised_data,152,0,0.7,P,mae,0.592819333076477
noised_data,153,0,0.7,P,mae,0.6453344821929932
noised_data,154,0,0.7,P,mae,0.6778790354728699
noised_data,155,0,0.7,P,mae,0.6380058526992798
noised_data,156,0,0.7,P,mae,0.6405128240585327
noised_data,157,0,0.7,P,mae,0.6321125626564026
noised_data,158,0,0.7,P,mae,0.6922410726547241
noised_data,159,0,0.7,P,mae,0.7184807062149048
noised_data,152,0,0.85,R,mse,0.6677786707878113
noised_data,153,0,0.85,R,mse,0.6141247749328613
noised_data,154,0,0.85,R,mse,0.6970875859260559
noised_data,155,0,0.85,R,mse,0.8542961478233337
noised_data,156,0,0.85,R,mse,0.7338300347328186
noised_data,157,0,0.85,R,mse,0.65102219581604
noised_data,158,0,0.85,R,mse,0.6501476764678955
noised_data,159,0,0.85,R,mse,0.7336958646774292
noised_data,152,0,0.85,R,mae,0.6537123918533325
noised_data,153,0,0.85,R,mae,0.6166329383850098
noised_data,154,0,0.85,R,mae,0.6610088348388672
noised_data,155,0,0.85,R,mae,0.7468365430831909
noised_data,156,0,0.85,R,mae,0.6699967384338379
noised_data,157,0,0.85,R,mae,0.6299259066581726
noised_data,158,0,0.85,R,mae,0.6402869820594788
noised_data,159,0,0.85,R,mae,0.669982373714447
noised_data,152,0,0.85,P,mse,0.5951555371284485
noised_data,153,0,0.85,P,mse,0.6000043749809265
noised_data,154,0,0.85,P,mse,0.7001478672027588
noised_data,155,0,0.85,P,mse,0.7895488739013672
noised_data,156,0,0.85,P,mse,0.6340427994728088
noised_data,157,0,0.85,P,mse,0.5806643962860107
noised_data,158,0,0.85,P,mse,0.6600444316864014
noised_data,159,0,0.85,P,mse,0.7186041474342346
noised_data,152,0,0.85,P,mae,0.6219143271446228
noised_data,153,0,0.85,P,mae,0.6145992279052734
noised_data,154,0,0.85,P,mae,0.6718473434448242
noised_data,155,0,0.85,P,mae,0.7163164019584656
noised_data,156,0,0.85,P,mae,0.623292088508606
noised_data,157,0,0.85,P,mae,0.6064885854721069
noised_data,158,0,0.85,P,mae,0.6356770992279053
noised_data,159,0,0.85,P,mae,0.6720911860466003
noised_data,152,0,0.95,R,mse,0.8814828395843506
noised_data,153,0,0.95,R,mse,0.5149521827697754
noised_data,154,0,0.95,R,mse,0.6331419944763184
noised_data,155,0,0.95,R,mse,0.9195190668106079
noised_data,156,0,0.95,R,mse,0.7877342700958252
noised_data,157,0,0.95,R,mse,0.5318470001220703
noised_data,158,0,0.95,R,mse,0.6483908891677856
noised_data,159,0,0.95,R,mse,0.6220221519470215
noised_data,152,0,0.95,R,mae,0.7895406484603882
noised_data,153,0,0.95,R,mae,0.5642082095146179
noised_data,154,0,0.95,R,mae,0.62730872631073
noised_data,155,0,0.95,R,mae,0.7808897495269775
noised_data,156,0,0.95,R,mae,0.6959249973297119
noised_data,157,0,0.95,R,mae,0.545314371585846
noised_data,158,0,0.95,R,mae,0.6330021023750305
noised_data,159,0,0.95,R,mae,0.6172183156013489
noised_data,152,0,0.95,P,mse,0.8036906719207764
noised_data,153,0,0.95,P,mse,0.49178940057754517
noised_data,154,0,0.95,P,mse,0.6075067520141602
noised_data,155,0,0.95,P,mse,0.8809099197387695
noised_data,156,0,0.95,P,mse,0.7011052370071411
noised_data,157,0,0.95,P,mse,0.4355413317680359
noised_data,158,0,0.95,P,mse,0.6424437761306763
noised_data,159,0,0.95,P,mse,0.6015307903289795
noised_data,152,0,0.95,P,mae,0.756390392780304
noised_data,153,0,0.95,P,mae,0.5585286617279053
noised_data,154,0,0.95,P,mae,0.6215440630912781
noised_data,155,0,0.95,P,mae,0.7622720003128052
noised_data,156,0,0.95,P,mae,0.6447930335998535
noised_data,157,0,0.95,P,mae,0.5260236263275146
noised_data,158,0,0.95,P,mae,0.6184016466140747
noised_data,159,0,0.95,P,mae,0.6174905300140381
noised_data,152,1,0.05,R,mse,0.9842691421508789
noised_data,153,1,0.05,R,mse,1.011514663696289
noised_data,154,1,0.05,R,mse,0.9840028882026672
noised_data,155,1,0.05,R,mse,0.9922537803649902
noised_data,156,1,0.05,R,mse,0.9852486848831177
noised_data,157,1,0.05,R,mse,1.062778115272522
noised_data,158,1,0.05,R,mse,1.0252821445465088
noised_data,159,1,0.05,R,mse,1.0214256048202515
noised_data,152,1,0.05,R,mae,0.7759952545166016
noised_data,153,1,0.05,R,mae,0.8111076354980469
noised_data,154,1,0.05,R,mae,0.791953444480896
noised_data,155,1,0.05,R,mae,0.7928921580314636
noised_data,156,1,0.05,R,mae,0.7979260683059692
noised_data,157,1,0.05,R,mae,0.8287314176559448
noised_data,158,1,0.05,R,mae,0.8052107691764832
noised_data,159,1,0.05,R,mae,0.8072611093521118
noised_data,152,1,0.05,P,mse,1.0014342069625854
noised_data,153,1,0.05,P,mse,0.989264726638794
noised_data,154,1,0.05,P,mse,0.9476169943809509
noised_data,155,1,0.05,P,mse,0.9734250903129578
noised_data,156,1,0.05,P,mse,0.9574859738349915
noised_data,157,1,0.05,P,mse,1.0609235763549805
noised_data,158,1,0.05,P,mse,0.9994097352027893
noised_data,159,1,0.05,P,mse,0.9984064102172852
noised_data,152,1,0.05,P,mae,0.792443037033081
noised_data,153,1,0.05,P,mae,0.7808798551559448
noised_data,154,1,0.05,P,mae,0.7649478912353516
noised_data,155,1,0.05,P,mae,0.7891889810562134
noised_data,156,1,0.05,P,mae,0.7745081782341003
noised_data,157,1,0.05,P,mae,0.8255035877227783
noised_data,158,1,0.05,P,mae,0.8001068830490112
noised_data,159,1,0.05,P,mae,0.7890709042549133
noised_data,152,1,0.15,R,mse,0.8662070631980896
noised_data,153,1,0.15,R,mse,0.8851100206375122
noised_data,154,1,0.15,R,mse,0.8355667591094971
noised_data,155,1,0.15,R,mse,0.8657060265541077
noised_data,156,1,0.15,R,mse,0.897959291934967
noised_data,157,1,0.15,R,mse,1.0277893543243408
noised_data,158,1,0.15,R,mse,0.9040622711181641
noised_data,159,1,0.15,R,mse,0.9638501405715942
noised_data,152,1,0.15,R,mae,0.7302088737487793
noised_data,153,1,0.15,R,mae,0.751027524471283
noised_data,154,1,0.15,R,mae,0.7249290943145752
noised_data,155,1,0.15,R,mae,0.7317977547645569
noised_data,156,1,0.15,R,mae,0.7530578374862671
noised_data,157,1,0.15,R,mae,0.8107796311378479
noised_data,158,1,0.15,R,mae,0.749487042427063
noised_data,159,1,0.15,R,mae,0.7713168263435364
noised_data,152,1,0.15,P,mse,0.8792134523391724
noised_data,153,1,0.15,P,mse,0.8729279637336731
noised_data,154,1,0.15,P,mse,0.8310010433197021
noised_data,155,1,0.15,P,mse,0.8453152179718018
noised_data,156,1,0.15,P,mse,0.8563308715820312
noised_data,157,1,0.15,P,mse,1.0273518562316895
noised_data,158,1,0.15,P,mse,0.884987473487854
noised_data,159,1,0.15,P,mse,0.9195356369018555
noised_data,152,1,0.15,P,mae,0.7458691596984863
noised_data,153,1,0.15,P,mae,0.7304251194000244
noised_data,154,1,0.15,P,mae,0.703502893447876
noised_data,155,1,0.15,P,mae,0.7289152145385742
noised_data,156,1,0.15,P,mae,0.7270764112472534
noised_data,157,1,0.15,P,mae,0.808623194694519
noised_data,158,1,0.15,P,mae,0.7464390993118286
noised_data,159,1,0.15,P,mae,0.7438019514083862
noised_data,152,1,0.3,R,mse,0.7557469010353088
noised_data,153,1,0.3,R,mse,0.8163573741912842
noised_data,154,1,0.3,R,mse,0.8003613352775574
noised_data,155,1,0.3,R,mse,0.8384906649589539
noised_data,156,1,0.3,R,mse,0.8322579860687256
noised_data,157,1,0.3,R,mse,0.9000336527824402
noised_data,158,1,0.3,R,mse,0.8173321485519409
noised_data,159,1,0.3,R,mse,0.9254230856895447
noised_data,152,1,0.3,R,mae,0.6807454824447632
noised_data,153,1,0.3,R,mae,0.7083401679992676
noised_data,154,1,0.3,R,mae,0.6902757287025452
noised_data,155,1,0.3,R,mae,0.708107590675354
noised_data,156,1,0.3,R,mae,0.7168703079223633
noised_data,157,1,0.3,R,mae,0.7577776908874512
noised_data,158,1,0.3,R,mae,0.6993858814239502
noised_data,159,1,0.3,R,mae,0.7366339564323425
noised_data,152,1,0.3,P,mse,0.7693478465080261
noised_data,153,1,0.3,P,mse,0.8239254355430603
noised_data,154,1,0.3,P,mse,0.7651688456535339
noised_data,155,1,0.3,P,mse,0.8262592554092407
noised_data,156,1,0.3,P,mse,0.7773845195770264
noised_data,157,1,0.3,P,mse,0.8958887457847595
noised_data,158,1,0.3,P,mse,0.7812363505363464
noised_data,159,1,0.3,P,mse,0.9126915335655212
noised_data,152,1,0.3,P,mae,0.6872951984405518
noised_data,153,1,0.3,P,mae,0.7046875357627869
noised_data,154,1,0.3,P,mae,0.6662843823432922
noised_data,155,1,0.3,P,mae,0.7083349227905273
noised_data,156,1,0.3,P,mae,0.6949548721313477
noised_data,157,1,0.3,P,mae,0.7534828782081604
noised_data,158,1,0.3,P,mae,0.697226881980896
noised_data,159,1,0.3,P,mae,0.7222987413406372
noised_data,152,1,0.5,R,mse,0.6785207986831665
noised_data,153,1,0.5,R,mse,0.8039551973342896
noised_data,154,1,0.5,R,mse,0.8138043284416199
noised_data,155,1,0.5,R,mse,0.8492957949638367
noised_data,156,1,0.5,R,mse,0.7732149362564087
noised_data,157,1,0.5,R,mse,0.7897689342498779
noised_data,158,1,0.5,R,mse,0.8434923887252808
noised_data,159,1,0.5,R,mse,0.9841203689575195
noised_data,152,1,0.5,R,mae,0.6379849910736084
noised_data,153,1,0.5,R,mae,0.6921593546867371
noised_data,154,1,0.5,R,mae,0.6865262985229492
noised_data,155,1,0.5,R,mae,0.7175875306129456
noised_data,156,1,0.5,R,mae,0.689483642578125
noised_data,157,1,0.5,R,mae,0.7071051001548767
noised_data,158,1,0.5,R,mae,0.7193487882614136
noised_data,159,1,0.5,R,mae,0.765447735786438
noised_data,152,1,0.5,P,mse,0.6803303360939026
noised_data,153,1,0.5,P,mse,0.8188410401344299
noised_data,154,1,0.5,P,mse,0.7851633429527283
noised_data,155,1,0.5,P,mse,0.8030456304550171
noised_data,156,1,0.5,P,mse,0.7139980792999268
noised_data,157,1,0.5,P,mse,0.7744652628898621
noised_data,158,1,0.5,P,mse,0.7720134854316711
noised_data,159,1,0.5,P,mse,0.9789278507232666
noised_data,152,1,0.5,P,mae,0.6413846015930176
noised_data,153,1,0.5,P,mae,0.6995813846588135
noised_data,154,1,0.5,P,mae,0.677664041519165
noised_data,155,1,0.5,P,mae,0.6970582604408264
noised_data,156,1,0.5,P,mae,0.6657510995864868
noised_data,157,1,0.5,P,mae,0.7047017216682434
noised_data,158,1,0.5,P,mae,0.6937894225120544
noised_data,159,1,0.5,P,mae,0.7525933980941772
noised_data,152,1,0.7,R,mse,0.5897104144096375
noised_data,153,1,0.7,R,mse,0.6748409271240234
noised_data,154,1,0.7,R,mse,0.7004184722900391
noised_data,155,1,0.7,R,mse,0.7336124181747437
noised_data,156,1,0.7,R,mse,0.7269228100776672
noised_data,157,1,0.7,R,mse,0.6689391136169434
noised_data,158,1,0.7,R,mse,0.823056697845459
noised_data,159,1,0.7,R,mse,0.8164819478988647
noised_data,152,1,0.7,R,mae,0.5951721668243408
noised_data,153,1,0.7,R,mae,0.6406245231628418
noised_data,154,1,0.7,R,mae,0.6510955691337585
noised_data,155,1,0.7,R,mae,0.6675770878791809
noised_data,156,1,0.7,R,mae,0.6657630205154419
noised_data,157,1,0.7,R,mae,0.6567978262901306
noised_data,158,1,0.7,R,mae,0.7200578451156616
noised_data,159,1,0.7,R,mae,0.7053748369216919
noised_data,152,1,0.7,P,mse,0.6088190674781799
noised_data,153,1,0.7,P,mse,0.7326491475105286
noised_data,154,1,0.7,P,mse,0.7501343488693237
noised_data,155,1,0.7,P,mse,0.7018834352493286
noised_data,156,1,0.7,P,mse,0.6620010137557983
noised_data,157,1,0.7,P,mse,0.6307898163795471
noised_data,158,1,0.7,P,mse,0.7097023129463196
noised_data,159,1,0.7,P,mse,0.8410685062408447
noised_data,152,1,0.7,P,mae,0.6078572273254395
noised_data,153,1,0.7,P,mae,0.6657055616378784
noised_data,154,1,0.7,P,mae,0.6776875257492065
noised_data,155,1,0.7,P,mae,0.6590602397918701
noised_data,156,1,0.7,P,mae,0.6362570524215698
noised_data,157,1,0.7,P,mae,0.6297224760055542
noised_data,158,1,0.7,P,mae,0.6687933206558228
noised_data,159,1,0.7,P,mae,0.7130095958709717
noised_data,152,1,0.85,R,mse,0.618877112865448
noised_data,153,1,0.85,R,mse,0.5827717185020447
noised_data,154,1,0.85,R,mse,0.6520662307739258
noised_data,155,1,0.85,R,mse,0.8378327488899231
noised_data,156,1,0.85,R,mse,0.6979381442070007
noised_data,157,1,0.85,R,mse,0.6395431756973267
noised_data,158,1,0.85,R,mse,0.6888003349304199
noised_data,159,1,0.85,R,mse,0.6994684338569641
noised_data,152,1,0.85,R,mae,0.6353901624679565
noised_data,153,1,0.85,R,mae,0.6044714450836182
noised_data,154,1,0.85,R,mae,0.6401039361953735
noised_data,155,1,0.85,R,mae,0.7376358509063721
noised_data,156,1,0.85,R,mae,0.6553913354873657
noised_data,157,1,0.85,R,mae,0.6349205374717712
noised_data,158,1,0.85,R,mae,0.6575876474380493
noised_data,159,1,0.85,R,mae,0.6592198610305786
noised_data,152,1,0.85,P,mse,0.6562292575836182
noised_data,153,1,0.85,P,mse,0.6351068019866943
noised_data,154,1,0.85,P,mse,0.7427970767021179
noised_data,155,1,0.85,P,mse,0.8138294219970703
noised_data,156,1,0.85,P,mse,0.6708645820617676
noised_data,157,1,0.85,P,mse,0.5700768232345581
noised_data,158,1,0.85,P,mse,0.6212615966796875
noised_data,159,1,0.85,P,mse,0.7543953657150269
noised_data,152,1,0.85,P,mae,0.646728515625
noised_data,153,1,0.85,P,mae,0.6292741298675537
noised_data,154,1,0.85,P,mae,0.6923278570175171
noised_data,155,1,0.85,P,mae,0.7294402122497559
noised_data,156,1,0.85,P,mae,0.6382067203521729
noised_data,157,1,0.85,P,mae,0.5908417105674744
noised_data,158,1,0.85,P,mae,0.6184292435646057
noised_data,159,1,0.85,P,mae,0.6838746666908264
noised_data,152,1,0.95,R,mse,0.8276281952857971
noised_data,153,1,0.95,R,mse,0.47746068239212036
noised_data,154,1,0.95,R,mse,0.5860756635665894
noised_data,155,1,0.95,R,mse,0.9129889011383057
noised_data,156,1,0.95,R,mse,0.7350841164588928
noised_data,157,1,0.95,R,mse,0.5232843160629272
noised_data,158,1,0.95,R,mse,0.6652204990386963
noised_data,159,1,0.95,R,mse,0.5871809720993042
noised_data,152,1,0.95,R,mae,0.7666345834732056
noised_data,153,1,0.95,R,mae,0.5486690402030945
noised_data,154,1,0.95,R,mae,0.607876181602478
noised_data,155,1,0.95,R,mae,0.7752717733383179
noised_data,156,1,0.95,R,mae,0.6721441149711609
noised_data,157,1,0.95,R,mae,0.5543653964996338
noised_data,158,1,0.95,R,mae,0.6396421194076538
noised_data,159,1,0.95,R,mae,0.6056681871414185
noised_data,152,1,0.95,P,mse,0.8571421504020691
noised_data,153,1,0.95,P,mse,0.5284562706947327
noised_data,154,1,0.95,P,mse,0.6552771329879761
noised_data,155,1,0.95,P,mse,0.8896529674530029
noised_data,156,1,0.95,P,mse,0.7552578449249268
noised_data,157,1,0.95,P,mse,0.4392738938331604
noised_data,158,1,0.95,P,mse,0.6241846680641174
noised_data,159,1,0.95,P,mse,0.6383184194564819
noised_data,152,1,0.95,P,mae,0.7788538932800293
noised_data,153,1,0.95,P,mae,0.5736439228057861
noised_data,154,1,0.95,P,mae,0.6412788033485413
noised_data,155,1,0.95,P,mae,0.7691880464553833
noised_data,156,1,0.95,P,mae,0.6686326265335083
noised_data,157,1,0.95,P,mae,0.5139346122741699
noised_data,158,1,0.95,P,mae,0.6113650798797607
noised_data,159,1,0.95,P,mae,0.6302922964096069
noised_data,160,0,0.05,R,mse,0.9618383646011353
noised_data,161,0,0.05,R,mse,1.0400831699371338
noised_data,162,0,0.05,R,mse,1.0240497589111328
noised_data,163,0,0.05,R,mse,1.066666841506958
noised_data,164,0,0.05,R,mse,1.0584399700164795
noised_data,165,0,0.05,R,mse,1.0318739414215088
noised_data,166,0,0.05,R,mse,1.0149990320205688
noised_data,167,0,0.05,R,mse,1.0409153699874878
noised_data,160,0,0.05,R,mae,0.7827057838439941
noised_data,161,0,0.05,R,mae,0.8082080483436584
noised_data,162,0,0.05,R,mae,0.8083027601242065
noised_data,163,0,0.05,R,mae,0.8238558769226074
noised_data,164,0,0.05,R,mae,0.8244975209236145
noised_data,165,0,0.05,R,mae,0.8081172704696655
noised_data,166,0,0.05,R,mae,0.7990754246711731
noised_data,167,0,0.05,R,mae,0.8130700588226318
noised_data,160,0,0.05,P,mse,0.9572780728340149
noised_data,161,0,0.05,P,mse,0.9656088948249817
noised_data,162,0,0.05,P,mse,1.0443792343139648
noised_data,163,0,0.05,P,mse,1.0203962326049805
noised_data,164,0,0.05,P,mse,1.025031328201294
noised_data,165,0,0.05,P,mse,1.0547144412994385
noised_data,166,0,0.05,P,mse,0.9550085067749023
noised_data,167,0,0.05,P,mse,0.9776390790939331
noised_data,160,0,0.05,P,mae,0.7747121453285217
noised_data,161,0,0.05,P,mae,0.7842202186584473
noised_data,162,0,0.05,P,mae,0.8130953907966614
noised_data,163,0,0.05,P,mae,0.8123878240585327
noised_data,164,0,0.05,P,mae,0.8042181730270386
noised_data,165,0,0.05,P,mae,0.8165600895881653
noised_data,166,0,0.05,P,mae,0.7795975804328918
noised_data,167,0,0.05,P,mae,0.7942401170730591
noised_data,160,0,0.15,R,mse,0.7628282904624939
noised_data,161,0,0.15,R,mse,0.9586749076843262
noised_data,162,0,0.15,R,mse,0.936998188495636
noised_data,163,0,0.15,R,mse,1.0252556800842285
noised_data,164,0,0.15,R,mse,1.0576519966125488
noised_data,165,0,0.15,R,mse,0.9804012775421143
noised_data,166,0,0.15,R,mse,0.8144130706787109
noised_data,167,0,0.15,R,mse,1.0019593238830566
noised_data,160,0,0.15,R,mae,0.6866231560707092
noised_data,161,0,0.15,R,mae,0.7733323574066162
noised_data,162,0,0.15,R,mae,0.7669481635093689
noised_data,163,0,0.15,R,mae,0.8065062165260315
noised_data,164,0,0.15,R,mae,0.8232169151306152
noised_data,165,0,0.15,R,mae,0.7829190492630005
noised_data,166,0,0.15,R,mae,0.6997681856155396
noised_data,167,0,0.15,R,mae,0.7969030141830444
noised_data,160,0,0.15,P,mse,0.7834607362747192
noised_data,161,0,0.15,P,mse,0.8864876627922058
noised_data,162,0,0.15,P,mse,0.9322920441627502
noised_data,163,0,0.15,P,mse,0.965315580368042
noised_data,164,0,0.15,P,mse,1.0164637565612793
noised_data,165,0,0.15,P,mse,0.9765480160713196
noised_data,166,0,0.15,P,mse,0.7553723454475403
noised_data,167,0,0.15,P,mse,0.8960758447647095
noised_data,160,0,0.15,P,mae,0.6879400014877319
noised_data,161,0,0.15,P,mae,0.7461909055709839
noised_data,162,0,0.15,P,mae,0.7638784050941467
noised_data,163,0,0.15,P,mae,0.7807012796401978
noised_data,164,0,0.15,P,mae,0.8027393817901611
noised_data,165,0,0.15,P,mae,0.7788822054862976
noised_data,166,0,0.15,P,mae,0.6835254430770874
noised_data,167,0,0.15,P,mae,0.760441780090332
noised_data,160,0,0.3,R,mse,0.6612017750740051
noised_data,161,0,0.3,R,mse,0.8735289573669434
noised_data,162,0,0.3,R,mse,0.8793107867240906
noised_data,163,0,0.3,R,mse,0.9462260603904724
noised_data,164,0,0.3,R,mse,1.0150196552276611
noised_data,165,0,0.3,R,mse,1.043470025062561
noised_data,166,0,0.3,R,mse,0.6798402070999146
noised_data,167,0,0.3,R,mse,0.9157800674438477
noised_data,160,0,0.3,R,mae,0.6123431324958801
noised_data,161,0,0.3,R,mae,0.7341382503509521
noised_data,162,0,0.3,R,mae,0.7360028028488159
noised_data,163,0,0.3,R,mae,0.7749207019805908
noised_data,164,0,0.3,R,mae,0.7955864667892456
noised_data,165,0,0.3,R,mae,0.8047111630439758
noised_data,166,0,0.3,R,mae,0.6372212171554565
noised_data,167,0,0.3,R,mae,0.7603319883346558
noised_data,160,0,0.3,P,mse,0.672757089138031
noised_data,161,0,0.3,P,mse,0.7935598492622375
noised_data,162,0,0.3,P,mse,0.8621143102645874
noised_data,163,0,0.3,P,mse,0.8885064721107483
noised_data,164,0,0.3,P,mse,0.9561004042625427
noised_data,165,0,0.3,P,mse,0.996281623840332
noised_data,166,0,0.3,P,mse,0.6195598840713501
noised_data,167,0,0.3,P,mse,0.8690968751907349
noised_data,160,0,0.3,P,mae,0.6150721907615662
noised_data,161,0,0.3,P,mae,0.7076573371887207
noised_data,162,0,0.3,P,mae,0.7221916913986206
noised_data,163,0,0.3,P,mae,0.7400763034820557
noised_data,164,0,0.3,P,mae,0.7767912745475769
noised_data,165,0,0.3,P,mae,0.7839167714118958
noised_data,166,0,0.3,P,mae,0.6101334095001221
noised_data,167,0,0.3,P,mae,0.7354599237442017
noised_data,160,0,0.5,R,mse,0.6708665490150452
noised_data,161,0,0.5,R,mse,0.7787221670150757
noised_data,162,0,0.5,R,mse,0.8833675384521484
noised_data,163,0,0.5,R,mse,0.7884235978126526
noised_data,164,0,0.5,R,mse,0.8785552978515625
noised_data,165,0,0.5,R,mse,1.0142061710357666
noised_data,166,0,0.5,R,mse,0.6025471687316895
noised_data,167,0,0.5,R,mse,0.7917559146881104
noised_data,160,0,0.5,R,mae,0.5920038223266602
noised_data,161,0,0.5,R,mae,0.6891641616821289
noised_data,162,0,0.5,R,mae,0.7367173433303833
noised_data,163,0,0.5,R,mae,0.7064897418022156
noised_data,164,0,0.5,R,mae,0.7317320108413696
noised_data,165,0,0.5,R,mae,0.7939072847366333
noised_data,166,0,0.5,R,mae,0.588545024394989
noised_data,167,0,0.5,R,mae,0.7019859552383423
noised_data,160,0,0.5,P,mse,0.6224763989448547
noised_data,161,0,0.5,P,mse,0.7468094825744629
noised_data,162,0,0.5,P,mse,0.856492817401886
noised_data,163,0,0.5,P,mse,0.7667609453201294
noised_data,164,0,0.5,P,mse,0.8956649303436279
noised_data,165,0,0.5,P,mse,0.9537415504455566
noised_data,166,0,0.5,P,mse,0.5581862926483154
noised_data,167,0,0.5,P,mse,0.8796311616897583
noised_data,160,0,0.5,P,mae,0.5770581960678101
noised_data,161,0,0.5,P,mae,0.6767528057098389
noised_data,162,0,0.5,P,mae,0.7145010828971863
noised_data,163,0,0.5,P,mae,0.6951795816421509
noised_data,164,0,0.5,P,mae,0.7415351867675781
noised_data,165,0,0.5,P,mae,0.7738220691680908
noised_data,166,0,0.5,P,mae,0.5790648460388184
noised_data,167,0,0.5,P,mae,0.7265352010726929
noised_data,160,0,0.7,R,mse,0.55959153175354
noised_data,161,0,0.7,R,mse,0.6274151802062988
noised_data,162,0,0.7,R,mse,0.7533193826675415
noised_data,163,0,0.7,R,mse,0.6314288377761841
noised_data,164,0,0.7,R,mse,0.7395224571228027
noised_data,165,0,0.7,R,mse,0.8217135667800903
noised_data,166,0,0.7,R,mse,0.634580135345459
noised_data,167,0,0.7,R,mse,0.7187614440917969
noised_data,160,0,0.7,R,mae,0.5499327778816223
noised_data,161,0,0.7,R,mae,0.6203964948654175
noised_data,162,0,0.7,R,mae,0.6746534705162048
noised_data,163,0,0.7,R,mae,0.6311752200126648
noised_data,164,0,0.7,R,mae,0.666694164276123
noised_data,165,0,0.7,R,mae,0.718413233757019
noised_data,166,0,0.7,R,mae,0.5846951007843018
noised_data,167,0,0.7,R,mae,0.6705896854400635
noised_data,160,0,0.7,P,mse,0.5814931392669678
noised_data,161,0,0.7,P,mse,0.6334403157234192
noised_data,162,0,0.7,P,mse,0.7693161964416504
noised_data,163,0,0.7,P,mse,0.6561756134033203
noised_data,164,0,0.7,P,mse,0.7277784943580627
noised_data,165,0,0.7,P,mse,0.7509176731109619
noised_data,166,0,0.7,P,mse,0.6005552411079407
noised_data,167,0,0.7,P,mse,0.7905364036560059
noised_data,160,0,0.7,P,mae,0.5625436305999756
noised_data,161,0,0.7,P,mae,0.624920129776001
noised_data,162,0,0.7,P,mae,0.6890650987625122
noised_data,163,0,0.7,P,mae,0.6419274210929871
noised_data,164,0,0.7,P,mae,0.6665899753570557
noised_data,165,0,0.7,P,mae,0.6889835596084595
noised_data,166,0,0.7,P,mae,0.597736656665802
noised_data,167,0,0.7,P,mae,0.690808892250061
noised_data,160,0,0.85,R,mse,0.5259889960289001
noised_data,161,0,0.85,R,mse,0.5715951323509216
noised_data,162,0,0.85,R,mse,0.6846064329147339
noised_data,163,0,0.85,R,mse,0.5944056510925293
noised_data,164,0,0.85,R,mse,0.6888487339019775
noised_data,165,0,0.85,R,mse,0.670993447303772
noised_data,166,0,0.85,R,mse,0.733529806137085
noised_data,167,0,0.85,R,mse,0.6218211650848389
noised_data,160,0,0.85,R,mae,0.55245041847229
noised_data,161,0,0.85,R,mae,0.5864742994308472
noised_data,162,0,0.85,R,mae,0.6472436189651489
noised_data,163,0,0.85,R,mae,0.617894172668457
noised_data,164,0,0.85,R,mae,0.6336987018585205
noised_data,165,0,0.85,R,mae,0.6536662578582764
noised_data,166,0,0.85,R,mae,0.6804441213607788
noised_data,167,0,0.85,R,mae,0.6307317018508911
noised_data,160,0,0.85,P,mse,0.5217980742454529
noised_data,161,0,0.85,P,mse,0.5725034475326538
noised_data,162,0,0.85,P,mse,0.7495430707931519
noised_data,163,0,0.85,P,mse,0.6021604537963867
noised_data,164,0,0.85,P,mse,0.6661263704299927
noised_data,165,0,0.85,P,mse,0.6251780986785889
noised_data,166,0,0.85,P,mse,0.7011719346046448
noised_data,167,0,0.85,P,mse,0.660040020942688
noised_data,160,0,0.85,P,mae,0.5533499717712402
noised_data,161,0,0.85,P,mae,0.598798394203186
noised_data,162,0,0.85,P,mae,0.6854580640792847
noised_data,163,0,0.85,P,mae,0.6167294383049011
noised_data,164,0,0.85,P,mae,0.62404865026474
noised_data,165,0,0.85,P,mae,0.6299982070922852
noised_data,166,0,0.85,P,mae,0.665826141834259
noised_data,167,0,0.85,P,mae,0.6371222138404846
noised_data,160,0,0.95,R,mse,0.4153488278388977
noised_data,161,0,0.95,R,mse,0.5100327730178833
noised_data,162,0,0.95,R,mse,0.7368414402008057
noised_data,163,0,0.95,R,mse,0.5675774812698364
noised_data,164,0,0.95,R,mse,0.6451006531715393
noised_data,165,0,0.95,R,mse,0.5998274087905884
noised_data,166,0,0.95,R,mse,0.6661027073860168
noised_data,167,0,0.95,R,mse,0.5257818698883057
noised_data,160,0,0.95,R,mae,0.4839050769805908
noised_data,161,0,0.95,R,mae,0.5570517182350159
noised_data,162,0,0.95,R,mae,0.6622329950332642
noised_data,163,0,0.95,R,mae,0.5908889174461365
noised_data,164,0,0.95,R,mae,0.6094964742660522
noised_data,165,0,0.95,R,mae,0.6231560707092285
noised_data,166,0,0.95,R,mae,0.6640329360961914
noised_data,167,0,0.95,R,mae,0.579973578453064
noised_data,160,0,0.95,P,mse,0.42027026414871216
noised_data,161,0,0.95,P,mse,0.5267049670219421
noised_data,162,0,0.95,P,mse,0.819994330406189
noised_data,163,0,0.95,P,mse,0.6000128984451294
noised_data,164,0,0.95,P,mse,0.6356450319290161
noised_data,165,0,0.95,P,mse,0.5770624876022339
noised_data,166,0,0.95,P,mse,0.650608241558075
noised_data,167,0,0.95,P,mse,0.5681400895118713
noised_data,160,0,0.95,P,mae,0.49064281582832336
noised_data,161,0,0.95,P,mae,0.5753360986709595
noised_data,162,0,0.95,P,mae,0.7037577629089355
noised_data,163,0,0.95,P,mae,0.6056181788444519
noised_data,164,0,0.95,P,mae,0.6037610173225403
noised_data,165,0,0.95,P,mae,0.6103167533874512
noised_data,166,0,0.95,P,mae,0.657264232635498
noised_data,167,0,0.95,P,mae,0.590901255607605
noised_data,160,1,0.05,R,mse,0.9524521827697754
noised_data,161,1,0.05,R,mse,1.019402265548706
noised_data,162,1,0.05,R,mse,1.072183609008789
noised_data,163,1,0.05,R,mse,1.0109219551086426
noised_data,164,1,0.05,R,mse,1.0589524507522583
noised_data,165,1,0.05,R,mse,1.0495164394378662
noised_data,166,1,0.05,R,mse,1.0125831365585327
noised_data,167,1,0.05,R,mse,0.9560933113098145
noised_data,160,1,0.05,R,mae,0.7749602794647217
noised_data,161,1,0.05,R,mae,0.8060016632080078
noised_data,162,1,0.05,R,mae,0.8244302272796631
noised_data,163,1,0.05,R,mae,0.8023769855499268
noised_data,164,1,0.05,R,mae,0.8256196975708008
noised_data,165,1,0.05,R,mae,0.8173059821128845
noised_data,166,1,0.05,R,mae,0.8003432750701904
noised_data,167,1,0.05,R,mae,0.7773017883300781
noised_data,160,1,0.05,P,mse,0.9684763550758362
noised_data,161,1,0.05,P,mse,0.9869678020477295
noised_data,162,1,0.05,P,mse,0.9895756840705872
noised_data,163,1,0.05,P,mse,1.0743319988250732
noised_data,164,1,0.05,P,mse,1.024448275566101
noised_data,165,1,0.05,P,mse,1.0395396947860718
noised_data,166,1,0.05,P,mse,0.9602901339530945
noised_data,167,1,0.05,P,mse,1.064003586769104
noised_data,160,1,0.05,P,mae,0.7849971055984497
noised_data,161,1,0.05,P,mae,0.7893907427787781
noised_data,162,1,0.05,P,mae,0.7959541082382202
noised_data,163,1,0.05,P,mae,0.8319822549819946
noised_data,164,1,0.05,P,mae,0.8035030364990234
noised_data,165,1,0.05,P,mae,0.8098788857460022
noised_data,166,1,0.05,P,mae,0.7801945209503174
noised_data,167,1,0.05,P,mae,0.8314098119735718
noised_data,160,1,0.15,R,mse,0.7826502323150635
noised_data,161,1,0.15,R,mse,0.9345539808273315
noised_data,162,1,0.15,R,mse,0.95582515001297
noised_data,163,1,0.15,R,mse,0.9559670090675354
noised_data,164,1,0.15,R,mse,1.0521442890167236
noised_data,165,1,0.15,R,mse,0.9819025993347168
noised_data,166,1,0.15,R,mse,0.813067615032196
noised_data,167,1,0.15,R,mse,0.9171814322471619
noised_data,160,1,0.15,R,mae,0.6907270550727844
noised_data,161,1,0.15,R,mae,0.7656009197235107
noised_data,162,1,0.15,R,mae,0.7712042331695557
noised_data,163,1,0.15,R,mae,0.7780593633651733
noised_data,164,1,0.15,R,mae,0.8231456279754639
noised_data,165,1,0.15,R,mae,0.7846279144287109
noised_data,166,1,0.15,R,mae,0.7074693441390991
noised_data,167,1,0.15,R,mae,0.7696922421455383
noised_data,160,1,0.15,P,mse,0.7621880769729614
noised_data,161,1,0.15,P,mse,0.9176998138427734
noised_data,162,1,0.15,P,mse,0.9054916501045227
noised_data,163,1,0.15,P,mse,1.0344359874725342
noised_data,164,1,0.15,P,mse,1.0255303382873535
noised_data,165,1,0.15,P,mse,0.9691925048828125
noised_data,166,1,0.15,P,mse,0.7617568969726562
noised_data,167,1,0.15,P,mse,0.9787019491195679
noised_data,160,1,0.15,P,mae,0.681198000907898
noised_data,161,1,0.15,P,mae,0.7602807283401489
noised_data,162,1,0.15,P,mae,0.7536717653274536
noised_data,163,1,0.15,P,mae,0.8083771467208862
noised_data,164,1,0.15,P,mae,0.8052982091903687
noised_data,165,1,0.15,P,mae,0.7764529585838318
noised_data,166,1,0.15,P,mae,0.6789168119430542
noised_data,167,1,0.15,P,mae,0.7872509956359863
noised_data,160,1,0.3,R,mse,0.6835152506828308
noised_data,161,1,0.3,R,mse,0.8383538722991943
noised_data,162,1,0.3,R,mse,0.8588354587554932
noised_data,163,1,0.3,R,mse,0.8863446712493896
noised_data,164,1,0.3,R,mse,0.9993909001350403
noised_data,165,1,0.3,R,mse,1.0198500156402588
noised_data,166,1,0.3,R,mse,0.6505458354949951
noised_data,167,1,0.3,R,mse,0.8773197531700134
noised_data,160,1,0.3,R,mae,0.6192108392715454
noised_data,161,1,0.3,R,mae,0.7259111404418945
noised_data,162,1,0.3,R,mae,0.7299505472183228
noised_data,163,1,0.3,R,mae,0.7492649555206299
noised_data,164,1,0.3,R,mae,0.7954018712043762
noised_data,165,1,0.3,R,mae,0.797906756401062
noised_data,166,1,0.3,R,mae,0.6275737285614014
noised_data,167,1,0.3,R,mae,0.7501201629638672
noised_data,160,1,0.3,P,mse,0.650193452835083
noised_data,161,1,0.3,P,mse,0.8284643888473511
noised_data,162,1,0.3,P,mse,0.8807626962661743
noised_data,163,1,0.3,P,mse,0.9438900947570801
noised_data,164,1,0.3,P,mse,0.9731437563896179
noised_data,165,1,0.3,P,mse,1.0124837160110474
noised_data,166,1,0.3,P,mse,0.650007963180542
noised_data,167,1,0.3,P,mse,0.8954076766967773
noised_data,160,1,0.3,P,mae,0.6084896326065063
noised_data,161,1,0.3,P,mae,0.7159515619277954
noised_data,162,1,0.3,P,mae,0.7273284196853638
noised_data,163,1,0.3,P,mae,0.7638973593711853
noised_data,164,1,0.3,P,mae,0.7764148712158203
noised_data,165,1,0.3,P,mae,0.7875109910964966
noised_data,166,1,0.3,P,mae,0.619005560874939
noised_data,167,1,0.3,P,mae,0.7418881058692932
noised_data,160,1,0.5,R,mse,0.6664487719535828
noised_data,161,1,0.5,R,mse,0.7723671197891235
noised_data,162,1,0.5,R,mse,0.834629476070404
noised_data,163,1,0.5,R,mse,0.75494384765625
noised_data,164,1,0.5,R,mse,0.8989583849906921
noised_data,165,1,0.5,R,mse,0.9993929862976074
noised_data,166,1,0.5,R,mse,0.5684025287628174
noised_data,167,1,0.5,R,mse,0.8457484245300293
noised_data,160,1,0.5,R,mae,0.5870673060417175
noised_data,161,1,0.5,R,mae,0.6887209415435791
noised_data,162,1,0.5,R,mae,0.712269127368927
noised_data,163,1,0.5,R,mae,0.6937673687934875
noised_data,164,1,0.5,R,mae,0.7431929111480713
noised_data,165,1,0.5,R,mae,0.7958635687828064
noised_data,166,1,0.5,R,mae,0.583186149597168
noised_data,167,1,0.5,R,mae,0.7272495031356812
noised_data,160,1,0.5,P,mse,0.6198737621307373
noised_data,161,1,0.5,P,mse,0.7620031237602234
noised_data,162,1,0.5,P,mse,0.8999338746070862
noised_data,163,1,0.5,P,mse,0.7971388697624207
noised_data,164,1,0.5,P,mse,0.8694067001342773
noised_data,165,1,0.5,P,mse,0.9799903035163879
noised_data,166,1,0.5,P,mse,0.5950477719306946
noised_data,167,1,0.5,P,mse,0.8279531598091125
noised_data,160,1,0.5,P,mae,0.5778210163116455
noised_data,161,1,0.5,P,mae,0.6785200238227844
noised_data,162,1,0.5,P,mae,0.7376678586006165
noised_data,163,1,0.5,P,mae,0.7072296142578125
noised_data,164,1,0.5,P,mae,0.726225733757019
noised_data,165,1,0.5,P,mae,0.777335524559021
noised_data,166,1,0.5,P,mae,0.5854305624961853
noised_data,167,1,0.5,P,mae,0.7041958570480347
noised_data,160,1,0.7,R,mse,0.5603660941123962
noised_data,161,1,0.7,R,mse,0.6311017274856567
noised_data,162,1,0.7,R,mse,0.7094199061393738
noised_data,163,1,0.7,R,mse,0.6544392108917236
noised_data,164,1,0.7,R,mse,0.7627208232879639
noised_data,165,1,0.7,R,mse,0.7901687622070312
noised_data,166,1,0.7,R,mse,0.5912636518478394
noised_data,167,1,0.7,R,mse,0.7741130590438843
noised_data,160,1,0.7,R,mae,0.5551847219467163
noised_data,161,1,0.7,R,mae,0.6234909296035767
noised_data,162,1,0.7,R,mae,0.6574475765228271
noised_data,163,1,0.7,R,mae,0.6354629397392273
noised_data,164,1,0.7,R,mae,0.6770585775375366
noised_data,165,1,0.7,R,mae,0.7072200179100037
noised_data,166,1,0.7,R,mae,0.5889267921447754
noised_data,167,1,0.7,R,mae,0.6924118995666504
noised_data,160,1,0.7,P,mse,0.5772731304168701
noised_data,161,1,0.7,P,mse,0.6311206817626953
noised_data,162,1,0.7,P,mse,0.8165619373321533
noised_data,163,1,0.7,P,mse,0.6380537152290344
noised_data,164,1,0.7,P,mse,0.708560049533844
noised_data,165,1,0.7,P,mse,0.7776662111282349
noised_data,166,1,0.7,P,mse,0.6465768814086914
noised_data,167,1,0.7,P,mse,0.7391661405563354
noised_data,160,1,0.7,P,mae,0.5569851398468018
noised_data,161,1,0.7,P,mae,0.6214393377304077
noised_data,162,1,0.7,P,mae,0.7073705196380615
noised_data,163,1,0.7,P,mae,0.6406053900718689
noised_data,164,1,0.7,P,mae,0.6567720174789429
noised_data,165,1,0.7,P,mae,0.6977459788322449
noised_data,166,1,0.7,P,mae,0.595421314239502
noised_data,167,1,0.7,P,mae,0.6715125441551208
noised_data,160,1,0.85,R,mse,0.5162177085876465
noised_data,161,1,0.85,R,mse,0.5771827101707458
noised_data,162,1,0.85,R,mse,0.6694070100784302
noised_data,163,1,0.85,R,mse,0.622286319732666
noised_data,164,1,0.85,R,mse,0.7287629842758179
noised_data,165,1,0.85,R,mse,0.6456872224807739
noised_data,166,1,0.85,R,mse,0.7055121660232544
noised_data,167,1,0.85,R,mse,0.6521857976913452
noised_data,160,1,0.85,R,mae,0.5503886342048645
noised_data,161,1,0.85,R,mae,0.5896115899085999
noised_data,162,1,0.85,R,mae,0.6425998210906982
noised_data,163,1,0.85,R,mae,0.625001847743988
noised_data,164,1,0.85,R,mae,0.649638295173645
noised_data,165,1,0.85,R,mae,0.6435181498527527
noised_data,166,1,0.85,R,mae,0.6785411238670349
noised_data,167,1,0.85,R,mae,0.637852668762207
noised_data,160,1,0.85,P,mse,0.5275412797927856
noised_data,161,1,0.85,P,mse,0.5643737316131592
noised_data,162,1,0.85,P,mse,0.7609883546829224
noised_data,163,1,0.85,P,mse,0.5781145095825195
noised_data,164,1,0.85,P,mse,0.6193679571151733
noised_data,165,1,0.85,P,mse,0.6504700779914856
noised_data,166,1,0.85,P,mse,0.7268813848495483
noised_data,167,1,0.85,P,mse,0.6311939358711243
noised_data,160,1,0.85,P,mae,0.5525531768798828
noised_data,161,1,0.85,P,mae,0.5940076112747192
noised_data,162,1,0.85,P,mae,0.687181830406189
noised_data,163,1,0.85,P,mae,0.6119117140769958
noised_data,164,1,0.85,P,mae,0.6041635274887085
noised_data,165,1,0.85,P,mae,0.6410773992538452
noised_data,166,1,0.85,P,mae,0.6662067174911499
noised_data,167,1,0.85,P,mae,0.6303795576095581
noised_data,160,1,0.95,R,mse,0.4143626093864441
noised_data,161,1,0.95,R,mse,0.531396746635437
noised_data,162,1,0.95,R,mse,0.7367532253265381
noised_data,163,1,0.95,R,mse,0.5976344347000122
noised_data,164,1,0.95,R,mse,0.70714271068573
noised_data,165,1,0.95,R,mse,0.5841503143310547
noised_data,166,1,0.95,R,mse,0.6570744514465332
noised_data,167,1,0.95,R,mse,0.5546685457229614
noised_data,160,1,0.95,R,mae,0.48772722482681274
noised_data,161,1,0.95,R,mae,0.5654833912849426
noised_data,162,1,0.95,R,mae,0.6650797128677368
noised_data,163,1,0.95,R,mae,0.6024083495140076
noised_data,164,1,0.95,R,mae,0.6395561695098877
noised_data,165,1,0.95,R,mae,0.6178330779075623
noised_data,166,1,0.95,R,mae,0.6673903465270996
noised_data,167,1,0.95,R,mae,0.5898247957229614
noised_data,160,1,0.95,P,mse,0.4222950041294098
noised_data,161,1,0.95,P,mse,0.5053136944770813
noised_data,162,1,0.95,P,mse,0.8177825212478638
noised_data,163,1,0.95,P,mse,0.5732265710830688
noised_data,164,1,0.95,P,mse,0.5835325717926025
noised_data,165,1,0.95,P,mse,0.5939172506332397
noised_data,166,1,0.95,P,mse,0.6594530344009399
noised_data,167,1,0.95,P,mse,0.5379396677017212
noised_data,160,1,0.95,P,mae,0.4864620864391327
noised_data,161,1,0.95,P,mae,0.5673638582229614
noised_data,162,1,0.95,P,mae,0.6995431184768677
noised_data,163,1,0.95,P,mae,0.5955137014389038
noised_data,164,1,0.95,P,mae,0.5774664878845215
noised_data,165,1,0.95,P,mae,0.6160334348678589
noised_data,166,1,0.95,P,mae,0.6533963084220886
noised_data,167,1,0.95,P,mae,0.5801136493682861
noised_data,168,0,0.05,R,mse,1.031219244003296
noised_data,169,0,0.05,R,mse,0.8948469161987305
noised_data,170,0,0.05,R,mse,1.0354958772659302
noised_data,171,0,0.05,R,mse,0.9811539649963379
noised_data,172,0,0.05,R,mse,0.8837306499481201
noised_data,173,0,0.05,R,mse,0.9588383436203003
noised_data,174,0,0.05,R,mse,0.7798237800598145
noised_data,175,0,0.05,R,mse,0.9798027873039246
noised_data,168,0,0.05,R,mae,0.8105490803718567
noised_data,169,0,0.05,R,mae,0.7535985112190247
noised_data,170,0,0.05,R,mae,0.8082336783409119
noised_data,171,0,0.05,R,mae,0.7860649824142456
noised_data,172,0,0.05,R,mae,0.7466774582862854
noised_data,173,0,0.05,R,mae,0.7880791425704956
noised_data,174,0,0.05,R,mae,0.6569634675979614
noised_data,175,0,0.05,R,mae,0.789266049861908
noised_data,168,0,0.05,P,mse,1.037426233291626
noised_data,169,0,0.05,P,mse,0.8735688924789429
noised_data,170,0,0.05,P,mse,1.029531478881836
noised_data,171,0,0.05,P,mse,0.962167501449585
noised_data,172,0,0.05,P,mse,0.9210618734359741
noised_data,173,0,0.05,P,mse,0.97818523645401
noised_data,174,0,0.05,P,mse,0.7765055298805237
noised_data,175,0,0.05,P,mse,0.9606981873512268
noised_data,168,0,0.05,P,mae,0.8050673007965088
noised_data,169,0,0.05,P,mae,0.751609206199646
noised_data,170,0,0.05,P,mae,0.8114839792251587
noised_data,171,0,0.05,P,mae,0.7802553176879883
noised_data,172,0,0.05,P,mae,0.7625954747200012
noised_data,173,0,0.05,P,mae,0.7929661273956299
noised_data,174,0,0.05,P,mae,0.6719332933425903
noised_data,175,0,0.05,P,mae,0.7763256430625916
noised_data,168,0,0.15,R,mse,0.9920703172683716
noised_data,169,0,0.15,R,mse,0.6466482281684875
noised_data,170,0,0.15,R,mse,0.9558087587356567
noised_data,171,0,0.15,R,mse,0.8762933611869812
noised_data,172,0,0.15,R,mse,0.5718114376068115
noised_data,173,0,0.15,R,mse,0.8196380138397217
noised_data,174,0,0.15,R,mse,0.6751096248626709
noised_data,175,0,0.15,R,mse,0.8463664650917053
noised_data,168,0,0.15,R,mae,0.7890426516532898
noised_data,169,0,0.15,R,mae,0.6262149810791016
noised_data,170,0,0.15,R,mae,0.7753784656524658
noised_data,171,0,0.15,R,mae,0.7386541366577148
noised_data,172,0,0.15,R,mae,0.5957772731781006
noised_data,173,0,0.15,R,mae,0.7140874862670898
noised_data,174,0,0.15,R,mae,0.5824982523918152
noised_data,175,0,0.15,R,mae,0.7272402048110962
noised_data,168,0,0.15,P,mse,1.019599199295044
noised_data,169,0,0.15,P,mse,0.6283383965492249
noised_data,170,0,0.15,P,mse,0.978351354598999
noised_data,171,0,0.15,P,mse,0.8144175410270691
noised_data,172,0,0.15,P,mse,0.6217254400253296
noised_data,173,0,0.15,P,mse,0.8513329029083252
noised_data,174,0,0.15,P,mse,0.6623796224594116
noised_data,175,0,0.15,P,mse,0.8263692855834961
noised_data,168,0,0.15,P,mae,0.7987035512924194
noised_data,169,0,0.15,P,mae,0.6245473623275757
noised_data,170,0,0.15,P,mae,0.7808404564857483
noised_data,171,0,0.15,P,mae,0.7049378156661987
noised_data,172,0,0.15,P,mae,0.6232068538665771
noised_data,173,0,0.15,P,mae,0.7303531169891357
noised_data,174,0,0.15,P,mae,0.5978806018829346
noised_data,175,0,0.15,P,mae,0.7130759954452515
noised_data,168,0,0.3,R,mse,1.0450475215911865
noised_data,169,0,0.3,R,mse,0.5532139539718628
noised_data,170,0,0.3,R,mse,0.9062240123748779
noised_data,171,0,0.3,R,mse,0.827706515789032
noised_data,172,0,0.3,R,mse,0.3771090805530548
noised_data,173,0,0.3,R,mse,0.7237440943717957
noised_data,174,0,0.3,R,mse,0.67713463306427
noised_data,175,0,0.3,R,mse,0.8163036108016968
noised_data,168,0,0.3,R,mae,0.8082887530326843
noised_data,169,0,0.3,R,mae,0.5632034540176392
noised_data,170,0,0.3,R,mae,0.7492907047271729
noised_data,171,0,0.3,R,mae,0.7053613662719727
noised_data,172,0,0.3,R,mae,0.47369223833084106
noised_data,173,0,0.3,R,mae,0.6544294953346252
noised_data,174,0,0.3,R,mae,0.5622833967208862
noised_data,175,0,0.3,R,mae,0.7073333859443665
noised_data,168,0,0.3,P,mse,1.0363985300064087
noised_data,169,0,0.3,P,mse,0.5168572664260864
noised_data,170,0,0.3,P,mse,0.9598031044006348
noised_data,171,0,0.3,P,mse,0.7503573894500732
noised_data,172,0,0.3,P,mse,0.4154222309589386
noised_data,173,0,0.3,P,mse,0.7344077825546265
noised_data,174,0,0.3,P,mse,0.6725893020629883
noised_data,175,0,0.3,P,mse,0.7577794790267944
noised_data,168,0,0.3,P,mae,0.804163932800293
noised_data,169,0,0.3,P,mae,0.5484697818756104
noised_data,170,0,0.3,P,mae,0.7713528871536255
noised_data,171,0,0.3,P,mae,0.669245183467865
noised_data,172,0,0.3,P,mae,0.4969865679740906
noised_data,173,0,0.3,P,mae,0.6683773994445801
noised_data,174,0,0.3,P,mae,0.5807529091835022
noised_data,175,0,0.3,P,mae,0.6828051209449768
noised_data,168,0,0.5,R,mse,1.084723949432373
noised_data,169,0,0.5,R,mse,0.5995561480522156
noised_data,170,0,0.5,R,mse,0.8455356955528259
noised_data,171,0,0.5,R,mse,0.8443741798400879
noised_data,172,0,0.5,R,mse,0.30764126777648926
noised_data,173,0,0.5,R,mse,0.6151223182678223
noised_data,174,0,0.5,R,mse,0.7760446071624756
noised_data,175,0,0.5,R,mse,0.8553955554962158
noised_data,168,0,0.5,R,mae,0.8269672393798828
noised_data,169,0,0.5,R,mae,0.5906132459640503
noised_data,170,0,0.5,R,mae,0.7158226370811462
noised_data,171,0,0.5,R,mae,0.7126448154449463
noised_data,172,0,0.5,R,mae,0.4199398159980774
noised_data,173,0,0.5,R,mae,0.5802137851715088
noised_data,174,0,0.5,R,mae,0.5863322019577026
noised_data,175,0,0.5,R,mae,0.7219218015670776
noised_data,168,0,0.5,P,mse,1.0780670642852783
noised_data,169,0,0.5,P,mse,0.5713084936141968
noised_data,170,0,0.5,P,mse,0.8781105279922485
noised_data,171,0,0.5,P,mse,0.7615320086479187
noised_data,172,0,0.5,P,mse,0.337863028049469
noised_data,173,0,0.5,P,mse,0.7248956561088562
noised_data,174,0,0.5,P,mse,0.8433165550231934
noised_data,175,0,0.5,P,mse,0.800836443901062
noised_data,168,0,0.5,P,mae,0.8284897804260254
noised_data,169,0,0.5,P,mae,0.5668668746948242
noised_data,170,0,0.5,P,mae,0.7329949140548706
noised_data,171,0,0.5,P,mae,0.6712788939476013
noised_data,172,0,0.5,P,mae,0.4384024739265442
noised_data,173,0,0.5,P,mae,0.6437124013900757
noised_data,174,0,0.5,P,mae,0.6336308717727661
noised_data,175,0,0.5,P,mae,0.7002241611480713
noised_data,168,0,0.7,R,mse,0.9028031826019287
noised_data,169,0,0.7,R,mse,0.5655630826950073
noised_data,170,0,0.7,R,mse,0.7316665053367615
noised_data,171,0,0.7,R,mse,0.8422333002090454
noised_data,172,0,0.7,R,mse,0.3294796943664551
noised_data,173,0,0.7,R,mse,0.5008645057678223
noised_data,174,0,0.7,R,mse,0.7668083906173706
noised_data,175,0,0.7,R,mse,0.6616649627685547
noised_data,168,0,0.7,R,mae,0.7517307996749878
noised_data,169,0,0.7,R,mae,0.5850395560264587
noised_data,170,0,0.7,R,mae,0.6630250811576843
noised_data,171,0,0.7,R,mae,0.7190467119216919
noised_data,172,0,0.7,R,mae,0.4297039806842804
noised_data,173,0,0.7,R,mae,0.5185357928276062
noised_data,174,0,0.7,R,mae,0.5979796051979065
noised_data,175,0,0.7,R,mae,0.632046103477478
noised_data,168,0,0.7,P,mse,0.8957155346870422
noised_data,169,0,0.7,P,mse,0.6249061822891235
noised_data,170,0,0.7,P,mse,0.791196882724762
noised_data,171,0,0.7,P,mse,0.8426042795181274
noised_data,172,0,0.7,P,mse,0.3220266103744507
noised_data,173,0,0.7,P,mse,0.6240913271903992
noised_data,174,0,0.7,P,mse,0.8559565544128418
noised_data,175,0,0.7,P,mse,0.6284051537513733
noised_data,168,0,0.7,P,mae,0.7606368064880371
noised_data,169,0,0.7,P,mae,0.607818603515625
noised_data,170,0,0.7,P,mae,0.693285346031189
noised_data,171,0,0.7,P,mae,0.7059354782104492
noised_data,172,0,0.7,P,mae,0.42057275772094727
noised_data,173,0,0.7,P,mae,0.58858722448349
noised_data,174,0,0.7,P,mae,0.650903582572937
noised_data,175,0,0.7,P,mae,0.6229536533355713
noised_data,168,0,0.85,R,mse,0.7186063528060913
noised_data,169,0,0.85,R,mse,0.5340866446495056
noised_data,170,0,0.85,R,mse,0.6639268398284912
noised_data,171,0,0.85,R,mse,0.7802823781967163
noised_data,172,0,0.85,R,mse,0.49408209323883057
noised_data,173,0,0.85,R,mse,0.5407058000564575
noised_data,174,0,0.85,R,mse,0.6905807852745056
noised_data,175,0,0.85,R,mse,0.5716827511787415
noised_data,168,0,0.85,R,mae,0.6707367897033691
noised_data,169,0,0.85,R,mae,0.5795888900756836
noised_data,170,0,0.85,R,mae,0.6271214485168457
noised_data,171,0,0.85,R,mae,0.7010253667831421
noised_data,172,0,0.85,R,mae,0.5021138191223145
noised_data,173,0,0.85,R,mae,0.561644434928894
noised_data,174,0,0.85,R,mae,0.6207517385482788
noised_data,175,0,0.85,R,mae,0.5820868015289307
noised_data,168,0,0.85,P,mse,0.751569390296936
noised_data,169,0,0.85,P,mse,0.64485764503479
noised_data,170,0,0.85,P,mse,0.8019485473632812
noised_data,171,0,0.85,P,mse,0.8216914534568787
noised_data,172,0,0.85,P,mse,0.3925139904022217
noised_data,173,0,0.85,P,mse,0.6299978494644165
noised_data,174,0,0.85,P,mse,0.7518585920333862
noised_data,175,0,0.85,P,mse,0.5388389229774475
noised_data,168,0,0.85,P,mae,0.7000830173492432
noised_data,169,0,0.85,P,mae,0.62382572889328
noised_data,170,0,0.85,P,mae,0.693717360496521
noised_data,171,0,0.85,P,mae,0.7018684148788452
noised_data,172,0,0.85,P,mae,0.4585229754447937
noised_data,173,0,0.85,P,mae,0.622965395450592
noised_data,174,0,0.85,P,mae,0.6487172245979309
noised_data,175,0,0.85,P,mae,0.5761260986328125
noised_data,168,0,0.95,R,mse,0.6312493681907654
noised_data,169,0,0.95,R,mse,0.7164591550827026
noised_data,170,0,0.95,R,mse,0.6519197225570679
noised_data,171,0,0.95,R,mse,0.8240264058113098
noised_data,172,0,0.95,R,mse,0.7669160962104797
noised_data,173,0,0.95,R,mse,0.55287766456604
noised_data,174,0,0.95,R,mse,0.9511340856552124
noised_data,175,0,0.95,R,mse,0.5022215843200684
noised_data,168,0,0.95,R,mae,0.6253752112388611
noised_data,169,0,0.95,R,mae,0.7022476196289062
noised_data,170,0,0.95,R,mae,0.6409360766410828
noised_data,171,0,0.95,R,mae,0.7293809652328491
noised_data,172,0,0.95,R,mae,0.6319408416748047
noised_data,173,0,0.95,R,mae,0.5715525150299072
noised_data,174,0,0.95,R,mae,0.8195597529411316
noised_data,175,0,0.95,R,mae,0.5414906740188599
noised_data,168,0,0.95,P,mse,0.6746759414672852
noised_data,169,0,0.95,P,mse,0.7597866058349609
noised_data,170,0,0.95,P,mse,0.733194887638092
noised_data,171,0,0.95,P,mse,0.8482834100723267
noised_data,172,0,0.95,P,mse,0.6105554699897766
noised_data,173,0,0.95,P,mse,0.6399548649787903
noised_data,174,0,0.95,P,mse,0.8809443712234497
noised_data,175,0,0.95,P,mse,0.47449836134910583
noised_data,168,0,0.95,P,mae,0.6600194573402405
noised_data,169,0,0.95,P,mae,0.7044779658317566
noised_data,170,0,0.95,P,mae,0.679458737373352
noised_data,171,0,0.95,P,mae,0.7327938079833984
noised_data,172,0,0.95,P,mae,0.5849427580833435
noised_data,173,0,0.95,P,mae,0.6317837834358215
noised_data,174,0,0.95,P,mae,0.7781023979187012
noised_data,175,0,0.95,P,mae,0.535673975944519
noised_data,168,1,0.05,R,mse,1.0432329177856445
noised_data,169,1,0.05,R,mse,0.889981746673584
noised_data,170,1,0.05,R,mse,1.0369689464569092
noised_data,171,1,0.05,R,mse,0.9874099493026733
noised_data,172,1,0.05,R,mse,0.9110807180404663
noised_data,173,1,0.05,R,mse,0.9562932848930359
noised_data,174,1,0.05,R,mse,0.7731946706771851
noised_data,175,1,0.05,R,mse,0.9220773577690125
noised_data,168,1,0.05,R,mae,0.8157516717910767
noised_data,169,1,0.05,R,mae,0.7548008561134338
noised_data,170,1,0.05,R,mae,0.8126029968261719
noised_data,171,1,0.05,R,mae,0.7896468043327332
noised_data,172,1,0.05,R,mae,0.7581360340118408
noised_data,173,1,0.05,R,mae,0.7805782556533813
noised_data,174,1,0.05,R,mae,0.6631086468696594
noised_data,175,1,0.05,R,mae,0.7624776363372803
noised_data,168,1,0.05,P,mse,1.0238633155822754
noised_data,169,1,0.05,P,mse,0.8716720342636108
noised_data,170,1,0.05,P,mse,1.0322567224502563
noised_data,171,1,0.05,P,mse,0.9588751196861267
noised_data,172,1,0.05,P,mse,0.8936227560043335
noised_data,173,1,0.05,P,mse,0.9827854633331299
noised_data,174,1,0.05,P,mse,0.7901382446289062
noised_data,175,1,0.05,P,mse,1.0185507535934448
noised_data,168,1,0.05,P,mae,0.7986799478530884
noised_data,169,1,0.05,P,mae,0.7481814622879028
noised_data,170,1,0.05,P,mae,0.8097645044326782
noised_data,171,1,0.05,P,mae,0.7769399285316467
noised_data,172,1,0.05,P,mae,0.7497639656066895
noised_data,173,1,0.05,P,mae,0.80283522605896
noised_data,174,1,0.05,P,mae,0.6696156859397888
noised_data,175,1,0.05,P,mae,0.8029892444610596
noised_data,168,1,0.15,R,mse,1.0147054195404053
noised_data,169,1,0.15,R,mse,0.6421960592269897
noised_data,170,1,0.15,R,mse,0.9559702277183533
noised_data,171,1,0.15,R,mse,0.8547923564910889
noised_data,172,1,0.15,R,mse,0.6064417362213135
noised_data,173,1,0.15,R,mse,0.8277407884597778
noised_data,174,1,0.15,R,mse,0.638321578502655
noised_data,175,1,0.15,R,mse,0.7924202680587769
noised_data,168,1,0.15,R,mae,0.8013330101966858
noised_data,169,1,0.15,R,mae,0.6318181753158569
noised_data,170,1,0.15,R,mae,0.7716953158378601
noised_data,171,1,0.15,R,mae,0.7239409685134888
noised_data,172,1,0.15,R,mae,0.611565113067627
noised_data,173,1,0.15,R,mae,0.7184191942214966
noised_data,174,1,0.15,R,mae,0.573148250579834
noised_data,175,1,0.15,R,mae,0.7032097578048706
noised_data,168,1,0.15,P,mse,0.987265944480896
noised_data,169,1,0.15,P,mse,0.631467342376709
noised_data,170,1,0.15,P,mse,0.9930747747421265
noised_data,171,1,0.15,P,mse,0.851172924041748
noised_data,172,1,0.15,P,mse,0.5925790071487427
noised_data,173,1,0.15,P,mse,0.8465456962585449
noised_data,174,1,0.15,P,mse,0.7029327154159546
noised_data,175,1,0.15,P,mse,0.8835320472717285
noised_data,168,1,0.15,P,mae,0.7815423607826233
noised_data,169,1,0.15,P,mae,0.615580677986145
noised_data,170,1,0.15,P,mae,0.7907146215438843
noised_data,171,1,0.15,P,mae,0.7256134748458862
noised_data,172,1,0.15,P,mae,0.6098197102546692
noised_data,173,1,0.15,P,mae,0.7293773293495178
noised_data,174,1,0.15,P,mae,0.6085343360900879
noised_data,175,1,0.15,P,mae,0.7395700216293335
noised_data,168,1,0.3,R,mse,1.042128562927246
noised_data,169,1,0.3,R,mse,0.5571774244308472
noised_data,170,1,0.3,R,mse,0.9073361158370972
noised_data,171,1,0.3,R,mse,0.7971148490905762
noised_data,172,1,0.3,R,mse,0.39353418350219727
noised_data,173,1,0.3,R,mse,0.7277981042861938
noised_data,174,1,0.3,R,mse,0.6164743304252625
noised_data,175,1,0.3,R,mse,0.7515612244606018
noised_data,168,1,0.3,R,mae,0.8107134103775024
noised_data,169,1,0.3,R,mae,0.5684241056442261
noised_data,170,1,0.3,R,mae,0.7494779825210571
noised_data,171,1,0.3,R,mae,0.6851534843444824
noised_data,172,1,0.3,R,mae,0.4844323992729187
noised_data,173,1,0.3,R,mae,0.659128725528717
noised_data,174,1,0.3,R,mae,0.5429637432098389
noised_data,175,1,0.3,R,mae,0.6822409629821777
noised_data,168,1,0.3,P,mse,1.0090646743774414
noised_data,169,1,0.3,P,mse,0.5096542239189148
noised_data,170,1,0.3,P,mse,0.9514695405960083
noised_data,171,1,0.3,P,mse,0.7704352140426636
noised_data,172,1,0.3,P,mse,0.40044865012168884
noised_data,173,1,0.3,P,mse,0.7189215421676636
noised_data,174,1,0.3,P,mse,0.7462230920791626
noised_data,175,1,0.3,P,mse,0.8132908940315247
noised_data,168,1,0.3,P,mae,0.7902019023895264
noised_data,169,1,0.3,P,mae,0.540448784828186
noised_data,170,1,0.3,P,mae,0.7715545892715454
noised_data,171,1,0.3,P,mae,0.6858616471290588
noised_data,172,1,0.3,P,mae,0.48752880096435547
noised_data,173,1,0.3,P,mae,0.6577624082565308
noised_data,174,1,0.3,P,mae,0.6077373027801514
noised_data,175,1,0.3,P,mae,0.706896185874939
noised_data,168,1,0.5,R,mse,1.0511152744293213
noised_data,169,1,0.5,R,mse,0.6027019023895264
noised_data,170,1,0.5,R,mse,0.8443279266357422
noised_data,171,1,0.5,R,mse,0.7985045909881592
noised_data,172,1,0.5,R,mse,0.32210129499435425
noised_data,173,1,0.5,R,mse,0.7061028480529785
noised_data,174,1,0.5,R,mse,0.7162715196609497
noised_data,175,1,0.5,R,mse,0.7723169326782227
noised_data,168,1,0.5,R,mae,0.8161405920982361
noised_data,169,1,0.5,R,mae,0.5867347717285156
noised_data,170,1,0.5,R,mae,0.71529221534729
noised_data,171,1,0.5,R,mae,0.6797634363174438
noised_data,172,1,0.5,R,mae,0.42732754349708557
noised_data,173,1,0.5,R,mae,0.6297282576560974
noised_data,174,1,0.5,R,mae,0.5694547295570374
noised_data,175,1,0.5,R,mae,0.692481517791748
noised_data,168,1,0.5,P,mse,1.1175425052642822
noised_data,169,1,0.5,P,mse,0.5494099855422974
noised_data,170,1,0.5,P,mse,0.8773592710494995
noised_data,171,1,0.5,P,mse,0.7949115633964539
noised_data,172,1,0.5,P,mse,0.3202877640724182
noised_data,173,1,0.5,P,mse,0.6480440497398376
noised_data,174,1,0.5,P,mse,0.9059323668479919
noised_data,175,1,0.5,P,mse,0.8807737231254578
noised_data,168,1,0.5,P,mae,0.8417866230010986
noised_data,169,1,0.5,P,mae,0.5637959241867065
noised_data,170,1,0.5,P,mae,0.7341710329055786
noised_data,171,1,0.5,P,mae,0.6975772380828857
noised_data,172,1,0.5,P,mae,0.42500972747802734
noised_data,173,1,0.5,P,mae,0.5983777642250061
noised_data,174,1,0.5,P,mae,0.6513251662254333
noised_data,175,1,0.5,P,mae,0.7245510816574097
noised_data,168,1,0.7,R,mse,0.8721908330917358
noised_data,169,1,0.7,R,mse,0.6089473962783813
noised_data,170,1,0.7,R,mse,0.74985671043396
noised_data,171,1,0.7,R,mse,0.8117408752441406
noised_data,172,1,0.7,R,mse,0.33486422896385193
noised_data,173,1,0.7,R,mse,0.5891596078872681
noised_data,174,1,0.7,R,mse,0.7601032257080078
noised_data,175,1,0.7,R,mse,0.5987443923950195
noised_data,168,1,0.7,R,mae,0.7464511394500732
noised_data,169,1,0.7,R,mae,0.6023328900337219
noised_data,170,1,0.7,R,mae,0.6705132722854614
noised_data,171,1,0.7,R,mae,0.6957465410232544
noised_data,172,1,0.7,R,mae,0.43059468269348145
noised_data,173,1,0.7,R,mae,0.5698601603507996
noised_data,174,1,0.7,R,mae,0.6033563613891602
noised_data,175,1,0.7,R,mae,0.6137056350708008
noised_data,168,1,0.7,P,mse,0.9200531244277954
noised_data,169,1,0.7,P,mse,0.5980101823806763
noised_data,170,1,0.7,P,mse,0.769993007183075
noised_data,171,1,0.7,P,mse,0.8714748620986938
noised_data,172,1,0.7,P,mse,0.3128516376018524
noised_data,173,1,0.7,P,mse,0.5369817018508911
noised_data,174,1,0.7,P,mse,0.8377723097801208
noised_data,175,1,0.7,P,mse,0.6853114366531372
noised_data,168,1,0.7,P,mae,0.7641150951385498
noised_data,169,1,0.7,P,mae,0.6002606153488159
noised_data,170,1,0.7,P,mae,0.6841915845870972
noised_data,171,1,0.7,P,mae,0.7287575006484985
noised_data,172,1,0.7,P,mae,0.41839689016342163
noised_data,173,1,0.7,P,mae,0.5376315712928772
noised_data,174,1,0.7,P,mae,0.6363445520401001
noised_data,175,1,0.7,P,mae,0.6383118033409119
noised_data,168,1,0.85,R,mse,0.7185962200164795
noised_data,169,1,0.85,R,mse,0.5853863954544067
noised_data,170,1,0.85,R,mse,0.6988252401351929
noised_data,171,1,0.85,R,mse,0.7603605389595032
noised_data,172,1,0.85,R,mse,0.4782678484916687
noised_data,173,1,0.85,R,mse,0.5648026466369629
noised_data,174,1,0.85,R,mse,0.7173048257827759
noised_data,175,1,0.85,R,mse,0.525662899017334
noised_data,168,1,0.85,R,mae,0.68199622631073
noised_data,169,1,0.85,R,mae,0.6008756160736084
noised_data,170,1,0.85,R,mae,0.6403815150260925
noised_data,171,1,0.85,R,mae,0.6791262626647949
noised_data,172,1,0.85,R,mae,0.4917552173137665
noised_data,173,1,0.85,R,mae,0.5851470232009888
noised_data,174,1,0.85,R,mae,0.6355277299880981
noised_data,175,1,0.85,R,mae,0.5689669847488403
noised_data,168,1,0.85,P,mse,0.7481346130371094
noised_data,169,1,0.85,P,mse,0.5861530303955078
noised_data,170,1,0.85,P,mse,0.761124312877655
noised_data,171,1,0.85,P,mse,0.8442103862762451
noised_data,172,1,0.85,P,mse,0.4248664677143097
noised_data,173,1,0.85,P,mse,0.6038806438446045
noised_data,174,1,0.85,P,mse,0.7248318195343018
noised_data,175,1,0.85,P,mse,0.5837382078170776
noised_data,168,1,0.85,P,mae,0.6868855357170105
noised_data,169,1,0.85,P,mae,0.5990219116210938
noised_data,170,1,0.85,P,mae,0.6789686679840088
noised_data,171,1,0.85,P,mae,0.7247224450111389
noised_data,172,1,0.85,P,mae,0.47782719135284424
noised_data,173,1,0.85,P,mae,0.5982485413551331
noised_data,174,1,0.85,P,mae,0.6345162391662598
noised_data,175,1,0.85,P,mae,0.5878300666809082
noised_data,168,1,0.95,R,mse,0.6454370021820068
noised_data,169,1,0.95,R,mse,0.7028974890708923
noised_data,170,1,0.95,R,mse,0.6657499074935913
noised_data,171,1,0.95,R,mse,0.7814819812774658
noised_data,172,1,0.95,R,mse,0.7354779243469238
noised_data,173,1,0.95,R,mse,0.5650925636291504
noised_data,174,1,0.95,R,mse,0.9197778105735779
noised_data,175,1,0.95,R,mse,0.47121530771255493
noised_data,168,1,0.95,R,mae,0.6451469659805298
noised_data,169,1,0.95,R,mae,0.687944233417511
noised_data,170,1,0.95,R,mae,0.6445213556289673
noised_data,171,1,0.95,R,mae,0.7060725688934326
noised_data,172,1,0.95,R,mae,0.6176363229751587
noised_data,173,1,0.95,R,mae,0.5904186367988586
noised_data,174,1,0.95,R,mae,0.8044260740280151
noised_data,175,1,0.95,R,mae,0.5326076149940491
noised_data,168,1,0.95,P,mse,0.6580071449279785
noised_data,169,1,0.95,P,mse,0.7709933519363403
noised_data,170,1,0.95,P,mse,0.7182126045227051
noised_data,171,1,0.95,P,mse,0.8875649571418762
noised_data,172,1,0.95,P,mse,0.6413971185684204
noised_data,173,1,0.95,P,mse,0.6270895004272461
noised_data,174,1,0.95,P,mse,0.9099020957946777
noised_data,175,1,0.95,P,mse,0.5052450895309448
noised_data,168,1,0.95,P,mae,0.6392259001731873
noised_data,169,1,0.95,P,mae,0.7171747088432312
noised_data,170,1,0.95,P,mae,0.6750246286392212
noised_data,171,1,0.95,P,mae,0.754700779914856
noised_data,172,1,0.95,P,mae,0.5984405279159546
noised_data,173,1,0.95,P,mae,0.6134155988693237
noised_data,174,1,0.95,P,mae,0.794051468372345
noised_data,175,1,0.95,P,mae,0.5440312623977661
noised_data,176,0,0.05,R,mse,1.049316644668579
noised_data,177,0,0.05,R,mse,0.9905804991722107
noised_data,178,0,0.05,R,mse,0.9916383028030396
noised_data,179,0,0.05,R,mse,1.0421159267425537
noised_data,180,0,0.05,R,mse,0.8728503584861755
noised_data,181,0,0.05,R,mse,0.9574297666549683
noised_data,182,0,0.05,R,mse,1.0284653902053833
noised_data,183,0,0.05,R,mse,0.8613455891609192
noised_data,176,0,0.05,R,mae,0.8150402307510376
noised_data,177,0,0.05,R,mae,0.7902559638023376
noised_data,178,0,0.05,R,mae,0.7925699353218079
noised_data,179,0,0.05,R,mae,0.8120728135108948
noised_data,180,0,0.05,R,mae,0.7415984272956848
noised_data,181,0,0.05,R,mae,0.7782084941864014
noised_data,182,0,0.05,R,mae,0.8028080463409424
noised_data,183,0,0.05,R,mae,0.7228335738182068
noised_data,176,0,0.05,P,mse,1.0517065525054932
noised_data,177,0,0.05,P,mse,0.9562747478485107
noised_data,178,0,0.05,P,mse,0.9563479423522949
noised_data,179,0,0.05,P,mse,1.036179542541504
noised_data,180,0,0.05,P,mse,0.9164074659347534
noised_data,181,0,0.05,P,mse,0.9507207870483398
noised_data,182,0,0.05,P,mse,1.0167561769485474
noised_data,183,0,0.05,P,mse,0.8217380046844482
noised_data,176,0,0.05,P,mae,0.8059935569763184
noised_data,177,0,0.05,P,mae,0.7774393558502197
noised_data,178,0,0.05,P,mae,0.7782909870147705
noised_data,179,0,0.05,P,mae,0.8133134841918945
noised_data,180,0,0.05,P,mae,0.7504549622535706
noised_data,181,0,0.05,P,mae,0.7745708227157593
noised_data,182,0,0.05,P,mae,0.7975456714630127
noised_data,183,0,0.05,P,mae,0.7184814810752869
noised_data,176,0,0.15,R,mse,0.9717644453048706
noised_data,177,0,0.15,R,mse,0.8185550570487976
noised_data,178,0,0.15,R,mse,0.852509081363678
noised_data,179,0,0.15,R,mse,0.9691317081451416
noised_data,180,0,0.15,R,mse,0.6948737502098083
noised_data,181,0,0.15,R,mse,0.8263632655143738
noised_data,182,0,0.15,R,mse,0.9372445344924927
noised_data,183,0,0.15,R,mse,0.6762093305587769
noised_data,176,0,0.15,R,mae,0.7866705656051636
noised_data,177,0,0.15,R,mae,0.7101031541824341
noised_data,178,0,0.15,R,mae,0.7306869029998779
noised_data,179,0,0.15,R,mae,0.7789376974105835
noised_data,180,0,0.15,R,mae,0.6564613580703735
noised_data,181,0,0.15,R,mae,0.7139387130737305
noised_data,182,0,0.15,R,mae,0.7667399048805237
noised_data,183,0,0.15,R,mae,0.627198338508606
noised_data,176,0,0.15,P,mse,0.952533483505249
noised_data,177,0,0.15,P,mse,0.7840484380722046
noised_data,178,0,0.15,P,mse,0.822919487953186
noised_data,179,0,0.15,P,mse,0.9954479932785034
noised_data,180,0,0.15,P,mse,0.7227473258972168
noised_data,181,0,0.15,P,mse,0.8226785659790039
noised_data,182,0,0.15,P,mse,0.9330766797065735
noised_data,183,0,0.15,P,mse,0.6622164249420166
noised_data,176,0,0.15,P,mae,0.7717536091804504
noised_data,177,0,0.15,P,mae,0.6943530440330505
noised_data,178,0,0.15,P,mae,0.7134073376655579
noised_data,179,0,0.15,P,mae,0.7918199896812439
noised_data,180,0,0.15,P,mae,0.66279137134552
noised_data,181,0,0.15,P,mae,0.712561845779419
noised_data,182,0,0.15,P,mae,0.764936089515686
noised_data,183,0,0.15,P,mae,0.6287829279899597
noised_data,176,0,0.3,R,mse,0.8558717370033264
noised_data,177,0,0.3,R,mse,0.7243896126747131
noised_data,178,0,0.3,R,mse,0.7244287729263306
noised_data,179,0,0.3,R,mse,0.9419543743133545
noised_data,180,0,0.3,R,mse,0.6059697270393372
noised_data,181,0,0.3,R,mse,0.8570153117179871
noised_data,182,0,0.3,R,mse,0.8189759254455566
noised_data,183,0,0.3,R,mse,0.6408671736717224
noised_data,176,0,0.3,R,mae,0.7340868711471558
noised_data,177,0,0.3,R,mae,0.6611077189445496
noised_data,178,0,0.3,R,mae,0.6542091965675354
noised_data,179,0,0.3,R,mae,0.7613741159439087
noised_data,180,0,0.3,R,mae,0.5967665314674377
noised_data,181,0,0.3,R,mae,0.7148586511611938
noised_data,182,0,0.3,R,mae,0.7112563848495483
noised_data,183,0,0.3,R,mae,0.5937966108322144
noised_data,176,0,0.3,P,mse,0.8407973647117615
noised_data,177,0,0.3,P,mse,0.738068699836731
noised_data,178,0,0.3,P,mse,0.6990652680397034
noised_data,179,0,0.3,P,mse,0.9787701368331909
noised_data,180,0,0.3,P,mse,0.6547991633415222
noised_data,181,0,0.3,P,mse,0.8037322759628296
noised_data,182,0,0.3,P,mse,0.8842613697052002
noised_data,183,0,0.3,P,mse,0.6258328557014465
noised_data,176,0,0.3,P,mae,0.7234698534011841
noised_data,177,0,0.3,P,mae,0.6555176973342896
noised_data,178,0,0.3,P,mae,0.6424298286437988
noised_data,179,0,0.3,P,mae,0.7727253437042236
noised_data,180,0,0.3,P,mae,0.6165671348571777
noised_data,181,0,0.3,P,mae,0.6925379633903503
noised_data,182,0,0.3,P,mae,0.7322872281074524
noised_data,183,0,0.3,P,mae,0.5948596596717834
noised_data,176,0,0.5,R,mse,0.7342444658279419
noised_data,177,0,0.5,R,mse,0.6958358287811279
noised_data,178,0,0.5,R,mse,0.6613839864730835
noised_data,179,0,0.5,R,mse,0.9277368783950806
noised_data,180,0,0.5,R,mse,0.6019416451454163
noised_data,181,0,0.5,R,mse,0.8964484930038452
noised_data,182,0,0.5,R,mse,0.699192225933075
noised_data,183,0,0.5,R,mse,0.7228457927703857
noised_data,176,0,0.5,R,mae,0.6806275248527527
noised_data,177,0,0.5,R,mae,0.644191324710846
noised_data,178,0,0.5,R,mae,0.6168622970581055
noised_data,179,0,0.5,R,mae,0.7543747425079346
noised_data,180,0,0.5,R,mae,0.5703914761543274
noised_data,181,0,0.5,R,mae,0.7223958969116211
noised_data,182,0,0.5,R,mae,0.6426762342453003
noised_data,183,0,0.5,R,mae,0.6271762847900391
noised_data,176,0,0.5,P,mse,0.7254732847213745
noised_data,177,0,0.5,P,mse,0.7253717184066772
noised_data,178,0,0.5,P,mse,0.6031520366668701
noised_data,179,0,0.5,P,mse,0.9527208805084229
noised_data,180,0,0.5,P,mse,0.6419165730476379
noised_data,181,0,0.5,P,mse,0.8220788240432739
noised_data,182,0,0.5,P,mse,0.7481659054756165
noised_data,183,0,0.5,P,mse,0.6487361192703247
noised_data,176,0,0.5,P,mae,0.6795284152030945
noised_data,177,0,0.5,P,mae,0.6464802622795105
noised_data,178,0,0.5,P,mae,0.5893607139587402
noised_data,179,0,0.5,P,mae,0.7617579698562622
noised_data,180,0,0.5,P,mae,0.5836483240127563
noised_data,181,0,0.5,P,mae,0.6954598426818848
noised_data,182,0,0.5,P,mae,0.6606497168540955
noised_data,183,0,0.5,P,mae,0.6103136539459229
noised_data,176,0,0.7,R,mse,0.6304420232772827
noised_data,177,0,0.7,R,mse,0.6842947006225586
noised_data,178,0,0.7,R,mse,0.6951103210449219
noised_data,179,0,0.7,R,mse,0.7948633432388306
noised_data,180,0,0.7,R,mse,0.5391286611557007
noised_data,181,0,0.7,R,mse,0.8161075115203857
noised_data,182,0,0.7,R,mse,0.5802565813064575
noised_data,183,0,0.7,R,mse,0.713756799697876
noised_data,176,0,0.7,R,mae,0.6268845200538635
noised_data,177,0,0.7,R,mae,0.6423246264457703
noised_data,178,0,0.7,R,mae,0.6289845705032349
noised_data,179,0,0.7,R,mae,0.6895079612731934
noised_data,180,0,0.7,R,mae,0.5306572914123535
noised_data,181,0,0.7,R,mae,0.6923897862434387
noised_data,182,0,0.7,R,mae,0.5826020240783691
noised_data,183,0,0.7,R,mae,0.6350807547569275
noised_data,176,0,0.7,P,mse,0.6514437198638916
noised_data,177,0,0.7,P,mse,0.7349486947059631
noised_data,178,0,0.7,P,mse,0.6015188097953796
noised_data,179,0,0.7,P,mse,0.7491129636764526
noised_data,180,0,0.7,P,mse,0.5708270072937012
noised_data,181,0,0.7,P,mse,0.7504159808158875
noised_data,182,0,0.7,P,mse,0.6423701047897339
noised_data,183,0,0.7,P,mse,0.6892565488815308
noised_data,176,0,0.7,P,mae,0.631239116191864
noised_data,177,0,0.7,P,mae,0.6633615493774414
noised_data,178,0,0.7,P,mae,0.5807511806488037
noised_data,179,0,0.7,P,mae,0.6785234212875366
noised_data,180,0,0.7,P,mae,0.538053572177887
noised_data,181,0,0.7,P,mae,0.6721569895744324
noised_data,182,0,0.7,P,mae,0.5931211709976196
noised_data,183,0,0.7,P,mae,0.6270477771759033
noised_data,176,0,0.85,R,mse,0.6423408389091492
noised_data,177,0,0.85,R,mse,0.6703130006790161
noised_data,178,0,0.85,R,mse,0.6538424491882324
noised_data,179,0,0.85,R,mse,0.6752505302429199
noised_data,180,0,0.85,R,mse,0.5409713387489319
noised_data,181,0,0.85,R,mse,0.6536781191825867
noised_data,182,0,0.85,R,mse,0.6605052947998047
noised_data,183,0,0.85,R,mse,0.6698424816131592
noised_data,176,0,0.85,R,mae,0.6120729446411133
noised_data,177,0,0.85,R,mae,0.6442158818244934
noised_data,178,0,0.85,R,mae,0.6427680253982544
noised_data,179,0,0.85,R,mae,0.6327128410339355
noised_data,180,0,0.85,R,mae,0.5514451265335083
noised_data,181,0,0.85,R,mae,0.6279032230377197
noised_data,182,0,0.85,R,mae,0.5853230953216553
noised_data,183,0,0.85,R,mae,0.6358960866928101
noised_data,176,0,0.85,P,mse,0.6777071356773376
noised_data,177,0,0.85,P,mse,0.7302024364471436
noised_data,178,0,0.85,P,mse,0.5966318249702454
noised_data,179,0,0.85,P,mse,0.6462716460227966
noised_data,180,0,0.85,P,mse,0.5560288429260254
noised_data,181,0,0.85,P,mse,0.5971692800521851
noised_data,182,0,0.85,P,mse,0.5935216546058655
noised_data,183,0,0.85,P,mse,0.7331960797309875
noised_data,176,0,0.85,P,mae,0.6111489534378052
noised_data,177,0,0.85,P,mae,0.6803230047225952
noised_data,178,0,0.85,P,mae,0.6083638668060303
noised_data,179,0,0.85,P,mae,0.6264140605926514
noised_data,180,0,0.85,P,mae,0.5560007095336914
noised_data,181,0,0.85,P,mae,0.6049478650093079
noised_data,182,0,0.85,P,mae,0.578851580619812
noised_data,183,0,0.85,P,mae,0.6631288528442383
noised_data,176,0,0.95,R,mse,0.5781162977218628
noised_data,177,0,0.95,R,mse,0.8224557042121887
noised_data,178,0,0.95,R,mse,0.9726550579071045
noised_data,179,0,0.95,R,mse,0.6468579173088074
noised_data,180,0,0.95,R,mse,0.5892587304115295
noised_data,181,0,0.95,R,mse,0.5455781817436218
noised_data,182,0,0.95,R,mse,0.8952029943466187
noised_data,183,0,0.95,R,mse,0.6721357107162476
noised_data,176,0,0.95,R,mae,0.5742871165275574
noised_data,177,0,0.95,R,mae,0.7191837430000305
noised_data,178,0,0.95,R,mae,0.798227071762085
noised_data,179,0,0.95,R,mae,0.618613600730896
noised_data,180,0,0.95,R,mae,0.6113202571868896
noised_data,181,0,0.95,R,mae,0.5837757587432861
noised_data,182,0,0.95,R,mae,0.7319513559341431
noised_data,183,0,0.95,R,mae,0.6436500549316406
noised_data,176,0,0.95,P,mse,0.6052005887031555
noised_data,177,0,0.95,P,mse,0.8870643973350525
noised_data,178,0,0.95,P,mse,0.9221494793891907
noised_data,179,0,0.95,P,mse,0.6722275018692017
noised_data,180,0,0.95,P,mse,0.5884658694267273
noised_data,181,0,0.95,P,mse,0.5014172792434692
noised_data,182,0,0.95,P,mse,0.815889298915863
noised_data,183,0,0.95,P,mse,0.7159650325775146
noised_data,176,0,0.95,P,mae,0.570991575717926
noised_data,177,0,0.95,P,mae,0.7549423575401306
noised_data,178,0,0.95,P,mae,0.7828516960144043
noised_data,179,0,0.95,P,mae,0.6243398189544678
noised_data,180,0,0.95,P,mae,0.6122913956642151
noised_data,181,0,0.95,P,mae,0.5617116093635559
noised_data,182,0,0.95,P,mae,0.733913004398346
noised_data,183,0,0.95,P,mae,0.6609480381011963
noised_data,176,1,0.05,R,mse,1.0483224391937256
noised_data,177,1,0.05,R,mse,0.9727548360824585
noised_data,178,1,0.05,R,mse,1.0103552341461182
noised_data,179,1,0.05,R,mse,0.9952379465103149
noised_data,180,1,0.05,R,mse,0.9109690189361572
noised_data,181,1,0.05,R,mse,0.966266393661499
noised_data,182,1,0.05,R,mse,0.9920370578765869
noised_data,183,1,0.05,R,mse,0.7964585423469543
noised_data,176,1,0.05,R,mae,0.8167140483856201
noised_data,177,1,0.05,R,mae,0.7870649099349976
noised_data,178,1,0.05,R,mae,0.8052191734313965
noised_data,179,1,0.05,R,mae,0.7871720790863037
noised_data,180,1,0.05,R,mae,0.7494056820869446
noised_data,181,1,0.05,R,mae,0.7778958082199097
noised_data,182,1,0.05,R,mae,0.7890654802322388
noised_data,183,1,0.05,R,mae,0.699388325214386
noised_data,176,1,0.05,P,mse,1.0497263669967651
noised_data,177,1,0.05,P,mse,0.9748548269271851
noised_data,178,1,0.05,P,mse,0.9423278570175171
noised_data,179,1,0.05,P,mse,1.0865086317062378
noised_data,180,1,0.05,P,mse,0.8775219917297363
noised_data,181,1,0.05,P,mse,0.9415397644042969
noised_data,182,1,0.05,P,mse,1.0505485534667969
noised_data,183,1,0.05,P,mse,0.8925740718841553
noised_data,176,1,0.05,P,mae,0.8028677701950073
noised_data,177,1,0.05,P,mae,0.7801558971405029
noised_data,178,1,0.05,P,mae,0.7670891284942627
noised_data,179,1,0.05,P,mae,0.8384648561477661
noised_data,180,1,0.05,P,mae,0.7426968812942505
noised_data,181,1,0.05,P,mae,0.7746635675430298
noised_data,182,1,0.05,P,mae,0.8109275102615356
noised_data,183,1,0.05,P,mae,0.7483086585998535
noised_data,176,1,0.15,R,mse,0.9564570784568787
noised_data,177,1,0.15,R,mse,0.7821260690689087
noised_data,178,1,0.15,R,mse,0.861343502998352
noised_data,179,1,0.15,R,mse,0.9525913596153259
noised_data,180,1,0.15,R,mse,0.711682140827179
noised_data,181,1,0.15,R,mse,0.8359060287475586
noised_data,182,1,0.15,R,mse,0.9213632345199585
noised_data,183,1,0.15,R,mse,0.6212470531463623
noised_data,176,1,0.15,R,mae,0.7806942462921143
noised_data,177,1,0.15,R,mae,0.694193959236145
noised_data,178,1,0.15,R,mae,0.7339878082275391
noised_data,179,1,0.15,R,mae,0.7699272036552429
noised_data,180,1,0.15,R,mae,0.6612345576286316
noised_data,181,1,0.15,R,mae,0.7169264554977417
noised_data,182,1,0.15,R,mae,0.7586427927017212
noised_data,183,1,0.15,R,mae,0.6009179949760437
noised_data,176,1,0.15,P,mse,0.9607557058334351
noised_data,177,1,0.15,P,mse,0.8135098814964294
noised_data,178,1,0.15,P,mse,0.8155753016471863
noised_data,179,1,0.15,P,mse,1.0114641189575195
noised_data,180,1,0.15,P,mse,0.7113722562789917
noised_data,181,1,0.15,P,mse,0.8070968389511108
noised_data,182,1,0.15,P,mse,0.943731427192688
noised_data,183,1,0.15,P,mse,0.7071753740310669
noised_data,176,1,0.15,P,mae,0.7751938104629517
noised_data,177,1,0.15,P,mae,0.7038474678993225
noised_data,178,1,0.15,P,mae,0.7096400260925293
noised_data,179,1,0.15,P,mae,0.799705445766449
noised_data,180,1,0.15,P,mae,0.6622665524482727
noised_data,181,1,0.15,P,mae,0.7072904109954834
noised_data,182,1,0.15,P,mae,0.7715693712234497
noised_data,183,1,0.15,P,mae,0.6538283228874207
noised_data,176,1,0.3,R,mse,0.8289664387702942
noised_data,177,1,0.3,R,mse,0.709792971611023
noised_data,178,1,0.3,R,mse,0.7129929661750793
noised_data,179,1,0.3,R,mse,0.9745293259620667
noised_data,180,1,0.3,R,mse,0.628362774848938
noised_data,181,1,0.3,R,mse,0.8244368433952332
noised_data,182,1,0.3,R,mse,0.8572836518287659
noised_data,183,1,0.3,R,mse,0.58069908618927
noised_data,176,1,0.3,R,mae,0.7234888672828674
noised_data,177,1,0.3,R,mae,0.641230583190918
noised_data,178,1,0.3,R,mae,0.6536718010902405
noised_data,179,1,0.3,R,mae,0.7713484764099121
noised_data,180,1,0.3,R,mae,0.5989062786102295
noised_data,181,1,0.3,R,mae,0.7050820589065552
noised_data,182,1,0.3,R,mae,0.7198513150215149
noised_data,183,1,0.3,R,mae,0.5656552910804749
noised_data,176,1,0.3,P,mse,0.8694812059402466
noised_data,177,1,0.3,P,mse,0.7421036958694458
noised_data,178,1,0.3,P,mse,0.7093242406845093
noised_data,179,1,0.3,P,mse,0.9547852277755737
noised_data,180,1,0.3,P,mse,0.6322767734527588
noised_data,181,1,0.3,P,mse,0.8232894539833069
noised_data,182,1,0.3,P,mse,0.8454586267471313
noised_data,183,1,0.3,P,mse,0.6620032787322998
noised_data,176,1,0.3,P,mae,0.7356786727905273
noised_data,177,1,0.3,P,mae,0.6690481901168823
noised_data,178,1,0.3,P,mae,0.644758403301239
noised_data,179,1,0.3,P,mae,0.7660112380981445
noised_data,180,1,0.3,P,mae,0.6152107119560242
noised_data,181,1,0.3,P,mae,0.7002185583114624
noised_data,182,1,0.3,P,mae,0.7230254411697388
noised_data,183,1,0.3,P,mae,0.6133586168289185
noised_data,176,1,0.5,R,mse,0.7348021268844604
noised_data,177,1,0.5,R,mse,0.7270017862319946
noised_data,178,1,0.5,R,mse,0.6582797169685364
noised_data,179,1,0.5,R,mse,0.959418535232544
noised_data,180,1,0.5,R,mse,0.6034205555915833
noised_data,181,1,0.5,R,mse,0.827144980430603
noised_data,182,1,0.5,R,mse,0.7394444942474365
noised_data,183,1,0.5,R,mse,0.6545476913452148
noised_data,176,1,0.5,R,mae,0.6833016872406006
noised_data,177,1,0.5,R,mae,0.6383082270622253
noised_data,178,1,0.5,R,mae,0.6127285957336426
noised_data,179,1,0.5,R,mae,0.7637238502502441
noised_data,180,1,0.5,R,mae,0.5653988122940063
noised_data,181,1,0.5,R,mae,0.7001687288284302
noised_data,182,1,0.5,R,mae,0.657775342464447
noised_data,183,1,0.5,R,mae,0.5975351929664612
noised_data,176,1,0.5,P,mse,0.7369344234466553
noised_data,177,1,0.5,P,mse,0.7077951431274414
noised_data,178,1,0.5,P,mse,0.6099600195884705
noised_data,179,1,0.5,P,mse,0.9003301858901978
noised_data,180,1,0.5,P,mse,0.649724006652832
noised_data,181,1,0.5,P,mse,0.8822264075279236
noised_data,182,1,0.5,P,mse,0.7133057117462158
noised_data,183,1,0.5,P,mse,0.7126624584197998
noised_data,176,1,0.5,P,mae,0.6832353472709656
noised_data,177,1,0.5,P,mae,0.6561048626899719
noised_data,178,1,0.5,P,mae,0.5915734767913818
noised_data,179,1,0.5,P,mae,0.7435758113861084
noised_data,180,1,0.5,P,mae,0.5896109342575073
noised_data,181,1,0.5,P,mae,0.715789794921875
noised_data,182,1,0.5,P,mae,0.6500077843666077
noised_data,183,1,0.5,P,mae,0.6361097097396851
noised_data,176,1,0.7,R,mse,0.6655152440071106
noised_data,177,1,0.7,R,mse,0.7051959037780762
noised_data,178,1,0.7,R,mse,0.6742815375328064
noised_data,179,1,0.7,R,mse,0.8073967695236206
noised_data,180,1,0.7,R,mse,0.5434144139289856
noised_data,181,1,0.7,R,mse,0.7468291521072388
noised_data,182,1,0.7,R,mse,0.5657374858856201
noised_data,183,1,0.7,R,mse,0.6552757024765015
noised_data,176,1,0.7,R,mae,0.6395642757415771
noised_data,177,1,0.7,R,mae,0.6453736424446106
noised_data,178,1,0.7,R,mae,0.615087628364563
noised_data,179,1,0.7,R,mae,0.6986846327781677
noised_data,180,1,0.7,R,mae,0.5294663310050964
noised_data,181,1,0.7,R,mae,0.6734360456466675
noised_data,182,1,0.7,R,mae,0.5785772800445557
noised_data,183,1,0.7,R,mae,0.5983676314353943
noised_data,176,1,0.7,P,mse,0.6152467727661133
noised_data,177,1,0.7,P,mse,0.7047897577285767
noised_data,178,1,0.7,P,mse,0.6243142485618591
noised_data,179,1,0.7,P,mse,0.7382897138595581
noised_data,180,1,0.7,P,mse,0.5667142868041992
noised_data,181,1,0.7,P,mse,0.8136687278747559
noised_data,182,1,0.7,P,mse,0.646466851234436
noised_data,183,1,0.7,P,mse,0.7365760207176208
noised_data,176,1,0.7,P,mae,0.6209701299667358
noised_data,177,1,0.7,P,mae,0.6554300785064697
noised_data,178,1,0.7,P,mae,0.593788743019104
noised_data,179,1,0.7,P,mae,0.6695538759231567
noised_data,180,1,0.7,P,mae,0.538891077041626
noised_data,181,1,0.7,P,mae,0.6886447072029114
noised_data,182,1,0.7,P,mae,0.5969504117965698
noised_data,183,1,0.7,P,mae,0.6576608419418335
noised_data,176,1,0.85,R,mse,0.7067403793334961
noised_data,177,1,0.85,R,mse,0.7086813449859619
noised_data,178,1,0.85,R,mse,0.6208701133728027
noised_data,179,1,0.85,R,mse,0.6973673105239868
noised_data,180,1,0.85,R,mse,0.5765501260757446
noised_data,181,1,0.85,R,mse,0.6004242897033691
noised_data,182,1,0.85,R,mse,0.5225142240524292
noised_data,183,1,0.85,R,mse,0.6555876731872559
noised_data,176,1,0.85,R,mae,0.629772961139679
noised_data,177,1,0.85,R,mae,0.6680853366851807
noised_data,178,1,0.85,R,mae,0.6155565977096558
noised_data,179,1,0.85,R,mae,0.6501473188400269
noised_data,180,1,0.85,R,mae,0.5623351335525513
noised_data,181,1,0.85,R,mae,0.6071391105651855
noised_data,182,1,0.85,R,mae,0.5619602203369141
noised_data,183,1,0.85,R,mae,0.6231992244720459
noised_data,176,1,0.85,P,mse,0.6164383888244629
noised_data,177,1,0.85,P,mse,0.6982685923576355
noised_data,178,1,0.85,P,mse,0.6191426515579224
noised_data,179,1,0.85,P,mse,0.6207197904586792
noised_data,180,1,0.85,P,mse,0.5188267827033997
noised_data,181,1,0.85,P,mse,0.6475483179092407
noised_data,182,1,0.85,P,mse,0.730452299118042
noised_data,183,1,0.85,P,mse,0.7448887825012207
noised_data,176,1,0.85,P,mae,0.5946347713470459
noised_data,177,1,0.85,P,mae,0.6601967811584473
noised_data,178,1,0.85,P,mae,0.6255985498428345
noised_data,179,1,0.85,P,mae,0.6071066856384277
noised_data,180,1,0.85,P,mae,0.5435771346092224
noised_data,181,1,0.85,P,mae,0.6241580247879028
noised_data,182,1,0.85,P,mae,0.6024035215377808
noised_data,183,1,0.85,P,mae,0.6759061217308044
noised_data,176,1,0.95,R,mse,0.6450498700141907
noised_data,177,1,0.95,R,mse,0.9259429574012756
noised_data,178,1,0.95,R,mse,0.9236764907836914
noised_data,179,1,0.95,R,mse,0.7315537929534912
noised_data,180,1,0.95,R,mse,0.6220574975013733
noised_data,181,1,0.95,R,mse,0.5036228895187378
noised_data,182,1,0.95,R,mse,0.8263868689537048
noised_data,183,1,0.95,R,mse,0.6696046590805054
noised_data,176,1,0.95,R,mae,0.5953816175460815
noised_data,177,1,0.95,R,mae,0.7694816589355469
noised_data,178,1,0.95,R,mae,0.7763122320175171
noised_data,179,1,0.95,R,mae,0.6631767749786377
noised_data,180,1,0.95,R,mae,0.6241821050643921
noised_data,181,1,0.95,R,mae,0.5626427531242371
noised_data,182,1,0.95,R,mae,0.7304316163063049
noised_data,183,1,0.95,R,mae,0.6391688585281372
noised_data,176,1,0.95,P,mse,0.5357503294944763
noised_data,177,1,0.95,P,mse,0.7846318483352661
noised_data,178,1,0.95,P,mse,0.9768093824386597
noised_data,179,1,0.95,P,mse,0.5832743048667908
noised_data,180,1,0.95,P,mse,0.5563193559646606
noised_data,181,1,0.95,P,mse,0.54349684715271
noised_data,182,1,0.95,P,mse,0.8905489444732666
noised_data,183,1,0.95,P,mse,0.7160857915878296
noised_data,176,1,0.95,P,mae,0.5485373735427856
noised_data,177,1,0.95,P,mae,0.7049718499183655
noised_data,178,1,0.95,P,mae,0.8064277768135071
noised_data,179,1,0.95,P,mae,0.5785673260688782
noised_data,180,1,0.95,P,mae,0.6000939607620239
noised_data,181,1,0.95,P,mae,0.5829100608825684
noised_data,182,1,0.95,P,mae,0.7380740642547607
noised_data,183,1,0.95,P,mae,0.6649681329727173
noised_data,184,0,0.05,R,mse,1.0627496242523193
noised_data,185,0,0.05,R,mse,1.0358178615570068
noised_data,186,0,0.05,R,mse,1.001295566558838
noised_data,187,0,0.05,R,mse,0.8426642417907715
noised_data,188,0,0.05,R,mse,0.967695951461792
noised_data,189,0,0.05,R,mse,1.0347309112548828
noised_data,190,0,0.05,R,mse,0.9788025617599487
noised_data,191,0,0.05,R,mse,1.0562713146209717
noised_data,184,0,0.05,R,mae,0.8289517760276794
noised_data,185,0,0.05,R,mae,0.8128315806388855
noised_data,186,0,0.05,R,mae,0.7918907403945923
noised_data,187,0,0.05,R,mae,0.7335955500602722
noised_data,188,0,0.05,R,mae,0.7839920520782471
noised_data,189,0,0.05,R,mae,0.8109229207038879
noised_data,190,0,0.05,R,mae,0.7787061333656311
noised_data,191,0,0.05,R,mae,0.8176722526550293
noised_data,184,0,0.05,P,mse,1.0074487924575806
noised_data,185,0,0.05,P,mse,1.0568866729736328
noised_data,186,0,0.05,P,mse,1.0082441568374634
noised_data,187,0,0.05,P,mse,0.811536431312561
noised_data,188,0,0.05,P,mse,0.9807665348052979
noised_data,189,0,0.05,P,mse,1.0807721614837646
noised_data,190,0,0.05,P,mse,1.0011365413665771
noised_data,191,0,0.05,P,mse,1.0411112308502197
noised_data,184,0,0.05,P,mae,0.794744610786438
noised_data,185,0,0.05,P,mae,0.819441556930542
noised_data,186,0,0.05,P,mae,0.7987453937530518
noised_data,187,0,0.05,P,mae,0.7139372229576111
noised_data,188,0,0.05,P,mae,0.7907309532165527
noised_data,189,0,0.05,P,mae,0.8345750570297241
noised_data,190,0,0.05,P,mae,0.7987908720970154
noised_data,191,0,0.05,P,mae,0.8061546087265015
noised_data,184,0,0.15,R,mse,1.0423543453216553
noised_data,185,0,0.15,R,mse,0.9986002445220947
noised_data,186,0,0.15,R,mse,0.8886823654174805
noised_data,187,0,0.15,R,mse,0.6544528007507324
noised_data,188,0,0.15,R,mse,0.8337110280990601
noised_data,189,0,0.15,R,mse,1.0101715326309204
noised_data,190,0,0.15,R,mse,0.8844764232635498
noised_data,191,0,0.15,R,mse,1.0293010473251343
noised_data,184,0,0.15,R,mae,0.8153669238090515
noised_data,185,0,0.15,R,mae,0.798825204372406
noised_data,186,0,0.15,R,mae,0.7411222457885742
noised_data,187,0,0.15,R,mae,0.6296745538711548
noised_data,188,0,0.15,R,mae,0.7287182807922363
noised_data,189,0,0.15,R,mae,0.7984821200370789
noised_data,190,0,0.15,R,mae,0.7399498224258423
noised_data,191,0,0.15,R,mae,0.806011438369751
noised_data,184,0,0.15,P,mse,0.979073166847229
noised_data,185,0,0.15,P,mse,1.0002970695495605
noised_data,186,0,0.15,P,mse,0.9407883286476135
noised_data,187,0,0.15,P,mse,0.6013268828392029
noised_data,188,0,0.15,P,mse,0.8286515474319458
noised_data,189,0,0.15,P,mse,1.0720410346984863
noised_data,190,0,0.15,P,mse,0.8786325454711914
noised_data,191,0,0.15,P,mse,0.9933673143386841
noised_data,184,0,0.15,P,mae,0.7852126359939575
noised_data,185,0,0.15,P,mae,0.799553394317627
noised_data,186,0,0.15,P,mae,0.7574594020843506
noised_data,187,0,0.15,P,mae,0.6021560430526733
noised_data,188,0,0.15,P,mae,0.7144427299499512
noised_data,189,0,0.15,P,mae,0.8260648250579834
noised_data,190,0,0.15,P,mae,0.7403334379196167
noised_data,191,0,0.15,P,mae,0.7921922206878662
noised_data,184,0,0.3,R,mse,0.9813975691795349
noised_data,185,0,0.3,R,mse,0.910380482673645
noised_data,186,0,0.3,R,mse,0.7765427827835083
noised_data,187,0,0.3,R,mse,0.49989911913871765
noised_data,188,0,0.3,R,mse,0.7026476263999939
noised_data,189,0,0.3,R,mse,0.9563445448875427
noised_data,190,0,0.3,R,mse,0.8640331029891968
noised_data,191,0,0.3,R,mse,0.922629714012146
noised_data,184,0,0.3,R,mae,0.7834357023239136
noised_data,185,0,0.3,R,mae,0.7557713389396667
noised_data,186,0,0.3,R,mae,0.6943825483322144
noised_data,187,0,0.3,R,mae,0.5273191928863525
noised_data,188,0,0.3,R,mae,0.6618455648422241
noised_data,189,0,0.3,R,mae,0.7683095932006836
noised_data,190,0,0.3,R,mae,0.7258352041244507
noised_data,191,0,0.3,R,mae,0.7596692442893982
noised_data,184,0,0.3,P,mse,0.9613328576087952
noised_data,185,0,0.3,P,mse,0.8982956409454346
noised_data,186,0,0.3,P,mse,0.8622113466262817
noised_data,187,0,0.3,P,mse,0.46446317434310913
noised_data,188,0,0.3,P,mse,0.7210519313812256
noised_data,189,0,0.3,P,mse,1.0654107332229614
noised_data,190,0,0.3,P,mse,0.8577438592910767
noised_data,191,0,0.3,P,mse,0.8809911012649536
noised_data,184,0,0.3,P,mae,0.7710278034210205
noised_data,185,0,0.3,P,mae,0.7489539384841919
noised_data,186,0,0.3,P,mae,0.7182930707931519
noised_data,187,0,0.3,P,mae,0.5078210234642029
noised_data,188,0,0.3,P,mae,0.6569592952728271
noised_data,189,0,0.3,P,mae,0.8126320242881775
noised_data,190,0,0.3,P,mae,0.72418212890625
noised_data,191,0,0.3,P,mae,0.7482395768165588
noised_data,184,0,0.5,R,mse,0.8959850668907166
noised_data,185,0,0.5,R,mse,0.778400719165802
noised_data,186,0,0.5,R,mse,0.6873580813407898
noised_data,187,0,0.5,R,mse,0.41256582736968994
noised_data,188,0,0.5,R,mse,0.6666116118431091
noised_data,189,0,0.5,R,mse,0.8977714776992798
noised_data,190,0,0.5,R,mse,0.8178435564041138
noised_data,191,0,0.5,R,mse,0.7419476509094238
noised_data,184,0,0.5,R,mae,0.7430275678634644
noised_data,185,0,0.5,R,mae,0.7002158164978027
noised_data,186,0,0.5,R,mae,0.6490351557731628
noised_data,187,0,0.5,R,mae,0.4568842053413391
noised_data,188,0,0.5,R,mae,0.6347413063049316
noised_data,189,0,0.5,R,mae,0.7526105642318726
noised_data,190,0,0.5,R,mae,0.7057221531867981
noised_data,191,0,0.5,R,mae,0.6794188618659973
noised_data,184,0,0.5,P,mse,0.8874062299728394
noised_data,185,0,0.5,P,mse,0.7417721748352051
noised_data,186,0,0.5,P,mse,0.7567333579063416
noised_data,187,0,0.5,P,mse,0.41280925273895264
noised_data,188,0,0.5,P,mse,0.6624544262886047
noised_data,189,0,0.5,P,mse,0.9848417639732361
noised_data,190,0,0.5,P,mse,0.8154981732368469
noised_data,191,0,0.5,P,mse,0.7633821964263916
noised_data,184,0,0.5,P,mae,0.7470953464508057
noised_data,185,0,0.5,P,mae,0.6830067038536072
noised_data,186,0,0.5,P,mae,0.667991042137146
noised_data,187,0,0.5,P,mae,0.4558808207511902
noised_data,188,0,0.5,P,mae,0.6343915462493896
noised_data,189,0,0.5,P,mae,0.7793471813201904
noised_data,190,0,0.5,P,mae,0.7054712772369385
noised_data,191,0,0.5,P,mae,0.6961634159088135
noised_data,184,0,0.7,R,mse,0.7913659811019897
noised_data,185,0,0.7,R,mse,0.5681623220443726
noised_data,186,0,0.7,R,mse,0.6213638782501221
noised_data,187,0,0.7,R,mse,0.38951948285102844
noised_data,188,0,0.7,R,mse,0.6660695672035217
noised_data,189,0,0.7,R,mse,0.7306546568870544
noised_data,190,0,0.7,R,mse,0.7292822599411011
noised_data,191,0,0.7,R,mse,0.6876240968704224
noised_data,184,0,0.7,R,mae,0.6763424873352051
noised_data,185,0,0.7,R,mae,0.6010411381721497
noised_data,186,0,0.7,R,mae,0.6138007640838623
noised_data,187,0,0.7,R,mae,0.4331156313419342
noised_data,188,0,0.7,R,mae,0.6339271068572998
noised_data,189,0,0.7,R,mae,0.6867629885673523
noised_data,190,0,0.7,R,mae,0.6782016158103943
noised_data,191,0,0.7,R,mae,0.6414731740951538
noised_data,184,0,0.7,P,mse,0.7221934795379639
noised_data,185,0,0.7,P,mse,0.5583574771881104
noised_data,186,0,0.7,P,mse,0.669216513633728
noised_data,187,0,0.7,P,mse,0.40128225088119507
noised_data,188,0,0.7,P,mse,0.7124168872833252
noised_data,189,0,0.7,P,mse,0.7799661159515381
noised_data,190,0,0.7,P,mse,0.785940945148468
noised_data,191,0,0.7,P,mse,0.709307074546814
noised_data,184,0,0.7,P,mae,0.6767228841781616
noised_data,185,0,0.7,P,mae,0.5887227058410645
noised_data,186,0,0.7,P,mae,0.63118577003479
noised_data,187,0,0.7,P,mae,0.43630313873291016
noised_data,188,0,0.7,P,mae,0.6572189927101135
noised_data,189,0,0.7,P,mae,0.701641321182251
noised_data,190,0,0.7,P,mae,0.6922011971473694
noised_data,191,0,0.7,P,mae,0.6599665880203247
noised_data,184,0,0.85,R,mse,0.5629470348358154
noised_data,185,0,0.85,R,mse,0.4675413966178894
noised_data,186,0,0.85,R,mse,0.5479114055633545
noised_data,187,0,0.85,R,mse,0.47901731729507446
noised_data,188,0,0.85,R,mse,0.6763730049133301
noised_data,189,0,0.85,R,mse,0.6346882581710815
noised_data,190,0,0.85,R,mse,0.7357611656188965
noised_data,191,0,0.85,R,mse,0.7336868047714233
noised_data,184,0,0.85,R,mae,0.5944649577140808
noised_data,185,0,0.85,R,mae,0.5464208126068115
noised_data,186,0,0.85,R,mae,0.5824848413467407
noised_data,187,0,0.85,R,mae,0.4729011058807373
noised_data,188,0,0.85,R,mae,0.6475687623023987
noised_data,189,0,0.85,R,mae,0.6423941850662231
noised_data,190,0,0.85,R,mae,0.6777827739715576
noised_data,191,0,0.85,R,mae,0.6301910877227783
noised_data,184,0,0.85,P,mse,0.5716090202331543
noised_data,185,0,0.85,P,mse,0.4742726683616638
noised_data,186,0,0.85,P,mse,0.5753979086875916
noised_data,187,0,0.85,P,mse,0.48631712794303894
noised_data,188,0,0.85,P,mse,0.7863811254501343
noised_data,189,0,0.85,P,mse,0.6278125643730164
noised_data,190,0,0.85,P,mse,0.7343789935112
noised_data,191,0,0.85,P,mse,0.6943637132644653
noised_data,184,0,0.85,P,mae,0.6074891090393066
noised_data,185,0,0.85,P,mae,0.5356805920600891
noised_data,186,0,0.85,P,mae,0.5895542502403259
noised_data,187,0,0.85,P,mae,0.4802027642726898
noised_data,188,0,0.85,P,mae,0.6855588555335999
noised_data,189,0,0.85,P,mae,0.6291035413742065
noised_data,190,0,0.85,P,mae,0.6705498099327087
noised_data,191,0,0.85,P,mae,0.6433138847351074
noised_data,184,0,0.95,R,mse,0.5374248027801514
noised_data,185,0,0.95,R,mse,0.4116945266723633
noised_data,186,0,0.95,R,mse,0.496961772441864
noised_data,187,0,0.95,R,mse,0.6172788143157959
noised_data,188,0,0.95,R,mse,0.6604899764060974
noised_data,189,0,0.95,R,mse,0.568536639213562
noised_data,190,0,0.95,R,mse,0.6618350744247437
noised_data,191,0,0.95,R,mse,0.638228178024292
noised_data,184,0,0.95,R,mae,0.5924779772758484
noised_data,185,0,0.95,R,mae,0.5145933628082275
noised_data,186,0,0.95,R,mae,0.5607206225395203
noised_data,187,0,0.95,R,mae,0.5702128410339355
noised_data,188,0,0.95,R,mae,0.6489994525909424
noised_data,189,0,0.95,R,mae,0.6073370575904846
noised_data,190,0,0.95,R,mae,0.643792986869812
noised_data,191,0,0.95,R,mae,0.597480833530426
noised_data,184,0,0.95,P,mse,0.5710901618003845
noised_data,185,0,0.95,P,mse,0.4242859482765198
noised_data,186,0,0.95,P,mse,0.5229281187057495
noised_data,187,0,0.95,P,mse,0.6032498478889465
noised_data,188,0,0.95,P,mse,0.7741615772247314
noised_data,189,0,0.95,P,mse,0.5369589328765869
noised_data,190,0,0.95,P,mse,0.649131178855896
noised_data,191,0,0.95,P,mse,0.5715446472167969
noised_data,184,0,0.95,P,mae,0.6146324872970581
noised_data,185,0,0.95,P,mae,0.512580156326294
noised_data,186,0,0.95,P,mae,0.5732465982437134
noised_data,187,0,0.95,P,mae,0.565305233001709
noised_data,188,0,0.95,P,mae,0.6898476481437683
noised_data,189,0,0.95,P,mae,0.5825681686401367
noised_data,190,0,0.95,P,mae,0.6340440511703491
noised_data,191,0,0.95,P,mae,0.5849578380584717
noised_data,184,1,0.05,R,mse,1.0510014295578003
noised_data,185,1,0.05,R,mse,1.103025197982788
noised_data,186,1,0.05,R,mse,1.080376386642456
noised_data,187,1,0.05,R,mse,0.8599668145179749
noised_data,188,1,0.05,R,mse,0.9670748710632324
noised_data,189,1,0.05,R,mse,1.0490155220031738
noised_data,190,1,0.05,R,mse,1.001484990119934
noised_data,191,1,0.05,R,mse,1.0479769706726074
noised_data,184,1,0.05,R,mae,0.8179459571838379
noised_data,185,1,0.05,R,mae,0.8342083692550659
noised_data,186,1,0.05,R,mae,0.8287286162376404
noised_data,187,1,0.05,R,mae,0.7386327981948853
noised_data,188,1,0.05,R,mae,0.7883768081665039
noised_data,189,1,0.05,R,mae,0.813457727432251
noised_data,190,1,0.05,R,mae,0.7923067808151245
noised_data,191,1,0.05,R,mae,0.8069444894790649
noised_data,184,1,0.05,P,mse,1.0184144973754883
noised_data,185,1,0.05,P,mse,0.9913505911827087
noised_data,186,1,0.05,P,mse,0.9255909323692322
noised_data,187,1,0.05,P,mse,0.7969599962234497
noised_data,188,1,0.05,P,mse,0.9855040311813354
noised_data,189,1,0.05,P,mse,1.067763328552246
noised_data,190,1,0.05,P,mse,0.9803163409233093
noised_data,191,1,0.05,P,mse,1.0490210056304932
noised_data,184,1,0.05,P,mae,0.8044077157974243
noised_data,185,1,0.05,P,mae,0.7974491119384766
noised_data,186,1,0.05,P,mae,0.7612124681472778
noised_data,187,1,0.05,P,mae,0.710174024105072
noised_data,188,1,0.05,P,mae,0.7878335118293762
noised_data,189,1,0.05,P,mae,0.8328080773353577
noised_data,190,1,0.05,P,mae,0.787263035774231
noised_data,191,1,0.05,P,mae,0.8161050081253052
noised_data,184,1,0.15,R,mse,1.0199522972106934
noised_data,185,1,0.15,R,mse,1.0333530902862549
noised_data,186,1,0.15,R,mse,0.9686485528945923
noised_data,187,1,0.15,R,mse,0.6386767029762268
noised_data,188,1,0.15,R,mse,0.8362820744514465
noised_data,189,1,0.15,R,mse,1.0403714179992676
noised_data,190,1,0.15,R,mse,0.8796541690826416
noised_data,191,1,0.15,R,mse,1.0041199922561646
noised_data,184,1,0.15,R,mae,0.8050244450569153
noised_data,185,1,0.15,R,mae,0.8110879063606262
noised_data,186,1,0.15,R,mae,0.7736200094223022
noised_data,187,1,0.15,R,mae,0.6209017038345337
noised_data,188,1,0.15,R,mae,0.7251486778259277
noised_data,189,1,0.15,R,mae,0.8048042058944702
noised_data,190,1,0.15,R,mae,0.738890528678894
noised_data,191,1,0.15,R,mae,0.7912963628768921
noised_data,184,1,0.15,P,mse,1.0052509307861328
noised_data,185,1,0.15,P,mse,0.9664158225059509
noised_data,186,1,0.15,P,mse,0.8628582954406738
noised_data,187,1,0.15,P,mse,0.6239861845970154
noised_data,188,1,0.15,P,mse,0.8362225890159607
noised_data,189,1,0.15,P,mse,1.0420286655426025
noised_data,190,1,0.15,P,mse,0.8826872110366821
noised_data,191,1,0.15,P,mse,1.0091074705123901
noised_data,184,1,0.15,P,mae,0.7968833446502686
noised_data,185,1,0.15,P,mae,0.7859436869621277
noised_data,186,1,0.15,P,mae,0.7271586060523987
noised_data,187,1,0.15,P,mae,0.6157882213592529
noised_data,188,1,0.15,P,mae,0.7209177017211914
noised_data,189,1,0.15,P,mae,0.817899763584137
noised_data,190,1,0.15,P,mae,0.7433063387870789
noised_data,191,1,0.15,P,mae,0.8012042045593262
noised_data,184,1,0.3,R,mse,0.9840095043182373
noised_data,185,1,0.3,R,mse,0.9310756921768188
noised_data,186,1,0.3,R,mse,0.8621499538421631
noised_data,187,1,0.3,R,mse,0.47023141384124756
noised_data,188,1,0.3,R,mse,0.7244216203689575
noised_data,189,1,0.3,R,mse,1.0049357414245605
noised_data,190,1,0.3,R,mse,0.8248103857040405
noised_data,191,1,0.3,R,mse,0.9011592864990234
noised_data,184,1,0.3,R,mae,0.7799142003059387
noised_data,185,1,0.3,R,mae,0.7596576809883118
noised_data,186,1,0.3,R,mae,0.7246455550193787
noised_data,187,1,0.3,R,mae,0.5137726068496704
noised_data,188,1,0.3,R,mae,0.6634938716888428
noised_data,189,1,0.3,R,mae,0.7867792844772339
noised_data,190,1,0.3,R,mae,0.7067826986312866
noised_data,191,1,0.3,R,mae,0.7566571831703186
noised_data,184,1,0.3,P,mse,0.9606654644012451
noised_data,185,1,0.3,P,mse,0.8795180916786194
noised_data,186,1,0.3,P,mse,0.7815267443656921
noised_data,187,1,0.3,P,mse,0.48810482025146484
noised_data,188,1,0.3,P,mse,0.7039103507995605
noised_data,189,1,0.3,P,mse,1.0116472244262695
noised_data,190,1,0.3,P,mse,0.8766396045684814
noised_data,191,1,0.3,P,mse,0.8941267728805542
noised_data,184,1,0.3,P,mae,0.7768478393554688
noised_data,185,1,0.3,P,mae,0.745873212814331
noised_data,186,1,0.3,P,mae,0.6921499967575073
noised_data,187,1,0.3,P,mae,0.5207904577255249
noised_data,188,1,0.3,P,mae,0.6558120250701904
noised_data,189,1,0.3,P,mae,0.7936943173408508
noised_data,190,1,0.3,P,mae,0.7339355945587158
noised_data,191,1,0.3,P,mae,0.7464704513549805
noised_data,184,1,0.5,R,mse,0.8864448666572571
noised_data,185,1,0.5,R,mse,0.7749281525611877
noised_data,186,1,0.5,R,mse,0.7346485257148743
noised_data,187,1,0.5,R,mse,0.3653932213783264
noised_data,188,1,0.5,R,mse,0.678966760635376
noised_data,189,1,0.5,R,mse,0.9672496318817139
noised_data,190,1,0.5,R,mse,0.8001723289489746
noised_data,191,1,0.5,R,mse,0.7608335018157959
noised_data,184,1,0.5,R,mae,0.7413781881332397
noised_data,185,1,0.5,R,mae,0.693242073059082
noised_data,186,1,0.5,R,mae,0.6629737615585327
noised_data,187,1,0.5,R,mae,0.434013307094574
noised_data,188,1,0.5,R,mae,0.636920690536499
noised_data,189,1,0.5,R,mae,0.7795619964599609
noised_data,190,1,0.5,R,mae,0.695616602897644
noised_data,191,1,0.5,R,mae,0.6931118965148926
noised_data,184,1,0.5,P,mse,0.8685754537582397
noised_data,185,1,0.5,P,mse,0.7395070195198059
noised_data,186,1,0.5,P,mse,0.7047735452651978
noised_data,187,1,0.5,P,mse,0.4412868618965149
noised_data,188,1,0.5,P,mse,0.6646198034286499
noised_data,189,1,0.5,P,mse,0.9170089960098267
noised_data,190,1,0.5,P,mse,0.8449267148971558
noised_data,191,1,0.5,P,mse,0.7529933452606201
noised_data,184,1,0.5,P,mae,0.7390062212944031
noised_data,185,1,0.5,P,mae,0.6875476837158203
noised_data,186,1,0.5,P,mae,0.6514366865158081
noised_data,187,1,0.5,P,mae,0.47173112630844116
noised_data,188,1,0.5,P,mae,0.6393475532531738
noised_data,189,1,0.5,P,mae,0.7519381046295166
noised_data,190,1,0.5,P,mae,0.7181990742683411
noised_data,191,1,0.5,P,mae,0.6825492978096008
noised_data,184,1,0.7,R,mse,0.7970751523971558
noised_data,185,1,0.7,R,mse,0.5629934668540955
noised_data,186,1,0.7,R,mse,0.6211208701133728
noised_data,187,1,0.7,R,mse,0.33876127004623413
noised_data,188,1,0.7,R,mse,0.6726894974708557
noised_data,189,1,0.7,R,mse,0.7713385820388794
noised_data,190,1,0.7,R,mse,0.7475214004516602
noised_data,191,1,0.7,R,mse,0.7132263779640198
noised_data,184,1,0.7,R,mae,0.6839593052864075
noised_data,185,1,0.7,R,mae,0.5934997797012329
noised_data,186,1,0.7,R,mae,0.6088708639144897
noised_data,187,1,0.7,R,mae,0.40383338928222656
noised_data,188,1,0.7,R,mae,0.6367049813270569
noised_data,189,1,0.7,R,mae,0.7062702178955078
noised_data,190,1,0.7,R,mae,0.6762812733650208
noised_data,191,1,0.7,R,mae,0.6573449969291687
noised_data,184,1,0.7,P,mse,0.722460150718689
noised_data,185,1,0.7,P,mse,0.5595513582229614
noised_data,186,1,0.7,P,mse,0.6686506271362305
noised_data,187,1,0.7,P,mse,0.43350476026535034
noised_data,188,1,0.7,P,mse,0.6983828544616699
noised_data,189,1,0.7,P,mse,0.7375756502151489
noised_data,190,1,0.7,P,mse,0.7667983770370483
noised_data,191,1,0.7,P,mse,0.6827824115753174
noised_data,184,1,0.7,P,mae,0.6706904172897339
noised_data,185,1,0.7,P,mae,0.5944167971611023
noised_data,186,1,0.7,P,mae,0.636145830154419
noised_data,187,1,0.7,P,mae,0.46195298433303833
noised_data,188,1,0.7,P,mae,0.6488951444625854
noised_data,189,1,0.7,P,mae,0.6817300319671631
noised_data,190,1,0.7,P,mae,0.6943352222442627
noised_data,191,1,0.7,P,mae,0.6447317600250244
noised_data,184,1,0.85,R,mse,0.5676931142807007
noised_data,185,1,0.85,R,mse,0.4547884464263916
noised_data,186,1,0.85,R,mse,0.5193120241165161
noised_data,187,1,0.85,R,mse,0.42157843708992004
noised_data,188,1,0.85,R,mse,0.7383793592453003
noised_data,189,1,0.85,R,mse,0.630538821220398
noised_data,190,1,0.85,R,mse,0.7405327558517456
noised_data,191,1,0.85,R,mse,0.6576555371284485
noised_data,184,1,0.85,R,mae,0.5988741517066956
noised_data,185,1,0.85,R,mae,0.5346788167953491
noised_data,186,1,0.85,R,mae,0.5636383295059204
noised_data,187,1,0.85,R,mae,0.44373857975006104
noised_data,188,1,0.85,R,mae,0.6734262704849243
noised_data,189,1,0.85,R,mae,0.6395503282546997
noised_data,190,1,0.85,R,mae,0.6714338064193726
noised_data,191,1,0.85,R,mae,0.6276570558547974
noised_data,184,1,0.85,P,mse,0.5700346827507019
noised_data,185,1,0.85,P,mse,0.48990315198898315
noised_data,186,1,0.85,P,mse,0.6015439629554749
noised_data,187,1,0.85,P,mse,0.5333540439605713
noised_data,188,1,0.85,P,mse,0.7278434634208679
noised_data,189,1,0.85,P,mse,0.627350926399231
noised_data,190,1,0.85,P,mse,0.7266028523445129
noised_data,191,1,0.85,P,mse,0.7718205451965332
noised_data,184,1,0.85,P,mae,0.6047590970993042
noised_data,185,1,0.85,P,mae,0.5488917827606201
noised_data,186,1,0.85,P,mae,0.6065085530281067
noised_data,187,1,0.85,P,mae,0.5058807134628296
noised_data,188,1,0.85,P,mae,0.6610509157180786
noised_data,189,1,0.85,P,mae,0.6300128698348999
noised_data,190,1,0.85,P,mae,0.6766698360443115
noised_data,191,1,0.85,P,mae,0.6466128826141357
noised_data,184,1,0.95,R,mse,0.5411610007286072
noised_data,185,1,0.95,R,mse,0.40069037675857544
noised_data,186,1,0.95,R,mse,0.4714927673339844
noised_data,187,1,0.95,R,mse,0.509529709815979
noised_data,188,1,0.95,R,mse,0.7238702774047852
noised_data,189,1,0.95,R,mse,0.5469269156455994
noised_data,190,1,0.95,R,mse,0.6590173244476318
noised_data,191,1,0.95,R,mse,0.5670075416564941
noised_data,184,1,0.95,R,mae,0.596677839756012
noised_data,185,1,0.95,R,mae,0.5052462816238403
noised_data,186,1,0.95,R,mae,0.547683596611023
noised_data,187,1,0.95,R,mae,0.5188642740249634
noised_data,188,1,0.95,R,mae,0.674555778503418
noised_data,189,1,0.95,R,mae,0.596163272857666
noised_data,190,1,0.95,R,mae,0.6371632814407349
noised_data,191,1,0.95,R,mae,0.5866748690605164
noised_data,184,1,0.95,P,mse,0.5696030259132385
noised_data,185,1,0.95,P,mse,0.4343353807926178
noised_data,186,1,0.95,P,mse,0.5468470454216003
noised_data,187,1,0.95,P,mse,0.7154108285903931
noised_data,188,1,0.95,P,mse,0.707146167755127
noised_data,189,1,0.95,P,mse,0.5535174012184143
noised_data,190,1,0.95,P,mse,0.6506352424621582
noised_data,191,1,0.95,P,mse,0.640579104423523
noised_data,184,1,0.95,P,mae,0.6115915775299072
noised_data,185,1,0.95,P,mae,0.5213648080825806
noised_data,186,1,0.95,P,mae,0.5853887796401978
noised_data,187,1,0.95,P,mae,0.622084379196167
noised_data,188,1,0.95,P,mae,0.6625650525093079
noised_data,189,1,0.95,P,mae,0.5913681983947754
noised_data,190,1,0.95,P,mae,0.6403825879096985
noised_data,191,1,0.95,P,mae,0.5943966507911682
noised_data,192,0,0.05,R,mse,0.9458860754966736
noised_data,193,0,0.05,R,mse,1.0873327255249023
noised_data,194,0,0.05,R,mse,1.0293880701065063
noised_data,195,0,0.05,R,mse,1.0155508518218994
noised_data,196,0,0.05,R,mse,1.0085563659667969
noised_data,197,0,0.05,R,mse,0.9841883182525635
noised_data,198,0,0.05,R,mse,1.0223162174224854
noised_data,199,0,0.05,R,mse,1.0416450500488281
noised_data,192,0,0.05,R,mae,0.775144100189209
noised_data,193,0,0.05,R,mae,0.8278180360794067
noised_data,194,0,0.05,R,mae,0.8105746507644653
noised_data,195,0,0.05,R,mae,0.8028926253318787
noised_data,196,0,0.05,R,mae,0.8000468015670776
noised_data,197,0,0.05,R,mae,0.7954214811325073
noised_data,198,0,0.05,R,mae,0.795067310333252
noised_data,199,0,0.05,R,mae,0.8102617859840393
noised_data,192,0,0.05,P,mse,0.9793429374694824
noised_data,193,0,0.05,P,mse,1.0715792179107666
noised_data,194,0,0.05,P,mse,1.1373261213302612
noised_data,195,0,0.05,P,mse,1.0495414733886719
noised_data,196,0,0.05,P,mse,0.997052788734436
noised_data,197,0,0.05,P,mse,0.9290516376495361
noised_data,198,0,0.05,P,mse,1.0057860612869263
noised_data,199,0,0.05,P,mse,1.083587408065796
noised_data,192,0,0.05,P,mae,0.7922302484512329
noised_data,193,0,0.05,P,mae,0.8226473331451416
noised_data,194,0,0.05,P,mae,0.8498836755752563
noised_data,195,0,0.05,P,mae,0.8155442476272583
noised_data,196,0,0.05,P,mae,0.7992067337036133
noised_data,197,0,0.05,P,mae,0.7626254558563232
noised_data,198,0,0.05,P,mae,0.8004626631736755
noised_data,199,0,0.05,P,mae,0.8257957696914673
noised_data,192,0,0.15,R,mse,0.7869770526885986
noised_data,193,0,0.15,R,mse,1.053706169128418
noised_data,194,0,0.15,R,mse,0.9679397940635681
noised_data,195,0,0.15,R,mse,1.0215766429901123
noised_data,196,0,0.15,R,mse,0.8720000982284546
noised_data,197,0,0.15,R,mse,0.8156453371047974
noised_data,198,0,0.15,R,mse,0.9736311435699463
noised_data,199,0,0.15,R,mse,0.9862565398216248
noised_data,192,0,0.15,R,mae,0.702525794506073
noised_data,193,0,0.15,R,mae,0.8113688230514526
noised_data,194,0,0.15,R,mae,0.7758868932723999
noised_data,195,0,0.15,R,mae,0.7970007061958313
noised_data,196,0,0.15,R,mae,0.735954761505127
noised_data,197,0,0.15,R,mae,0.7099514007568359
noised_data,198,0,0.15,R,mae,0.7698438167572021
noised_data,199,0,0.15,R,mae,0.787426769733429
noised_data,192,0,0.15,P,mse,0.8017644882202148
noised_data,193,0,0.15,P,mse,1.0662322044372559
noised_data,194,0,0.15,P,mse,1.020805835723877
noised_data,195,0,0.15,P,mse,1.0223805904388428
noised_data,196,0,0.15,P,mse,0.8638747930526733
noised_data,197,0,0.15,P,mse,0.7411960959434509
noised_data,198,0,0.15,P,mse,0.9464966654777527
noised_data,199,0,0.15,P,mse,0.9866337776184082
noised_data,192,0,0.15,P,mae,0.7054102420806885
noised_data,193,0,0.15,P,mae,0.8116543292999268
noised_data,194,0,0.15,P,mae,0.7924524545669556
noised_data,195,0,0.15,P,mae,0.8005884289741516
noised_data,196,0,0.15,P,mae,0.7240637540817261
noised_data,197,0,0.15,P,mae,0.6724720001220703
noised_data,198,0,0.15,P,mae,0.7664894461631775
noised_data,199,0,0.15,P,mae,0.7844097018241882
noised_data,192,0,0.3,R,mse,0.6918339133262634
noised_data,193,0,0.3,R,mse,0.9878066778182983
noised_data,194,0,0.3,R,mse,0.9199536442756653
noised_data,195,0,0.3,R,mse,1.0177797079086304
noised_data,196,0,0.3,R,mse,0.7640259861946106
noised_data,197,0,0.3,R,mse,0.691177248954773
noised_data,198,0,0.3,R,mse,0.9492293000221252
noised_data,199,0,0.3,R,mse,0.9310133457183838
noised_data,192,0,0.3,R,mae,0.6525799632072449
noised_data,193,0,0.3,R,mae,0.7843794226646423
noised_data,194,0,0.3,R,mae,0.7573991417884827
noised_data,195,0,0.3,R,mae,0.7868316769599915
noised_data,196,0,0.3,R,mae,0.6784833073616028
noised_data,197,0,0.3,R,mae,0.6403257846832275
noised_data,198,0,0.3,R,mae,0.7491915225982666
noised_data,199,0,0.3,R,mae,0.7637867331504822
noised_data,192,0,0.3,P,mse,0.6703335046768188
noised_data,193,0,0.3,P,mse,1.0592329502105713
noised_data,194,0,0.3,P,mse,0.9734976291656494
noised_data,195,0,0.3,P,mse,0.9587149024009705
noised_data,196,0,0.3,P,mse,0.7912235260009766
noised_data,197,0,0.3,P,mse,0.6067174673080444
noised_data,198,0,0.3,P,mse,0.9608549475669861
noised_data,199,0,0.3,P,mse,0.8828639388084412
noised_data,192,0,0.3,P,mae,0.6332919597625732
noised_data,193,0,0.3,P,mae,0.80014568567276
noised_data,194,0,0.3,P,mae,0.7707103490829468
noised_data,195,0,0.3,P,mae,0.7711189985275269
noised_data,196,0,0.3,P,mae,0.6803250312805176
noised_data,197,0,0.3,P,mae,0.5997238159179688
noised_data,198,0,0.3,P,mae,0.7651057243347168
noised_data,199,0,0.3,P,mae,0.741749107837677
noised_data,192,0,0.5,R,mse,0.6164788007736206
noised_data,193,0,0.5,R,mse,0.9580435752868652
noised_data,194,0,0.5,R,mse,0.8939831256866455
noised_data,195,0,0.5,R,mse,0.9394325613975525
noised_data,196,0,0.5,R,mse,0.7900174856185913
noised_data,197,0,0.5,R,mse,0.6634310483932495
noised_data,198,0,0.5,R,mse,0.9131931066513062
noised_data,199,0,0.5,R,mse,0.8570808172225952
noised_data,192,0,0.5,R,mae,0.608786404132843
noised_data,193,0,0.5,R,mae,0.7635667324066162
noised_data,194,0,0.5,R,mae,0.7468546628952026
noised_data,195,0,0.5,R,mae,0.7546262741088867
noised_data,196,0,0.5,R,mae,0.6747162938117981
noised_data,197,0,0.5,R,mae,0.6193035840988159
noised_data,198,0,0.5,R,mae,0.7346641421318054
noised_data,199,0,0.5,R,mae,0.7250032424926758
noised_data,192,0,0.5,P,mse,0.572084903717041
noised_data,193,0,0.5,P,mse,1.0655596256256104
noised_data,194,0,0.5,P,mse,0.9257096648216248
noised_data,195,0,0.5,P,mse,0.9100040197372437
noised_data,196,0,0.5,P,mse,0.8302081823348999
noised_data,197,0,0.5,P,mse,0.5443389415740967
noised_data,198,0,0.5,P,mse,0.9604591131210327
noised_data,199,0,0.5,P,mse,0.7543062567710876
noised_data,192,0,0.5,P,mae,0.573769211769104
noised_data,193,0,0.5,P,mae,0.7973958253860474
noised_data,194,0,0.5,P,mae,0.7555496692657471
noised_data,195,0,0.5,P,mae,0.7501828670501709
noised_data,196,0,0.5,P,mae,0.6862417459487915
noised_data,197,0,0.5,P,mae,0.5606082677841187
noised_data,198,0,0.5,P,mae,0.7684664130210876
noised_data,199,0,0.5,P,mae,0.6802483797073364
noised_data,192,0,0.7,R,mse,0.5577131509780884
noised_data,193,0,0.7,R,mse,0.816199541091919
noised_data,194,0,0.7,R,mse,0.7323955297470093
noised_data,195,0,0.7,R,mse,0.8200104236602783
noised_data,196,0,0.7,R,mse,0.6834615468978882
noised_data,197,0,0.7,R,mse,0.6961188316345215
noised_data,198,0,0.7,R,mse,0.7743697762489319
noised_data,199,0,0.7,R,mse,0.7547532320022583
noised_data,192,0,0.7,R,mae,0.5739277601242065
noised_data,193,0,0.7,R,mae,0.7109127044677734
noised_data,194,0,0.7,R,mae,0.6726417541503906
noised_data,195,0,0.7,R,mae,0.7210841178894043
noised_data,196,0,0.7,R,mae,0.63398277759552
noised_data,197,0,0.7,R,mae,0.6190729141235352
noised_data,198,0,0.7,R,mae,0.6927692294120789
noised_data,199,0,0.7,R,mae,0.6794425249099731
noised_data,192,0,0.7,P,mse,0.4933967590332031
noised_data,193,0,0.7,P,mse,0.9225528240203857
noised_data,194,0,0.7,P,mse,0.7773443460464478
noised_data,195,0,0.7,P,mse,0.8527390956878662
noised_data,196,0,0.7,P,mse,0.7398514151573181
noised_data,197,0,0.7,P,mse,0.593542218208313
noised_data,198,0,0.7,P,mse,0.8165276050567627
noised_data,199,0,0.7,P,mse,0.6621407866477966
noised_data,192,0,0.7,P,mae,0.5440341234207153
noised_data,193,0,0.7,P,mae,0.7463893890380859
noised_data,194,0,0.7,P,mae,0.6950535774230957
noised_data,195,0,0.7,P,mae,0.7315012216567993
noised_data,196,0,0.7,P,mae,0.6518547534942627
noised_data,197,0,0.7,P,mae,0.5838208198547363
noised_data,198,0,0.7,P,mae,0.718546450138092
noised_data,199,0,0.7,P,mae,0.6450027227401733
noised_data,192,0,0.85,R,mse,0.6207985281944275
noised_data,193,0,0.85,R,mse,0.7041159868240356
noised_data,194,0,0.85,R,mse,0.6825271248817444
noised_data,195,0,0.85,R,mse,0.7281272411346436
noised_data,196,0,0.85,R,mse,0.5183447599411011
noised_data,197,0,0.85,R,mse,0.6162155270576477
noised_data,198,0,0.85,R,mse,0.6744247078895569
noised_data,199,0,0.85,R,mse,0.6177989840507507
noised_data,192,0,0.85,R,mae,0.6265268921852112
noised_data,193,0,0.85,R,mae,0.663885235786438
noised_data,194,0,0.85,R,mae,0.6658710241317749
noised_data,195,0,0.85,R,mae,0.6856086254119873
noised_data,196,0,0.85,R,mae,0.558310329914093
noised_data,197,0,0.85,R,mae,0.5856806039810181
noised_data,198,0,0.85,R,mae,0.6483971476554871
noised_data,199,0,0.85,R,mae,0.6162195205688477
noised_data,192,0,0.85,P,mse,0.6288283467292786
noised_data,193,0,0.85,P,mse,0.7854503393173218
noised_data,194,0,0.85,P,mse,0.7149860858917236
noised_data,195,0,0.85,P,mse,0.7897670269012451
noised_data,196,0,0.85,P,mse,0.5575176477432251
noised_data,197,0,0.85,P,mse,0.5970289707183838
noised_data,198,0,0.85,P,mse,0.6635902523994446
noised_data,199,0,0.85,P,mse,0.5558708906173706
noised_data,192,0,0.85,P,mae,0.6243860125541687
noised_data,193,0,0.85,P,mae,0.6922680735588074
noised_data,194,0,0.85,P,mae,0.6742929220199585
noised_data,195,0,0.85,P,mae,0.7026839256286621
noised_data,196,0,0.85,P,mae,0.5729665756225586
noised_data,197,0,0.85,P,mae,0.5870476961135864
noised_data,198,0,0.85,P,mae,0.6533700823783875
noised_data,199,0,0.85,P,mae,0.591591477394104
noised_data,192,0,0.95,R,mse,0.5484300255775452
noised_data,193,0,0.95,R,mse,0.6004576683044434
noised_data,194,0,0.95,R,mse,0.7583854794502258
noised_data,195,0,0.95,R,mse,0.721520185470581
noised_data,196,0,0.95,R,mse,0.5208879709243774
noised_data,197,0,0.95,R,mse,0.5442216396331787
noised_data,198,0,0.95,R,mse,0.5414066910743713
noised_data,199,0,0.95,R,mse,0.5604560971260071
noised_data,192,0,0.95,R,mae,0.594859778881073
noised_data,193,0,0.95,R,mae,0.6109746694564819
noised_data,194,0,0.95,R,mae,0.7173183560371399
noised_data,195,0,0.95,R,mae,0.6839267015457153
noised_data,196,0,0.95,R,mae,0.5940783619880676
noised_data,197,0,0.95,R,mae,0.5736855268478394
noised_data,198,0,0.95,R,mae,0.5812584757804871
noised_data,199,0,0.95,R,mae,0.5933539867401123
noised_data,192,0,0.95,P,mse,0.5554221272468567
noised_data,193,0,0.95,P,mse,0.6564292907714844
noised_data,194,0,0.95,P,mse,0.7759414911270142
noised_data,195,0,0.95,P,mse,0.7754349708557129
noised_data,196,0,0.95,P,mse,0.5743919610977173
noised_data,197,0,0.95,P,mse,0.5300602912902832
noised_data,198,0,0.95,P,mse,0.5103179216384888
noised_data,199,0,0.95,P,mse,0.5214574933052063
noised_data,192,0,0.95,P,mae,0.5879332423210144
noised_data,193,0,0.95,P,mae,0.6335254907608032
noised_data,194,0,0.95,P,mae,0.7236341238021851
noised_data,195,0,0.95,P,mae,0.698068380355835
noised_data,196,0,0.95,P,mae,0.6231808662414551
noised_data,197,0,0.95,P,mae,0.5745254755020142
noised_data,198,0,0.95,P,mae,0.5712175369262695
noised_data,199,0,0.95,P,mae,0.5790455341339111
noised_data,192,1,0.05,R,mse,0.9753499031066895
noised_data,193,1,0.05,R,mse,1.0868465900421143
noised_data,194,1,0.05,R,mse,1.0503110885620117
noised_data,195,1,0.05,R,mse,1.0488181114196777
noised_data,196,1,0.05,R,mse,1.0415430068969727
noised_data,197,1,0.05,R,mse,0.9542105197906494
noised_data,198,1,0.05,R,mse,0.9694226384162903
noised_data,199,1,0.05,R,mse,1.0718629360198975
noised_data,192,1,0.05,R,mae,0.7890033721923828
noised_data,193,1,0.05,R,mae,0.8218420743942261
noised_data,194,1,0.05,R,mae,0.8257310390472412
noised_data,195,1,0.05,R,mae,0.8102543950080872
noised_data,196,1,0.05,R,mae,0.8165255784988403
noised_data,197,1,0.05,R,mae,0.7786309123039246
noised_data,198,1,0.05,R,mae,0.7780436277389526
noised_data,199,1,0.05,R,mae,0.8181501626968384
noised_data,192,1,0.05,P,mse,0.9489003419876099
noised_data,193,1,0.05,P,mse,1.0706171989440918
noised_data,194,1,0.05,P,mse,1.1051299571990967
noised_data,195,1,0.05,P,mse,1.0178005695343018
noised_data,196,1,0.05,P,mse,0.957841694355011
noised_data,197,1,0.05,P,mse,0.9665005207061768
noised_data,198,1,0.05,P,mse,1.054948329925537
noised_data,199,1,0.05,P,mse,1.0543326139450073
noised_data,192,1,0.05,P,mae,0.7793916463851929
noised_data,193,1,0.05,P,mae,0.8275426626205444
noised_data,194,1,0.05,P,mae,0.8294298052787781
noised_data,195,1,0.05,P,mae,0.8081845045089722
noised_data,196,1,0.05,P,mae,0.7805546522140503
noised_data,197,1,0.05,P,mae,0.7831113338470459
noised_data,198,1,0.05,P,mae,0.8176170587539673
noised_data,199,1,0.05,P,mae,0.8187246322631836
noised_data,192,1,0.15,R,mse,0.78759765625
noised_data,193,1,0.15,R,mse,1.077083945274353
noised_data,194,1,0.15,R,mse,0.9742245078086853
noised_data,195,1,0.15,R,mse,1.0299632549285889
noised_data,196,1,0.15,R,mse,0.9179556965827942
noised_data,197,1,0.15,R,mse,0.7688936591148376
noised_data,198,1,0.15,R,mse,0.9374165534973145
noised_data,199,1,0.15,R,mse,0.988195538520813
noised_data,192,1,0.15,R,mae,0.6966620683670044
noised_data,193,1,0.15,R,mae,0.8091495037078857
noised_data,194,1,0.15,R,mae,0.7841296195983887
noised_data,195,1,0.15,R,mae,0.7955710887908936
noised_data,196,1,0.15,R,mae,0.7525480389595032
noised_data,197,1,0.15,R,mae,0.689167857170105
noised_data,198,1,0.15,R,mae,0.7586279511451721
noised_data,199,1,0.15,R,mae,0.7860948443412781
noised_data,192,1,0.15,P,mse,0.8063212633132935
noised_data,193,1,0.15,P,mse,1.0516514778137207
noised_data,194,1,0.15,P,mse,0.9972668290138245
noised_data,195,1,0.15,P,mse,1.0147589445114136
noised_data,196,1,0.15,P,mse,0.8078655004501343
noised_data,197,1,0.15,P,mse,0.7883872985839844
noised_data,198,1,0.15,P,mse,0.9851473569869995
noised_data,199,1,0.15,P,mse,0.9911147356033325
noised_data,192,1,0.15,P,mae,0.7149674892425537
noised_data,193,1,0.15,P,mae,0.8149657249450684
noised_data,194,1,0.15,P,mae,0.7770923972129822
noised_data,195,1,0.15,P,mae,0.8010067939758301
noised_data,196,1,0.15,P,mae,0.7045339345932007
noised_data,197,1,0.15,P,mae,0.6956269145011902
noised_data,198,1,0.15,P,mae,0.7800219058990479
noised_data,199,1,0.15,P,mae,0.7890603542327881
noised_data,192,1,0.3,R,mse,0.6482179164886475
noised_data,193,1,0.3,R,mse,1.0441807508468628
noised_data,194,1,0.3,R,mse,0.9379600286483765
noised_data,195,1,0.3,R,mse,0.9747493267059326
noised_data,196,1,0.3,R,mse,0.8003201484680176
noised_data,197,1,0.3,R,mse,0.631027340888977
noised_data,198,1,0.3,R,mse,0.9624406695365906
noised_data,199,1,0.3,R,mse,0.9244028329849243
noised_data,192,1,0.3,R,mae,0.6202978491783142
noised_data,193,1,0.3,R,mae,0.7982458472251892
noised_data,194,1,0.3,R,mae,0.7677762508392334
noised_data,195,1,0.3,R,mae,0.7691217064857483
noised_data,196,1,0.3,R,mae,0.6934974193572998
noised_data,197,1,0.3,R,mae,0.6085329055786133
noised_data,198,1,0.3,R,mae,0.7629668116569519
noised_data,199,1,0.3,R,mae,0.7584904432296753
noised_data,192,1,0.3,P,mse,0.7132088541984558
noised_data,193,1,0.3,P,mse,1.0029542446136475
noised_data,194,1,0.3,P,mse,0.9545658826828003
noised_data,195,1,0.3,P,mse,0.9969937205314636
noised_data,196,1,0.3,P,mse,0.7341272234916687
noised_data,197,1,0.3,P,mse,0.6656743288040161
noised_data,198,1,0.3,P,mse,0.9451059103012085
noised_data,199,1,0.3,P,mse,0.8888107538223267
noised_data,192,1,0.3,P,mae,0.6656047105789185
noised_data,193,1,0.3,P,mae,0.7850332260131836
noised_data,194,1,0.3,P,mae,0.7620347738265991
noised_data,195,1,0.3,P,mae,0.7857071161270142
noised_data,196,1,0.3,P,mae,0.6578284502029419
noised_data,197,1,0.3,P,mae,0.6301939487457275
noised_data,198,1,0.3,P,mae,0.7533663511276245
noised_data,199,1,0.3,P,mae,0.7483833432197571
noised_data,192,1,0.5,R,mse,0.5614758729934692
noised_data,193,1,0.5,R,mse,1.054003357887268
noised_data,194,1,0.5,R,mse,0.9327278137207031
noised_data,195,1,0.5,R,mse,0.9374128580093384
noised_data,196,1,0.5,R,mse,0.8031290769577026
noised_data,197,1,0.5,R,mse,0.609883725643158
noised_data,198,1,0.5,R,mse,0.9725675582885742
noised_data,199,1,0.5,R,mse,0.8130488395690918
noised_data,192,1,0.5,R,mae,0.5716122388839722
noised_data,193,1,0.5,R,mae,0.795323371887207
noised_data,194,1,0.5,R,mae,0.7599169015884399
noised_data,195,1,0.5,R,mae,0.7495150566101074
noised_data,196,1,0.5,R,mae,0.6846579313278198
noised_data,197,1,0.5,R,mae,0.5917179584503174
noised_data,198,1,0.5,R,mae,0.7696254253387451
noised_data,199,1,0.5,R,mae,0.7099038362503052
noised_data,192,1,0.5,P,mse,0.6269636154174805
noised_data,193,1,0.5,P,mse,0.9683578610420227
noised_data,194,1,0.5,P,mse,0.8789435029029846
noised_data,195,1,0.5,P,mse,0.9149718284606934
noised_data,196,1,0.5,P,mse,0.8008066415786743
noised_data,197,1,0.5,P,mse,0.6098957061767578
noised_data,198,1,0.5,P,mse,0.9117813110351562
noised_data,199,1,0.5,P,mse,0.791541337966919
noised_data,192,1,0.5,P,mae,0.6095659732818604
noised_data,193,1,0.5,P,mae,0.7640290260314941
noised_data,194,1,0.5,P,mae,0.7389658093452454
noised_data,195,1,0.5,P,mae,0.753122091293335
noised_data,196,1,0.5,P,mae,0.6735999584197998
noised_data,197,1,0.5,P,mae,0.5917190313339233
noised_data,198,1,0.5,P,mae,0.7392451763153076
noised_data,199,1,0.5,P,mae,0.694262683391571
noised_data,192,1,0.7,R,mse,0.5179962515830994
noised_data,193,1,0.7,R,mse,0.8828073143959045
noised_data,194,1,0.7,R,mse,0.7712922692298889
noised_data,195,1,0.7,R,mse,0.8626093864440918
noised_data,196,1,0.7,R,mse,0.7209029197692871
noised_data,197,1,0.7,R,mse,0.6378946304321289
noised_data,198,1,0.7,R,mse,0.8459764122962952
noised_data,199,1,0.7,R,mse,0.6977744698524475
noised_data,192,1,0.7,R,mae,0.5513516068458557
noised_data,193,1,0.7,R,mae,0.7357583045959473
noised_data,194,1,0.7,R,mae,0.6939934492111206
noised_data,195,1,0.7,R,mae,0.7347632050514221
noised_data,196,1,0.7,R,mae,0.6496307849884033
noised_data,197,1,0.7,R,mae,0.595852792263031
noised_data,198,1,0.7,R,mae,0.7281134128570557
noised_data,199,1,0.7,R,mae,0.6642200946807861
noised_data,192,1,0.7,P,mse,0.5305406451225281
noised_data,193,1,0.7,P,mse,0.8566882014274597
noised_data,194,1,0.7,P,mse,0.7328329086303711
noised_data,195,1,0.7,P,mse,0.8006318807601929
noised_data,196,1,0.7,P,mse,0.7019052505493164
noised_data,197,1,0.7,P,mse,0.6407678127288818
noised_data,198,1,0.7,P,mse,0.7448239326477051
noised_data,199,1,0.7,P,mse,0.7075051665306091
noised_data,192,1,0.7,P,mae,0.5659036636352539
noised_data,193,1,0.7,P,mae,0.721849799156189
noised_data,194,1,0.7,P,mae,0.6727703213691711
noised_data,195,1,0.7,P,mae,0.7138292193412781
noised_data,196,1,0.7,P,mae,0.636605978012085
noised_data,197,1,0.7,P,mae,0.6011463403701782
noised_data,198,1,0.7,P,mae,0.6846614480018616
noised_data,199,1,0.7,P,mae,0.6538739800453186
noised_data,192,1,0.85,R,mse,0.6646496057510376
noised_data,193,1,0.85,R,mse,0.7529512643814087
noised_data,194,1,0.85,R,mse,0.7202118039131165
noised_data,195,1,0.85,R,mse,0.7762823104858398
noised_data,196,1,0.85,R,mse,0.5422415733337402
noised_data,197,1,0.85,R,mse,0.594586193561554
noised_data,198,1,0.85,R,mse,0.6999261379241943
noised_data,199,1,0.85,R,mse,0.5731291174888611
noised_data,192,1,0.85,R,mae,0.6332296133041382
noised_data,193,1,0.85,R,mae,0.6826177835464478
noised_data,194,1,0.85,R,mae,0.6858408451080322
noised_data,195,1,0.85,R,mae,0.7007633447647095
noised_data,196,1,0.85,R,mae,0.5684598684310913
noised_data,197,1,0.85,R,mae,0.5854562520980835
noised_data,198,1,0.85,R,mae,0.6642539501190186
noised_data,199,1,0.85,R,mae,0.5999282598495483
noised_data,192,1,0.85,P,mse,0.5851566195487976
noised_data,193,1,0.85,P,mse,0.7374407649040222
noised_data,194,1,0.85,P,mse,0.670563817024231
noised_data,195,1,0.85,P,mse,0.7304199934005737
noised_data,196,1,0.85,P,mse,0.5363927483558655
noised_data,197,1,0.85,P,mse,0.61614990234375
noised_data,198,1,0.85,P,mse,0.6382375955581665
noised_data,199,1,0.85,P,mse,0.5906611084938049
noised_data,192,1,0.85,P,mae,0.6186261773109436
noised_data,193,1,0.85,P,mae,0.673765242099762
noised_data,194,1,0.85,P,mae,0.6497333645820618
noised_data,195,1,0.85,P,mae,0.6818941831588745
noised_data,196,1,0.85,P,mae,0.5650068521499634
noised_data,197,1,0.85,P,mae,0.5860981941223145
noised_data,198,1,0.85,P,mae,0.63788902759552
noised_data,199,1,0.85,P,mae,0.6039139032363892
noised_data,192,1,0.95,R,mse,0.5887071490287781
noised_data,193,1,0.95,R,mse,0.6430822014808655
noised_data,194,1,0.95,R,mse,0.7975512146949768
noised_data,195,1,0.95,R,mse,0.755419135093689
noised_data,196,1,0.95,R,mse,0.5317100882530212
noised_data,197,1,0.95,R,mse,0.542731523513794
noised_data,198,1,0.95,R,mse,0.5560721158981323
noised_data,199,1,0.95,R,mse,0.5372604131698608
noised_data,192,1,0.95,R,mae,0.6039019227027893
noised_data,193,1,0.95,R,mae,0.6262471675872803
noised_data,194,1,0.95,R,mae,0.7376828193664551
noised_data,195,1,0.95,R,mae,0.6973390579223633
noised_data,196,1,0.95,R,mae,0.5969905853271484
noised_data,197,1,0.95,R,mae,0.5761851668357849
noised_data,198,1,0.95,R,mae,0.5934394001960754
noised_data,199,1,0.95,R,mae,0.5838232040405273
noised_data,192,1,0.95,P,mse,0.5158823728561401
noised_data,193,1,0.95,P,mse,0.6147724390029907
noised_data,194,1,0.95,P,mse,0.7353500723838806
noised_data,195,1,0.95,P,mse,0.7386139035224915
noised_data,196,1,0.95,P,mse,0.5672001838684082
noised_data,197,1,0.95,P,mse,0.5319888591766357
noised_data,198,1,0.95,P,mse,0.4962047338485718
noised_data,199,1,0.95,P,mse,0.5433684587478638
noised_data,192,1,0.95,P,mae,0.5798271894454956
noised_data,193,1,0.95,P,mae,0.6187118291854858
noised_data,194,1,0.95,P,mae,0.703064501285553
noised_data,195,1,0.95,P,mae,0.6832923889160156
noised_data,196,1,0.95,P,mae,0.6225240230560303
noised_data,197,1,0.95,P,mae,0.5725235939025879
noised_data,198,1,0.95,P,mae,0.5596981048583984
noised_data,199,1,0.95,P,mae,0.5878691673278809
noised_data,200,0,0.05,R,mse,0.218539759516716
noised_data,201,0,0.05,R,mse,1.0455783605575562
noised_data,202,0,0.05,R,mse,0.968563437461853
noised_data,203,0,0.05,R,mse,1.0861012935638428
noised_data,204,0,0.05,R,mse,0.8978466987609863
noised_data,205,0,0.05,R,mse,1.0254318714141846
noised_data,206,0,0.05,R,mse,0.9933981895446777
noised_data,207,0,0.05,R,mse,1.0182445049285889
noised_data,200,0,0.05,R,mae,0.26514172554016113
noised_data,201,0,0.05,R,mae,0.8104785084724426
noised_data,202,0,0.05,R,mae,0.7838827967643738
noised_data,203,0,0.05,R,mae,0.8280890583992004
noised_data,204,0,0.05,R,mae,0.7542790174484253
noised_data,205,0,0.05,R,mae,0.8073951601982117
noised_data,206,0,0.05,R,mae,0.7959903478622437
noised_data,207,0,0.05,R,mae,0.8108065724372864
noised_data,200,0,0.05,P,mse,0.29988133907318115
noised_data,201,0,0.05,P,mse,1.0500038862228394
noised_data,202,0,0.05,P,mse,1.0667989253997803
noised_data,203,0,0.05,P,mse,1.0754039287567139
noised_data,204,0,0.05,P,mse,0.8863708972930908
noised_data,205,0,0.05,P,mse,1.0233371257781982
noised_data,206,0,0.05,P,mse,1.0206104516983032
noised_data,207,0,0.05,P,mse,1.055516242980957
noised_data,200,0,0.05,P,mae,0.33268284797668457
noised_data,201,0,0.05,P,mae,0.8166784048080444
noised_data,202,0,0.05,P,mae,0.8298625349998474
noised_data,203,0,0.05,P,mae,0.832868218421936
noised_data,204,0,0.05,P,mae,0.7447257041931152
noised_data,205,0,0.05,P,mae,0.8103269338607788
noised_data,206,0,0.05,P,mae,0.8012677431106567
noised_data,207,0,0.05,P,mae,0.816142737865448
noised_data,200,0,0.15,R,mse,0.15122953057289124
noised_data,201,0,0.15,R,mse,1.0006988048553467
noised_data,202,0,0.15,R,mse,0.9078673720359802
noised_data,203,0,0.15,R,mse,1.06352961063385
noised_data,204,0,0.15,R,mse,0.7036117315292358
noised_data,205,0,0.15,R,mse,0.9287623167037964
noised_data,206,0,0.15,R,mse,0.8212590217590332
noised_data,207,0,0.15,R,mse,0.9146955609321594
noised_data,200,0,0.15,R,mae,0.19551435112953186
noised_data,201,0,0.15,R,mae,0.7854409217834473
noised_data,202,0,0.15,R,mae,0.7519228458404541
noised_data,203,0,0.15,R,mae,0.8135058283805847
noised_data,204,0,0.15,R,mae,0.6448107957839966
noised_data,205,0,0.15,R,mae,0.7644008994102478
noised_data,206,0,0.15,R,mae,0.7073094844818115
noised_data,207,0,0.15,R,mae,0.7607126235961914
noised_data,200,0,0.15,P,mse,0.2128792256116867
noised_data,201,0,0.15,P,mse,1.0289896726608276
noised_data,202,0,0.15,P,mse,1.0031064748764038
noised_data,203,0,0.15,P,mse,1.0452418327331543
noised_data,204,0,0.15,P,mse,0.7363675832748413
noised_data,205,0,0.15,P,mse,0.9495448470115662
noised_data,206,0,0.15,P,mse,0.8765318393707275
noised_data,207,0,0.15,P,mse,0.9921107292175293
noised_data,200,0,0.15,P,mae,0.2506711781024933
noised_data,201,0,0.15,P,mae,0.8024651408195496
noised_data,202,0,0.15,P,mae,0.8023731708526611
noised_data,203,0,0.15,P,mae,0.8136944770812988
noised_data,204,0,0.15,P,mae,0.6592811942100525
noised_data,205,0,0.15,P,mae,0.7797497510910034
noised_data,206,0,0.15,P,mae,0.7326715588569641
noised_data,207,0,0.15,P,mae,0.7855120897293091
noised_data,200,0,0.3,R,mse,0.12488025426864624
noised_data,201,0,0.3,R,mse,0.9154971837997437
noised_data,202,0,0.3,R,mse,0.8777738809585571
noised_data,203,0,0.3,R,mse,1.0292472839355469
noised_data,204,0,0.3,R,mse,0.6141425967216492
noised_data,205,0,0.3,R,mse,0.8233083486557007
noised_data,206,0,0.3,R,mse,0.6851972937583923
noised_data,207,0,0.3,R,mse,0.8117387294769287
noised_data,200,0,0.3,R,mae,0.16707372665405273
noised_data,201,0,0.3,R,mae,0.7498527765274048
noised_data,202,0,0.3,R,mae,0.7360155582427979
noised_data,203,0,0.3,R,mae,0.7926380038261414
noised_data,204,0,0.3,R,mae,0.5774383544921875
noised_data,205,0,0.3,R,mae,0.7165650725364685
noised_data,206,0,0.3,R,mae,0.6326462030410767
noised_data,207,0,0.3,R,mae,0.6988956928253174
noised_data,200,0,0.3,P,mse,0.17651379108428955
noised_data,201,0,0.3,P,mse,0.9639873504638672
noised_data,202,0,0.3,P,mse,0.9837454557418823
noised_data,203,0,0.3,P,mse,1.0210201740264893
noised_data,204,0,0.3,P,mse,0.7048205137252808
noised_data,205,0,0.3,P,mse,0.8426830768585205
noised_data,206,0,0.3,P,mse,0.7416169047355652
noised_data,207,0,0.3,P,mse,0.9120121002197266
noised_data,200,0,0.3,P,mae,0.21487730741500854
noised_data,201,0,0.3,P,mae,0.7668601870536804
noised_data,202,0,0.3,P,mae,0.7749398946762085
noised_data,203,0,0.3,P,mae,0.8012951612472534
noised_data,204,0,0.3,P,mae,0.6198345422744751
noised_data,205,0,0.3,P,mae,0.7245497703552246
noised_data,206,0,0.3,P,mae,0.6642120480537415
noised_data,207,0,0.3,P,mae,0.7453455924987793
noised_data,200,0,0.5,R,mse,0.14008915424346924
noised_data,201,0,0.5,R,mse,0.8439767956733704
noised_data,202,0,0.5,R,mse,0.8979636430740356
noised_data,203,0,0.5,R,mse,0.8587052226066589
noised_data,204,0,0.5,R,mse,0.5949795246124268
noised_data,205,0,0.5,R,mse,0.6591293811798096
noised_data,206,0,0.5,R,mse,0.5842068195343018
noised_data,207,0,0.5,R,mse,0.7076240181922913
noised_data,200,0,0.5,R,mae,0.1660451740026474
noised_data,201,0,0.5,R,mae,0.7262084484100342
noised_data,202,0,0.5,R,mae,0.7420439720153809
noised_data,203,0,0.5,R,mae,0.7265133857727051
noised_data,204,0,0.5,R,mae,0.5544424057006836
noised_data,205,0,0.5,R,mae,0.6392878890037537
noised_data,206,0,0.5,R,mae,0.5742009878158569
noised_data,207,0,0.5,R,mae,0.6372070908546448
noised_data,200,0,0.5,P,mse,0.2084856629371643
noised_data,201,0,0.5,P,mse,0.8704574108123779
noised_data,202,0,0.5,P,mse,0.9110217094421387
noised_data,203,0,0.5,P,mse,0.8604951500892639
noised_data,204,0,0.5,P,mse,0.7089197635650635
noised_data,205,0,0.5,P,mse,0.7321569323539734
noised_data,206,0,0.5,P,mse,0.6813541650772095
noised_data,207,0,0.5,P,mse,0.7597804665565491
noised_data,200,0,0.5,P,mae,0.22159937024116516
noised_data,201,0,0.5,P,mae,0.7423449158668518
noised_data,202,0,0.5,P,mae,0.7470197081565857
noised_data,203,0,0.5,P,mae,0.7308739423751831
noised_data,204,0,0.5,P,mae,0.6237463355064392
noised_data,205,0,0.5,P,mae,0.6713618040084839
noised_data,206,0,0.5,P,mae,0.6202160716056824
noised_data,207,0,0.5,P,mae,0.6783235669136047
noised_data,200,0,0.7,R,mse,0.17101697623729706
noised_data,201,0,0.7,R,mse,0.706412136554718
noised_data,202,0,0.7,R,mse,0.8310469388961792
noised_data,203,0,0.7,R,mse,0.7110306024551392
noised_data,204,0,0.7,R,mse,0.5553231239318848
noised_data,205,0,0.7,R,mse,0.48521924018859863
noised_data,206,0,0.7,R,mse,0.5366036295890808
noised_data,207,0,0.7,R,mse,0.6354327201843262
noised_data,200,0,0.7,R,mae,0.20828066766262054
noised_data,201,0,0.7,R,mae,0.669930100440979
noised_data,202,0,0.7,R,mae,0.7072092294692993
noised_data,203,0,0.7,R,mae,0.6594384908676147
noised_data,204,0,0.7,R,mae,0.5396998524665833
noised_data,205,0,0.7,R,mae,0.5449185371398926
noised_data,206,0,0.7,R,mae,0.5588773488998413
noised_data,207,0,0.7,R,mae,0.585102915763855
noised_data,200,0,0.7,P,mse,0.2657647132873535
noised_data,201,0,0.7,P,mse,0.7186986207962036
noised_data,202,0,0.7,P,mse,0.7886658906936646
noised_data,203,0,0.7,P,mse,0.754104495048523
noised_data,204,0,0.7,P,mse,0.6714217662811279
noised_data,205,0,0.7,P,mse,0.6020328998565674
noised_data,206,0,0.7,P,mse,0.6676737070083618
noised_data,207,0,0.7,P,mse,0.5785521864891052
noised_data,200,0,0.7,P,mae,0.27674663066864014
noised_data,201,0,0.7,P,mae,0.6730571985244751
noised_data,202,0,0.7,P,mae,0.6851702928543091
noised_data,203,0,0.7,P,mae,0.6780567169189453
noised_data,204,0,0.7,P,mae,0.6028972864151001
noised_data,205,0,0.7,P,mae,0.5953768491744995
noised_data,206,0,0.7,P,mae,0.6188573837280273
noised_data,207,0,0.7,P,mae,0.5935364961624146
noised_data,200,0,0.85,R,mse,0.19531351327896118
noised_data,201,0,0.85,R,mse,0.5535669326782227
noised_data,202,0,0.85,R,mse,0.8535759449005127
noised_data,203,0,0.85,R,mse,0.6193196773529053
noised_data,204,0,0.85,R,mse,0.46004366874694824
noised_data,205,0,0.85,R,mse,0.3873394727706909
noised_data,206,0,0.85,R,mse,0.6181039810180664
noised_data,207,0,0.85,R,mse,0.5897953510284424
noised_data,200,0,0.85,R,mae,0.21757501363754272
noised_data,201,0,0.85,R,mae,0.5916796922683716
noised_data,202,0,0.85,R,mae,0.7211833000183105
noised_data,203,0,0.85,R,mae,0.6181778907775879
noised_data,204,0,0.85,R,mae,0.5054931044578552
noised_data,205,0,0.85,R,mae,0.49059566855430603
noised_data,206,0,0.85,R,mae,0.606340229511261
noised_data,207,0,0.85,R,mae,0.5877883434295654
noised_data,200,0,0.85,P,mse,0.3222070634365082
noised_data,201,0,0.85,P,mse,0.5627546906471252
noised_data,202,0,0.85,P,mse,0.8160098791122437
noised_data,203,0,0.85,P,mse,0.664117157459259
noised_data,204,0,0.85,P,mse,0.5739316940307617
noised_data,205,0,0.85,P,mse,0.512718677520752
noised_data,206,0,0.85,P,mse,0.7943020462989807
noised_data,207,0,0.85,P,mse,0.5327754020690918
noised_data,200,0,0.85,P,mae,0.3021068871021271
noised_data,201,0,0.85,P,mae,0.5958722829818726
noised_data,202,0,0.85,P,mae,0.7072169780731201
noised_data,203,0,0.85,P,mae,0.6384632587432861
noised_data,204,0,0.85,P,mae,0.5634859800338745
noised_data,205,0,0.85,P,mae,0.5447930097579956
noised_data,206,0,0.85,P,mae,0.6879863739013672
noised_data,207,0,0.85,P,mae,0.5755395889282227
noised_data,200,0,0.95,R,mse,0.23947599530220032
noised_data,201,0,0.95,R,mse,0.4835466742515564
noised_data,202,0,0.95,R,mse,1.1717333793640137
noised_data,203,0,0.95,R,mse,0.6279637813568115
noised_data,204,0,0.95,R,mse,0.4534568786621094
noised_data,205,0,0.95,R,mse,0.3716886639595032
noised_data,206,0,0.95,R,mse,0.6011946797370911
noised_data,207,0,0.95,R,mse,0.6268258094787598
noised_data,200,0,0.95,R,mae,0.34243565797805786
noised_data,201,0,0.95,R,mae,0.5492223501205444
noised_data,202,0,0.95,R,mae,0.8589687347412109
noised_data,203,0,0.95,R,mae,0.6060781478881836
noised_data,204,0,0.95,R,mae,0.5126382112503052
noised_data,205,0,0.95,R,mae,0.48110002279281616
noised_data,206,0,0.95,R,mae,0.6103465557098389
noised_data,207,0,0.95,R,mae,0.6216315031051636
noised_data,200,0,0.95,P,mse,0.3479434549808502
noised_data,201,0,0.95,P,mse,0.48694244027137756
noised_data,202,0,0.95,P,mse,1.1155515909194946
noised_data,203,0,0.95,P,mse,0.6445202231407166
noised_data,204,0,0.95,P,mse,0.5262506008148193
noised_data,205,0,0.95,P,mse,0.46713894605636597
noised_data,206,0,0.95,P,mse,0.7352299690246582
noised_data,207,0,0.95,P,mse,0.5705617666244507
noised_data,200,0,0.95,P,mae,0.4105462431907654
noised_data,201,0,0.95,P,mae,0.5533844232559204
noised_data,202,0,0.95,P,mae,0.8394762873649597
noised_data,203,0,0.95,P,mae,0.6104905605316162
noised_data,204,0,0.95,P,mae,0.5531570911407471
noised_data,205,0,0.95,P,mae,0.524767279624939
noised_data,206,0,0.95,P,mae,0.6741982698440552
noised_data,207,0,0.95,P,mae,0.6060775518417358
noised_data,200,1,0.05,R,mse,0.26513463258743286
noised_data,201,1,0.05,R,mse,1.038774847984314
noised_data,202,1,0.05,R,mse,0.9970080256462097
noised_data,203,1,0.05,R,mse,1.0812690258026123
noised_data,204,1,0.05,R,mse,0.9242798089981079
noised_data,205,1,0.05,R,mse,0.9959135055541992
noised_data,206,1,0.05,R,mse,1.0042529106140137
noised_data,207,1,0.05,R,mse,1.044756293296814
noised_data,200,1,0.05,R,mae,0.30381345748901367
noised_data,201,1,0.05,R,mae,0.8142226934432983
noised_data,202,1,0.05,R,mae,0.7913764715194702
noised_data,203,1,0.05,R,mae,0.8344085216522217
noised_data,204,1,0.05,R,mae,0.7656023502349854
noised_data,205,1,0.05,R,mae,0.7968111038208008
noised_data,206,1,0.05,R,mae,0.7967476844787598
noised_data,207,1,0.05,R,mae,0.8150466680526733
noised_data,200,1,0.05,P,mse,0.25280776619911194
noised_data,201,1,0.05,P,mse,1.060549020767212
noised_data,202,1,0.05,P,mse,1.0402235984802246
noised_data,203,1,0.05,P,mse,1.0786460638046265
noised_data,204,1,0.05,P,mse,0.8561007976531982
noised_data,205,1,0.05,P,mse,1.050966501235962
noised_data,206,1,0.05,P,mse,1.0092463493347168
noised_data,207,1,0.05,P,mse,1.028959035873413
noised_data,200,1,0.05,P,mae,0.2937098741531372
noised_data,201,1,0.05,P,mae,0.8137006759643555
noised_data,202,1,0.05,P,mae,0.8231569528579712
noised_data,203,1,0.05,P,mae,0.825590193271637
noised_data,204,1,0.05,P,mae,0.7321826219558716
noised_data,205,1,0.05,P,mae,0.821276843547821
noised_data,206,1,0.05,P,mae,0.8011552095413208
noised_data,207,1,0.05,P,mae,0.8117592930793762
noised_data,200,1,0.15,R,mse,0.18456241488456726
noised_data,201,1,0.15,R,mse,1.0097318887710571
noised_data,202,1,0.15,R,mse,0.9396077394485474
noised_data,203,1,0.15,R,mse,1.0717456340789795
noised_data,204,1,0.15,R,mse,0.764773964881897
noised_data,205,1,0.15,R,mse,0.9397997260093689
noised_data,206,1,0.15,R,mse,0.848421573638916
noised_data,207,1,0.15,R,mse,0.9472121000289917
noised_data,200,1,0.15,R,mae,0.22798073291778564
noised_data,201,1,0.15,R,mae,0.7919586300849915
noised_data,202,1,0.15,R,mae,0.7648552060127258
noised_data,203,1,0.15,R,mae,0.8206204175949097
noised_data,204,1,0.15,R,mae,0.6773500442504883
noised_data,205,1,0.15,R,mae,0.7667139768600464
noised_data,206,1,0.15,R,mae,0.7186710834503174
noised_data,207,1,0.15,R,mae,0.7678019404411316
noised_data,200,1,0.15,P,mse,0.18057316541671753
noised_data,201,1,0.15,P,mse,1.0178066492080688
noised_data,202,1,0.15,P,mse,0.9810177087783813
noised_data,203,1,0.15,P,mse,1.0340406894683838
noised_data,204,1,0.15,P,mse,0.6659238934516907
noised_data,205,1,0.15,P,mse,0.9338555335998535
noised_data,206,1,0.15,P,mse,0.8440725803375244
noised_data,207,1,0.15,P,mse,0.964451789855957
noised_data,200,1,0.15,P,mae,0.21782083809375763
noised_data,201,1,0.15,P,mae,0.7968454957008362
noised_data,202,1,0.15,P,mae,0.7907083034515381
noised_data,203,1,0.15,P,mae,0.8049582839012146
noised_data,204,1,0.15,P,mae,0.6238791942596436
noised_data,205,1,0.15,P,mae,0.7761526107788086
noised_data,206,1,0.15,P,mae,0.7189013957977295
noised_data,207,1,0.15,P,mae,0.7797552347183228
noised_data,200,1,0.3,R,mse,0.15297237038612366
noised_data,201,1,0.3,R,mse,0.9339507818222046
noised_data,202,1,0.3,R,mse,0.9241048693656921
noised_data,203,1,0.3,R,mse,1.0394093990325928
noised_data,204,1,0.3,R,mse,0.722525417804718
noised_data,205,1,0.3,R,mse,0.8285941481590271
noised_data,206,1,0.3,R,mse,0.7190639972686768
noised_data,207,1,0.3,R,mse,0.8647992610931396
noised_data,200,1,0.3,R,mae,0.19197417795658112
noised_data,201,1,0.3,R,mae,0.7566155195236206
noised_data,202,1,0.3,R,mae,0.7503648400306702
noised_data,203,1,0.3,R,mae,0.8056775331497192
noised_data,204,1,0.3,R,mae,0.6308473348617554
noised_data,205,1,0.3,R,mae,0.7162926197052002
noised_data,206,1,0.3,R,mae,0.6510191559791565
noised_data,207,1,0.3,R,mae,0.7223517298698425
noised_data,200,1,0.3,P,mse,0.15345805883407593
noised_data,201,1,0.3,P,mse,0.9491127729415894
noised_data,202,1,0.3,P,mse,0.927832841873169
noised_data,203,1,0.3,P,mse,1.010283350944519
noised_data,204,1,0.3,P,mse,0.5946228504180908
noised_data,205,1,0.3,P,mse,0.8366984724998474
noised_data,206,1,0.3,P,mse,0.6994497776031494
noised_data,207,1,0.3,P,mse,0.86738121509552
noised_data,200,1,0.3,P,mae,0.18883883953094482
noised_data,201,1,0.3,P,mae,0.7631518244743347
noised_data,202,1,0.3,P,mae,0.7602331638336182
noised_data,203,1,0.3,P,mae,0.7888549566268921
noised_data,204,1,0.3,P,mae,0.5691524744033813
noised_data,205,1,0.3,P,mae,0.7231974005699158
noised_data,206,1,0.3,P,mae,0.6396917700767517
noised_data,207,1,0.3,P,mae,0.7247189879417419
noised_data,200,1,0.5,R,mse,0.1788497269153595
noised_data,201,1,0.5,R,mse,0.8481011390686035
noised_data,202,1,0.5,R,mse,0.9184975624084473
noised_data,203,1,0.5,R,mse,0.8541127443313599
noised_data,204,1,0.5,R,mse,0.6975551843643188
noised_data,205,1,0.5,R,mse,0.6978026628494263
noised_data,206,1,0.5,R,mse,0.6415197849273682
noised_data,207,1,0.5,R,mse,0.7298727035522461
noised_data,200,1,0.5,R,mae,0.19340021908283234
noised_data,201,1,0.5,R,mae,0.7267047762870789
noised_data,202,1,0.5,R,mae,0.7468507289886475
noised_data,203,1,0.5,R,mae,0.7313575148582458
noised_data,204,1,0.5,R,mae,0.6195330619812012
noised_data,205,1,0.5,R,mae,0.6581027507781982
noised_data,206,1,0.5,R,mae,0.6022248268127441
noised_data,207,1,0.5,R,mae,0.6506421566009521
noised_data,200,1,0.5,P,mse,0.16850794851779938
noised_data,201,1,0.5,P,mse,0.855666995048523
noised_data,202,1,0.5,P,mse,0.8971060514450073
noised_data,203,1,0.5,P,mse,0.8461816310882568
noised_data,204,1,0.5,P,mse,0.6060720086097717
noised_data,205,1,0.5,P,mse,0.679773211479187
noised_data,206,1,0.5,P,mse,0.6089615821838379
noised_data,207,1,0.5,P,mse,0.7423638105392456
noised_data,200,1,0.5,P,mae,0.18951116502285004
noised_data,201,1,0.5,P,mae,0.7336074113845825
noised_data,202,1,0.5,P,mae,0.7458693981170654
noised_data,203,1,0.5,P,mae,0.7210777401924133
noised_data,204,1,0.5,P,mae,0.5612650513648987
noised_data,205,1,0.5,P,mae,0.6453576683998108
noised_data,206,1,0.5,P,mae,0.5820416212081909
noised_data,207,1,0.5,P,mae,0.6649455428123474
noised_data,200,1,0.7,R,mse,0.22754883766174316
noised_data,201,1,0.7,R,mse,0.7035276293754578
noised_data,202,1,0.7,R,mse,0.8179075121879578
noised_data,203,1,0.7,R,mse,0.70293790102005
noised_data,204,1,0.7,R,mse,0.5998345017433167
noised_data,205,1,0.7,R,mse,0.5589309930801392
noised_data,206,1,0.7,R,mse,0.6183108687400818
noised_data,207,1,0.7,R,mse,0.637072741985321
noised_data,200,1,0.7,R,mae,0.2476978600025177
noised_data,201,1,0.7,R,mae,0.6675540208816528
noised_data,202,1,0.7,R,mae,0.6947641372680664
noised_data,203,1,0.7,R,mae,0.6619009971618652
noised_data,204,1,0.7,R,mae,0.5818840265274048
noised_data,205,1,0.7,R,mae,0.5796955823898315
noised_data,206,1,0.7,R,mae,0.597927987575531
noised_data,207,1,0.7,R,mae,0.5926400423049927
noised_data,200,1,0.7,P,mse,0.20767581462860107
noised_data,201,1,0.7,P,mse,0.7292318344116211
noised_data,202,1,0.7,P,mse,0.8059383630752563
noised_data,203,1,0.7,P,mse,0.7573208808898926
noised_data,204,1,0.7,P,mse,0.6382361054420471
noised_data,205,1,0.7,P,mse,0.5235457420349121
noised_data,206,1,0.7,P,mse,0.5734769105911255
noised_data,207,1,0.7,P,mse,0.5746436715126038
noised_data,200,1,0.7,P,mae,0.23818805813789368
noised_data,201,1,0.7,P,mae,0.6800758838653564
noised_data,202,1,0.7,P,mae,0.6995130777359009
noised_data,203,1,0.7,P,mae,0.6720455288887024
noised_data,204,1,0.7,P,mae,0.567934513092041
noised_data,205,1,0.7,P,mae,0.558813214302063
noised_data,206,1,0.7,P,mae,0.5780229568481445
noised_data,207,1,0.7,P,mae,0.5842182636260986
noised_data,200,1,0.85,R,mse,0.27296751737594604
noised_data,201,1,0.85,R,mse,0.5518690347671509
noised_data,202,1,0.85,R,mse,0.8412922024726868
noised_data,203,1,0.85,R,mse,0.6266478300094604
noised_data,204,1,0.85,R,mse,0.5064116716384888
noised_data,205,1,0.85,R,mse,0.4605821669101715
noised_data,206,1,0.85,R,mse,0.7043584585189819
noised_data,207,1,0.85,R,mse,0.5793814659118652
noised_data,200,1,0.85,R,mae,0.27186763286590576
noised_data,201,1,0.85,R,mae,0.5918545722961426
noised_data,202,1,0.85,R,mae,0.7095579504966736
noised_data,203,1,0.85,R,mae,0.6231429576873779
noised_data,204,1,0.85,R,mae,0.5394887924194336
noised_data,205,1,0.85,R,mae,0.5246387720108032
noised_data,206,1,0.85,R,mae,0.6423463821411133
noised_data,207,1,0.85,R,mae,0.5812517404556274
noised_data,200,1,0.85,P,mse,0.23866096138954163
noised_data,201,1,0.85,P,mse,0.5734367966651917
noised_data,202,1,0.85,P,mse,0.842208743095398
noised_data,203,1,0.85,P,mse,0.6576601266860962
noised_data,204,1,0.85,P,mse,0.5289583206176758
noised_data,205,1,0.85,P,mse,0.4382903277873993
noised_data,206,1,0.85,P,mse,0.7189630270004272
noised_data,207,1,0.85,P,mse,0.5442324876785278
noised_data,200,1,0.85,P,mae,0.2483506202697754
noised_data,201,1,0.85,P,mae,0.6006035208702087
noised_data,202,1,0.85,P,mae,0.7245364189147949
noised_data,203,1,0.85,P,mae,0.6332659125328064
noised_data,204,1,0.85,P,mae,0.5300756096839905
noised_data,205,1,0.85,P,mae,0.5101189613342285
noised_data,206,1,0.85,P,mae,0.6600649952888489
noised_data,207,1,0.85,P,mae,0.5823794603347778
noised_data,200,1,0.95,R,mse,0.2954864501953125
noised_data,201,1,0.95,R,mse,0.48041075468063354
noised_data,202,1,0.95,R,mse,1.1520665884017944
noised_data,203,1,0.95,R,mse,0.6300622224807739
noised_data,204,1,0.95,R,mse,0.47379398345947266
noised_data,205,1,0.95,R,mse,0.4201895594596863
noised_data,206,1,0.95,R,mse,0.6529005169868469
noised_data,207,1,0.95,R,mse,0.6130229234695435
noised_data,200,1,0.95,R,mae,0.3802286386489868
noised_data,201,1,0.95,R,mae,0.5513089895248413
noised_data,202,1,0.95,R,mae,0.8404695391654968
noised_data,203,1,0.95,R,mae,0.6072628498077393
noised_data,204,1,0.95,R,mae,0.5342065095901489
noised_data,205,1,0.95,R,mae,0.5047917366027832
noised_data,206,1,0.95,R,mae,0.631467342376709
noised_data,207,1,0.95,R,mae,0.6129370927810669
noised_data,200,1,0.95,P,mse,0.2963125705718994
noised_data,201,1,0.95,P,mse,0.4897662401199341
noised_data,202,1,0.95,P,mse,1.1388933658599854
noised_data,203,1,0.95,P,mse,0.6436892747879028
noised_data,204,1,0.95,P,mse,0.5072152018547058
noised_data,205,1,0.95,P,mse,0.4201267957687378
noised_data,206,1,0.95,P,mse,0.6858000159263611
noised_data,207,1,0.95,P,mse,0.5824676156044006
noised_data,200,1,0.95,P,mae,0.37747132778167725
noised_data,201,1,0.95,P,mae,0.5514672994613647
noised_data,202,1,0.95,P,mae,0.8599847555160522
noised_data,203,1,0.95,P,mae,0.6096817255020142
noised_data,204,1,0.95,P,mae,0.5324838757514954
noised_data,205,1,0.95,P,mae,0.5022499561309814
noised_data,206,1,0.95,P,mae,0.6535059809684753
noised_data,207,1,0.95,P,mae,0.6133112907409668
noised_data,208,0,0.05,R,mse,1.0567172765731812
noised_data,209,0,0.05,R,mse,1.0223336219787598
noised_data,210,0,0.05,R,mse,0.9006578326225281
noised_data,211,0,0.05,R,mse,0.9901581406593323
noised_data,212,0,0.05,R,mse,1.0000271797180176
noised_data,213,0,0.05,R,mse,0.9644232988357544
noised_data,214,0,0.05,R,mse,0.9577686786651611
noised_data,215,0,0.05,R,mse,0.9946582317352295
noised_data,208,0,0.05,R,mae,0.8075568675994873
noised_data,209,0,0.05,R,mae,0.8106082677841187
noised_data,210,0,0.05,R,mae,0.7562379837036133
noised_data,211,0,0.05,R,mae,0.7961028814315796
noised_data,212,0,0.05,R,mae,0.7969882488250732
noised_data,213,0,0.05,R,mae,0.7895225286483765
noised_data,214,0,0.05,R,mae,0.7858775854110718
noised_data,215,0,0.05,R,mae,0.7935339212417603
noised_data,208,0,0.05,P,mse,0.9736951589584351
noised_data,209,0,0.05,P,mse,1.0781099796295166
noised_data,210,0,0.05,P,mse,0.8878417611122131
noised_data,211,0,0.05,P,mse,1.0281096696853638
noised_data,212,0,0.05,P,mse,0.9731693267822266
noised_data,213,0,0.05,P,mse,0.9875352382659912
noised_data,214,0,0.05,P,mse,0.9598814845085144
noised_data,215,0,0.05,P,mse,1.0221879482269287
noised_data,208,0,0.05,P,mae,0.7897375822067261
noised_data,209,0,0.05,P,mae,0.8337150812149048
noised_data,210,0,0.05,P,mae,0.7464150190353394
noised_data,211,0,0.05,P,mae,0.8107486963272095
noised_data,212,0,0.05,P,mae,0.7892621755599976
noised_data,213,0,0.05,P,mae,0.7930265069007874
noised_data,214,0,0.05,P,mae,0.7845012545585632
noised_data,215,0,0.05,P,mae,0.8053036332130432
noised_data,208,0,0.15,R,mse,0.925919771194458
noised_data,209,0,0.15,R,mse,1.001795768737793
noised_data,210,0,0.15,R,mse,0.6395503878593445
noised_data,211,0,0.15,R,mse,0.8396011590957642
noised_data,212,0,0.15,R,mse,0.8094322681427002
noised_data,213,0,0.15,R,mse,0.8303786516189575
noised_data,214,0,0.15,R,mse,0.8990389108657837
noised_data,215,0,0.15,R,mse,0.8792917728424072
noised_data,208,0,0.15,R,mae,0.7628991603851318
noised_data,209,0,0.15,R,mae,0.7949479818344116
noised_data,210,0,0.15,R,mae,0.6219874620437622
noised_data,211,0,0.15,R,mae,0.7307479977607727
noised_data,212,0,0.15,R,mae,0.7098312973976135
noised_data,213,0,0.15,R,mae,0.7279539108276367
noised_data,214,0,0.15,R,mae,0.7406367659568787
noised_data,215,0,0.15,R,mae,0.7446715831756592
noised_data,208,0,0.15,P,mse,0.8526138067245483
noised_data,209,0,0.15,P,mse,1.0649333000183105
noised_data,210,0,0.15,P,mse,0.6228737235069275
noised_data,211,0,0.15,P,mse,0.8796098232269287
noised_data,212,0,0.15,P,mse,0.8114944696426392
noised_data,213,0,0.15,P,mse,0.91389399766922
noised_data,214,0,0.15,P,mse,0.8602439165115356
noised_data,215,0,0.15,P,mse,0.9015237092971802
noised_data,208,0,0.15,P,mae,0.7336055040359497
noised_data,209,0,0.15,P,mae,0.8255399465560913
noised_data,210,0,0.15,P,mae,0.6139273047447205
noised_data,211,0,0.15,P,mae,0.7413917183876038
noised_data,212,0,0.15,P,mae,0.7134846448898315
noised_data,213,0,0.15,P,mae,0.7592481970787048
noised_data,214,0,0.15,P,mae,0.7291505336761475
noised_data,215,0,0.15,P,mae,0.7486262321472168
noised_data,208,0,0.3,R,mse,0.7748048305511475
noised_data,209,0,0.3,R,mse,0.9972141981124878
noised_data,210,0,0.3,R,mse,0.4746924340724945
noised_data,211,0,0.3,R,mse,0.6656367778778076
noised_data,212,0,0.3,R,mse,0.7599841952323914
noised_data,213,0,0.3,R,mse,0.7539227604866028
noised_data,214,0,0.3,R,mse,0.9180115461349487
noised_data,215,0,0.3,R,mse,0.832251787185669
noised_data,208,0,0.3,R,mae,0.6999337673187256
noised_data,209,0,0.3,R,mae,0.7829155921936035
noised_data,210,0,0.3,R,mae,0.5168251991271973
noised_data,211,0,0.3,R,mae,0.6401951313018799
noised_data,212,0,0.3,R,mae,0.6749431490898132
noised_data,213,0,0.3,R,mae,0.6750397682189941
noised_data,214,0,0.3,R,mae,0.7341903448104858
noised_data,215,0,0.3,R,mae,0.7112096548080444
noised_data,208,0,0.3,P,mse,0.7339609861373901
noised_data,209,0,0.3,P,mse,1.0590641498565674
noised_data,210,0,0.3,P,mse,0.42692482471466064
noised_data,211,0,0.3,P,mse,0.7124885320663452
noised_data,212,0,0.3,P,mse,0.762108564376831
noised_data,213,0,0.3,P,mse,0.8904381990432739
noised_data,214,0,0.3,P,mse,0.8170299530029297
noised_data,215,0,0.3,P,mse,0.8548129796981812
noised_data,208,0,0.3,P,mae,0.6779388785362244
noised_data,209,0,0.3,P,mae,0.8181455135345459
noised_data,210,0,0.3,P,mae,0.49215734004974365
noised_data,211,0,0.3,P,mae,0.6609128713607788
noised_data,212,0,0.3,P,mae,0.6737615466117859
noised_data,213,0,0.3,P,mae,0.7370219826698303
noised_data,214,0,0.3,P,mae,0.6964446306228638
noised_data,215,0,0.3,P,mae,0.7130519151687622
noised_data,208,0,0.5,R,mse,0.5895413160324097
noised_data,209,0,0.5,R,mse,0.9751123785972595
noised_data,210,0,0.5,R,mse,0.3676098883152008
noised_data,211,0,0.5,R,mse,0.5411879420280457
noised_data,212,0,0.5,R,mse,0.8856719136238098
noised_data,213,0,0.5,R,mse,0.7076065540313721
noised_data,214,0,0.5,R,mse,0.8779504895210266
noised_data,215,0,0.5,R,mse,0.8833569288253784
noised_data,208,0,0.5,R,mae,0.60917067527771
noised_data,209,0,0.5,R,mae,0.776517391204834
noised_data,210,0,0.5,R,mae,0.4418202042579651
noised_data,211,0,0.5,R,mae,0.5630631446838379
noised_data,212,0,0.5,R,mae,0.714561939239502
noised_data,213,0,0.5,R,mae,0.6426880359649658
noised_data,214,0,0.5,R,mae,0.7214673757553101
noised_data,215,0,0.5,R,mae,0.7301313877105713
noised_data,208,0,0.5,P,mse,0.5553468465805054
noised_data,209,0,0.5,P,mse,1.0212805271148682
noised_data,210,0,0.5,P,mse,0.3387063145637512
noised_data,211,0,0.5,P,mse,0.618915319442749
noised_data,212,0,0.5,P,mse,0.8486189842224121
noised_data,213,0,0.5,P,mse,0.9081708788871765
noised_data,214,0,0.5,P,mse,0.8432368636131287
noised_data,215,0,0.5,P,mse,0.896037220954895
noised_data,208,0,0.5,P,mae,0.591480016708374
noised_data,209,0,0.5,P,mae,0.7995515465736389
noised_data,210,0,0.5,P,mae,0.4153139889240265
noised_data,211,0,0.5,P,mae,0.6115355491638184
noised_data,212,0,0.5,P,mae,0.6966663599014282
noised_data,213,0,0.5,P,mae,0.7367774248123169
noised_data,214,0,0.5,P,mae,0.7023682594299316
noised_data,215,0,0.5,P,mae,0.7300683259963989
noised_data,208,0,0.7,R,mse,0.3867796063423157
noised_data,209,0,0.7,R,mse,0.915267288684845
noised_data,210,0,0.7,R,mse,0.4028337597846985
noised_data,211,0,0.7,R,mse,0.5185708403587341
noised_data,212,0,0.7,R,mse,0.8352081775665283
noised_data,213,0,0.7,R,mse,0.6434902548789978
noised_data,214,0,0.7,R,mse,0.7515974044799805
noised_data,215,0,0.7,R,mse,0.8016389608383179
noised_data,208,0,0.7,R,mae,0.49489903450012207
noised_data,209,0,0.7,R,mae,0.7474525570869446
noised_data,210,0,0.7,R,mae,0.45605719089508057
noised_data,211,0,0.7,R,mae,0.5528598427772522
noised_data,212,0,0.7,R,mae,0.692267894744873
noised_data,213,0,0.7,R,mae,0.6183563470840454
noised_data,214,0,0.7,R,mae,0.6755950450897217
noised_data,215,0,0.7,R,mae,0.7062848210334778
noised_data,208,0,0.7,P,mse,0.3926374316215515
noised_data,209,0,0.7,P,mse,0.9387311935424805
noised_data,210,0,0.7,P,mse,0.35587891936302185
noised_data,211,0,0.7,P,mse,0.657233476638794
noised_data,212,0,0.7,P,mse,0.7985614538192749
noised_data,213,0,0.7,P,mse,0.7955350875854492
noised_data,214,0,0.7,P,mse,0.6924810409545898
noised_data,215,0,0.7,P,mse,0.7454631924629211
noised_data,208,0,0.7,P,mae,0.4902486503124237
noised_data,209,0,0.7,P,mae,0.7625339031219482
noised_data,210,0,0.7,P,mae,0.4231971204280853
noised_data,211,0,0.7,P,mae,0.620964765548706
noised_data,212,0,0.7,P,mae,0.67924964427948
noised_data,213,0,0.7,P,mae,0.6991255283355713
noised_data,214,0,0.7,P,mae,0.6459944248199463
noised_data,215,0,0.7,P,mae,0.6857091188430786
noised_data,208,0,0.85,R,mse,0.2982785701751709
noised_data,209,0,0.85,R,mse,0.8438153862953186
noised_data,210,0,0.85,R,mse,0.701198935508728
noised_data,211,0,0.85,R,mse,0.4169604480266571
noised_data,212,0,0.85,R,mse,0.7503108978271484
noised_data,213,0,0.85,R,mse,0.6095912456512451
noised_data,214,0,0.85,R,mse,0.5993162989616394
noised_data,215,0,0.85,R,mse,0.7017399072647095
noised_data,208,0,0.85,R,mae,0.4324401021003723
noised_data,209,0,0.85,R,mae,0.7146003842353821
noised_data,210,0,0.85,R,mae,0.601321816444397
noised_data,211,0,0.85,R,mae,0.49779266119003296
noised_data,212,0,0.85,R,mae,0.669795036315918
noised_data,213,0,0.85,R,mae,0.6018543839454651
noised_data,214,0,0.85,R,mae,0.6092041730880737
noised_data,215,0,0.85,R,mae,0.6662218570709229
noised_data,208,0,0.85,P,mse,0.3077024817466736
noised_data,209,0,0.85,P,mse,0.8123418688774109
noised_data,210,0,0.85,P,mse,0.6037355065345764
noised_data,211,0,0.85,P,mse,0.5928992033004761
noised_data,212,0,0.85,P,mse,0.7133679389953613
noised_data,213,0,0.85,P,mse,0.6979951858520508
noised_data,214,0,0.85,P,mse,0.5704115629196167
noised_data,215,0,0.85,P,mse,0.63877272605896
noised_data,208,0,0.85,P,mae,0.4270849823951721
noised_data,209,0,0.85,P,mae,0.7090663909912109
noised_data,210,0,0.85,P,mae,0.5526858568191528
noised_data,211,0,0.85,P,mae,0.5715052485466003
noised_data,212,0,0.85,P,mae,0.638668954372406
noised_data,213,0,0.85,P,mae,0.6552654504776001
noised_data,214,0,0.85,P,mae,0.5934023857116699
noised_data,215,0,0.85,P,mae,0.6390381455421448
noised_data,208,0,0.95,R,mse,0.45207858085632324
noised_data,209,0,0.95,R,mse,0.7475439310073853
noised_data,210,0,0.95,R,mse,0.8125706315040588
noised_data,211,0,0.95,R,mse,0.3774268627166748
noised_data,212,0,0.95,R,mse,0.6676100492477417
noised_data,213,0,0.95,R,mse,0.5476346015930176
noised_data,214,0,0.95,R,mse,0.5271366238594055
noised_data,215,0,0.95,R,mse,0.5927108526229858
noised_data,208,0,0.95,R,mae,0.5366543531417847
noised_data,209,0,0.95,R,mae,0.6737319231033325
noised_data,210,0,0.95,R,mae,0.6790151596069336
noised_data,211,0,0.95,R,mae,0.4684979319572449
noised_data,212,0,0.95,R,mae,0.6351722478866577
noised_data,213,0,0.95,R,mae,0.5746436715126038
noised_data,214,0,0.95,R,mae,0.5749938488006592
noised_data,215,0,0.95,R,mae,0.6127055883407593
noised_data,208,0,0.95,P,mse,0.45214688777923584
noised_data,209,0,0.95,P,mse,0.7182790040969849
noised_data,210,0,0.95,P,mse,0.705875039100647
noised_data,211,0,0.95,P,mse,0.5298876762390137
noised_data,212,0,0.95,P,mse,0.6344392895698547
noised_data,213,0,0.95,P,mse,0.6254832744598389
noised_data,214,0,0.95,P,mse,0.5390414595603943
noised_data,215,0,0.95,P,mse,0.5379119515419006
noised_data,208,0,0.95,P,mae,0.5343049764633179
noised_data,209,0,0.95,P,mae,0.6669934988021851
noised_data,210,0,0.95,P,mae,0.6304640173912048
noised_data,211,0,0.95,P,mae,0.5430504083633423
noised_data,212,0,0.95,P,mae,0.6039676070213318
noised_data,213,0,0.95,P,mae,0.6215243935585022
noised_data,214,0,0.95,P,mae,0.5778820514678955
noised_data,215,0,0.95,P,mae,0.5883759260177612
noised_data,208,1,0.05,R,mse,0.9613583087921143
noised_data,209,1,0.05,R,mse,1.0595546960830688
noised_data,210,1,0.05,R,mse,0.9174818396568298
noised_data,211,1,0.05,R,mse,1.0066800117492676
noised_data,212,1,0.05,R,mse,0.9978863596916199
noised_data,213,1,0.05,R,mse,0.9531117677688599
noised_data,214,1,0.05,R,mse,0.9472772479057312
noised_data,215,1,0.05,R,mse,1.0268909931182861
noised_data,208,1,0.05,R,mae,0.777037501335144
noised_data,209,1,0.05,R,mae,0.8258661031723022
noised_data,210,1,0.05,R,mae,0.760878324508667
noised_data,211,1,0.05,R,mae,0.8003159165382385
noised_data,212,1,0.05,R,mae,0.7935225963592529
noised_data,213,1,0.05,R,mae,0.7844117879867554
noised_data,214,1,0.05,R,mae,0.7814534306526184
noised_data,215,1,0.05,R,mae,0.8091450333595276
noised_data,208,1,0.05,P,mse,1.071893334388733
noised_data,209,1,0.05,P,mse,1.0469377040863037
noised_data,210,1,0.05,P,mse,0.8718398809432983
noised_data,211,1,0.05,P,mse,1.0139762163162231
noised_data,212,1,0.05,P,mse,0.9686034917831421
noised_data,213,1,0.05,P,mse,1.0040764808654785
noised_data,214,1,0.05,P,mse,0.9739944934844971
noised_data,215,1,0.05,P,mse,0.9924466609954834
noised_data,208,1,0.05,P,mae,0.8220881223678589
noised_data,209,1,0.05,P,mae,0.8211391568183899
noised_data,210,1,0.05,P,mae,0.7436126470565796
noised_data,211,1,0.05,P,mae,0.80817711353302
noised_data,212,1,0.05,P,mae,0.7890537977218628
noised_data,213,1,0.05,P,mae,0.7990517616271973
noised_data,214,1,0.05,P,mae,0.7912313938140869
noised_data,215,1,0.05,P,mae,0.7894428968429565
noised_data,208,1,0.15,R,mse,0.838829517364502
noised_data,209,1,0.15,R,mse,1.0453906059265137
noised_data,210,1,0.15,R,mse,0.6405557990074158
noised_data,211,1,0.15,R,mse,0.8770595788955688
noised_data,212,1,0.15,R,mse,0.8453606367111206
noised_data,213,1,0.15,R,mse,0.8411411046981812
noised_data,214,1,0.15,R,mse,0.8921168446540833
noised_data,215,1,0.15,R,mse,0.9015897512435913
noised_data,208,1,0.15,R,mae,0.7292754054069519
noised_data,209,1,0.15,R,mae,0.8131323456764221
noised_data,210,1,0.15,R,mae,0.6227538585662842
noised_data,211,1,0.15,R,mae,0.742952823638916
noised_data,212,1,0.15,R,mae,0.7245386838912964
noised_data,213,1,0.15,R,mae,0.7310608625411987
noised_data,214,1,0.15,R,mae,0.7415449023246765
noised_data,215,1,0.15,R,mae,0.752239465713501
noised_data,208,1,0.15,P,mse,0.9369500875473022
noised_data,209,1,0.15,P,mse,1.0348860025405884
noised_data,210,1,0.15,P,mse,0.6284623146057129
noised_data,211,1,0.15,P,mse,0.8544723987579346
noised_data,212,1,0.15,P,mse,0.7723755836486816
noised_data,213,1,0.15,P,mse,0.9099690914154053
noised_data,214,1,0.15,P,mse,0.8692477941513062
noised_data,215,1,0.15,P,mse,0.8778499960899353
noised_data,208,1,0.15,P,mae,0.7674351930618286
noised_data,209,1,0.15,P,mae,0.8145374059677124
noised_data,210,1,0.15,P,mae,0.6145491600036621
noised_data,211,1,0.15,P,mae,0.7337657809257507
noised_data,212,1,0.15,P,mae,0.6952201724052429
noised_data,213,1,0.15,P,mae,0.7586973905563354
noised_data,214,1,0.15,P,mae,0.7312775254249573
noised_data,215,1,0.15,P,mae,0.7423779964447021
noised_data,208,1,0.3,R,mse,0.7076129913330078
noised_data,209,1,0.3,R,mse,1.022475242614746
noised_data,210,1,0.3,R,mse,0.45114612579345703
noised_data,211,1,0.3,R,mse,0.7002639770507812
noised_data,212,1,0.3,R,mse,0.7832512855529785
noised_data,213,1,0.3,R,mse,0.7948508262634277
noised_data,214,1,0.3,R,mse,0.9016764163970947
noised_data,215,1,0.3,R,mse,0.8653108477592468
noised_data,208,1,0.3,R,mae,0.6670308113098145
noised_data,209,1,0.3,R,mae,0.8001030087471008
noised_data,210,1,0.3,R,mae,0.509888231754303
noised_data,211,1,0.3,R,mae,0.6581112742424011
noised_data,212,1,0.3,R,mae,0.6801481246948242
noised_data,213,1,0.3,R,mae,0.6925438642501831
noised_data,214,1,0.3,R,mae,0.7329981923103333
noised_data,215,1,0.3,R,mae,0.7258336544036865
noised_data,208,1,0.3,P,mse,0.8022895455360413
noised_data,209,1,0.3,P,mse,1.0454609394073486
noised_data,210,1,0.3,P,mse,0.45753970742225647
noised_data,211,1,0.3,P,mse,0.6826963424682617
noised_data,212,1,0.3,P,mse,0.7209687829017639
noised_data,213,1,0.3,P,mse,0.8636146187782288
noised_data,214,1,0.3,P,mse,0.8386390209197998
noised_data,215,1,0.3,P,mse,0.8321349620819092
noised_data,208,1,0.3,P,mae,0.711793065071106
noised_data,209,1,0.3,P,mae,0.80556321144104
noised_data,210,1,0.3,P,mae,0.5021598935127258
noised_data,211,1,0.3,P,mae,0.6474000215530396
noised_data,212,1,0.3,P,mae,0.6598505973815918
noised_data,213,1,0.3,P,mae,0.7258743047714233
noised_data,214,1,0.3,P,mae,0.7001473903656006
noised_data,215,1,0.3,P,mae,0.7048403024673462
noised_data,208,1,0.5,R,mse,0.5622245073318481
noised_data,209,1,0.5,R,mse,1.0055851936340332
noised_data,210,1,0.5,R,mse,0.3640376925468445
noised_data,211,1,0.5,R,mse,0.5938587188720703
noised_data,212,1,0.5,R,mse,0.8571594953536987
noised_data,213,1,0.5,R,mse,0.8067377805709839
noised_data,214,1,0.5,R,mse,0.8539628386497498
noised_data,215,1,0.5,R,mse,0.9069578647613525
noised_data,208,1,0.5,R,mae,0.5895745754241943
noised_data,209,1,0.5,R,mae,0.793641209602356
noised_data,210,1,0.5,R,mae,0.43587613105773926
noised_data,211,1,0.5,R,mae,0.597273051738739
noised_data,212,1,0.5,R,mae,0.6984044313430786
noised_data,213,1,0.5,R,mae,0.6804674863815308
noised_data,214,1,0.5,R,mae,0.7181211709976196
noised_data,215,1,0.5,R,mae,0.739092230796814
noised_data,208,1,0.5,P,mse,0.5844009518623352
noised_data,209,1,0.5,P,mse,1.008410096168518
noised_data,210,1,0.5,P,mse,0.34401291608810425
noised_data,211,1,0.5,P,mse,0.5798478722572327
noised_data,212,1,0.5,P,mse,0.8669010400772095
noised_data,213,1,0.5,P,mse,0.816192090511322
noised_data,214,1,0.5,P,mse,0.8801829218864441
noised_data,215,1,0.5,P,mse,0.8544546365737915
noised_data,208,1,0.5,P,mae,0.6120639443397522
noised_data,209,1,0.5,P,mae,0.7891477346420288
noised_data,210,1,0.5,P,mae,0.42220669984817505
noised_data,211,1,0.5,P,mae,0.5855591893196106
noised_data,212,1,0.5,P,mae,0.7086151838302612
noised_data,213,1,0.5,P,mae,0.7004045248031616
noised_data,214,1,0.5,P,mae,0.7106419801712036
noised_data,215,1,0.5,P,mae,0.7119202613830566
noised_data,208,1,0.7,R,mse,0.3772403597831726
noised_data,209,1,0.7,R,mse,0.9239509701728821
noised_data,210,1,0.7,R,mse,0.386048823595047
noised_data,211,1,0.7,R,mse,0.6002062559127808
noised_data,212,1,0.7,R,mse,0.8005307912826538
noised_data,213,1,0.7,R,mse,0.7207046151161194
noised_data,214,1,0.7,R,mse,0.7166670560836792
noised_data,215,1,0.7,R,mse,0.7873352766036987
noised_data,208,1,0.7,R,mae,0.48348259925842285
noised_data,209,1,0.7,R,mae,0.7587649822235107
noised_data,210,1,0.7,R,mae,0.44698643684387207
noised_data,211,1,0.7,R,mae,0.5836179256439209
noised_data,212,1,0.7,R,mae,0.6809453964233398
noised_data,213,1,0.7,R,mae,0.6542545557022095
noised_data,214,1,0.7,R,mae,0.6674091219902039
noised_data,215,1,0.7,R,mae,0.7043142318725586
noised_data,208,1,0.7,P,mse,0.40428149700164795
noised_data,209,1,0.7,P,mse,0.9308100938796997
noised_data,210,1,0.7,P,mse,0.3812549412250519
noised_data,211,1,0.7,P,mse,0.5736479759216309
noised_data,212,1,0.7,P,mse,0.8283818960189819
noised_data,213,1,0.7,P,mse,0.7171599268913269
noised_data,214,1,0.7,P,mse,0.7281975746154785
noised_data,215,1,0.7,P,mse,0.7621782422065735
noised_data,208,1,0.7,P,mae,0.5022968649864197
noised_data,209,1,0.7,P,mae,0.7509647607803345
noised_data,210,1,0.7,P,mae,0.4354161024093628
noised_data,211,1,0.7,P,mae,0.5897564888000488
noised_data,212,1,0.7,P,mae,0.6907579302787781
noised_data,213,1,0.7,P,mae,0.6621834635734558
noised_data,214,1,0.7,P,mae,0.6554872393608093
noised_data,215,1,0.7,P,mae,0.6891885995864868
noised_data,208,1,0.85,R,mse,0.28924688696861267
noised_data,209,1,0.85,R,mse,0.7968496680259705
noised_data,210,1,0.85,R,mse,0.6414234638214111
noised_data,211,1,0.85,R,mse,0.4899018406867981
noised_data,212,1,0.85,R,mse,0.7277335524559021
noised_data,213,1,0.85,R,mse,0.6630051136016846
noised_data,214,1,0.85,R,mse,0.5778631567955017
noised_data,215,1,0.85,R,mse,0.6822828054428101
noised_data,208,1,0.85,R,mae,0.4219341278076172
noised_data,209,1,0.85,R,mae,0.7077071666717529
noised_data,210,1,0.85,R,mae,0.5710076093673706
noised_data,211,1,0.85,R,mae,0.5229696035385132
noised_data,212,1,0.85,R,mae,0.6557282209396362
noised_data,213,1,0.85,R,mae,0.6292752623558044
noised_data,214,1,0.85,R,mae,0.6023684144020081
noised_data,215,1,0.85,R,mae,0.6613511443138123
noised_data,208,1,0.85,P,mse,0.31717348098754883
noised_data,209,1,0.85,P,mse,0.8623572587966919
noised_data,210,1,0.85,P,mse,0.6609448194503784
noised_data,211,1,0.85,P,mse,0.5204454660415649
noised_data,212,1,0.85,P,mse,0.7413851022720337
noised_data,213,1,0.85,P,mse,0.6432963013648987
noised_data,214,1,0.85,P,mse,0.5920087695121765
noised_data,215,1,0.85,P,mse,0.6581853032112122
noised_data,208,1,0.85,P,mae,0.4374806582927704
noised_data,209,1,0.85,P,mae,0.7170902490615845
noised_data,210,1,0.85,P,mae,0.5806005001068115
noised_data,211,1,0.85,P,mae,0.5466509461402893
noised_data,212,1,0.85,P,mae,0.6543864607810974
noised_data,213,1,0.85,P,mae,0.6274274587631226
noised_data,214,1,0.85,P,mae,0.6010769605636597
noised_data,215,1,0.85,P,mae,0.6436330080032349
noised_data,208,1,0.95,R,mse,0.4485977292060852
noised_data,209,1,0.95,R,mse,0.7027405500411987
noised_data,210,1,0.95,R,mse,0.7498967051506042
noised_data,211,1,0.95,R,mse,0.432862788438797
noised_data,212,1,0.95,R,mse,0.632973849773407
noised_data,213,1,0.95,R,mse,0.591033935546875
noised_data,214,1,0.95,R,mse,0.514668345451355
noised_data,215,1,0.95,R,mse,0.5793492197990417
noised_data,208,1,0.95,R,mae,0.5329422354698181
noised_data,209,1,0.95,R,mae,0.6656448245048523
noised_data,210,1,0.95,R,mae,0.6507249474525452
noised_data,211,1,0.95,R,mae,0.4926886558532715
noised_data,212,1,0.95,R,mae,0.6152478456497192
noised_data,213,1,0.95,R,mae,0.5976382493972778
noised_data,214,1,0.95,R,mae,0.5680865049362183
noised_data,215,1,0.95,R,mae,0.6110165119171143
noised_data,208,1,0.95,P,mse,0.4597492218017578
noised_data,209,1,0.95,P,mse,0.7653596997261047
noised_data,210,1,0.95,P,mse,0.7729241251945496
noised_data,211,1,0.95,P,mse,0.4766715168952942
noised_data,212,1,0.95,P,mse,0.6719031929969788
noised_data,213,1,0.95,P,mse,0.5828536748886108
noised_data,214,1,0.95,P,mse,0.5537123680114746
noised_data,215,1,0.95,P,mse,0.5486812591552734
noised_data,208,1,0.95,P,mae,0.5399425029754639
noised_data,209,1,0.95,P,mae,0.6759244799613953
noised_data,210,1,0.95,P,mae,0.6614345908164978
noised_data,211,1,0.95,P,mae,0.5205699801445007
noised_data,212,1,0.95,P,mae,0.6256857514381409
noised_data,213,1,0.95,P,mae,0.5989755392074585
noised_data,214,1,0.95,P,mae,0.5861976146697998
noised_data,215,1,0.95,P,mae,0.5884849429130554
noised_data,216,0,0.05,R,mse,0.9587617516517639
noised_data,217,0,0.05,R,mse,0.9935641884803772
noised_data,218,0,0.05,R,mse,1.1090822219848633
noised_data,219,0,0.05,R,mse,1.01475191116333
noised_data,220,0,0.05,R,mse,0.9460573196411133
noised_data,221,0,0.05,R,mse,1.0460724830627441
noised_data,222,0,0.05,R,mse,0.9686380624771118
noised_data,223,0,0.05,R,mse,0.9718397855758667
noised_data,216,0,0.05,R,mae,0.7772664427757263
noised_data,217,0,0.05,R,mae,0.7893229722976685
noised_data,218,0,0.05,R,mae,0.8363996148109436
noised_data,219,0,0.05,R,mae,0.7984485626220703
noised_data,220,0,0.05,R,mae,0.7664885520935059
noised_data,221,0,0.05,R,mae,0.8193420171737671
noised_data,222,0,0.05,R,mae,0.7834657430648804
noised_data,223,0,0.05,R,mae,0.7819099426269531
noised_data,216,0,0.05,P,mse,0.9688389301300049
noised_data,217,0,0.05,P,mse,0.9919593334197998
noised_data,218,0,0.05,P,mse,1.0789568424224854
noised_data,219,0,0.05,P,mse,1.058712363243103
noised_data,220,0,0.05,P,mse,0.9358940124511719
noised_data,221,0,0.05,P,mse,1.0917197465896606
noised_data,222,0,0.05,P,mse,0.93988037109375
noised_data,223,0,0.05,P,mse,0.991981029510498
noised_data,216,0,0.05,P,mae,0.7759948968887329
noised_data,217,0,0.05,P,mae,0.8033647537231445
noised_data,218,0,0.05,P,mae,0.8276351690292358
noised_data,219,0,0.05,P,mae,0.814410924911499
noised_data,220,0,0.05,P,mae,0.7688267230987549
noised_data,221,0,0.05,P,mae,0.8289032578468323
noised_data,222,0,0.05,P,mae,0.7733577489852905
noised_data,223,0,0.05,P,mae,0.7957437038421631
noised_data,216,0,0.15,R,mse,0.8188976049423218
noised_data,217,0,0.15,R,mse,0.8014906644821167
noised_data,218,0,0.15,R,mse,1.03311026096344
noised_data,219,0,0.15,R,mse,0.9775275588035583
noised_data,220,0,0.15,R,mse,0.7818210124969482
noised_data,221,0,0.15,R,mse,1.062941312789917
noised_data,222,0,0.15,R,mse,0.7708269357681274
noised_data,223,0,0.15,R,mse,0.8231633305549622
noised_data,216,0,0.15,R,mae,0.7035170793533325
noised_data,217,0,0.15,R,mae,0.7006672620773315
noised_data,218,0,0.15,R,mae,0.8048449754714966
noised_data,219,0,0.15,R,mae,0.7818753123283386
noised_data,220,0,0.15,R,mae,0.6796185374259949
noised_data,221,0,0.15,R,mae,0.8202210664749146
noised_data,222,0,0.15,R,mae,0.6966032385826111
noised_data,223,0,0.15,R,mae,0.713733434677124
noised_data,216,0,0.15,P,mse,0.8416231274604797
noised_data,217,0,0.15,P,mse,0.8642746210098267
noised_data,218,0,0.15,P,mse,1.046696662902832
noised_data,219,0,0.15,P,mse,0.9847862124443054
noised_data,220,0,0.15,P,mse,0.6845391988754272
noised_data,221,0,0.15,P,mse,1.1267645359039307
noised_data,222,0,0.15,P,mse,0.7497420310974121
noised_data,223,0,0.15,P,mse,0.8431826829910278
noised_data,216,0,0.15,P,mae,0.706281304359436
noised_data,217,0,0.15,P,mae,0.7395063638687134
noised_data,218,0,0.15,P,mae,0.811908483505249
noised_data,219,0,0.15,P,mae,0.7816395163536072
noised_data,220,0,0.15,P,mae,0.6511811017990112
noised_data,221,0,0.15,P,mae,0.8319469690322876
noised_data,222,0,0.15,P,mae,0.6875677108764648
noised_data,223,0,0.15,P,mae,0.7202837467193604
noised_data,216,0,0.3,R,mse,0.7947131395339966
noised_data,217,0,0.3,R,mse,0.699069619178772
noised_data,218,0,0.3,R,mse,0.9334716796875
noised_data,219,0,0.3,R,mse,0.945972204208374
noised_data,220,0,0.3,R,mse,0.6230147480964661
noised_data,221,0,0.3,R,mse,1.085381031036377
noised_data,222,0,0.3,R,mse,0.6778565645217896
noised_data,223,0,0.3,R,mse,0.763546347618103
noised_data,216,0,0.3,R,mae,0.6690616011619568
noised_data,217,0,0.3,R,mae,0.6440404653549194
noised_data,218,0,0.3,R,mae,0.7580174803733826
noised_data,219,0,0.3,R,mae,0.7668757438659668
noised_data,220,0,0.3,R,mae,0.5838799476623535
noised_data,221,0,0.3,R,mae,0.8244723677635193
noised_data,222,0,0.3,R,mae,0.6472418904304504
noised_data,223,0,0.3,R,mae,0.6868813037872314
noised_data,216,0,0.3,P,mse,0.8058980703353882
noised_data,217,0,0.3,P,mse,0.7576284408569336
noised_data,218,0,0.3,P,mse,0.9633945226669312
noised_data,219,0,0.3,P,mse,0.9514358639717102
noised_data,220,0,0.3,P,mse,0.5230441689491272
noised_data,221,0,0.3,P,mse,1.1693964004516602
noised_data,222,0,0.3,P,mse,0.7010966539382935
noised_data,223,0,0.3,P,mse,0.7681796550750732
noised_data,216,0,0.3,P,mae,0.6818073391914368
noised_data,217,0,0.3,P,mae,0.6791375279426575
noised_data,218,0,0.3,P,mae,0.7751092910766602
noised_data,219,0,0.3,P,mae,0.7626129388809204
noised_data,220,0,0.3,P,mae,0.5479080677032471
noised_data,221,0,0.3,P,mae,0.8449788093566895
noised_data,222,0,0.3,P,mae,0.658077597618103
noised_data,223,0,0.3,P,mae,0.6830786466598511
noised_data,216,0,0.5,R,mse,0.776406466960907
noised_data,217,0,0.5,R,mse,0.6652674674987793
noised_data,218,0,0.5,R,mse,0.834593653678894
noised_data,219,0,0.5,R,mse,0.8461412191390991
noised_data,220,0,0.5,R,mse,0.5354700684547424
noised_data,221,0,0.5,R,mse,1.06626558303833
noised_data,222,0,0.5,R,mse,0.6503059267997742
noised_data,223,0,0.5,R,mse,0.717801570892334
noised_data,216,0,0.5,R,mae,0.6459999084472656
noised_data,217,0,0.5,R,mae,0.6327449083328247
noised_data,218,0,0.5,R,mae,0.713996946811676
noised_data,219,0,0.5,R,mae,0.7262012958526611
noised_data,220,0,0.5,R,mae,0.5215796232223511
noised_data,221,0,0.5,R,mae,0.8181551098823547
noised_data,222,0,0.5,R,mae,0.6378487944602966
noised_data,223,0,0.5,R,mae,0.6700201630592346
noised_data,216,0,0.5,P,mse,0.8158237338066101
noised_data,217,0,0.5,P,mse,0.7074670791625977
noised_data,218,0,0.5,P,mse,0.8286856412887573
noised_data,219,0,0.5,P,mse,0.8720473647117615
noised_data,220,0,0.5,P,mse,0.5185160636901855
noised_data,221,0,0.5,P,mse,1.109865427017212
noised_data,222,0,0.5,P,mse,0.6967048048973083
noised_data,223,0,0.5,P,mse,0.7456548810005188
noised_data,216,0,0.5,P,mae,0.6794136166572571
noised_data,217,0,0.5,P,mae,0.6599055528640747
noised_data,218,0,0.5,P,mae,0.7108874917030334
noised_data,219,0,0.5,P,mae,0.7273138165473938
noised_data,220,0,0.5,P,mae,0.5094824433326721
noised_data,221,0,0.5,P,mae,0.825823187828064
noised_data,222,0,0.5,P,mae,0.6511613130569458
noised_data,223,0,0.5,P,mae,0.6761325597763062
noised_data,216,0,0.7,R,mse,0.6365044116973877
noised_data,217,0,0.7,R,mse,0.6688662767410278
noised_data,218,0,0.7,R,mse,0.7431400418281555
noised_data,219,0,0.7,R,mse,0.6635843515396118
noised_data,220,0,0.7,R,mse,0.5054603219032288
noised_data,221,0,0.7,R,mse,0.860526442527771
noised_data,222,0,0.7,R,mse,0.48044902086257935
noised_data,223,0,0.7,R,mse,0.6528437733650208
noised_data,216,0,0.7,R,mae,0.610917329788208
noised_data,217,0,0.7,R,mae,0.6223355531692505
noised_data,218,0,0.7,R,mae,0.6836642026901245
noised_data,219,0,0.7,R,mae,0.6532777547836304
noised_data,220,0,0.7,R,mae,0.5165417194366455
noised_data,221,0,0.7,R,mae,0.7393673658370972
noised_data,222,0,0.7,R,mae,0.5555378198623657
noised_data,223,0,0.7,R,mae,0.6398510932922363
noised_data,216,0,0.7,P,mse,0.7517645955085754
noised_data,217,0,0.7,P,mse,0.6149691343307495
noised_data,218,0,0.7,P,mse,0.7024609446525574
noised_data,219,0,0.7,P,mse,0.7041351795196533
noised_data,220,0,0.7,P,mse,0.5555588006973267
noised_data,221,0,0.7,P,mse,0.8684556484222412
noised_data,222,0,0.7,P,mse,0.5017393827438354
noised_data,223,0,0.7,P,mse,0.7176664471626282
noised_data,216,0,0.7,P,mae,0.6584712862968445
noised_data,217,0,0.7,P,mae,0.6227114200592041
noised_data,218,0,0.7,P,mae,0.659070611000061
noised_data,219,0,0.7,P,mae,0.6563916802406311
noised_data,220,0,0.7,P,mae,0.5149815082550049
noised_data,221,0,0.7,P,mae,0.7431724071502686
noised_data,222,0,0.7,P,mae,0.5600364208221436
noised_data,223,0,0.7,P,mae,0.6606433391571045
noised_data,216,0,0.85,R,mse,0.5822882652282715
noised_data,217,0,0.85,R,mse,0.6136729717254639
noised_data,218,0,0.85,R,mse,0.6796879768371582
noised_data,219,0,0.85,R,mse,0.5298726558685303
noised_data,220,0,0.85,R,mse,0.4684428572654724
noised_data,221,0,0.85,R,mse,0.6721023917198181
noised_data,222,0,0.85,R,mse,0.42799806594848633
noised_data,223,0,0.85,R,mse,0.6181442737579346
noised_data,216,0,0.85,R,mae,0.6126669049263
noised_data,217,0,0.85,R,mae,0.6074033975601196
noised_data,218,0,0.85,R,mae,0.656650185585022
noised_data,219,0,0.85,R,mae,0.5827232003211975
noised_data,220,0,0.85,R,mae,0.5222297310829163
noised_data,221,0,0.85,R,mae,0.6554913520812988
noised_data,222,0,0.85,R,mae,0.5173706412315369
noised_data,223,0,0.85,R,mae,0.611856997013092
noised_data,216,0,0.85,P,mse,0.6680424213409424
noised_data,217,0,0.85,P,mse,0.5886155366897583
noised_data,218,0,0.85,P,mse,0.630841851234436
noised_data,219,0,0.85,P,mse,0.5736600160598755
noised_data,220,0,0.85,P,mse,0.5492244958877563
noised_data,221,0,0.85,P,mse,0.6768678426742554
noised_data,222,0,0.85,P,mse,0.43255674839019775
noised_data,223,0,0.85,P,mse,0.6567316651344299
noised_data,216,0,0.85,P,mae,0.6392940878868103
noised_data,217,0,0.85,P,mae,0.6119223237037659
noised_data,218,0,0.85,P,mae,0.6304792165756226
noised_data,219,0,0.85,P,mae,0.5901147127151489
noised_data,220,0,0.85,P,mae,0.5274001955986023
noised_data,221,0,0.85,P,mae,0.6579621434211731
noised_data,222,0,0.85,P,mae,0.5287725925445557
noised_data,223,0,0.85,P,mae,0.6218274831771851
noised_data,216,0,0.95,R,mse,0.5008013248443604
noised_data,217,0,0.95,R,mse,0.6351214647293091
noised_data,218,0,0.95,R,mse,0.683404266834259
noised_data,219,0,0.95,R,mse,0.4615964889526367
noised_data,220,0,0.95,R,mse,0.5180935859680176
noised_data,221,0,0.95,R,mse,0.5751111507415771
noised_data,222,0,0.95,R,mse,0.3517920970916748
noised_data,223,0,0.95,R,mse,0.5192593336105347
noised_data,216,0,0.95,R,mae,0.560099720954895
noised_data,217,0,0.95,R,mae,0.6194431781768799
noised_data,218,0,0.95,R,mae,0.659016489982605
noised_data,219,0,0.95,R,mae,0.5454511642456055
noised_data,220,0,0.95,R,mae,0.590544581413269
noised_data,221,0,0.95,R,mae,0.607280433177948
noised_data,222,0,0.95,R,mae,0.4680699110031128
noised_data,223,0,0.95,R,mae,0.5583539605140686
noised_data,216,0,0.95,P,mse,0.5452327132225037
noised_data,217,0,0.95,P,mse,0.6807665824890137
noised_data,218,0,0.95,P,mse,0.6349543929100037
noised_data,219,0,0.95,P,mse,0.5073206424713135
noised_data,220,0,0.95,P,mse,0.582308292388916
noised_data,221,0,0.95,P,mse,0.5799881815910339
noised_data,222,0,0.95,P,mse,0.3572160005569458
noised_data,223,0,0.95,P,mse,0.544162392616272
noised_data,216,0,0.95,P,mae,0.5750048756599426
noised_data,217,0,0.95,P,mae,0.6577355861663818
noised_data,218,0,0.95,P,mae,0.6345700025558472
noised_data,219,0,0.95,P,mae,0.5603470206260681
noised_data,220,0,0.95,P,mae,0.6039971113204956
noised_data,221,0,0.95,P,mae,0.6126775741577148
noised_data,222,0,0.95,P,mae,0.4791179299354553
noised_data,223,0,0.95,P,mae,0.5660631656646729
noised_data,216,1,0.05,R,mse,0.9613199830055237
noised_data,217,1,0.05,R,mse,1.0261225700378418
noised_data,218,1,0.05,R,mse,1.0629963874816895
noised_data,219,1,0.05,R,mse,1.0231542587280273
noised_data,220,1,0.05,R,mse,0.9062939286231995
noised_data,221,1,0.05,R,mse,1.0882172584533691
noised_data,222,1,0.05,R,mse,1.0040316581726074
noised_data,223,1,0.05,R,mse,0.9662281274795532
noised_data,216,1,0.05,R,mae,0.779140293598175
noised_data,217,1,0.05,R,mae,0.8063883781433105
noised_data,218,1,0.05,R,mae,0.817197859287262
noised_data,219,1,0.05,R,mae,0.8064127564430237
noised_data,220,1,0.05,R,mae,0.747706413269043
noised_data,221,1,0.05,R,mae,0.8272427916526794
noised_data,222,1,0.05,R,mae,0.804154634475708
noised_data,223,1,0.05,R,mae,0.7842651605606079
noised_data,216,1,0.05,P,mse,0.971522331237793
noised_data,217,1,0.05,P,mse,0.954122006893158
noised_data,218,1,0.05,P,mse,1.1265172958374023
noised_data,219,1,0.05,P,mse,1.049726128578186
noised_data,220,1,0.05,P,mse,0.9760801792144775
noised_data,221,1,0.05,P,mse,1.0452826023101807
noised_data,222,1,0.05,P,mse,0.9078633785247803
noised_data,223,1,0.05,P,mse,0.9964854717254639
noised_data,216,1,0.05,P,mae,0.7753152847290039
noised_data,217,1,0.05,P,mae,0.7854994535446167
noised_data,218,1,0.05,P,mae,0.8469539880752563
noised_data,219,1,0.05,P,mae,0.8044869899749756
noised_data,220,1,0.05,P,mae,0.7878144383430481
noised_data,221,1,0.05,P,mae,0.8198808431625366
noised_data,222,1,0.05,P,mae,0.7563039660453796
noised_data,223,1,0.05,P,mae,0.7918263673782349
noised_data,216,1,0.15,R,mse,0.8352442979812622
noised_data,217,1,0.15,R,mse,0.870858907699585
noised_data,218,1,0.15,R,mse,1.0104554891586304
noised_data,219,1,0.15,R,mse,0.9444972276687622
noised_data,220,1,0.15,R,mse,0.7098422646522522
noised_data,221,1,0.15,R,mse,1.1153736114501953
noised_data,222,1,0.15,R,mse,0.8116165399551392
noised_data,223,1,0.15,R,mse,0.8333302736282349
noised_data,216,1,0.15,R,mae,0.7117533087730408
noised_data,217,1,0.15,R,mae,0.7367595434188843
noised_data,218,1,0.15,R,mae,0.7978822588920593
noised_data,219,1,0.15,R,mae,0.7722067832946777
noised_data,220,1,0.15,R,mae,0.6506456732749939
noised_data,221,1,0.15,R,mae,0.8304755687713623
noised_data,222,1,0.15,R,mae,0.7238557934761047
noised_data,223,1,0.15,R,mae,0.7167520523071289
noised_data,216,1,0.15,P,mse,0.8169148564338684
noised_data,217,1,0.15,P,mse,0.8045659065246582
noised_data,218,1,0.15,P,mse,1.0711809396743774
noised_data,219,1,0.15,P,mse,1.016892433166504
noised_data,220,1,0.15,P,mse,0.7454342246055603
noised_data,221,1,0.15,P,mse,1.0791140794754028
noised_data,222,1,0.15,P,mse,0.7192118167877197
noised_data,223,1,0.15,P,mse,0.838639497756958
noised_data,216,1,0.15,P,mae,0.6946274042129517
noised_data,217,1,0.15,P,mae,0.7088828682899475
noised_data,218,1,0.15,P,mae,0.8199946880340576
noised_data,219,1,0.15,P,mae,0.7913535833358765
noised_data,220,1,0.15,P,mae,0.6765273809432983
noised_data,221,1,0.15,P,mae,0.8239426016807556
noised_data,222,1,0.15,P,mae,0.6660739779472351
noised_data,223,1,0.15,P,mae,0.720996618270874
noised_data,216,1,0.3,R,mse,0.7972694635391235
noised_data,217,1,0.3,R,mse,0.7741919755935669
noised_data,218,1,0.3,R,mse,0.9288638830184937
noised_data,219,1,0.3,R,mse,0.9145093560218811
noised_data,220,1,0.3,R,mse,0.5594149827957153
noised_data,221,1,0.3,R,mse,1.1404551267623901
noised_data,222,1,0.3,R,mse,0.7182961702346802
noised_data,223,1,0.3,R,mse,0.7618222236633301
noised_data,216,1,0.3,R,mae,0.6757674217224121
noised_data,217,1,0.3,R,mae,0.6843658685684204
noised_data,218,1,0.3,R,mae,0.7630863189697266
noised_data,219,1,0.3,R,mae,0.7507543563842773
noised_data,220,1,0.3,R,mae,0.5525606870651245
noised_data,221,1,0.3,R,mae,0.8373899459838867
noised_data,222,1,0.3,R,mae,0.6700937151908875
noised_data,223,1,0.3,R,mae,0.6844001412391663
noised_data,216,1,0.3,P,mse,0.7966761589050293
noised_data,217,1,0.3,P,mse,0.6752449870109558
noised_data,218,1,0.3,P,mse,0.9685381650924683
noised_data,219,1,0.3,P,mse,0.9674501419067383
noised_data,220,1,0.3,P,mse,0.575116753578186
noised_data,221,1,0.3,P,mse,1.1258528232574463
noised_data,222,1,0.3,P,mse,0.6653279662132263
noised_data,223,1,0.3,P,mse,0.7780066728591919
noised_data,216,1,0.3,P,mae,0.6715361475944519
noised_data,217,1,0.3,P,mae,0.6386276483535767
noised_data,218,1,0.3,P,mae,0.7706724405288696
noised_data,219,1,0.3,P,mae,0.7718854546546936
noised_data,220,1,0.3,P,mae,0.573678731918335
noised_data,221,1,0.3,P,mae,0.8398869633674622
noised_data,222,1,0.3,P,mae,0.6362209320068359
noised_data,223,1,0.3,P,mae,0.690750241279602
noised_data,216,1,0.5,R,mse,0.8012776374816895
noised_data,217,1,0.5,R,mse,0.7478241920471191
noised_data,218,1,0.5,R,mse,0.8146706819534302
noised_data,219,1,0.5,R,mse,0.8262428045272827
noised_data,220,1,0.5,R,mse,0.5211234092712402
noised_data,221,1,0.5,R,mse,1.0840179920196533
noised_data,222,1,0.5,R,mse,0.6785772442817688
noised_data,223,1,0.5,R,mse,0.734315037727356
noised_data,216,1,0.5,R,mae,0.6677694320678711
noised_data,217,1,0.5,R,mae,0.677307665348053
noised_data,218,1,0.5,R,mae,0.71091228723526
noised_data,219,1,0.5,R,mae,0.7097391486167908
noised_data,220,1,0.5,R,mae,0.5083767175674438
noised_data,221,1,0.5,R,mae,0.827765703201294
noised_data,222,1,0.5,R,mae,0.6506154537200928
noised_data,223,1,0.5,R,mae,0.6775047183036804
noised_data,216,1,0.5,P,mse,0.806328296661377
noised_data,217,1,0.5,P,mse,0.6361542344093323
noised_data,218,1,0.5,P,mse,0.8547930717468262
noised_data,219,1,0.5,P,mse,0.899990975856781
noised_data,220,1,0.5,P,mse,0.5359691381454468
noised_data,221,1,0.5,P,mse,1.0842421054840088
noised_data,222,1,0.5,P,mse,0.6638012528419495
noised_data,223,1,0.5,P,mse,0.7299584150314331
noised_data,216,1,0.5,P,mae,0.6660295724868774
noised_data,217,1,0.5,P,mae,0.6185967922210693
noised_data,218,1,0.5,P,mae,0.714558482170105
noised_data,219,1,0.5,P,mae,0.7489118576049805
noised_data,220,1,0.5,P,mae,0.5264430046081543
noised_data,221,1,0.5,P,mae,0.8141188621520996
noised_data,222,1,0.5,P,mae,0.6382619142532349
noised_data,223,1,0.5,P,mae,0.6690549850463867
noised_data,216,1,0.7,R,mse,0.6988231539726257
noised_data,217,1,0.7,R,mse,0.6461068391799927
noised_data,218,1,0.7,R,mse,0.6866308450698853
noised_data,219,1,0.7,R,mse,0.6556414365768433
noised_data,220,1,0.7,R,mse,0.5170396566390991
noised_data,221,1,0.7,R,mse,0.8754516839981079
noised_data,222,1,0.7,R,mse,0.49004048109054565
noised_data,223,1,0.7,R,mse,0.6760281324386597
noised_data,216,1,0.7,R,mae,0.645443856716156
noised_data,217,1,0.7,R,mae,0.6357530951499939
noised_data,218,1,0.7,R,mae,0.6614511609077454
noised_data,219,1,0.7,R,mae,0.63480544090271
noised_data,220,1,0.7,R,mae,0.511589765548706
noised_data,221,1,0.7,R,mae,0.7508807182312012
noised_data,222,1,0.7,R,mae,0.5592889189720154
noised_data,223,1,0.7,R,mae,0.6517869234085083
noised_data,216,1,0.7,P,mse,0.693183958530426
noised_data,217,1,0.7,P,mse,0.6450213193893433
noised_data,218,1,0.7,P,mse,0.7519927024841309
noised_data,219,1,0.7,P,mse,0.711820125579834
noised_data,220,1,0.7,P,mse,0.543704628944397
noised_data,221,1,0.7,P,mse,0.8541825413703918
noised_data,222,1,0.7,P,mse,0.4978388547897339
noised_data,223,1,0.7,P,mse,0.6958708763122559
noised_data,216,1,0.7,P,mae,0.6269882917404175
noised_data,217,1,0.7,P,mae,0.6118140816688538
noised_data,218,1,0.7,P,mae,0.6779708862304688
noised_data,219,1,0.7,P,mae,0.6745055317878723
noised_data,220,1,0.7,P,mae,0.5216296315193176
noised_data,221,1,0.7,P,mae,0.7321019172668457
noised_data,222,1,0.7,P,mae,0.5610013604164124
noised_data,223,1,0.7,P,mae,0.6500948667526245
noised_data,216,1,0.85,R,mse,0.6285409927368164
noised_data,217,1,0.85,R,mse,0.6025694608688354
noised_data,218,1,0.85,R,mse,0.623957633972168
noised_data,219,1,0.85,R,mse,0.5311826467514038
noised_data,220,1,0.85,R,mse,0.5214707851409912
noised_data,221,1,0.85,R,mse,0.6776463389396667
noised_data,222,1,0.85,R,mse,0.41398680210113525
noised_data,223,1,0.85,R,mse,0.6141840219497681
noised_data,216,1,0.85,R,mae,0.6351483464241028
noised_data,217,1,0.85,R,mae,0.618901252746582
noised_data,218,1,0.85,R,mae,0.632072925567627
noised_data,219,1,0.85,R,mae,0.5726805925369263
noised_data,220,1,0.85,R,mae,0.5256269574165344
noised_data,221,1,0.85,R,mae,0.6630136966705322
noised_data,222,1,0.85,R,mae,0.517291784286499
noised_data,223,1,0.85,R,mae,0.6092350482940674
noised_data,216,1,0.85,P,mse,0.6160668134689331
noised_data,217,1,0.85,P,mse,0.6004765033721924
noised_data,218,1,0.85,P,mse,0.6881281733512878
noised_data,219,1,0.85,P,mse,0.5746927261352539
noised_data,220,1,0.85,P,mse,0.49242427945137024
noised_data,221,1,0.85,P,mse,0.6718103885650635
noised_data,222,1,0.85,P,mse,0.44622495770454407
noised_data,223,1,0.85,P,mse,0.6561969518661499
noised_data,216,1,0.85,P,mae,0.6131640672683716
noised_data,217,1,0.85,P,mae,0.6015347838401794
noised_data,218,1,0.85,P,mae,0.6563075184822083
noised_data,219,1,0.85,P,mae,0.6015826463699341
noised_data,220,1,0.85,P,mae,0.5216063261032104
noised_data,221,1,0.85,P,mae,0.6507633328437805
noised_data,222,1,0.85,P,mae,0.5285217761993408
noised_data,223,1,0.85,P,mae,0.6225876808166504
noised_data,216,1,0.95,R,mse,0.5268410444259644
noised_data,217,1,0.95,R,mse,0.6580309867858887
noised_data,218,1,0.95,R,mse,0.6302535533905029
noised_data,219,1,0.95,R,mse,0.4702039659023285
noised_data,220,1,0.95,R,mse,0.5738487243652344
noised_data,221,1,0.95,R,mse,0.5728725790977478
noised_data,222,1,0.95,R,mse,0.33933329582214355
noised_data,223,1,0.95,R,mse,0.5134817361831665
noised_data,216,1,0.95,R,mae,0.5751185417175293
noised_data,217,1,0.95,R,mae,0.6414265632629395
noised_data,218,1,0.95,R,mae,0.6357653141021729
noised_data,219,1,0.95,R,mae,0.5438908934593201
noised_data,220,1,0.95,R,mae,0.6060299873352051
noised_data,221,1,0.95,R,mae,0.6127719879150391
noised_data,222,1,0.95,R,mae,0.46766453981399536
noised_data,223,1,0.95,R,mae,0.5574761629104614
noised_data,216,1,0.95,P,mse,0.5189444422721863
noised_data,217,1,0.95,P,mse,0.6570455431938171
noised_data,218,1,0.95,P,mse,0.6874752044677734
noised_data,219,1,0.95,P,mse,0.49889740347862244
noised_data,220,1,0.95,P,mse,0.5250753164291382
noised_data,221,1,0.95,P,mse,0.5838900208473206
noised_data,222,1,0.95,P,mse,0.36984920501708984
noised_data,223,1,0.95,P,mse,0.5491885542869568
noised_data,216,1,0.95,P,mae,0.559833824634552
noised_data,217,1,0.95,P,mae,0.6353151798248291
noised_data,218,1,0.95,P,mae,0.6572890281677246
noised_data,219,1,0.95,P,mae,0.5621509552001953
noised_data,220,1,0.95,P,mae,0.5881261229515076
noised_data,221,1,0.95,P,mae,0.6082786321640015
noised_data,222,1,0.95,P,mae,0.47944769263267517
noised_data,223,1,0.95,P,mae,0.5664417147636414
noised_data,224,0,0.05,R,mse,0.9356527328491211
noised_data,225,0,0.05,R,mse,0.8739553689956665
noised_data,226,0,0.05,R,mse,0.9531619548797607
noised_data,227,0,0.05,R,mse,0.9705426692962646
noised_data,228,0,0.05,R,mse,0.9919688701629639
noised_data,229,0,0.05,R,mse,1.0207760334014893
noised_data,230,0,0.05,R,mse,1.0499742031097412
noised_data,231,0,0.05,R,mse,0.9347865581512451
noised_data,224,0,0.05,R,mae,0.7566719651222229
noised_data,225,0,0.05,R,mae,0.7433959245681763
noised_data,226,0,0.05,R,mae,0.7734243869781494
noised_data,227,0,0.05,R,mae,0.7816982269287109
noised_data,228,0,0.05,R,mae,0.790394127368927
noised_data,229,0,0.05,R,mae,0.7947947382926941
noised_data,230,0,0.05,R,mae,0.8205419778823853
noised_data,231,0,0.05,R,mae,0.7641265988349915
noised_data,224,0,0.05,P,mse,0.9307875037193298
noised_data,225,0,0.05,P,mse,0.8946448564529419
noised_data,226,0,0.05,P,mse,0.9812783002853394
noised_data,227,0,0.05,P,mse,1.0190984010696411
noised_data,228,0,0.05,P,mse,0.9759378433227539
noised_data,229,0,0.05,P,mse,0.9158501029014587
noised_data,230,0,0.05,P,mse,1.0276615619659424
noised_data,231,0,0.05,P,mse,0.9625274538993835
noised_data,224,0,0.05,P,mae,0.7658447027206421
noised_data,225,0,0.05,P,mae,0.7570146322250366
noised_data,226,0,0.05,P,mae,0.7745293378829956
noised_data,227,0,0.05,P,mae,0.8087201118469238
noised_data,228,0,0.05,P,mae,0.7908535003662109
noised_data,229,0,0.05,P,mae,0.758428692817688
noised_data,230,0,0.05,P,mae,0.8064789772033691
noised_data,231,0,0.05,P,mae,0.7759591937065125
noised_data,224,0,0.15,R,mse,0.7501088380813599
noised_data,225,0,0.15,R,mse,0.6715477705001831
noised_data,226,0,0.15,R,mse,0.8536653518676758
noised_data,227,0,0.15,R,mse,0.7326984405517578
noised_data,228,0,0.15,R,mse,0.891388475894928
noised_data,229,0,0.15,R,mse,0.8867226243019104
noised_data,230,0,0.15,R,mse,1.0280566215515137
noised_data,231,0,0.15,R,mse,0.7330471277236938
noised_data,224,0,0.15,R,mae,0.6636487245559692
noised_data,225,0,0.15,R,mae,0.6387615203857422
noised_data,226,0,0.15,R,mae,0.7216637134552002
noised_data,227,0,0.15,R,mae,0.6752967834472656
noised_data,228,0,0.15,R,mae,0.7469727993011475
noised_data,229,0,0.15,R,mae,0.7405596375465393
noised_data,230,0,0.15,R,mae,0.8056340217590332
noised_data,231,0,0.15,R,mae,0.6755497455596924
noised_data,224,0,0.15,P,mse,0.7799357175827026
noised_data,225,0,0.15,P,mse,0.6857680678367615
noised_data,226,0,0.15,P,mse,0.9173056483268738
noised_data,227,0,0.15,P,mse,0.8013482093811035
noised_data,228,0,0.15,P,mse,0.862619161605835
noised_data,229,0,0.15,P,mse,0.8012340068817139
noised_data,230,0,0.15,P,mse,1.023390293121338
noised_data,231,0,0.15,P,mse,0.8210400342941284
noised_data,224,0,0.15,P,mae,0.6783305406570435
noised_data,225,0,0.15,P,mae,0.6546370983123779
noised_data,226,0,0.15,P,mae,0.7415119409561157
noised_data,227,0,0.15,P,mae,0.7150040864944458
noised_data,228,0,0.15,P,mae,0.7367373704910278
noised_data,229,0,0.15,P,mae,0.6938180923461914
noised_data,230,0,0.15,P,mae,0.8041395545005798
noised_data,231,0,0.15,P,mae,0.7088176608085632
noised_data,224,0,0.3,R,mse,0.6866030693054199
noised_data,225,0,0.3,R,mse,0.557330846786499
noised_data,226,0,0.3,R,mse,0.7714598178863525
noised_data,227,0,0.3,R,mse,0.5377022624015808
noised_data,228,0,0.3,R,mse,0.874346137046814
noised_data,229,0,0.3,R,mse,0.7893496751785278
noised_data,230,0,0.3,R,mse,0.9415439367294312
noised_data,231,0,0.3,R,mse,0.6227667331695557
noised_data,224,0,0.3,R,mae,0.6306129097938538
noised_data,225,0,0.3,R,mae,0.574368953704834
noised_data,226,0,0.3,R,mae,0.6766307353973389
noised_data,227,0,0.3,R,mae,0.5701748132705688
noised_data,228,0,0.3,R,mae,0.7260227203369141
noised_data,229,0,0.3,R,mae,0.6947528123855591
noised_data,230,0,0.3,R,mae,0.7622053623199463
noised_data,231,0,0.3,R,mae,0.6139021515846252
noised_data,224,0,0.3,P,mse,0.7075063586235046
noised_data,225,0,0.3,P,mse,0.5222514867782593
noised_data,226,0,0.3,P,mse,0.871222734451294
noised_data,227,0,0.3,P,mse,0.6124019622802734
noised_data,228,0,0.3,P,mse,0.8343654870986938
noised_data,229,0,0.3,P,mse,0.7508007884025574
noised_data,230,0,0.3,P,mse,0.9118795990943909
noised_data,231,0,0.3,P,mse,0.7638245820999146
noised_data,224,0,0.3,P,mae,0.6317193508148193
noised_data,225,0,0.3,P,mae,0.5638093948364258
noised_data,226,0,0.3,P,mae,0.7083391547203064
noised_data,227,0,0.3,P,mae,0.6101934313774109
noised_data,228,0,0.3,P,mae,0.7131912708282471
noised_data,229,0,0.3,P,mae,0.6636001467704773
noised_data,230,0,0.3,P,mae,0.7598097324371338
noised_data,231,0,0.3,P,mae,0.6754608154296875
noised_data,224,0,0.5,R,mse,0.6845781803131104
noised_data,225,0,0.5,R,mse,0.508877158164978
noised_data,226,0,0.5,R,mse,0.7090350985527039
noised_data,227,0,0.5,R,mse,0.4446507692337036
noised_data,228,0,0.5,R,mse,0.8581897616386414
noised_data,229,0,0.5,R,mse,0.7768092155456543
noised_data,230,0,0.5,R,mse,0.6836471557617188
noised_data,231,0,0.5,R,mse,0.6543453335762024
noised_data,224,0,0.5,R,mae,0.6232869625091553
noised_data,225,0,0.5,R,mae,0.5413588881492615
noised_data,226,0,0.5,R,mae,0.642030656337738
noised_data,227,0,0.5,R,mae,0.499907523393631
noised_data,228,0,0.5,R,mae,0.725049614906311
noised_data,229,0,0.5,R,mae,0.6821639537811279
noised_data,230,0,0.5,R,mae,0.645834743976593
noised_data,231,0,0.5,R,mae,0.6266493797302246
noised_data,224,0,0.5,P,mse,0.77210932970047
noised_data,225,0,0.5,P,mse,0.5045714974403381
noised_data,226,0,0.5,P,mse,0.7655929327011108
noised_data,227,0,0.5,P,mse,0.4771363139152527
noised_data,228,0,0.5,P,mse,0.8832741975784302
noised_data,229,0,0.5,P,mse,0.7159146666526794
noised_data,230,0,0.5,P,mse,0.691979706287384
noised_data,231,0,0.5,P,mse,0.7763972282409668
noised_data,224,0,0.5,P,mae,0.6525954604148865
noised_data,225,0,0.5,P,mae,0.5255081653594971
noised_data,226,0,0.5,P,mae,0.6625963449478149
noised_data,227,0,0.5,P,mae,0.5270392894744873
noised_data,228,0,0.5,P,mae,0.7372379302978516
noised_data,229,0,0.5,P,mae,0.6550625562667847
noised_data,230,0,0.5,P,mae,0.6593826413154602
noised_data,231,0,0.5,P,mae,0.693452000617981
noised_data,224,0,0.7,R,mse,0.6312341690063477
noised_data,225,0,0.7,R,mse,0.5825315117835999
noised_data,226,0,0.7,R,mse,0.5622016787528992
noised_data,227,0,0.7,R,mse,0.375720739364624
noised_data,228,0,0.7,R,mse,0.8105196952819824
noised_data,229,0,0.7,R,mse,0.7899391651153564
noised_data,230,0,0.7,R,mse,0.5432651042938232
noised_data,231,0,0.7,R,mse,0.7046473026275635
noised_data,224,0,0.7,R,mae,0.6106244921684265
noised_data,225,0,0.7,R,mae,0.5621945858001709
noised_data,226,0,0.7,R,mae,0.5722083449363708
noised_data,227,0,0.7,R,mae,0.44741785526275635
noised_data,228,0,0.7,R,mae,0.721989631652832
noised_data,229,0,0.7,R,mae,0.6897395253181458
noised_data,230,0,0.7,R,mae,0.5473759174346924
noised_data,231,0,0.7,R,mae,0.6650014519691467
noised_data,224,0,0.7,P,mse,0.6914869546890259
noised_data,225,0,0.7,P,mse,0.4961262047290802
noised_data,226,0,0.7,P,mse,0.5824340581893921
noised_data,227,0,0.7,P,mse,0.42547890543937683
noised_data,228,0,0.7,P,mse,0.8133742213249207
noised_data,229,0,0.7,P,mse,0.7370315790176392
noised_data,230,0,0.7,P,mse,0.4915904104709625
noised_data,231,0,0.7,P,mse,0.7513947486877441
noised_data,224,0,0.7,P,mae,0.6252403259277344
noised_data,225,0,0.7,P,mae,0.5158073902130127
noised_data,226,0,0.7,P,mae,0.5788538455963135
noised_data,227,0,0.7,P,mae,0.4821653366088867
noised_data,228,0,0.7,P,mae,0.7208588719367981
noised_data,229,0,0.7,P,mae,0.6626440286636353
noised_data,230,0,0.7,P,mae,0.5454105138778687
noised_data,231,0,0.7,P,mae,0.6921370625495911
noised_data,224,0,0.85,R,mse,0.5936098098754883
noised_data,225,0,0.85,R,mse,0.636020302772522
noised_data,226,0,0.85,R,mse,0.5537512302398682
noised_data,227,0,0.85,R,mse,0.3699585199356079
noised_data,228,0,0.85,R,mse,0.6936981678009033
noised_data,229,0,0.85,R,mse,0.8881150484085083
noised_data,230,0,0.85,R,mse,0.42596179246902466
noised_data,231,0,0.85,R,mse,0.5836150646209717
noised_data,224,0,0.85,R,mae,0.6153251528739929
noised_data,225,0,0.85,R,mae,0.601132333278656
noised_data,226,0,0.85,R,mae,0.5682597160339355
noised_data,227,0,0.85,R,mae,0.4452269971370697
noised_data,228,0,0.85,R,mae,0.673637866973877
noised_data,229,0,0.85,R,mae,0.7517991065979004
noised_data,230,0,0.85,R,mae,0.4930134415626526
noised_data,231,0,0.85,R,mae,0.607236385345459
noised_data,224,0,0.85,P,mse,0.6371328234672546
noised_data,225,0,0.85,P,mse,0.5450302362442017
noised_data,226,0,0.85,P,mse,0.5973220467567444
noised_data,227,0,0.85,P,mse,0.49129727482795715
noised_data,228,0,0.85,P,mse,0.6821821928024292
noised_data,229,0,0.85,P,mse,0.8585542440414429
noised_data,230,0,0.85,P,mse,0.3974144458770752
noised_data,231,0,0.85,P,mse,0.6281248927116394
noised_data,224,0,0.85,P,mae,0.6208500862121582
noised_data,225,0,0.85,P,mae,0.5486800670623779
noised_data,226,0,0.85,P,mae,0.5921081304550171
noised_data,227,0,0.85,P,mae,0.5007208585739136
noised_data,228,0,0.85,P,mae,0.6680929064750671
noised_data,229,0,0.85,P,mae,0.7428566813468933
noised_data,230,0,0.85,P,mae,0.491688072681427
noised_data,231,0,0.85,P,mae,0.6346045136451721
noised_data,224,0,0.95,R,mse,0.6819338798522949
noised_data,225,0,0.95,R,mse,0.6863224506378174
noised_data,226,0,0.95,R,mse,0.5252857208251953
noised_data,227,0,0.95,R,mse,0.4235263466835022
noised_data,228,0,0.95,R,mse,0.6148011684417725
noised_data,229,0,0.95,R,mse,0.7276273965835571
noised_data,230,0,0.95,R,mse,0.37896212935447693
noised_data,231,0,0.95,R,mse,0.5041583776473999
noised_data,224,0,0.95,R,mae,0.6778245568275452
noised_data,225,0,0.95,R,mae,0.64154052734375
noised_data,226,0,0.95,R,mae,0.5780413150787354
noised_data,227,0,0.95,R,mae,0.49433428049087524
noised_data,228,0,0.95,R,mae,0.6350892782211304
noised_data,229,0,0.95,R,mae,0.6798542737960815
noised_data,230,0,0.95,R,mae,0.4622832238674164
noised_data,231,0,0.95,R,mae,0.5637170076370239
noised_data,224,0,0.95,P,mse,0.7229528427124023
noised_data,225,0,0.95,P,mse,0.6287730932235718
noised_data,226,0,0.95,P,mse,0.5679386258125305
noised_data,227,0,0.95,P,mse,0.5974886417388916
noised_data,228,0,0.95,P,mse,0.5981147289276123
noised_data,229,0,0.95,P,mse,0.699160099029541
noised_data,230,0,0.95,P,mse,0.34899407625198364
noised_data,231,0,0.95,P,mse,0.5485460758209229
noised_data,224,0,0.95,P,mae,0.6968351006507874
noised_data,225,0,0.95,P,mae,0.6110372543334961
noised_data,226,0,0.95,P,mae,0.6082044243812561
noised_data,227,0,0.95,P,mae,0.5509183406829834
noised_data,228,0,0.95,P,mae,0.6277722120285034
noised_data,229,0,0.95,P,mae,0.673864483833313
noised_data,230,0,0.95,P,mae,0.4600083827972412
noised_data,231,0,0.95,P,mae,0.5915891528129578
noised_data,224,1,0.05,R,mse,0.9613611698150635
noised_data,225,1,0.05,R,mse,0.8921491503715515
noised_data,226,1,0.05,R,mse,0.9659162163734436
noised_data,227,1,0.05,R,mse,1.0091943740844727
noised_data,228,1,0.05,R,mse,0.955695390701294
noised_data,229,1,0.05,R,mse,0.9870417714118958
noised_data,230,1,0.05,R,mse,1.0529035329818726
noised_data,231,1,0.05,R,mse,0.9557722210884094
noised_data,224,1,0.05,R,mae,0.7725918889045715
noised_data,225,1,0.05,R,mae,0.7512964010238647
noised_data,226,1,0.05,R,mae,0.7769160866737366
noised_data,227,1,0.05,R,mae,0.8008227348327637
noised_data,228,1,0.05,R,mae,0.7769947052001953
noised_data,229,1,0.05,R,mae,0.7853326797485352
noised_data,230,1,0.05,R,mae,0.8237752914428711
noised_data,231,1,0.05,R,mae,0.7653390765190125
noised_data,224,1,0.05,P,mse,0.905696451663971
noised_data,225,1,0.05,P,mse,0.8738469481468201
noised_data,226,1,0.05,P,mse,0.966501772403717
noised_data,227,1,0.05,P,mse,0.9797102808952332
noised_data,228,1,0.05,P,mse,1.0119445323944092
noised_data,229,1,0.05,P,mse,0.9550358057022095
noised_data,230,1,0.05,P,mse,1.0283617973327637
noised_data,231,1,0.05,P,mse,0.9353891611099243
noised_data,224,1,0.05,P,mae,0.7508922815322876
noised_data,225,1,0.05,P,mae,0.7475285530090332
noised_data,226,1,0.05,P,mae,0.7696077823638916
noised_data,227,1,0.05,P,mae,0.7903310656547546
noised_data,228,1,0.05,P,mae,0.8038927316665649
noised_data,229,1,0.05,P,mae,0.7680280804634094
noised_data,230,1,0.05,P,mae,0.804602324962616
noised_data,231,1,0.05,P,mae,0.7705414295196533
noised_data,224,1,0.15,R,mse,0.8087587356567383
noised_data,225,1,0.15,R,mse,0.6840031147003174
noised_data,226,1,0.15,R,mse,0.8884924054145813
noised_data,227,1,0.15,R,mse,0.7669385671615601
noised_data,228,1,0.15,R,mse,0.8590798377990723
noised_data,229,1,0.15,R,mse,0.8399598002433777
noised_data,230,1,0.15,R,mse,1.049138069152832
noised_data,231,1,0.15,R,mse,0.8043546080589294
noised_data,224,1,0.15,R,mae,0.6909785270690918
noised_data,225,1,0.15,R,mae,0.651233434677124
noised_data,226,1,0.15,R,mae,0.7336341738700867
noised_data,227,1,0.15,R,mae,0.6949872970581055
noised_data,228,1,0.15,R,mae,0.7340652942657471
noised_data,229,1,0.15,R,mae,0.7115697264671326
noised_data,230,1,0.15,R,mae,0.8176543712615967
noised_data,231,1,0.15,R,mae,0.7011979818344116
noised_data,224,1,0.15,P,mse,0.7281864881515503
noised_data,225,1,0.15,P,mse,0.6764139533042908
noised_data,226,1,0.15,P,mse,0.8673160076141357
noised_data,227,1,0.15,P,mse,0.7669683694839478
noised_data,228,1,0.15,P,mse,0.8913309574127197
noised_data,229,1,0.15,P,mse,0.8457503318786621
noised_data,230,1,0.15,P,mse,1.0127832889556885
noised_data,231,1,0.15,P,mse,0.746785044670105
noised_data,224,1,0.15,P,mae,0.6569600701332092
noised_data,225,1,0.15,P,mae,0.645006537437439
noised_data,226,1,0.15,P,mae,0.719876229763031
noised_data,227,1,0.15,P,mae,0.6970449686050415
noised_data,228,1,0.15,P,mae,0.7497572302818298
noised_data,229,1,0.15,P,mae,0.7209117412567139
noised_data,230,1,0.15,P,mae,0.7982244491577148
noised_data,231,1,0.15,P,mae,0.6793561577796936
noised_data,224,1,0.3,R,mse,0.7169989943504333
noised_data,225,1,0.3,R,mse,0.5485678315162659
noised_data,226,1,0.3,R,mse,0.8122732043266296
noised_data,227,1,0.3,R,mse,0.5706761479377747
noised_data,228,1,0.3,R,mse,0.8228135704994202
noised_data,229,1,0.3,R,mse,0.7545718550682068
noised_data,230,1,0.3,R,mse,0.9366692304611206
noised_data,231,1,0.3,R,mse,0.753411054611206
noised_data,224,1,0.3,R,mae,0.641862154006958
noised_data,225,1,0.3,R,mae,0.5708814263343811
noised_data,226,1,0.3,R,mae,0.6951627731323242
noised_data,227,1,0.3,R,mae,0.5888441801071167
noised_data,228,1,0.3,R,mae,0.7070271968841553
noised_data,229,1,0.3,R,mae,0.6672177314758301
noised_data,230,1,0.3,R,mae,0.7636770606040955
noised_data,231,1,0.3,R,mae,0.6752972602844238
noised_data,224,1,0.3,P,mse,0.6723849773406982
noised_data,225,1,0.3,P,mse,0.5277882814407349
noised_data,226,1,0.3,P,mse,0.8172396421432495
noised_data,227,1,0.3,P,mse,0.5842105150222778
noised_data,228,1,0.3,P,mse,0.8770300149917603
noised_data,229,1,0.3,P,mse,0.7746075987815857
noised_data,230,1,0.3,P,mse,0.9260269403457642
noised_data,231,1,0.3,P,mse,0.6406760215759277
noised_data,224,1,0.3,P,mae,0.6209145188331604
noised_data,225,1,0.3,P,mae,0.5638928413391113
noised_data,226,1,0.3,P,mae,0.6836079359054565
noised_data,227,1,0.3,P,mae,0.5944826602935791
noised_data,228,1,0.3,P,mae,0.7284164428710938
noised_data,229,1,0.3,P,mae,0.6872241497039795
noised_data,230,1,0.3,P,mae,0.7631688714027405
noised_data,231,1,0.3,P,mae,0.6185623407363892
noised_data,224,1,0.5,R,mse,0.7648593187332153
noised_data,225,1,0.5,R,mse,0.5089651346206665
noised_data,226,1,0.5,R,mse,0.7404136657714844
noised_data,227,1,0.5,R,mse,0.45754027366638184
noised_data,228,1,0.5,R,mse,0.8570234775543213
noised_data,229,1,0.5,R,mse,0.7248997688293457
noised_data,230,1,0.5,R,mse,0.7021642923355103
noised_data,231,1,0.5,R,mse,0.7730227708816528
noised_data,224,1,0.5,R,mae,0.654619574546814
noised_data,225,1,0.5,R,mae,0.5318432450294495
noised_data,226,1,0.5,R,mae,0.663361668586731
noised_data,227,1,0.5,R,mae,0.5079737901687622
noised_data,228,1,0.5,R,mae,0.7185754776000977
noised_data,229,1,0.5,R,mae,0.655627965927124
noised_data,230,1,0.5,R,mae,0.6580963134765625
noised_data,231,1,0.5,R,mae,0.687210202217102
noised_data,224,1,0.5,P,mse,0.7130191326141357
noised_data,225,1,0.5,P,mse,0.4835820198059082
noised_data,226,1,0.5,P,mse,0.7276118993759155
noised_data,227,1,0.5,P,mse,0.4672780930995941
noised_data,228,1,0.5,P,mse,0.8874711394309998
noised_data,229,1,0.5,P,mse,0.7591063380241394
noised_data,230,1,0.5,P,mse,0.6712114214897156
noised_data,231,1,0.5,P,mse,0.6795312166213989
noised_data,224,1,0.5,P,mae,0.6344202160835266
noised_data,225,1,0.5,P,mae,0.5283223986625671
noised_data,226,1,0.5,P,mae,0.6384627223014832
noised_data,227,1,0.5,P,mae,0.520892858505249
noised_data,228,1,0.5,P,mae,0.7410709857940674
noised_data,229,1,0.5,P,mae,0.6816635727882385
noised_data,230,1,0.5,P,mae,0.6468673944473267
noised_data,231,1,0.5,P,mae,0.6437923908233643
noised_data,224,1,0.7,R,mse,0.666221022605896
noised_data,225,1,0.7,R,mse,0.5137579441070557
noised_data,226,1,0.7,R,mse,0.5701617002487183
noised_data,227,1,0.7,R,mse,0.40950220823287964
noised_data,228,1,0.7,R,mse,0.8116366267204285
noised_data,229,1,0.7,R,mse,0.7306352853775024
noised_data,230,1,0.7,R,mse,0.5073078870773315
noised_data,231,1,0.7,R,mse,0.776993989944458
noised_data,224,1,0.7,R,mae,0.6217560768127441
noised_data,225,1,0.7,R,mae,0.5288616418838501
noised_data,226,1,0.7,R,mae,0.580909252166748
noised_data,227,1,0.7,R,mae,0.4646916389465332
noised_data,228,1,0.7,R,mae,0.7176474332809448
noised_data,229,1,0.7,R,mae,0.6615025997161865
noised_data,230,1,0.7,R,mae,0.5434485077857971
noised_data,231,1,0.7,R,mae,0.7030889987945557
noised_data,224,1,0.7,P,mse,0.6503289937973022
noised_data,225,1,0.7,P,mse,0.556110143661499
noised_data,226,1,0.7,P,mse,0.5797773003578186
noised_data,227,1,0.7,P,mse,0.3952389359474182
noised_data,228,1,0.7,P,mse,0.811697244644165
noised_data,229,1,0.7,P,mse,0.7791705131530762
noised_data,230,1,0.7,P,mse,0.5251083970069885
noised_data,231,1,0.7,P,mse,0.6891536116600037
noised_data,224,1,0.7,P,mae,0.6074941754341125
noised_data,225,1,0.7,P,mae,0.5461977124214172
noised_data,226,1,0.7,P,mae,0.5713800191879272
noised_data,227,1,0.7,P,mae,0.46705132722854614
noised_data,228,1,0.7,P,mae,0.7249584794044495
noised_data,229,1,0.7,P,mae,0.6848167777061462
noised_data,230,1,0.7,P,mae,0.548547625541687
noised_data,231,1,0.7,P,mae,0.6584226489067078
noised_data,224,1,0.85,R,mse,0.6156761646270752
noised_data,225,1,0.85,R,mse,0.5574756860733032
noised_data,226,1,0.85,R,mse,0.5607280731201172
noised_data,227,1,0.85,R,mse,0.46707186102867126
noised_data,228,1,0.85,R,mse,0.6850208044052124
noised_data,229,1,0.85,R,mse,0.8521312475204468
noised_data,230,1,0.85,R,mse,0.38893193006515503
noised_data,231,1,0.85,R,mse,0.6373964548110962
noised_data,224,1,0.85,R,mae,0.6190532445907593
noised_data,225,1,0.85,R,mae,0.5624419450759888
noised_data,226,1,0.85,R,mae,0.5764766931533813
noised_data,227,1,0.85,R,mae,0.4805469512939453
noised_data,228,1,0.85,R,mae,0.6676582098007202
noised_data,229,1,0.85,R,mae,0.7396566867828369
noised_data,230,1,0.85,R,mae,0.4888850748538971
noised_data,231,1,0.85,R,mae,0.6438371539115906
noised_data,224,1,0.85,P,mse,0.6066411137580872
noised_data,225,1,0.85,P,mse,0.6231716871261597
noised_data,226,1,0.85,P,mse,0.5948214530944824
noised_data,227,1,0.85,P,mse,0.38964879512786865
noised_data,228,1,0.85,P,mse,0.6969558596611023
noised_data,229,1,0.85,P,mse,0.8716490864753723
noised_data,230,1,0.85,P,mse,0.4336158037185669
noised_data,231,1,0.85,P,mse,0.5769038200378418
noised_data,224,1,0.85,P,mae,0.6120641231536865
noised_data,225,1,0.85,P,mae,0.5878633260726929
noised_data,226,1,0.85,P,mae,0.5843749046325684
noised_data,227,1,0.85,P,mae,0.46446746587753296
noised_data,228,1,0.85,P,mae,0.6767780780792236
noised_data,229,1,0.85,P,mae,0.745916485786438
noised_data,230,1,0.85,P,mae,0.49538761377334595
noised_data,231,1,0.85,P,mae,0.5992540121078491
noised_data,224,1,0.95,R,mse,0.7196927070617676
noised_data,225,1,0.95,R,mse,0.6299482583999634
noised_data,226,1,0.95,R,mse,0.5257513523101807
noised_data,227,1,0.95,R,mse,0.5660358667373657
noised_data,228,1,0.95,R,mse,0.601503312587738
noised_data,229,1,0.95,R,mse,0.7132282257080078
noised_data,230,1,0.95,R,mse,0.34212052822113037
noised_data,231,1,0.95,R,mse,0.537680983543396
noised_data,224,1,0.95,R,mae,0.6969588994979858
noised_data,225,1,0.95,R,mae,0.6153377294540405
noised_data,226,1,0.95,R,mae,0.5809046030044556
noised_data,227,1,0.95,R,mae,0.5292960405349731
noised_data,228,1,0.95,R,mae,0.6286234259605408
noised_data,229,1,0.95,R,mae,0.6775848269462585
noised_data,230,1,0.95,R,mae,0.4567657709121704
noised_data,231,1,0.95,R,mae,0.5928542017936707
noised_data,224,1,0.95,P,mse,0.6842930316925049
noised_data,225,1,0.95,P,mse,0.6876795291900635
noised_data,226,1,0.95,P,mse,0.5567399263381958
noised_data,227,1,0.95,P,mse,0.4488080143928528
noised_data,228,1,0.95,P,mse,0.6125392913818359
noised_data,229,1,0.95,P,mse,0.7115468978881836
noised_data,230,1,0.95,P,mse,0.386333167552948
noised_data,231,1,0.95,P,mse,0.5155340433120728
noised_data,224,1,0.95,P,mae,0.6782281994819641
noised_data,225,1,0.95,P,mae,0.6390661001205444
noised_data,226,1,0.95,P,mae,0.5984193682670593
noised_data,227,1,0.95,P,mae,0.5114247798919678
noised_data,228,1,0.95,P,mae,0.6347391605377197
noised_data,229,1,0.95,P,mae,0.6752430200576782
noised_data,230,1,0.95,P,mae,0.4659019708633423
noised_data,231,1,0.95,P,mae,0.5629757642745972
noised_data,232,0,0.05,R,mse,1.0585708618164062
noised_data,233,0,0.05,R,mse,0.9701660871505737
noised_data,234,0,0.05,R,mse,1.0302706956863403
noised_data,235,0,0.05,R,mse,1.0347422361373901
noised_data,236,0,0.05,R,mse,1.0251829624176025
noised_data,237,0,0.05,R,mse,1.0375139713287354
noised_data,238,0,0.05,R,mse,0.9856715202331543
noised_data,239,0,0.05,R,mse,0.9311781525611877
noised_data,232,0,0.05,R,mae,0.817211389541626
noised_data,233,0,0.05,R,mae,0.7800423502922058
noised_data,234,0,0.05,R,mae,0.8117464184761047
noised_data,235,0,0.05,R,mae,0.8088228106498718
noised_data,236,0,0.05,R,mae,0.8014865517616272
noised_data,237,0,0.05,R,mae,0.8170974850654602
noised_data,238,0,0.05,R,mae,0.7949507236480713
noised_data,239,0,0.05,R,mae,0.7663248181343079
noised_data,232,0,0.05,P,mse,1.0583374500274658
noised_data,233,0,0.05,P,mse,1.0235799551010132
noised_data,234,0,0.05,P,mse,1.061619520187378
noised_data,235,0,0.05,P,mse,1.0547842979431152
noised_data,236,0,0.05,P,mse,1.0473710298538208
noised_data,237,0,0.05,P,mse,1.0603375434875488
noised_data,238,0,0.05,P,mse,1.0034109354019165
noised_data,239,0,0.05,P,mse,0.9905686378479004
noised_data,232,0,0.05,P,mae,0.818435788154602
noised_data,233,0,0.05,P,mae,0.8031564354896545
noised_data,234,0,0.05,P,mae,0.8183846473693848
noised_data,235,0,0.05,P,mae,0.8235160112380981
noised_data,236,0,0.05,P,mae,0.8148640394210815
noised_data,237,0,0.05,P,mae,0.817065954208374
noised_data,238,0,0.05,P,mae,0.7978639006614685
noised_data,239,0,0.05,P,mae,0.7959533929824829
noised_data,232,0,0.15,R,mse,1.0000091791152954
noised_data,233,0,0.15,R,mse,0.8255420327186584
noised_data,234,0,0.15,R,mse,0.9581518173217773
noised_data,235,0,0.15,R,mse,1.0552334785461426
noised_data,236,0,0.15,R,mse,1.0061061382293701
noised_data,237,0,0.15,R,mse,1.0775792598724365
noised_data,238,0,0.15,R,mse,0.9537125825881958
noised_data,239,0,0.15,R,mse,0.8374557495117188
noised_data,232,0,0.15,R,mae,0.7943265438079834
noised_data,233,0,0.15,R,mae,0.7168247699737549
noised_data,234,0,0.15,R,mae,0.7766419649124146
noised_data,235,0,0.15,R,mae,0.8197018504142761
noised_data,236,0,0.15,R,mae,0.78875333070755
noised_data,237,0,0.15,R,mae,0.8205766081809998
noised_data,238,0,0.15,R,mae,0.771510899066925
noised_data,239,0,0.15,R,mae,0.7283486127853394
noised_data,232,0,0.15,P,mse,0.9989734292030334
noised_data,233,0,0.15,P,mse,0.838200569152832
noised_data,234,0,0.15,P,mse,1.009608507156372
noised_data,235,0,0.15,P,mse,1.0615899562835693
noised_data,236,0,0.15,P,mse,1.0220530033111572
noised_data,237,0,0.15,P,mse,1.0836117267608643
noised_data,238,0,0.15,P,mse,0.9328606724739075
noised_data,239,0,0.15,P,mse,0.9111080765724182
noised_data,232,0,0.15,P,mae,0.7908962965011597
noised_data,233,0,0.15,P,mae,0.7265878915786743
noised_data,234,0,0.15,P,mae,0.7994236350059509
noised_data,235,0,0.15,P,mae,0.8225185871124268
noised_data,236,0,0.15,P,mae,0.8065217137336731
noised_data,237,0,0.15,P,mae,0.8310894966125488
noised_data,238,0,0.15,P,mae,0.7644423246383667
noised_data,239,0,0.15,P,mae,0.7555001378059387
noised_data,232,0,0.3,R,mse,0.9696563482284546
noised_data,233,0,0.3,R,mse,0.8035163879394531
noised_data,234,0,0.3,R,mse,0.8935816287994385
noised_data,235,0,0.3,R,mse,1.0454788208007812
noised_data,236,0,0.3,R,mse,0.9571413993835449
noised_data,237,0,0.3,R,mse,1.0840095281600952
noised_data,238,0,0.3,R,mse,0.8986846804618835
noised_data,239,0,0.3,R,mse,0.7709674835205078
noised_data,232,0,0.3,R,mae,0.774086594581604
noised_data,233,0,0.3,R,mae,0.7005591988563538
noised_data,234,0,0.3,R,mae,0.7480976581573486
noised_data,235,0,0.3,R,mae,0.8121948838233948
noised_data,236,0,0.3,R,mae,0.763174831867218
noised_data,237,0,0.3,R,mae,0.8211780786514282
noised_data,238,0,0.3,R,mae,0.7364400029182434
noised_data,239,0,0.3,R,mae,0.6946573257446289
noised_data,232,0,0.3,P,mse,0.9881749153137207
noised_data,233,0,0.3,P,mse,0.774807870388031
noised_data,234,0,0.3,P,mse,0.9497510194778442
noised_data,235,0,0.3,P,mse,1.0686099529266357
noised_data,236,0,0.3,P,mse,1.0051430463790894
noised_data,237,0,0.3,P,mse,1.115445852279663
noised_data,238,0,0.3,P,mse,0.8440544605255127
noised_data,239,0,0.3,P,mse,0.8675328493118286
noised_data,232,0,0.3,P,mae,0.7786864638328552
noised_data,233,0,0.3,P,mae,0.6908081769943237
noised_data,234,0,0.3,P,mae,0.7651810646057129
noised_data,235,0,0.3,P,mae,0.8226094245910645
noised_data,236,0,0.3,P,mae,0.7897765636444092
noised_data,237,0,0.3,P,mae,0.8396148681640625
noised_data,238,0,0.3,P,mae,0.7225655913352966
noised_data,239,0,0.3,P,mae,0.7343242764472961
noised_data,232,0,0.5,R,mse,0.9305950403213501
noised_data,233,0,0.5,R,mse,0.8248997926712036
noised_data,234,0,0.5,R,mse,0.8208609819412231
noised_data,235,0,0.5,R,mse,1.005172848701477
noised_data,236,0,0.5,R,mse,1.0165073871612549
noised_data,237,0,0.5,R,mse,1.0389232635498047
noised_data,238,0,0.5,R,mse,0.757335901260376
noised_data,239,0,0.5,R,mse,0.7499880790710449
noised_data,232,0,0.5,R,mae,0.7441188097000122
noised_data,233,0,0.5,R,mae,0.7042021751403809
noised_data,234,0,0.5,R,mae,0.7116395235061646
noised_data,235,0,0.5,R,mae,0.7887166142463684
noised_data,236,0,0.5,R,mae,0.799254298210144
noised_data,237,0,0.5,R,mae,0.8134227991104126
noised_data,238,0,0.5,R,mae,0.6890382766723633
noised_data,239,0,0.5,R,mae,0.6894837021827698
noised_data,232,0,0.5,P,mse,0.9556063413619995
noised_data,233,0,0.5,P,mse,0.8164147138595581
noised_data,234,0,0.5,P,mse,0.8352563381195068
noised_data,235,0,0.5,P,mse,1.0414111614227295
noised_data,236,0,0.5,P,mse,1.0479800701141357
noised_data,237,0,0.5,P,mse,1.0601696968078613
noised_data,238,0,0.5,P,mse,0.7478105425834656
noised_data,239,0,0.5,P,mse,0.8260171413421631
noised_data,232,0,0.5,P,mae,0.7683202624320984
noised_data,233,0,0.5,P,mae,0.7009904384613037
noised_data,234,0,0.5,P,mae,0.7249659299850464
noised_data,235,0,0.5,P,mae,0.803629457950592
noised_data,236,0,0.5,P,mae,0.8122473955154419
noised_data,237,0,0.5,P,mae,0.8134973645210266
noised_data,238,0,0.5,P,mae,0.6774832010269165
noised_data,239,0,0.5,P,mae,0.7208693623542786
noised_data,232,0,0.7,R,mse,0.8080583214759827
noised_data,233,0,0.7,R,mse,0.7840203046798706
noised_data,234,0,0.7,R,mse,0.6482163667678833
noised_data,235,0,0.7,R,mse,0.9793156385421753
noised_data,236,0,0.7,R,mse,0.886343240737915
noised_data,237,0,0.7,R,mse,0.9291719198226929
noised_data,238,0,0.7,R,mse,0.6747003793716431
noised_data,239,0,0.7,R,mse,0.6672734022140503
noised_data,232,0,0.7,R,mae,0.6947091221809387
noised_data,233,0,0.7,R,mae,0.6913788914680481
noised_data,234,0,0.7,R,mae,0.6353142261505127
noised_data,235,0,0.7,R,mae,0.7742738723754883
noised_data,236,0,0.7,R,mae,0.7556127905845642
noised_data,237,0,0.7,R,mae,0.7779603004455566
noised_data,238,0,0.7,R,mae,0.6542240381240845
noised_data,239,0,0.7,R,mae,0.6485092639923096
noised_data,232,0,0.7,P,mse,0.7915709018707275
noised_data,233,0,0.7,P,mse,0.7538396716117859
noised_data,234,0,0.7,P,mse,0.6442866325378418
noised_data,235,0,0.7,P,mse,0.9367069005966187
noised_data,236,0,0.7,P,mse,0.9023301601409912
noised_data,237,0,0.7,P,mse,0.9058772325515747
noised_data,238,0,0.7,P,mse,0.7037448883056641
noised_data,239,0,0.7,P,mse,0.6927688121795654
noised_data,232,0,0.7,P,mae,0.7038804292678833
noised_data,233,0,0.7,P,mae,0.6727023124694824
noised_data,234,0,0.7,P,mae,0.6441807746887207
noised_data,235,0,0.7,P,mae,0.7568274736404419
noised_data,236,0,0.7,P,mae,0.7547622919082642
noised_data,237,0,0.7,P,mae,0.7599906921386719
noised_data,238,0,0.7,P,mae,0.66164231300354
noised_data,239,0,0.7,P,mae,0.6674294471740723
noised_data,232,0,0.85,R,mse,0.6451597809791565
noised_data,233,0,0.85,R,mse,0.7093499898910522
noised_data,234,0,0.85,R,mse,0.5445108413696289
noised_data,235,0,0.85,R,mse,0.9299143552780151
noised_data,236,0,0.85,R,mse,0.7565727233886719
noised_data,237,0,0.85,R,mse,0.8567442893981934
noised_data,238,0,0.85,R,mse,0.733813464641571
noised_data,239,0,0.85,R,mse,0.5783160328865051
noised_data,232,0,0.85,R,mae,0.6329468488693237
noised_data,233,0,0.85,R,mae,0.6511346697807312
noised_data,234,0,0.85,R,mae,0.5912036299705505
noised_data,235,0,0.85,R,mae,0.7538831830024719
noised_data,236,0,0.85,R,mae,0.6896216869354248
noised_data,237,0,0.85,R,mae,0.7491313815116882
noised_data,238,0,0.85,R,mae,0.6825043559074402
noised_data,239,0,0.85,R,mae,0.6076731085777283
noised_data,232,0,0.85,P,mse,0.6118659377098083
noised_data,233,0,0.85,P,mse,0.6529974341392517
noised_data,234,0,0.85,P,mse,0.5551592707633972
noised_data,235,0,0.85,P,mse,0.8464216589927673
noised_data,236,0,0.85,P,mse,0.7912976741790771
noised_data,237,0,0.85,P,mse,0.8357629776000977
noised_data,238,0,0.85,P,mse,0.7473861575126648
noised_data,239,0,0.85,P,mse,0.5845605731010437
noised_data,232,0,0.85,P,mae,0.6258820295333862
noised_data,233,0,0.85,P,mae,0.6317740678787231
noised_data,234,0,0.85,P,mae,0.6010884046554565
noised_data,235,0,0.85,P,mae,0.7216518521308899
noised_data,236,0,0.85,P,mae,0.6967043280601501
noised_data,237,0,0.85,P,mae,0.7318311333656311
noised_data,238,0,0.85,P,mae,0.6979976296424866
noised_data,239,0,0.85,P,mae,0.6169732213020325
noised_data,232,0,0.95,R,mse,0.5535553693771362
noised_data,233,0,0.95,R,mse,0.7018593549728394
noised_data,234,0,0.95,R,mse,0.5463540554046631
noised_data,235,0,0.95,R,mse,0.9582076072692871
noised_data,236,0,0.95,R,mse,0.7165242433547974
noised_data,237,0,0.95,R,mse,0.7965829372406006
noised_data,238,0,0.95,R,mse,0.8971417546272278
noised_data,239,0,0.95,R,mse,0.4935305416584015
noised_data,232,0,0.95,R,mae,0.5954376459121704
noised_data,233,0,0.95,R,mae,0.6631362438201904
noised_data,234,0,0.95,R,mae,0.5947111248970032
noised_data,235,0,0.95,R,mae,0.7636705636978149
noised_data,236,0,0.95,R,mae,0.661243736743927
noised_data,237,0,0.95,R,mae,0.7279475927352905
noised_data,238,0,0.95,R,mae,0.7697198390960693
noised_data,239,0,0.95,R,mae,0.556466817855835
noised_data,232,0,0.95,P,mse,0.5313233137130737
noised_data,233,0,0.95,P,mse,0.6573647856712341
noised_data,234,0,0.95,P,mse,0.5610661506652832
noised_data,235,0,0.95,P,mse,0.8252418041229248
noised_data,236,0,0.95,P,mse,0.7361040711402893
noised_data,237,0,0.95,P,mse,0.8089433908462524
noised_data,238,0,0.95,P,mse,0.860020637512207
noised_data,239,0,0.95,P,mse,0.49664175510406494
noised_data,232,0,0.95,P,mae,0.5863559246063232
noised_data,233,0,0.95,P,mae,0.6459451913833618
noised_data,234,0,0.95,P,mae,0.6095991134643555
noised_data,235,0,0.95,P,mae,0.7143935561180115
noised_data,236,0,0.95,P,mae,0.6664341688156128
noised_data,237,0,0.95,P,mae,0.7227945923805237
noised_data,238,0,0.95,P,mae,0.7584466338157654
noised_data,239,0,0.95,P,mae,0.5653414130210876
noised_data,232,1,0.05,R,mse,1.019321084022522
noised_data,233,1,0.05,R,mse,0.974443793296814
noised_data,234,1,0.05,R,mse,1.026020884513855
noised_data,235,1,0.05,R,mse,1.090406894683838
noised_data,236,1,0.05,R,mse,1.0658669471740723
noised_data,237,1,0.05,R,mse,1.0402387380599976
noised_data,238,1,0.05,R,mse,0.9796367883682251
noised_data,239,1,0.05,R,mse,0.9599045515060425
noised_data,232,1,0.05,R,mae,0.8032474517822266
noised_data,233,1,0.05,R,mae,0.7829957604408264
noised_data,234,1,0.05,R,mae,0.8036386966705322
noised_data,235,1,0.05,R,mae,0.8360457420349121
noised_data,236,1,0.05,R,mae,0.8275760412216187
noised_data,237,1,0.05,R,mae,0.8129117488861084
noised_data,238,1,0.05,R,mae,0.7957677245140076
noised_data,239,1,0.05,R,mae,0.7825363278388977
noised_data,232,1,0.05,P,mse,1.0951128005981445
noised_data,233,1,0.05,P,mse,1.0195226669311523
noised_data,234,1,0.05,P,mse,1.067982792854309
noised_data,235,1,0.05,P,mse,0.9992396235466003
noised_data,236,1,0.05,P,mse,1.006312370300293
noised_data,237,1,0.05,P,mse,1.0563997030258179
noised_data,238,1,0.05,P,mse,1.0043220520019531
noised_data,239,1,0.05,P,mse,0.9614693522453308
noised_data,232,1,0.05,P,mae,0.8315402865409851
noised_data,233,1,0.05,P,mae,0.8001915812492371
noised_data,234,1,0.05,P,mae,0.8256388306617737
noised_data,235,1,0.05,P,mae,0.7957237958908081
noised_data,236,1,0.05,P,mae,0.7896441221237183
noised_data,237,1,0.05,P,mae,0.8210548162460327
noised_data,238,1,0.05,P,mae,0.7965837717056274
noised_data,239,1,0.05,P,mae,0.7793998718261719
noised_data,232,1,0.15,R,mse,0.9556100964546204
noised_data,233,1,0.15,R,mse,0.8307744860649109
noised_data,234,1,0.15,R,mse,0.9700265526771545
noised_data,235,1,0.15,R,mse,1.1049796342849731
noised_data,236,1,0.15,R,mse,1.039602279663086
noised_data,237,1,0.15,R,mse,1.0812791585922241
noised_data,238,1,0.15,R,mse,0.9450113773345947
noised_data,239,1,0.15,R,mse,0.8701689839363098
noised_data,232,1,0.15,R,mae,0.77590411901474
noised_data,233,1,0.15,R,mae,0.7219300866127014
noised_data,234,1,0.15,R,mae,0.7805337905883789
noised_data,235,1,0.15,R,mae,0.8410999774932861
noised_data,236,1,0.15,R,mae,0.8118066787719727
noised_data,237,1,0.15,R,mae,0.8235229253768921
noised_data,238,1,0.15,R,mae,0.7739118933677673
noised_data,239,1,0.15,R,mae,0.7423959374427795
noised_data,232,1,0.15,P,mse,1.0452176332473755
noised_data,233,1,0.15,P,mse,0.8275910019874573
noised_data,234,1,0.15,P,mse,0.9979548454284668
noised_data,235,1,0.15,P,mse,1.0102548599243164
noised_data,236,1,0.15,P,mse,0.9826630353927612
noised_data,237,1,0.15,P,mse,1.08125638961792
noised_data,238,1,0.15,P,mse,0.9414558410644531
noised_data,239,1,0.15,P,mse,0.8742377758026123
noised_data,232,1,0.15,P,mae,0.8096635341644287
noised_data,233,1,0.15,P,mae,0.719901978969574
noised_data,234,1,0.15,P,mae,0.793248176574707
noised_data,235,1,0.15,P,mae,0.8016177415847778
noised_data,236,1,0.15,P,mae,0.7816326022148132
noised_data,237,1,0.15,P,mae,0.8294107913970947
noised_data,238,1,0.15,P,mae,0.7613624334335327
noised_data,239,1,0.15,P,mae,0.7386462688446045
noised_data,232,1,0.3,R,mse,0.9267460107803345
noised_data,233,1,0.3,R,mse,0.8062190413475037
noised_data,234,1,0.3,R,mse,0.8962666988372803
noised_data,235,1,0.3,R,mse,1.0790492296218872
noised_data,236,1,0.3,R,mse,0.9893091917037964
noised_data,237,1,0.3,R,mse,1.1066962480545044
noised_data,238,1,0.3,R,mse,0.8858394622802734
noised_data,239,1,0.3,R,mse,0.8225059509277344
noised_data,232,1,0.3,R,mae,0.7544423937797546
noised_data,233,1,0.3,R,mae,0.7080671191215515
noised_data,234,1,0.3,R,mae,0.7458575963973999
noised_data,235,1,0.3,R,mae,0.8283138275146484
noised_data,236,1,0.3,R,mae,0.7830113172531128
noised_data,237,1,0.3,R,mae,0.8292683959007263
noised_data,238,1,0.3,R,mae,0.7338235378265381
noised_data,239,1,0.3,R,mae,0.7172856330871582
noised_data,232,1,0.3,P,mse,1.0283730030059814
noised_data,233,1,0.3,P,mse,0.7557089328765869
noised_data,234,1,0.3,P,mse,0.9449152946472168
noised_data,235,1,0.3,P,mse,1.0213935375213623
noised_data,236,1,0.3,P,mse,0.9728323221206665
noised_data,237,1,0.3,P,mse,1.090118169784546
noised_data,238,1,0.3,P,mse,0.8583099842071533
noised_data,239,1,0.3,P,mse,0.8067011833190918
noised_data,232,1,0.3,P,mae,0.7986178398132324
noised_data,233,1,0.3,P,mae,0.6792921423912048
noised_data,234,1,0.3,P,mae,0.7677657604217529
noised_data,235,1,0.3,P,mae,0.8002851009368896
noised_data,236,1,0.3,P,mae,0.7729723453521729
noised_data,237,1,0.3,P,mae,0.8284836411476135
noised_data,238,1,0.3,P,mae,0.7261778116226196
noised_data,239,1,0.3,P,mae,0.7062975168228149
noised_data,232,1,0.5,R,mse,0.9092428684234619
noised_data,233,1,0.5,R,mse,0.8448580503463745
noised_data,234,1,0.5,R,mse,0.8159891366958618
noised_data,235,1,0.5,R,mse,1.0351672172546387
noised_data,236,1,0.5,R,mse,1.0231727361679077
noised_data,237,1,0.5,R,mse,1.0593235492706299
noised_data,238,1,0.5,R,mse,0.7735677361488342
noised_data,239,1,0.5,R,mse,0.8112368583679199
noised_data,232,1,0.5,R,mae,0.7419573068618774
noised_data,233,1,0.5,R,mae,0.7197678685188293
noised_data,234,1,0.5,R,mae,0.7163034677505493
noised_data,235,1,0.5,R,mae,0.8048326969146729
noised_data,236,1,0.5,R,mae,0.8037339448928833
noised_data,237,1,0.5,R,mae,0.8095747828483582
noised_data,238,1,0.5,R,mae,0.6906454563140869
noised_data,239,1,0.5,R,mae,0.7135744094848633
noised_data,232,1,0.5,P,mse,0.9826816916465759
noised_data,233,1,0.5,P,mse,0.7920781373977661
noised_data,234,1,0.5,P,mse,0.8422397971153259
noised_data,235,1,0.5,P,mse,1.0015990734100342
noised_data,236,1,0.5,P,mse,1.031639575958252
noised_data,237,1,0.5,P,mse,1.0403225421905518
noised_data,238,1,0.5,P,mse,0.7391924262046814
noised_data,239,1,0.5,P,mse,0.7657387256622314
noised_data,232,1,0.5,P,mae,0.775184690952301
noised_data,233,1,0.5,P,mae,0.6847238540649414
noised_data,234,1,0.5,P,mae,0.7211414575576782
noised_data,235,1,0.5,P,mae,0.7824398279190063
noised_data,236,1,0.5,P,mae,0.8049124479293823
noised_data,237,1,0.5,P,mae,0.8190392851829529
noised_data,238,1,0.5,P,mae,0.678169310092926
noised_data,239,1,0.5,P,mae,0.696431577205658
noised_data,232,1,0.7,R,mse,0.8030768036842346
noised_data,233,1,0.7,R,mse,0.7649437189102173
noised_data,234,1,0.7,R,mse,0.6362859010696411
noised_data,235,1,0.7,R,mse,1.0056731700897217
noised_data,236,1,0.7,R,mse,0.8878876566886902
noised_data,237,1,0.7,R,mse,0.9192435145378113
noised_data,238,1,0.7,R,mse,0.6875361204147339
noised_data,239,1,0.7,R,mse,0.7188722491264343
noised_data,232,1,0.7,R,mae,0.6962503790855408
noised_data,233,1,0.7,R,mae,0.6846857070922852
noised_data,234,1,0.7,R,mae,0.6404139399528503
noised_data,235,1,0.7,R,mae,0.7851856350898743
noised_data,236,1,0.7,R,mae,0.7565445899963379
noised_data,237,1,0.7,R,mae,0.766066312789917
noised_data,238,1,0.7,R,mae,0.6576177477836609
noised_data,239,1,0.7,R,mae,0.6696033477783203
noised_data,232,1,0.7,P,mse,0.792663037776947
noised_data,233,1,0.7,P,mse,0.7837845087051392
noised_data,234,1,0.7,P,mse,0.6553272008895874
noised_data,235,1,0.7,P,mse,0.9145777821540833
noised_data,236,1,0.7,P,mse,0.903827428817749
noised_data,237,1,0.7,P,mse,0.9235851764678955
noised_data,238,1,0.7,P,mse,0.6818376779556274
noised_data,239,1,0.7,P,mse,0.6430261731147766
noised_data,232,1,0.7,P,mae,0.7022226452827454
noised_data,233,1,0.7,P,mae,0.6843758821487427
noised_data,234,1,0.7,P,mae,0.6386106014251709
noised_data,235,1,0.7,P,mae,0.7485824823379517
noised_data,236,1,0.7,P,mae,0.7557486295700073
noised_data,237,1,0.7,P,mae,0.775615394115448
noised_data,238,1,0.7,P,mae,0.6528732776641846
noised_data,239,1,0.7,P,mae,0.6470946669578552
noised_data,232,1,0.85,R,mse,0.6304861307144165
noised_data,233,1,0.85,R,mse,0.6615906953811646
noised_data,234,1,0.85,R,mse,0.5534176826477051
noised_data,235,1,0.85,R,mse,0.9519674181938171
noised_data,236,1,0.85,R,mse,0.7533974647521973
noised_data,237,1,0.85,R,mse,0.8530201315879822
noised_data,238,1,0.85,R,mse,0.7046805024147034
noised_data,239,1,0.85,R,mse,0.6254494190216064
noised_data,232,1,0.85,R,mae,0.6301783919334412
noised_data,233,1,0.85,R,mae,0.6383731961250305
noised_data,234,1,0.85,R,mae,0.5997667908668518
noised_data,235,1,0.85,R,mae,0.7602530717849731
noised_data,236,1,0.85,R,mae,0.6907039880752563
noised_data,237,1,0.85,R,mae,0.7406853437423706
noised_data,238,1,0.85,R,mae,0.6726176738739014
noised_data,239,1,0.85,R,mae,0.6313111186027527
noised_data,232,1,0.85,P,mse,0.6305356025695801
noised_data,233,1,0.85,P,mse,0.7074973583221436
noised_data,234,1,0.85,P,mse,0.549336850643158
noised_data,235,1,0.85,P,mse,0.8207350969314575
noised_data,236,1,0.85,P,mse,0.7907472848892212
noised_data,237,1,0.85,P,mse,0.8359119296073914
noised_data,238,1,0.85,P,mse,0.7577652931213379
noised_data,239,1,0.85,P,mse,0.5407884120941162
noised_data,232,1,0.85,P,mae,0.6302057504653931
noised_data,233,1,0.85,P,mae,0.6483876705169678
noised_data,234,1,0.85,P,mae,0.5947481989860535
noised_data,235,1,0.85,P,mae,0.7134629487991333
noised_data,236,1,0.85,P,mae,0.6941018104553223
noised_data,237,1,0.85,P,mae,0.739062488079071
noised_data,238,1,0.85,P,mae,0.6981685757637024
noised_data,239,1,0.85,P,mae,0.5954122543334961
noised_data,232,1,0.95,R,mse,0.548568606376648
noised_data,233,1,0.95,R,mse,0.650978684425354
noised_data,234,1,0.95,R,mse,0.5579342246055603
noised_data,235,1,0.95,R,mse,0.9695165753364563
noised_data,236,1,0.95,R,mse,0.7052617073059082
noised_data,237,1,0.95,R,mse,0.8130131959915161
noised_data,238,1,0.95,R,mse,0.8402326107025146
noised_data,239,1,0.95,R,mse,0.539893627166748
noised_data,232,1,0.95,R,mae,0.5958937406539917
noised_data,233,1,0.95,R,mae,0.6434203386306763
noised_data,234,1,0.95,R,mae,0.6026561260223389
noised_data,235,1,0.95,R,mae,0.7680206894874573
noised_data,236,1,0.95,R,mae,0.6581433415412903
noised_data,237,1,0.95,R,mae,0.725433349609375
noised_data,238,1,0.95,R,mae,0.7484108209609985
noised_data,239,1,0.95,R,mae,0.5811245441436768
noised_data,232,1,0.95,P,mse,0.5347121357917786
noised_data,233,1,0.95,P,mse,0.7075190544128418
noised_data,234,1,0.95,P,mse,0.5485084652900696
noised_data,235,1,0.95,P,mse,0.8134167790412903
noised_data,236,1,0.95,P,mse,0.741056501865387
noised_data,237,1,0.95,P,mse,0.7904463410377502
noised_data,238,1,0.95,P,mse,0.9172857999801636
noised_data,239,1,0.95,P,mse,0.45112645626068115
noised_data,232,1,0.95,P,mae,0.5846824645996094
noised_data,233,1,0.95,P,mae,0.6654611825942993
noised_data,234,1,0.95,P,mae,0.6009038686752319
noised_data,235,1,0.95,P,mae,0.7104023098945618
noised_data,236,1,0.95,P,mae,0.6671703457832336
noised_data,237,1,0.95,P,mae,0.7243055105209351
noised_data,238,1,0.95,P,mae,0.7794492244720459
noised_data,239,1,0.95,P,mae,0.5411179661750793
noised_data,240,0,0.05,R,mse,0.8733986616134644
noised_data,241,0,0.05,R,mse,1.009993553161621
noised_data,242,0,0.05,R,mse,0.8329052925109863
noised_data,243,0,0.05,R,mse,0.9976446032524109
noised_data,244,0,0.05,R,mse,1.0805367231369019
noised_data,245,0,0.05,R,mse,1.01515531539917
noised_data,246,0,0.05,R,mse,0.9020164608955383
noised_data,247,0,0.05,R,mse,1.1233104467391968
noised_data,240,0,0.05,R,mae,0.7400834560394287
noised_data,241,0,0.05,R,mae,0.8033081293106079
noised_data,242,0,0.05,R,mae,0.7244707345962524
noised_data,243,0,0.05,R,mae,0.8076688051223755
noised_data,244,0,0.05,R,mae,0.8238024711608887
noised_data,245,0,0.05,R,mae,0.8114374279975891
noised_data,246,0,0.05,R,mae,0.7611196041107178
noised_data,247,0,0.05,R,mae,0.8542544841766357
noised_data,240,0,0.05,P,mse,0.8754696249961853
noised_data,241,0,0.05,P,mse,1.0688488483428955
noised_data,242,0,0.05,P,mse,0.922181248664856
noised_data,243,0,0.05,P,mse,0.9564704298973083
noised_data,244,0,0.05,P,mse,1.0521317720413208
noised_data,245,0,0.05,P,mse,1.0817135572433472
noised_data,246,0,0.05,P,mse,0.9054997563362122
noised_data,247,0,0.05,P,mse,0.9840272665023804
noised_data,240,0,0.05,P,mae,0.745118260383606
noised_data,241,0,0.05,P,mae,0.8188585042953491
noised_data,242,0,0.05,P,mae,0.7614020705223083
noised_data,243,0,0.05,P,mae,0.7841204404830933
noised_data,244,0,0.05,P,mae,0.820094108581543
noised_data,245,0,0.05,P,mae,0.8318644165992737
noised_data,246,0,0.05,P,mae,0.7592504024505615
noised_data,247,0,0.05,P,mae,0.7920844554901123
noised_data,240,0,0.15,R,mse,0.6859169006347656
noised_data,241,0,0.15,R,mse,0.8919839859008789
noised_data,242,0,0.15,R,mse,0.6003304123878479
noised_data,243,0,0.15,R,mse,0.8638402223587036
noised_data,244,0,0.15,R,mse,1.0335304737091064
noised_data,245,0,0.15,R,mse,0.8982411623001099
noised_data,246,0,0.15,R,mse,0.749113917350769
noised_data,247,0,0.15,R,mse,1.1106435060501099
noised_data,240,0,0.15,R,mae,0.6445980072021484
noised_data,241,0,0.15,R,mae,0.7472211718559265
noised_data,242,0,0.15,R,mae,0.6063497066497803
noised_data,243,0,0.15,R,mae,0.7430559396743774
noised_data,244,0,0.15,R,mae,0.8023688793182373
noised_data,245,0,0.15,R,mae,0.7552865743637085
noised_data,246,0,0.15,R,mae,0.6917884349822998
noised_data,247,0,0.15,R,mae,0.850164532661438
noised_data,240,0,0.15,P,mse,0.5936639308929443
noised_data,241,0,0.15,P,mse,0.9459474682807922
noised_data,242,0,0.15,P,mse,0.6819816827774048
noised_data,243,0,0.15,P,mse,0.8504507541656494
noised_data,244,0,0.15,P,mse,0.9616284370422363
noised_data,245,0,0.15,P,mse,0.9692854285240173
noised_data,246,0,0.15,P,mse,0.7304221987724304
noised_data,247,0,0.15,P,mse,1.019463300704956
noised_data,240,0,0.15,P,mae,0.6085771918296814
noised_data,241,0,0.15,P,mae,0.7670919895172119
noised_data,242,0,0.15,P,mae,0.6411632299423218
noised_data,243,0,0.15,P,mae,0.7382663488388062
noised_data,244,0,0.15,P,mae,0.7797818183898926
noised_data,245,0,0.15,P,mae,0.7783514261245728
noised_data,246,0,0.15,P,mae,0.6730026006698608
noised_data,247,0,0.15,P,mae,0.8044999837875366
noised_data,240,0,0.3,R,mse,0.5372699499130249
noised_data,241,0,0.3,R,mse,0.8293954730033875
noised_data,242,0,0.3,R,mse,0.4686329960823059
noised_data,243,0,0.3,R,mse,0.7889134883880615
noised_data,244,0,0.3,R,mse,0.9223387241363525
noised_data,245,0,0.3,R,mse,0.7800552845001221
noised_data,246,0,0.3,R,mse,0.6295765042304993
noised_data,247,0,0.3,R,mse,1.0473390817642212
noised_data,240,0,0.3,R,mae,0.5610500574111938
noised_data,241,0,0.3,R,mae,0.7137072086334229
noised_data,242,0,0.3,R,mae,0.524493396282196
noised_data,243,0,0.3,R,mae,0.7010021805763245
noised_data,244,0,0.3,R,mae,0.7538025379180908
noised_data,245,0,0.3,R,mae,0.697494387626648
noised_data,246,0,0.3,R,mae,0.6217354536056519
noised_data,247,0,0.3,R,mae,0.8200262784957886
noised_data,240,0,0.3,P,mse,0.4118645191192627
noised_data,241,0,0.3,P,mse,0.9059197902679443
noised_data,242,0,0.3,P,mse,0.5336055755615234
noised_data,243,0,0.3,P,mse,0.7577999234199524
noised_data,244,0,0.3,P,mse,0.8652750253677368
noised_data,245,0,0.3,P,mse,0.8569785952568054
noised_data,246,0,0.3,P,mse,0.6075006723403931
noised_data,247,0,0.3,P,mse,1.050926923751831
noised_data,240,0,0.3,P,mae,0.5022152066230774
noised_data,241,0,0.3,P,mae,0.7470715045928955
noised_data,242,0,0.3,P,mae,0.5534592866897583
noised_data,243,0,0.3,P,mae,0.6831388473510742
noised_data,244,0,0.3,P,mae,0.7293360233306885
noised_data,245,0,0.3,P,mae,0.7181031703948975
noised_data,246,0,0.3,P,mae,0.603090763092041
noised_data,247,0,0.3,P,mae,0.8071098923683167
noised_data,240,0,0.5,R,mse,0.490042507648468
noised_data,241,0,0.5,R,mse,0.830986738204956
noised_data,242,0,0.5,R,mse,0.4499426782131195
noised_data,243,0,0.5,R,mse,0.8052198886871338
noised_data,244,0,0.5,R,mse,0.7698803544044495
noised_data,245,0,0.5,R,mse,0.7154026031494141
noised_data,246,0,0.5,R,mse,0.5398454070091248
noised_data,247,0,0.5,R,mse,0.8649436831474304
noised_data,240,0,0.5,R,mae,0.5062190890312195
noised_data,241,0,0.5,R,mae,0.7226036190986633
noised_data,242,0,0.5,R,mae,0.4944632351398468
noised_data,243,0,0.5,R,mae,0.6884865760803223
noised_data,244,0,0.5,R,mae,0.6843066811561584
noised_data,245,0,0.5,R,mae,0.6526432633399963
noised_data,246,0,0.5,R,mae,0.5626264810562134
noised_data,247,0,0.5,R,mae,0.7429057359695435
noised_data,240,0,0.5,P,mse,0.4032180607318878
noised_data,241,0,0.5,P,mse,0.9731892943382263
noised_data,242,0,0.5,P,mse,0.48418527841567993
noised_data,243,0,0.5,P,mse,0.8081233501434326
noised_data,244,0,0.5,P,mse,0.7639386057853699
noised_data,245,0,0.5,P,mse,0.7987191677093506
noised_data,246,0,0.5,P,mse,0.5456126928329468
noised_data,247,0,0.5,P,mse,0.9150597453117371
noised_data,240,0,0.5,P,mae,0.4734201431274414
noised_data,241,0,0.5,P,mae,0.7774931192398071
noised_data,242,0,0.5,P,mae,0.5174305438995361
noised_data,243,0,0.5,P,mae,0.6966640949249268
noised_data,244,0,0.5,P,mae,0.6774630546569824
noised_data,245,0,0.5,P,mae,0.6869758367538452
noised_data,246,0,0.5,P,mae,0.5656154751777649
noised_data,247,0,0.5,P,mae,0.7616042494773865
noised_data,240,0,0.7,R,mse,0.4495617151260376
noised_data,241,0,0.7,R,mse,0.7258521318435669
noised_data,242,0,0.7,R,mse,0.4531511664390564
noised_data,243,0,0.7,R,mse,0.7630379796028137
noised_data,244,0,0.7,R,mse,0.7547868490219116
noised_data,245,0,0.7,R,mse,0.7026957273483276
noised_data,246,0,0.7,R,mse,0.6189260482788086
noised_data,247,0,0.7,R,mse,0.6539787650108337
noised_data,240,0,0.7,R,mae,0.4826377034187317
noised_data,241,0,0.7,R,mae,0.6839230060577393
noised_data,242,0,0.7,R,mae,0.5068061351776123
noised_data,243,0,0.7,R,mae,0.659644603729248
noised_data,244,0,0.7,R,mae,0.6745430827140808
noised_data,245,0,0.7,R,mae,0.6397795677185059
noised_data,246,0,0.7,R,mae,0.5836009979248047
noised_data,247,0,0.7,R,mae,0.64613276720047
noised_data,240,0,0.7,P,mse,0.46375662088394165
noised_data,241,0,0.7,P,mse,0.8194549083709717
noised_data,242,0,0.7,P,mse,0.47044625878334045
noised_data,243,0,0.7,P,mse,0.7343981266021729
noised_data,244,0,0.7,P,mse,0.7223759889602661
noised_data,245,0,0.7,P,mse,0.7714636325836182
noised_data,246,0,0.7,P,mse,0.6420542597770691
noised_data,247,0,0.7,P,mse,0.69000244140625
noised_data,240,0,0.7,P,mae,0.48847073316574097
noised_data,241,0,0.7,P,mae,0.7149102091789246
noised_data,242,0,0.7,P,mae,0.5127111673355103
noised_data,243,0,0.7,P,mae,0.6693676114082336
noised_data,244,0,0.7,P,mae,0.6491245031356812
noised_data,245,0,0.7,P,mae,0.6761142015457153
noised_data,246,0,0.7,P,mae,0.5889620780944824
noised_data,247,0,0.7,P,mae,0.6670489311218262
noised_data,240,0,0.85,R,mse,0.5107443332672119
noised_data,241,0,0.85,R,mse,0.6114209890365601
noised_data,242,0,0.85,R,mse,0.5942844152450562
noised_data,243,0,0.85,R,mse,0.6443859338760376
noised_data,244,0,0.85,R,mse,0.7924427390098572
noised_data,245,0,0.85,R,mse,0.6061317920684814
noised_data,246,0,0.85,R,mse,0.6507079601287842
noised_data,247,0,0.85,R,mse,0.5215517282485962
noised_data,240,0,0.85,R,mae,0.530705451965332
noised_data,241,0,0.85,R,mae,0.6273654699325562
noised_data,242,0,0.85,R,mae,0.6087271571159363
noised_data,243,0,0.85,R,mae,0.6083066463470459
noised_data,244,0,0.85,R,mae,0.6856567859649658
noised_data,245,0,0.85,R,mae,0.6027015447616577
noised_data,246,0,0.85,R,mae,0.6067235469818115
noised_data,247,0,0.85,R,mae,0.5789727568626404
noised_data,240,0,0.85,P,mse,0.5212988257408142
noised_data,241,0,0.85,P,mse,0.6743689775466919
noised_data,242,0,0.85,P,mse,0.5706671476364136
noised_data,243,0,0.85,P,mse,0.6368656158447266
noised_data,244,0,0.85,P,mse,0.7568939924240112
noised_data,245,0,0.85,P,mse,0.6426200866699219
noised_data,246,0,0.85,P,mse,0.6764858961105347
noised_data,247,0,0.85,P,mse,0.5627621412277222
noised_data,240,0,0.85,P,mae,0.5490216016769409
noised_data,241,0,0.85,P,mae,0.6546831130981445
noised_data,242,0,0.85,P,mae,0.5949180126190186
noised_data,243,0,0.85,P,mae,0.6191098690032959
noised_data,244,0,0.85,P,mae,0.6619561910629272
noised_data,245,0,0.85,P,mae,0.6173415184020996
noised_data,246,0,0.85,P,mae,0.6076964139938354
noised_data,247,0,0.85,P,mae,0.6052664518356323
noised_data,240,0,0.95,R,mse,0.8361406326293945
noised_data,241,0,0.95,R,mse,0.6202157139778137
noised_data,242,0,0.95,R,mse,0.885317862033844
noised_data,243,0,0.95,R,mse,0.5507602095603943
noised_data,244,0,0.95,R,mse,0.9791809320449829
noised_data,245,0,0.95,R,mse,0.6403092741966248
noised_data,246,0,0.95,R,mse,0.8041262030601501
noised_data,247,0,0.95,R,mse,0.4478747844696045
noised_data,240,0,0.95,R,mae,0.7511973977088928
noised_data,241,0,0.95,R,mae,0.626152753829956
noised_data,242,0,0.95,R,mae,0.7510010600090027
noised_data,243,0,0.95,R,mae,0.5621131062507629
noised_data,244,0,0.95,R,mae,0.7800099849700928
noised_data,245,0,0.95,R,mae,0.6403776407241821
noised_data,246,0,0.95,R,mae,0.7014915943145752
noised_data,247,0,0.95,R,mae,0.5374712944030762
noised_data,240,0,0.95,P,mse,0.861453115940094
noised_data,241,0,0.95,P,mse,0.6498827934265137
noised_data,242,0,0.95,P,mse,0.8375185132026672
noised_data,243,0,0.95,P,mse,0.5506041049957275
noised_data,244,0,0.95,P,mse,0.8952597379684448
noised_data,245,0,0.95,P,mse,0.6563109159469604
noised_data,246,0,0.95,P,mse,0.8059557676315308
noised_data,247,0,0.95,P,mse,0.4901386797428131
noised_data,240,0,0.95,P,mae,0.7702274918556213
noised_data,241,0,0.95,P,mae,0.6470327377319336
noised_data,242,0,0.95,P,mae,0.7340567111968994
noised_data,243,0,0.95,P,mae,0.5747064352035522
noised_data,244,0,0.95,P,mae,0.7371192574501038
noised_data,245,0,0.95,P,mae,0.6400427222251892
noised_data,246,0,0.95,P,mae,0.6996710896492004
noised_data,247,0,0.95,P,mae,0.563199520111084
noised_data,240,1,0.05,R,mse,0.9011236429214478
noised_data,241,1,0.05,R,mse,1.054007649421692
noised_data,242,1,0.05,R,mse,0.8249599933624268
noised_data,243,1,0.05,R,mse,0.9854276180267334
noised_data,244,1,0.05,R,mse,1.1132572889328003
noised_data,245,1,0.05,R,mse,1.0767345428466797
noised_data,246,1,0.05,R,mse,0.9313098192214966
noised_data,247,1,0.05,R,mse,1.0572872161865234
noised_data,240,1,0.05,R,mae,0.7517459392547607
noised_data,241,1,0.05,R,mae,0.8150997161865234
noised_data,242,1,0.05,R,mae,0.7152862548828125
noised_data,243,1,0.05,R,mae,0.801250696182251
noised_data,244,1,0.05,R,mae,0.8434125781059265
noised_data,245,1,0.05,R,mae,0.8315337896347046
noised_data,246,1,0.05,R,mae,0.7694035768508911
noised_data,247,1,0.05,R,mae,0.8242037892341614
noised_data,240,1,0.05,P,mse,0.84354567527771
noised_data,241,1,0.05,P,mse,1.0218772888183594
noised_data,242,1,0.05,P,mse,0.930080235004425
noised_data,243,1,0.05,P,mse,0.9722040891647339
noised_data,244,1,0.05,P,mse,1.01826810836792
noised_data,245,1,0.05,P,mse,1.0215556621551514
noised_data,246,1,0.05,P,mse,0.8766477704048157
noised_data,247,1,0.05,P,mse,1.0514671802520752
noised_data,240,1,0.05,P,mae,0.7306817770004272
noised_data,241,1,0.05,P,mae,0.8039966821670532
noised_data,242,1,0.05,P,mae,0.7700480222702026
noised_data,243,1,0.05,P,mae,0.7939678430557251
noised_data,244,1,0.05,P,mae,0.8002817034721375
noised_data,245,1,0.05,P,mae,0.8110446929931641
noised_data,246,1,0.05,P,mae,0.7498362064361572
noised_data,247,1,0.05,P,mae,0.8230316638946533
noised_data,240,1,0.15,R,mse,0.6534919738769531
noised_data,241,1,0.15,R,mse,0.9184988141059875
noised_data,242,1,0.15,R,mse,0.5948358774185181
noised_data,243,1,0.15,R,mse,0.8522340059280396
noised_data,244,1,0.15,R,mse,1.081657886505127
noised_data,245,1,0.15,R,mse,0.9484537839889526
noised_data,246,1,0.15,R,mse,0.7799670100212097
noised_data,247,1,0.15,R,mse,1.0738043785095215
noised_data,240,1,0.15,R,mae,0.6364774703979492
noised_data,241,1,0.15,R,mae,0.7590833902359009
noised_data,242,1,0.15,R,mae,0.5978888273239136
noised_data,243,1,0.15,R,mae,0.7398893237113953
noised_data,244,1,0.15,R,mae,0.8290014266967773
noised_data,245,1,0.15,R,mae,0.7724268436431885
noised_data,246,1,0.15,R,mae,0.69893878698349
noised_data,247,1,0.15,R,mae,0.8283489346504211
noised_data,240,1,0.15,P,mse,0.6198948621749878
noised_data,241,1,0.15,P,mse,0.915742039680481
noised_data,242,1,0.15,P,mse,0.6862038373947144
noised_data,243,1,0.15,P,mse,0.8581787347793579
noised_data,244,1,0.15,P,mse,0.9193254113197327
noised_data,245,1,0.15,P,mse,0.922221302986145
noised_data,246,1,0.15,P,mse,0.6973307728767395
noised_data,247,1,0.15,P,mse,1.0535496473312378
noised_data,240,1,0.15,P,mae,0.6165305376052856
noised_data,241,1,0.15,P,mae,0.7540409564971924
noised_data,242,1,0.15,P,mae,0.6480458378791809
noised_data,243,1,0.15,P,mae,0.7406535744667053
noised_data,244,1,0.15,P,mae,0.7578847408294678
noised_data,245,1,0.15,P,mae,0.7591217160224915
noised_data,246,1,0.15,P,mae,0.6632757782936096
noised_data,247,1,0.15,P,mae,0.8290188908576965
noised_data,240,1,0.3,R,mse,0.4715644419193268
noised_data,241,1,0.3,R,mse,0.8672791719436646
noised_data,242,1,0.3,R,mse,0.4445326626300812
noised_data,243,1,0.3,R,mse,0.7826130390167236
noised_data,244,1,0.3,R,mse,0.9597322940826416
noised_data,245,1,0.3,R,mse,0.7967873215675354
noised_data,246,1,0.3,R,mse,0.6518046855926514
noised_data,247,1,0.3,R,mse,1.0496855974197388
noised_data,240,1,0.3,R,mae,0.5298514366149902
noised_data,241,1,0.3,R,mae,0.7340656518936157
noised_data,242,1,0.3,R,mae,0.5061396360397339
noised_data,243,1,0.3,R,mae,0.6956029534339905
noised_data,244,1,0.3,R,mae,0.7715181112289429
noised_data,245,1,0.3,R,mae,0.7016023397445679
noised_data,246,1,0.3,R,mae,0.6305570602416992
noised_data,247,1,0.3,R,mae,0.8130818605422974
noised_data,240,1,0.3,P,mse,0.4845733046531677
noised_data,241,1,0.3,P,mse,0.8633741736412048
noised_data,242,1,0.3,P,mse,0.5587062835693359
noised_data,243,1,0.3,P,mse,0.7590233683586121
noised_data,244,1,0.3,P,mse,0.8324676752090454
noised_data,245,1,0.3,P,mse,0.8384994268417358
noised_data,246,1,0.3,P,mse,0.5742309093475342
noised_data,247,1,0.3,P,mse,1.0436550378799438
noised_data,240,1,0.3,P,mae,0.5348436832427979
noised_data,241,1,0.3,P,mae,0.7242603302001953
noised_data,242,1,0.3,P,mae,0.5707448720932007
noised_data,243,1,0.3,P,mae,0.6848235130310059
noised_data,244,1,0.3,P,mae,0.713188886642456
noised_data,245,1,0.3,P,mae,0.7157936096191406
noised_data,246,1,0.3,P,mae,0.5900644063949585
noised_data,247,1,0.3,P,mae,0.814699649810791
noised_data,240,1,0.5,R,mse,0.4215954542160034
noised_data,241,1,0.5,R,mse,0.901158332824707
noised_data,242,1,0.5,R,mse,0.41048985719680786
noised_data,243,1,0.5,R,mse,0.8321632146835327
noised_data,244,1,0.5,R,mse,0.8036697506904602
noised_data,245,1,0.5,R,mse,0.7732332348823547
noised_data,246,1,0.5,R,mse,0.5646550059318542
noised_data,247,1,0.5,R,mse,0.8936688899993896
noised_data,240,1,0.5,R,mae,0.4793797731399536
noised_data,241,1,0.5,R,mae,0.7435367107391357
noised_data,242,1,0.5,R,mae,0.4768438935279846
noised_data,243,1,0.5,R,mae,0.7043434381484985
noised_data,244,1,0.5,R,mae,0.7003380060195923
noised_data,245,1,0.5,R,mae,0.6773900985717773
noised_data,246,1,0.5,R,mae,0.5753804445266724
noised_data,247,1,0.5,R,mae,0.7531967759132385
noised_data,240,1,0.5,P,mse,0.47570568323135376
noised_data,241,1,0.5,P,mse,0.909530758857727
noised_data,242,1,0.5,P,mse,0.5288744568824768
noised_data,243,1,0.5,P,mse,0.7973310947418213
noised_data,244,1,0.5,P,mse,0.7344422340393066
noised_data,245,1,0.5,P,mse,0.7549105882644653
noised_data,246,1,0.5,P,mse,0.5203524827957153
noised_data,247,1,0.5,P,mse,0.8910341262817383
noised_data,240,1,0.5,P,mae,0.5026675462722778
noised_data,241,1,0.5,P,mae,0.7600172162055969
noised_data,242,1,0.5,P,mae,0.5362547039985657
noised_data,243,1,0.5,P,mae,0.6914421319961548
noised_data,244,1,0.5,P,mae,0.6656167507171631
noised_data,245,1,0.5,P,mae,0.6711363792419434
noised_data,246,1,0.5,P,mae,0.5512760877609253
noised_data,247,1,0.5,P,mae,0.753527820110321
noised_data,240,1,0.7,R,mse,0.4587933421134949
noised_data,241,1,0.7,R,mse,0.7801538705825806
noised_data,242,1,0.7,R,mse,0.4166986346244812
noised_data,243,1,0.7,R,mse,0.737994909286499
noised_data,244,1,0.7,R,mse,0.7387539148330688
noised_data,245,1,0.7,R,mse,0.7422857284545898
noised_data,246,1,0.7,R,mse,0.6585400700569153
noised_data,247,1,0.7,R,mse,0.6649787425994873
noised_data,240,1,0.7,R,mae,0.48836439847946167
noised_data,241,1,0.7,R,mae,0.6968496441841125
noised_data,242,1,0.7,R,mae,0.48460501432418823
noised_data,243,1,0.7,R,mae,0.6577363014221191
noised_data,244,1,0.7,R,mae,0.6631690263748169
noised_data,245,1,0.7,R,mae,0.6543314456939697
noised_data,246,1,0.7,R,mae,0.6064143776893616
noised_data,247,1,0.7,R,mae,0.6525650024414062
noised_data,240,1,0.7,P,mse,0.4510182738304138
noised_data,241,1,0.7,P,mse,0.7621287703514099
noised_data,242,1,0.7,P,mse,0.5031830072402954
noised_data,243,1,0.7,P,mse,0.7539796233177185
noised_data,244,1,0.7,P,mse,0.7305400967597961
noised_data,245,1,0.7,P,mse,0.7472987174987793
noised_data,246,1,0.7,P,mse,0.6144449710845947
noised_data,247,1,0.7,P,mse,0.6782457232475281
noised_data,240,1,0.7,P,mae,0.48074835538864136
noised_data,241,1,0.7,P,mae,0.7010567784309387
noised_data,242,1,0.7,P,mae,0.5319811105728149
noised_data,243,1,0.7,P,mae,0.6685654520988464
noised_data,244,1,0.7,P,mae,0.6568736433982849
noised_data,245,1,0.7,P,mae,0.6680251359939575
noised_data,246,1,0.7,P,mae,0.5709798336029053
noised_data,247,1,0.7,P,mae,0.6608439683914185
noised_data,240,1,0.85,R,mse,0.5632109045982361
noised_data,241,1,0.85,R,mse,0.6532971858978271
noised_data,242,1,0.85,R,mse,0.5450676083564758
noised_data,243,1,0.85,R,mse,0.6160955429077148
noised_data,244,1,0.85,R,mse,0.7659013271331787
noised_data,245,1,0.85,R,mse,0.625468373298645
noised_data,246,1,0.85,R,mse,0.6481186151504517
noised_data,247,1,0.85,R,mse,0.5420958995819092
noised_data,240,1,0.85,R,mae,0.5583400726318359
noised_data,241,1,0.85,R,mae,0.6425044536590576
noised_data,242,1,0.85,R,mae,0.5858156085014343
noised_data,243,1,0.85,R,mae,0.6024722456932068
noised_data,244,1,0.85,R,mae,0.6680122017860413
noised_data,245,1,0.85,R,mae,0.6028152108192444
noised_data,246,1,0.85,R,mae,0.6038613319396973
noised_data,247,1,0.85,R,mae,0.5889763236045837
noised_data,240,1,0.85,P,mse,0.4674048125743866
noised_data,241,1,0.85,P,mse,0.6294015645980835
noised_data,242,1,0.85,P,mse,0.6239501237869263
noised_data,243,1,0.85,P,mse,0.6636624932289124
noised_data,244,1,0.85,P,mse,0.7842198610305786
noised_data,245,1,0.85,P,mse,0.6275561451911926
noised_data,246,1,0.85,P,mse,0.6779115200042725
noised_data,247,1,0.85,P,mse,0.542565107345581
noised_data,240,1,0.85,P,mae,0.5200644731521606
noised_data,241,1,0.85,P,mae,0.6379068493843079
noised_data,242,1,0.85,P,mae,0.6204051375389099
noised_data,243,1,0.85,P,mae,0.6241536140441895
noised_data,244,1,0.85,P,mae,0.6803350448608398
noised_data,245,1,0.85,P,mae,0.6194761395454407
noised_data,246,1,0.85,P,mae,0.609025239944458
noised_data,247,1,0.85,P,mae,0.5952613353729248
noised_data,240,1,0.95,R,mse,0.8984896540641785
noised_data,241,1,0.95,R,mse,0.6362779140472412
noised_data,242,1,0.95,R,mse,0.851179838180542
noised_data,243,1,0.95,R,mse,0.5289978384971619
noised_data,244,1,0.95,R,mse,0.9439111948013306
noised_data,245,1,0.95,R,mse,0.6487685441970825
noised_data,246,1,0.95,R,mse,0.7968877553939819
noised_data,247,1,0.95,R,mse,0.47359180450439453
noised_data,240,1,0.95,R,mae,0.7760546207427979
noised_data,241,1,0.95,R,mae,0.6343957185745239
noised_data,242,1,0.95,R,mae,0.7373676896095276
noised_data,243,1,0.95,R,mae,0.5581592917442322
noised_data,244,1,0.95,R,mae,0.7590774297714233
noised_data,245,1,0.95,R,mae,0.6403229832649231
noised_data,246,1,0.95,R,mae,0.6980077028274536
noised_data,247,1,0.95,R,mae,0.5503128170967102
noised_data,240,1,0.95,P,mse,0.800973653793335
noised_data,241,1,0.95,P,mse,0.6320880651473999
noised_data,242,1,0.95,P,mse,0.8732240200042725
noised_data,243,1,0.95,P,mse,0.5724989771842957
noised_data,244,1,0.95,P,mse,0.9310250282287598
noised_data,245,1,0.95,P,mse,0.649993360042572
noised_data,246,1,0.95,P,mse,0.8073176145553589
noised_data,247,1,0.95,P,mse,0.4647049903869629
noised_data,240,1,0.95,P,mae,0.7463089227676392
noised_data,241,1,0.95,P,mae,0.6378223896026611
noised_data,242,1,0.95,P,mae,0.7477917671203613
noised_data,243,1,0.95,P,mae,0.578542172908783
noised_data,244,1,0.95,P,mae,0.7583932280540466
noised_data,245,1,0.95,P,mae,0.6415880918502808
noised_data,246,1,0.95,P,mae,0.7001481652259827
noised_data,247,1,0.95,P,mae,0.5506446361541748
noised_data,248,0,0.05,R,mse,1.0389304161071777
noised_data,249,0,0.05,R,mse,0.971278965473175
noised_data,250,0,0.05,R,mse,1.1074283123016357
noised_data,251,0,0.05,R,mse,1.042510986328125
noised_data,252,0,0.05,R,mse,1.025264024734497
noised_data,253,0,0.05,R,mse,0.999031662940979
noised_data,254,0,0.05,R,mse,0.9271589517593384
noised_data,255,0,0.05,R,mse,0.8994441032409668
noised_data,248,0,0.05,R,mae,0.8209853768348694
noised_data,249,0,0.05,R,mae,0.7886903285980225
noised_data,250,0,0.05,R,mae,0.8395898342132568
noised_data,251,0,0.05,R,mae,0.817069947719574
noised_data,252,0,0.05,R,mae,0.7966697216033936
noised_data,253,0,0.05,R,mae,0.7963871955871582
noised_data,254,0,0.05,R,mae,0.7573732137680054
noised_data,255,0,0.05,R,mae,0.7568525075912476
noised_data,248,0,0.05,P,mse,1.0248303413391113
noised_data,249,0,0.05,P,mse,0.9212327599525452
noised_data,250,0,0.05,P,mse,1.0444724559783936
noised_data,251,0,0.05,P,mse,1.0018926858901978
noised_data,252,0,0.05,P,mse,1.1070435047149658
noised_data,253,0,0.05,P,mse,0.9150687456130981
noised_data,254,0,0.05,P,mse,1.0103721618652344
noised_data,255,0,0.05,P,mse,0.9106420278549194
noised_data,248,0,0.05,P,mae,0.8088868260383606
noised_data,249,0,0.05,P,mae,0.7565083503723145
noised_data,250,0,0.05,P,mae,0.8216480016708374
noised_data,251,0,0.05,P,mae,0.806580662727356
noised_data,252,0,0.05,P,mae,0.8376394510269165
noised_data,253,0,0.05,P,mae,0.7575287222862244
noised_data,254,0,0.05,P,mae,0.8019323348999023
noised_data,255,0,0.05,P,mae,0.7598222494125366
noised_data,248,0,0.15,R,mse,0.9234112501144409
noised_data,249,0,0.15,R,mse,0.8104807138442993
noised_data,250,0,0.15,R,mse,1.03413987159729
noised_data,251,0,0.15,R,mse,0.9360040426254272
noised_data,252,0,0.15,R,mse,0.9528540372848511
noised_data,253,0,0.15,R,mse,0.8588994145393372
noised_data,254,0,0.15,R,mse,0.7801432609558105
noised_data,255,0,0.15,R,mse,0.7632495164871216
noised_data,248,0,0.15,R,mae,0.7775375843048096
noised_data,249,0,0.15,R,mae,0.7210254669189453
noised_data,250,0,0.15,R,mae,0.8067551851272583
noised_data,251,0,0.15,R,mae,0.7651765942573547
noised_data,252,0,0.15,R,mae,0.7686064839363098
noised_data,253,0,0.15,R,mae,0.7310988903045654
noised_data,254,0,0.15,R,mae,0.6901442408561707
noised_data,255,0,0.15,R,mae,0.6877486705780029
noised_data,248,0,0.15,P,mse,0.9178892374038696
noised_data,249,0,0.15,P,mse,0.7711865305900574
noised_data,250,0,0.15,P,mse,0.9864920377731323
noised_data,251,0,0.15,P,mse,0.9259747266769409
noised_data,252,0,0.15,P,mse,1.011282205581665
noised_data,253,0,0.15,P,mse,0.716093897819519
noised_data,254,0,0.15,P,mse,0.8898199796676636
noised_data,255,0,0.15,P,mse,0.7282741665840149
noised_data,248,0,0.15,P,mae,0.7629130482673645
noised_data,249,0,0.15,P,mae,0.6873902082443237
noised_data,250,0,0.15,P,mae,0.7924168109893799
noised_data,251,0,0.15,P,mae,0.7683020830154419
noised_data,252,0,0.15,P,mae,0.7934574484825134
noised_data,253,0,0.15,P,mae,0.6682505011558533
noised_data,254,0,0.15,P,mae,0.7440948486328125
noised_data,255,0,0.15,P,mae,0.661281943321228
noised_data,248,0,0.3,R,mse,0.8275449275970459
noised_data,249,0,0.3,R,mse,0.6955657601356506
noised_data,250,0,0.3,R,mse,0.9458482265472412
noised_data,251,0,0.3,R,mse,0.8041553497314453
noised_data,252,0,0.3,R,mse,0.9353662729263306
noised_data,253,0,0.3,R,mse,0.7301285266876221
noised_data,254,0,0.3,R,mse,0.7301698327064514
noised_data,255,0,0.3,R,mse,0.6920610070228577
noised_data,248,0,0.3,R,mae,0.7251038551330566
noised_data,249,0,0.3,R,mae,0.6626410484313965
noised_data,250,0,0.3,R,mae,0.7670910358428955
noised_data,251,0,0.3,R,mae,0.70909583568573
noised_data,252,0,0.3,R,mae,0.7550365924835205
noised_data,253,0,0.3,R,mae,0.6624119281768799
noised_data,254,0,0.3,R,mae,0.6582345962524414
noised_data,255,0,0.3,R,mae,0.6521817445755005
noised_data,248,0,0.3,P,mse,0.8526458740234375
noised_data,249,0,0.3,P,mse,0.6966625452041626
noised_data,250,0,0.3,P,mse,0.9225861430168152
noised_data,251,0,0.3,P,mse,0.8204598426818848
noised_data,252,0,0.3,P,mse,0.9476338028907776
noised_data,253,0,0.3,P,mse,0.5887286067008972
noised_data,254,0,0.3,P,mse,0.8277561664581299
noised_data,255,0,0.3,P,mse,0.6752684712409973
noised_data,248,0,0.3,P,mae,0.7270574569702148
noised_data,249,0,0.3,P,mae,0.6471750140190125
noised_data,250,0,0.3,P,mae,0.7654670476913452
noised_data,251,0,0.3,P,mae,0.7081731557846069
noised_data,252,0,0.3,P,mae,0.7617268562316895
noised_data,253,0,0.3,P,mae,0.6024004817008972
noised_data,254,0,0.3,P,mae,0.7045615315437317
noised_data,255,0,0.3,P,mae,0.6240905523300171
noised_data,248,0,0.5,R,mse,0.813636839389801
noised_data,249,0,0.5,R,mse,0.6607003211975098
noised_data,250,0,0.5,R,mse,0.8869436979293823
noised_data,251,0,0.5,R,mse,0.6964954137802124
noised_data,252,0,0.5,R,mse,0.9062907099723816
noised_data,253,0,0.5,R,mse,0.6754381656646729
noised_data,254,0,0.5,R,mse,0.7871067523956299
noised_data,255,0,0.5,R,mse,0.6921488046646118
noised_data,248,0,0.5,R,mae,0.7032696008682251
noised_data,249,0,0.5,R,mae,0.633741021156311
noised_data,250,0,0.5,R,mae,0.7378089427947998
noised_data,251,0,0.5,R,mae,0.6517326831817627
noised_data,252,0,0.5,R,mae,0.744505763053894
noised_data,253,0,0.5,R,mae,0.6115627288818359
noised_data,254,0,0.5,R,mae,0.6864948272705078
noised_data,255,0,0.5,R,mae,0.6383053660392761
noised_data,248,0,0.5,P,mse,0.7863408923149109
noised_data,249,0,0.5,P,mse,0.7007932662963867
noised_data,250,0,0.5,P,mse,0.8954907655715942
noised_data,251,0,0.5,P,mse,0.7466890215873718
noised_data,252,0,0.5,P,mse,0.9414540529251099
noised_data,253,0,0.5,P,mse,0.5960358381271362
noised_data,254,0,0.5,P,mse,0.849754810333252
noised_data,255,0,0.5,P,mse,0.618353009223938
noised_data,248,0,0.5,P,mae,0.689827561378479
noised_data,249,0,0.5,P,mae,0.6465826034545898
noised_data,250,0,0.5,P,mae,0.7430615425109863
noised_data,251,0,0.5,P,mae,0.6693422794342041
noised_data,252,0,0.5,P,mae,0.7576587200164795
noised_data,253,0,0.5,P,mae,0.5903596878051758
noised_data,254,0,0.5,P,mae,0.7076609134674072
noised_data,255,0,0.5,P,mae,0.5936179757118225
noised_data,248,0,0.7,R,mse,0.7019792795181274
noised_data,249,0,0.7,R,mse,0.633323073387146
noised_data,250,0,0.7,R,mse,0.7071467638015747
noised_data,251,0,0.7,R,mse,0.5396549105644226
noised_data,252,0,0.7,R,mse,0.7598018646240234
noised_data,253,0,0.7,R,mse,0.594256579875946
noised_data,254,0,0.7,R,mse,0.7787882089614868
noised_data,255,0,0.7,R,mse,0.6663146615028381
noised_data,248,0,0.7,R,mae,0.6649726629257202
noised_data,249,0,0.7,R,mae,0.6241240501403809
noised_data,250,0,0.7,R,mae,0.6625553369522095
noised_data,251,0,0.7,R,mae,0.5772269368171692
noised_data,252,0,0.7,R,mae,0.6842058897018433
noised_data,253,0,0.7,R,mae,0.5815638303756714
noised_data,254,0,0.7,R,mae,0.6922118663787842
noised_data,255,0,0.7,R,mae,0.6192291975021362
noised_data,248,0,0.7,P,mse,0.6445260643959045
noised_data,249,0,0.7,P,mse,0.6815700531005859
noised_data,250,0,0.7,P,mse,0.7232901453971863
noised_data,251,0,0.7,P,mse,0.6111248135566711
noised_data,252,0,0.7,P,mse,0.8083330392837524
noised_data,253,0,0.7,P,mse,0.6541630625724792
noised_data,254,0,0.7,P,mse,0.7596650123596191
noised_data,255,0,0.7,P,mse,0.5732332468032837
noised_data,248,0,0.7,P,mae,0.6352526545524597
noised_data,249,0,0.7,P,mae,0.6363716721534729
noised_data,250,0,0.7,P,mae,0.6725503206253052
noised_data,251,0,0.7,P,mae,0.6034281253814697
noised_data,252,0,0.7,P,mae,0.7006423473358154
noised_data,253,0,0.7,P,mae,0.5998694896697998
noised_data,254,0,0.7,P,mae,0.68270343542099
noised_data,255,0,0.7,P,mae,0.5759193301200867
noised_data,248,0,0.85,R,mse,0.6658473014831543
noised_data,249,0,0.85,R,mse,0.6694595813751221
noised_data,250,0,0.85,R,mse,0.6238958239555359
noised_data,251,0,0.85,R,mse,0.4861241281032562
noised_data,252,0,0.85,R,mse,0.6082960367202759
noised_data,253,0,0.85,R,mse,0.66796875
noised_data,254,0,0.85,R,mse,0.6537455916404724
noised_data,255,0,0.85,R,mse,0.6219587922096252
noised_data,248,0,0.85,R,mae,0.6535457968711853
noised_data,249,0,0.85,R,mae,0.6451208591461182
noised_data,250,0,0.85,R,mae,0.6317821741104126
noised_data,251,0,0.85,R,mae,0.5492987632751465
noised_data,252,0,0.85,R,mae,0.6200379729270935
noised_data,253,0,0.85,R,mae,0.6337764263153076
noised_data,254,0,0.85,R,mae,0.6413898468017578
noised_data,255,0,0.85,R,mae,0.6183896064758301
noised_data,248,0,0.85,P,mse,0.6167689561843872
noised_data,249,0,0.85,P,mse,0.7312716245651245
noised_data,250,0,0.85,P,mse,0.6749792098999023
noised_data,251,0,0.85,P,mse,0.5360897183418274
noised_data,252,0,0.85,P,mse,0.6749524474143982
noised_data,253,0,0.85,P,mse,0.7008640766143799
noised_data,254,0,0.85,P,mse,0.6272568106651306
noised_data,255,0,0.85,P,mse,0.5153036117553711
noised_data,248,0,0.85,P,mae,0.630445122718811
noised_data,249,0,0.85,P,mae,0.6573657989501953
noised_data,250,0,0.85,P,mae,0.6493279337882996
noised_data,251,0,0.85,P,mae,0.5730405449867249
noised_data,252,0,0.85,P,mae,0.6420050859451294
noised_data,253,0,0.85,P,mae,0.650958240032196
noised_data,254,0,0.85,P,mae,0.6262010335922241
noised_data,255,0,0.85,P,mae,0.5619106292724609
noised_data,248,0,0.95,R,mse,0.6278582215309143
noised_data,249,0,0.95,R,mse,0.737385630607605
noised_data,250,0,0.95,R,mse,0.60164475440979
noised_data,251,0,0.95,R,mse,0.42747175693511963
noised_data,252,0,0.95,R,mse,0.5591088533401489
noised_data,253,0,0.95,R,mse,0.6952749490737915
noised_data,254,0,0.95,R,mse,0.5744144916534424
noised_data,255,0,0.95,R,mse,0.6881564259529114
noised_data,248,0,0.95,R,mae,0.6394020915031433
noised_data,249,0,0.95,R,mae,0.6882814168930054
noised_data,250,0,0.95,R,mae,0.6170046329498291
noised_data,251,0,0.95,R,mae,0.5171054601669312
noised_data,252,0,0.95,R,mae,0.5973994731903076
noised_data,253,0,0.95,R,mae,0.6717614531517029
noised_data,254,0,0.95,R,mae,0.6067244410514832
noised_data,255,0,0.95,R,mae,0.6748285889625549
noised_data,248,0,0.95,P,mse,0.6041207313537598
noised_data,249,0,0.95,P,mse,0.8298717141151428
noised_data,250,0,0.95,P,mse,0.6565976142883301
noised_data,251,0,0.95,P,mse,0.4673819839954376
noised_data,252,0,0.95,P,mse,0.6100618243217468
noised_data,253,0,0.95,P,mse,0.7105205059051514
noised_data,254,0,0.95,P,mse,0.5429688096046448
noised_data,255,0,0.95,P,mse,0.622264564037323
noised_data,248,0,0.95,P,mae,0.6291196346282959
noised_data,249,0,0.95,P,mae,0.7193529605865479
noised_data,250,0,0.95,P,mae,0.6380348205566406
noised_data,251,0,0.95,P,mae,0.5374084711074829
noised_data,252,0,0.95,P,mae,0.614906907081604
noised_data,253,0,0.95,P,mae,0.6754970550537109
noised_data,254,0,0.95,P,mae,0.5842018127441406
noised_data,255,0,0.95,P,mae,0.6361052989959717
noised_data,248,1,0.05,R,mse,1.0397882461547852
noised_data,249,1,0.05,R,mse,0.9628742933273315
noised_data,250,1,0.05,R,mse,1.0594555139541626
noised_data,251,1,0.05,R,mse,1.0082004070281982
noised_data,252,1,0.05,R,mse,1.0891969203948975
noised_data,253,1,0.05,R,mse,0.9797613620758057
noised_data,254,1,0.05,R,mse,0.954994797706604
noised_data,255,1,0.05,R,mse,0.8997502326965332
noised_data,248,1,0.05,R,mae,0.8214435577392578
noised_data,249,1,0.05,R,mae,0.7741398811340332
noised_data,250,1,0.05,R,mae,0.8270759582519531
noised_data,251,1,0.05,R,mae,0.8105840682983398
noised_data,252,1,0.05,R,mae,0.8265299797058105
noised_data,253,1,0.05,R,mae,0.7881439924240112
noised_data,254,1,0.05,R,mae,0.7776440382003784
noised_data,255,1,0.05,R,mae,0.7608115673065186
noised_data,248,1,0.05,P,mse,1.0190112590789795
noised_data,249,1,0.05,P,mse,0.9328964948654175
noised_data,250,1,0.05,P,mse,1.0968878269195557
noised_data,251,1,0.05,P,mse,1.033785104751587
noised_data,252,1,0.05,P,mse,1.0482126474380493
noised_data,253,1,0.05,P,mse,0.9363420009613037
noised_data,254,1,0.05,P,mse,0.9868779182434082
noised_data,255,1,0.05,P,mse,0.9092137813568115
noised_data,248,1,0.05,P,mae,0.8077865839004517
noised_data,249,1,0.05,P,mae,0.7721133828163147
noised_data,250,1,0.05,P,mae,0.8356540203094482
noised_data,251,1,0.05,P,mae,0.8130888342857361
noised_data,252,1,0.05,P,mae,0.8099737167358398
noised_data,253,1,0.05,P,mae,0.7658822536468506
noised_data,254,1,0.05,P,mae,0.7843472957611084
noised_data,255,1,0.05,P,mae,0.7523568868637085
noised_data,248,1,0.15,R,mse,0.9484045505523682
noised_data,249,1,0.15,R,mse,0.7845793962478638
noised_data,250,1,0.15,R,mse,1.0101611614227295
noised_data,251,1,0.15,R,mse,0.9204400777816772
noised_data,252,1,0.15,R,mse,0.9815437197685242
noised_data,253,1,0.15,R,mse,0.8162375688552856
noised_data,254,1,0.15,R,mse,0.8526955842971802
noised_data,255,1,0.15,R,mse,0.7454856634140015
noised_data,248,1,0.15,R,mae,0.785480260848999
noised_data,249,1,0.15,R,mae,0.6971365213394165
noised_data,250,1,0.15,R,mae,0.8035714030265808
noised_data,251,1,0.15,R,mae,0.7676064968109131
noised_data,252,1,0.15,R,mae,0.7823759317398071
noised_data,253,1,0.15,R,mae,0.7187744379043579
noised_data,254,1,0.15,R,mae,0.7258924841880798
noised_data,255,1,0.15,R,mae,0.6763039231300354
noised_data,248,1,0.15,P,mse,0.8794069886207581
noised_data,249,1,0.15,P,mse,0.7944779396057129
noised_data,250,1,0.15,P,mse,1.0243773460388184
noised_data,251,1,0.15,P,mse,0.9349989295005798
noised_data,252,1,0.15,P,mse,0.9837995171546936
noised_data,253,1,0.15,P,mse,0.7592971324920654
noised_data,254,1,0.15,P,mse,0.8178011178970337
noised_data,255,1,0.15,P,mse,0.753955066204071
noised_data,248,1,0.15,P,mae,0.7490068078041077
noised_data,249,1,0.15,P,mae,0.7089729309082031
noised_data,250,1,0.15,P,mae,0.8040343523025513
noised_data,251,1,0.15,P,mae,0.7644076347351074
noised_data,252,1,0.15,P,mae,0.7811324000358582
noised_data,253,1,0.15,P,mae,0.6832015514373779
noised_data,254,1,0.15,P,mae,0.7077797055244446
noised_data,255,1,0.15,P,mae,0.6755253076553345
noised_data,248,1,0.3,R,mse,0.8502705693244934
noised_data,249,1,0.3,R,mse,0.693863570690155
noised_data,250,1,0.3,R,mse,0.9362714886665344
noised_data,251,1,0.3,R,mse,0.8145726323127747
noised_data,252,1,0.3,R,mse,0.9189425110816956
noised_data,253,1,0.3,R,mse,0.6973236799240112
noised_data,254,1,0.3,R,mse,0.8415200710296631
noised_data,255,1,0.3,R,mse,0.7018420696258545
noised_data,248,1,0.3,R,mae,0.7341970205307007
noised_data,249,1,0.3,R,mae,0.6493669748306274
noised_data,250,1,0.3,R,mae,0.7669610381126404
noised_data,251,1,0.3,R,mae,0.7150554060935974
noised_data,252,1,0.3,R,mae,0.7518260478973389
noised_data,253,1,0.3,R,mae,0.6527345180511475
noised_data,254,1,0.3,R,mae,0.7063586711883545
noised_data,255,1,0.3,R,mae,0.6501639485359192
noised_data,248,1,0.3,P,mse,0.8111774921417236
noised_data,249,1,0.3,P,mse,0.7019836902618408
noised_data,250,1,0.3,P,mse,0.9416078925132751
noised_data,251,1,0.3,P,mse,0.806816577911377
noised_data,252,1,0.3,P,mse,0.9546694159507751
noised_data,253,1,0.3,P,mse,0.6305322051048279
noised_data,254,1,0.3,P,mse,0.72934889793396
noised_data,255,1,0.3,P,mse,0.6738084554672241
noised_data,248,1,0.3,P,mae,0.7081698179244995
noised_data,249,1,0.3,P,mae,0.6608738899230957
noised_data,250,1,0.3,P,mae,0.7700677514076233
noised_data,251,1,0.3,P,mae,0.7008094787597656
noised_data,252,1,0.3,P,mae,0.7623167037963867
noised_data,253,1,0.3,P,mae,0.617547333240509
noised_data,254,1,0.3,P,mae,0.6575145721435547
noised_data,255,1,0.3,P,mae,0.6291013360023499
noised_data,248,1,0.5,R,mse,0.766939640045166
noised_data,249,1,0.5,R,mse,0.6486445069313049
noised_data,250,1,0.5,R,mse,0.8795605897903442
noised_data,251,1,0.5,R,mse,0.7504690885543823
noised_data,252,1,0.5,R,mse,0.879472017288208
noised_data,253,1,0.5,R,mse,0.6823329925537109
noised_data,254,1,0.5,R,mse,0.8516815900802612
noised_data,255,1,0.5,R,mse,0.7097277641296387
noised_data,248,1,0.5,R,mae,0.6879252195358276
noised_data,249,1,0.5,R,mae,0.6251934766769409
noised_data,250,1,0.5,R,mae,0.7312785983085632
noised_data,251,1,0.5,R,mae,0.6788091063499451
noised_data,252,1,0.5,R,mae,0.732223391532898
noised_data,253,1,0.5,R,mae,0.6245105266571045
noised_data,254,1,0.5,R,mae,0.7076114416122437
noised_data,255,1,0.5,R,mae,0.6365889310836792
noised_data,248,1,0.5,P,mse,0.8337543606758118
noised_data,249,1,0.5,P,mse,0.7101837396621704
noised_data,250,1,0.5,P,mse,0.8988298177719116
noised_data,251,1,0.5,P,mse,0.6904932856559753
noised_data,252,1,0.5,P,mse,0.9554595947265625
noised_data,253,1,0.5,P,mse,0.6048893928527832
noised_data,254,1,0.5,P,mse,0.7765430212020874
noised_data,255,1,0.5,P,mse,0.6070371866226196
noised_data,248,1,0.5,P,mae,0.7062352895736694
noised_data,249,1,0.5,P,mae,0.6536390781402588
noised_data,250,1,0.5,P,mae,0.7473881840705872
noised_data,251,1,0.5,P,mae,0.6409979462623596
noised_data,252,1,0.5,P,mae,0.7676584124565125
noised_data,253,1,0.5,P,mae,0.5848726034164429
noised_data,254,1,0.5,P,mae,0.682685375213623
noised_data,255,1,0.5,P,mae,0.5961686968803406
noised_data,248,1,0.7,R,mse,0.6436774730682373
noised_data,249,1,0.7,R,mse,0.594180703163147
noised_data,250,1,0.7,R,mse,0.7048607468605042
noised_data,251,1,0.7,R,mse,0.5794850587844849
noised_data,252,1,0.7,R,mse,0.7447006702423096
noised_data,253,1,0.7,R,mse,0.6302406787872314
noised_data,254,1,0.7,R,mse,0.7471207976341248
noised_data,255,1,0.7,R,mse,0.6804178953170776
noised_data,248,1,0.7,R,mae,0.6363778114318848
noised_data,249,1,0.7,R,mae,0.6049153208732605
noised_data,250,1,0.7,R,mae,0.6588619947433472
noised_data,251,1,0.7,R,mae,0.6003590226173401
noised_data,252,1,0.7,R,mae,0.6731864809989929
noised_data,253,1,0.7,R,mae,0.5949456691741943
noised_data,254,1,0.7,R,mae,0.6812376379966736
noised_data,255,1,0.7,R,mae,0.6202008724212646
noised_data,248,1,0.7,P,mse,0.7016098499298096
noised_data,249,1,0.7,P,mse,0.6991555690765381
noised_data,250,1,0.7,P,mse,0.7217714190483093
noised_data,251,1,0.7,P,mse,0.5714931488037109
noised_data,252,1,0.7,P,mse,0.8319300413131714
noised_data,253,1,0.7,P,mse,0.6170320510864258
noised_data,254,1,0.7,P,mse,0.7919518947601318
noised_data,255,1,0.7,P,mse,0.5571565628051758
noised_data,248,1,0.7,P,mae,0.6636998057365417
noised_data,249,1,0.7,P,mae,0.6445168256759644
noised_data,250,1,0.7,P,mae,0.6747201681137085
noised_data,251,1,0.7,P,mae,0.5806690454483032
noised_data,252,1,0.7,P,mae,0.714128851890564
noised_data,253,1,0.7,P,mae,0.5875518321990967
noised_data,254,1,0.7,P,mae,0.6941670775413513
noised_data,255,1,0.7,P,mae,0.5723983645439148
noised_data,248,1,0.85,R,mse,0.615242600440979
noised_data,249,1,0.85,R,mse,0.6687084436416626
noised_data,250,1,0.85,R,mse,0.6484373807907104
noised_data,251,1,0.85,R,mse,0.5079998970031738
noised_data,252,1,0.85,R,mse,0.608881950378418
noised_data,253,1,0.85,R,mse,0.6817465424537659
noised_data,254,1,0.85,R,mse,0.618591845035553
noised_data,255,1,0.85,R,mse,0.6147352457046509
noised_data,248,1,0.85,R,mae,0.62767493724823
noised_data,249,1,0.85,R,mae,0.6389007568359375
noised_data,250,1,0.85,R,mae,0.6289688944816589
noised_data,251,1,0.85,R,mae,0.5641282796859741
noised_data,252,1,0.85,R,mae,0.6157408356666565
noised_data,253,1,0.85,R,mae,0.6414443254470825
noised_data,254,1,0.85,R,mae,0.6266647577285767
noised_data,255,1,0.85,R,mae,0.6120336055755615
noised_data,248,1,0.85,P,mse,0.6688815355300903
noised_data,249,1,0.85,P,mse,0.7431644201278687
noised_data,250,1,0.85,P,mse,0.6487393379211426
noised_data,251,1,0.85,P,mse,0.5169545412063599
noised_data,252,1,0.85,P,mse,0.6745067238807678
noised_data,253,1,0.85,P,mse,0.6876213550567627
noised_data,254,1,0.85,P,mse,0.6665232181549072
noised_data,255,1,0.85,P,mse,0.5199301242828369
noised_data,248,1,0.85,P,mae,0.6572719812393188
noised_data,249,1,0.85,P,mae,0.6699247360229492
noised_data,250,1,0.85,P,mae,0.6508505344390869
noised_data,251,1,0.85,P,mae,0.5598400831222534
noised_data,252,1,0.85,P,mae,0.6465834379196167
noised_data,253,1,0.85,P,mae,0.6441076993942261
noised_data,254,1,0.85,P,mae,0.6432774066925049
noised_data,255,1,0.85,P,mae,0.5659170150756836
noised_data,248,1,0.95,R,mse,0.5999535322189331
noised_data,249,1,0.95,R,mse,0.7416766285896301
noised_data,250,1,0.95,R,mse,0.628853440284729
noised_data,251,1,0.95,R,mse,0.44418227672576904
noised_data,252,1,0.95,R,mse,0.5529593229293823
noised_data,253,1,0.95,R,mse,0.6974235773086548
noised_data,254,1,0.95,R,mse,0.5380075573921204
noised_data,255,1,0.95,R,mse,0.6932961940765381
noised_data,248,1,0.95,R,mae,0.6241657733917236
noised_data,249,1,0.95,R,mae,0.6820845603942871
noised_data,250,1,0.95,R,mae,0.6171745657920837
noised_data,251,1,0.95,R,mae,0.5293824076652527
noised_data,252,1,0.95,R,mae,0.5969125628471375
noised_data,253,1,0.95,R,mae,0.6711477041244507
noised_data,254,1,0.95,R,mae,0.5872926115989685
noised_data,255,1,0.95,R,mae,0.6724293231964111
noised_data,248,1,0.95,P,mse,0.634455680847168
noised_data,249,1,0.95,P,mse,0.8292646408081055
noised_data,250,1,0.95,P,mse,0.6283199191093445
noised_data,251,1,0.95,P,mse,0.4491693377494812
noised_data,252,1,0.95,P,mse,0.6121764779090881
noised_data,253,1,0.95,P,mse,0.7092766761779785
noised_data,254,1,0.95,P,mse,0.5837638974189758
noised_data,255,1,0.95,P,mse,0.6231931447982788
noised_data,248,1,0.95,P,mae,0.6461992263793945
noised_data,249,1,0.95,P,mae,0.7274013757705688
noised_data,250,1,0.95,P,mae,0.6370742917060852
noised_data,251,1,0.95,P,mae,0.5239912867546082
noised_data,252,1,0.95,P,mae,0.6136175394058228
noised_data,253,1,0.95,P,mae,0.6765918731689453
noised_data,254,1,0.95,P,mae,0.6063173413276672
noised_data,255,1,0.95,P,mae,0.6411856412887573
