source,field,scope,t,pair_type,metric,mean,ci_low,ci_high,images,total_pairs
generated_trajectory,prediction,adjacent_patches,0.02,P-P,cosine,0.4120492348447442,0.3671352730714716,0.45716784918913617,32,3844
generated_trajectory,prediction,adjacent_patches,0.02,P-P,l1,0.5698730377480388,0.5494359856471419,0.5893031656509266,32,3844
generated_trajectory,prediction,adjacent_patches,0.02,P-P,rmse,0.7508852357454496,0.7263125679740784,0.7720224327503366,32,3844
generated_trajectory,prediction,adjacent_patches,0.02,P-P,squared_l2_mean,0.5681436276063323,0.5337808418553323,0.5978418210987002,32,3844
generated_trajectory,prediction,adjacent_patches,0.02,R-P,cosine,0.40731513034552336,0.3646761857206002,0.4515213597565889,32,7694
generated_trajectory,prediction,adjacent_patches,0.02,R-P,l1,0.5748855462297797,0.5544898001477122,0.5933161061489954,32,7694
generated_trajectory,prediction,adjacent_patches,0.02,R-P,rmse,0.7613814324204985,0.7414403066921086,0.7802892930704115,32,7694
generated_trajectory,prediction,adjacent_patches,0.02,R-P,squared_l2_mean,0.5827110493555665,0.5535328750498593,0.6124989358475431,32,7694
generated_trajectory,prediction,adjacent_patches,0.02,R-R,cosine,0.41732974722981453,0.37456443198025224,0.46325215955730525,32,3822
generated_trajectory,prediction,adjacent_patches,0.02,R-R,l1,0.5663634650409222,0.5435036109760404,0.5876858646981418,32,3822
generated_trajectory,prediction,adjacent_patches,0.02,R-R,rmse,0.7479903626648368,0.7212325300174408,0.7731541889098978,32,3822
generated_trajectory,prediction,adjacent_patches,0.02,R-R,squared_l2_mean,0.5653755972161889,0.527772426395677,0.6011967001948505,32,3822
generated_trajectory,prediction,adjacent_patches,0.26,P-P,cosine,0.26910029305145144,0.24133980311453343,0.300910407572519,32,3844
generated_trajectory,prediction,adjacent_patches,0.26,P-P,l1,0.7447803020477295,0.717056647175923,0.7713764448650181,32,3844
generated_trajectory,prediction,adjacent_patches,0.26,P-P,rmse,0.9457865483920693,0.9126931491967435,0.9817865189674051,32,3844
generated_trajectory,prediction,adjacent_patches,0.26,P-P,squared_l2_mean,0.9042505864053965,0.8391082206275314,0.9701814697589725,32,3844
generated_trajectory,prediction,adjacent_patches,0.26,R-P,cosine,0.26870707096531987,0.24531421239953488,0.2945063831284642,32,7694
generated_trajectory,prediction,adjacent_patches,0.26,R-P,l1,0.7493472248315811,0.7228525680024177,0.7749722872395068,32,7694
generated_trajectory,prediction,adjacent_patches,0.26,R-P,rmse,0.9539883086758054,0.9227441028336884,0.9864860247332136,32,7694
generated_trajectory,prediction,adjacent_patches,0.26,R-P,squared_l2_mean,0.9192498400807381,0.8559908702969551,0.9819805621169507,32,7694
generated_trajectory,prediction,adjacent_patches,0.26,R-R,cosine,0.26991053903475404,0.24222502633929252,0.29921785434708,32,3822
generated_trajectory,prediction,adjacent_patches,0.26,R-R,l1,0.7433911506086588,0.7157151469495148,0.7686704104300588,32,3822
generated_trajectory,prediction,adjacent_patches,0.26,R-R,rmse,0.9467328042071765,0.914627954427972,0.9797944708144596,32,3822
generated_trajectory,prediction,adjacent_patches,0.26,R-R,squared_l2_mean,0.9051165245473385,0.8449259080924094,0.9710057797376065,32,3822
generated_trajectory,prediction,adjacent_patches,0.5,P-P,cosine,0.19563564751297235,0.16953633950906805,0.22454776697559278,32,3844
generated_trajectory,prediction,adjacent_patches,0.5,P-P,l1,0.8495520688593388,0.8270610513631255,0.8717394972685725,32,3844
generated_trajectory,prediction,adjacent_patches,0.5,P-P,rmse,1.0712731176662753,1.0394107190959463,1.100523882430116,32,3844
generated_trajectory,prediction,adjacent_patches,0.5,P-P,squared_l2_mean,1.1549994610249996,1.0928407256491481,1.2235954686067998,32,3844
generated_trajectory,prediction,adjacent_patches,0.5,R-P,cosine,0.19129370874725282,0.1683528565452434,0.21674269105424174,32,7694
generated_trajectory,prediction,adjacent_patches,0.5,R-P,l1,0.8536156546324492,0.831388171389699,0.8764762996230274,32,7694
generated_trajectory,prediction,adjacent_patches,0.5,R-P,rmse,1.0779264544013318,1.048593745811254,1.109045804840187,32,7694
generated_trajectory,prediction,adjacent_patches,0.5,R-P,squared_l2_mean,1.1691528372466564,1.1073778462130577,1.233089500805363,32,7694
generated_trajectory,prediction,adjacent_patches,0.5,R-R,cosine,0.19305705872830003,0.1656376720056869,0.2198181727901101,32,3822
generated_trajectory,prediction,adjacent_patches,0.5,R-R,l1,0.8496559001505375,0.827922637667507,0.8720101494342088,32,3822
generated_trajectory,prediction,adjacent_patches,0.5,R-R,rmse,1.072231113812591,1.0440038479726568,1.1007864767153983,32,3822
generated_trajectory,prediction,adjacent_patches,0.5,R-R,squared_l2_mean,1.1560861133038998,1.094860647013411,1.217098725726828,32,3822
generated_trajectory,prediction,adjacent_patches,0.76,P-P,cosine,0.11063744774583029,0.08517136296140962,0.13854753848336257,32,3844
generated_trajectory,prediction,adjacent_patches,0.76,P-P,l1,1.0084374193102121,0.9980960397049785,1.0191733981948345,32,3844
generated_trajectory,prediction,adjacent_patches,0.76,P-P,rmse,1.2628139338100115,1.250794264431542,1.275777419827144,32,3844
generated_trajectory,prediction,adjacent_patches,0.76,P-P,squared_l2_mean,1.5960707478225231,1.5644926767796279,1.6292585296556354,32,3844
generated_trajectory,prediction,adjacent_patches,0.76,R-P,cosine,0.10633886547293514,0.08378461038228124,0.1326413991220761,32,7694
generated_trajectory,prediction,adjacent_patches,0.76,R-P,l1,1.0087044537067413,1.0007288605906068,1.0173110400792211,32,7694
generated_trajectory,prediction,adjacent_patches,0.76,R-P,rmse,1.2655562162301435,1.2545546659045654,1.2767700137733464,32,7694
generated_trajectory,prediction,adjacent_patches,0.76,R-P,squared_l2_mean,1.6026937030255795,1.5743996614590288,1.6316302918829024,32,7694
generated_trajectory,prediction,adjacent_patches,0.76,R-R,cosine,0.11048631951052812,0.08453981573056808,0.13901099615513884,32,3822
generated_trajectory,prediction,adjacent_patches,0.76,R-R,l1,1.0049102250486612,0.9943915054202079,1.0157306183129549,32,3822
generated_trajectory,prediction,adjacent_patches,0.76,R-R,rmse,1.2584456524746312,1.2461170236431807,1.271695986289176,32,3822
generated_trajectory,prediction,adjacent_patches,0.76,R-R,squared_l2_mean,1.5850948579609394,1.5528874828480184,1.6163327809423207,32,3822
generated_trajectory,prediction,adjacent_patches,0.9,P-P,cosine,0.05964375228950303,0.03984963873232346,0.08233233111590152,32,3844
generated_trajectory,prediction,adjacent_patches,0.9,P-P,l1,1.0880906321108341,1.08142249872908,1.0954843425191938,32,3844
generated_trajectory,prediction,adjacent_patches,0.9,P-P,rmse,1.3618202539892257,1.3535703250327706,1.369926438373499,32,3844
generated_trajectory,prediction,adjacent_patches,0.9,P-P,squared_l2_mean,1.855132844299078,1.834424335323274,1.8782559770159424,32,3844
generated_trajectory,prediction,adjacent_patches,0.9,R-P,cosine,0.05599962264386704,0.03919510435534903,0.07721876167433947,32,7694
generated_trajectory,prediction,adjacent_patches,0.9,R-P,l1,1.0865663662552834,1.0817410791292787,1.0913998536765575,32,7694
generated_trajectory,prediction,adjacent_patches,0.9,R-P,rmse,1.362332246334355,1.3556871568490048,1.3692080927360761,32,7694
generated_trajectory,prediction,adjacent_patches,0.9,R-P,squared_l2_mean,1.8563207387924194,1.8392316631041468,1.874695184081793,32,7694
generated_trajectory,prediction,adjacent_patches,0.9,R-R,cosine,0.05872740216727834,0.037818968089777624,0.08263942653211413,32,3822
generated_trajectory,prediction,adjacent_patches,0.9,R-R,l1,1.083142925053835,1.073724811617285,1.0927651966921985,32,3822
generated_trajectory,prediction,adjacent_patches,0.9,R-R,rmse,1.356012021614481,1.3445392797924554,1.3670082847346345,32,3822
generated_trajectory,prediction,adjacent_patches,0.9,R-R,squared_l2_mean,1.83979432284832,1.808642104268074,1.8690368111245335,32,3822
generated_trajectory,prediction,adjacent_patches,1.0,P-P,cosine,0.03893710942520556,0.024303952039304022,0.05497040440852739,32,3844
generated_trajectory,prediction,adjacent_patches,1.0,P-P,l1,1.1352990679442883,1.1279799709096552,1.1431485533714294,32,3844
generated_trajectory,prediction,adjacent_patches,1.0,P-P,rmse,1.4208823203806398,1.411946819919574,1.429481546491326,32,3844
generated_trajectory,prediction,adjacent_patches,1.0,P-P,squared_l2_mean,2.0195438526570797,1.9947848645038904,2.0445543930865826,32,3844
generated_trajectory,prediction,adjacent_patches,1.0,R-P,cosine,0.034469088350306265,0.022726070747739868,0.04720949294278398,32,7694
generated_trajectory,prediction,adjacent_patches,1.0,R-P,l1,1.133829578757286,1.1292786350473762,1.1383240348659456,32,7694
generated_trajectory,prediction,adjacent_patches,1.0,R-P,rmse,1.4214772845771773,1.4150308334055925,1.4277755600100681,32,7694
generated_trajectory,prediction,adjacent_patches,1.0,R-P,squared_l2_mean,2.020952243357897,2.002401686180383,2.0403429103083908,32,7694
generated_trajectory,prediction,adjacent_patches,1.0,R-R,cosine,0.03874869485866839,0.023451938407146145,0.0548398048859326,32,3822
generated_trajectory,prediction,adjacent_patches,1.0,R-R,l1,1.1298642717301846,1.1202625137753786,1.1393520320765673,32,3822
generated_trajectory,prediction,adjacent_patches,1.0,R-R,rmse,1.4144444418036266,1.4030258710522694,1.4254329832805004,32,3822
generated_trajectory,prediction,adjacent_patches,1.0,R-R,squared_l2_mean,2.0017200708389282,1.969943385757506,2.0322549728676678,32,3822
generated_trajectory,prediction,all_pairs,0.02,P-P,cosine,0.16704742185538635,0.11779012713523115,0.22136130183207567,32,260096
generated_trajectory,prediction,all_pairs,0.02,P-P,l1,0.7064819652587175,0.6799144962802529,0.7329763712827116,32,260096
generated_trajectory,prediction,all_pairs,0.02,P-P,rmse,0.9092007515022642,0.8776650705188914,0.9388276970731859,32,260096
generated_trajectory,prediction,all_pairs,0.02,P-P,squared_l2_mean,0.8340211883187294,0.7819476913660764,0.8912246681284159,32,260096
generated_trajectory,prediction,all_pairs,0.02,R-P,cosine,0.16841550270328298,0.12171191070374335,0.222782716868096,32,524288
generated_trajectory,prediction,all_pairs,0.02,R-P,l1,0.7060418333858252,0.6787674632389098,0.7310761351604015,32,524288
generated_trajectory,prediction,all_pairs,0.02,R-P,rmse,0.9100373998584625,0.8820480031435498,0.9396598007000508,32,524288
generated_trajectory,prediction,all_pairs,0.02,R-P,squared_l2_mean,0.8348609693348408,0.7847686049994081,0.8874875251203775,32,524288
generated_trajectory,prediction,all_pairs,0.02,R-R,cosine,0.16807430033077253,0.1169413775580324,0.2263071365639916,32,260096
generated_trajectory,prediction,all_pairs,0.02,R-R,l1,0.7060095947235823,0.6773481148760766,0.7304002669639885,32,260096
generated_trajectory,prediction,all_pairs,0.02,R-R,rmse,0.9102293639810394,0.8784962157085063,0.9409237046393836,32,260096
generated_trajectory,prediction,all_pairs,0.02,R-R,squared_l2_mean,0.836484988220036,0.7792928849114105,0.8901987516321241,32,260096
generated_trajectory,prediction,all_pairs,0.26,P-P,cosine,0.11282277676218655,0.08220211365442083,0.14611490611423505,32,260096
generated_trajectory,prediction,all_pairs,0.26,P-P,l1,0.841528719291091,0.8106363127473741,0.8734143435489387,32,260096
generated_trajectory,prediction,all_pairs,0.26,P-P,rmse,1.0636257913755403,1.0230201046013025,1.1070658583825355,32,260096
generated_trajectory,prediction,all_pairs,0.26,P-P,squared_l2_mean,1.1450044829398394,1.0587628015317023,1.2301702025346457,32,260096
generated_trajectory,prediction,all_pairs,0.26,R-P,cosine,0.11317372445773799,0.08158684641311993,0.14893536507115637,32,524288
generated_trajectory,prediction,all_pairs,0.26,R-P,l1,0.8396866545081139,0.8094173844438046,0.8687027258332819,32,524288
generated_trajectory,prediction,all_pairs,0.26,R-P,rmse,1.0633490954374947,1.025312463358336,1.1004753631037447,32,524288
generated_trajectory,prediction,all_pairs,0.26,R-P,squared_l2_mean,1.1428526639938354,1.0630339526571333,1.2266333867330104,32,524288
generated_trajectory,prediction,all_pairs,0.26,R-R,cosine,0.11350600884179585,0.08247140701378157,0.15079677953763165,32,260096
generated_trajectory,prediction,all_pairs,0.26,R-R,l1,0.8379834666848183,0.8086956185288727,0.867924535041675,32,260096
generated_trajectory,prediction,all_pairs,0.26,R-R,rmse,1.0623614200972362,1.0237817491133614,1.1008622447825835,32,260096
generated_trajectory,prediction,all_pairs,0.26,R-R,squared_l2_mean,1.1405021455138922,1.0589775152504444,1.220399416750297,32,260096
generated_trajectory,prediction,all_pairs,0.5,P-P,cosine,0.09494098519644467,0.06828937611971923,0.12305871857552113,32,260096
generated_trajectory,prediction,all_pairs,0.5,P-P,l1,0.916490962728858,0.8873832217883318,0.9484425753355026,32,260096
generated_trajectory,prediction,all_pairs,0.5,P-P,rmse,1.154402901045663,1.1186105171080667,1.1925934762042505,32,260096
generated_trajectory,prediction,all_pairs,0.5,P-P,squared_l2_mean,1.3446727935224771,1.2584618856199086,1.4378787979017942,32,260096
generated_trajectory,prediction,all_pairs,0.5,R-P,cosine,0.09360044125060085,0.06986595441740065,0.12198357672314157,32,524288
generated_trajectory,prediction,all_pairs,0.5,R-P,l1,0.9156453758478165,0.8873468555975705,0.9447300325613469,32,524288
generated_trajectory,prediction,all_pairs,0.5,R-P,rmse,1.1541728818044816,1.1171486167990174,1.1916189144522764,32,524288
generated_trajectory,prediction,all_pairs,0.5,R-P,squared_l2_mean,1.3432513121515512,1.2630026900675149,1.4316645708400755,32,524288
generated_trajectory,prediction,all_pairs,0.5,R-R,cosine,0.09324258137712604,0.0678766390941746,0.12252396722960837,32,260096
generated_trajectory,prediction,all_pairs,0.5,R-R,l1,0.9143242090940475,0.8844928100705147,0.9431134208571166,32,260096
generated_trajectory,prediction,all_pairs,0.5,R-R,rmse,1.1529466982439245,1.1188085348788221,1.1906071600050856,32,260096
generated_trajectory,prediction,all_pairs,0.5,R-R,squared_l2_mean,1.3405114132910967,1.258441293425858,1.42984975669533,32,260096
generated_trajectory,prediction,all_pairs,0.76,P-P,cosine,0.07352269089824404,0.050168613459482,0.09956139496061951,32,260096
generated_trajectory,prediction,all_pairs,0.76,P-P,l1,1.033021965995431,1.0172820183914155,1.0491234562825411,32,260096
generated_trajectory,prediction,all_pairs,0.76,P-P,rmse,1.2962487187347387,1.2761076626451153,1.3161657499430326,32,260096
generated_trajectory,prediction,all_pairs,0.76,P-P,squared_l2_mean,1.683718390762806,1.6316936299204827,1.7376201895065604,32,260096
generated_trajectory,prediction,all_pairs,0.76,R-P,cosine,0.07233208160323557,0.05131111530427006,0.09908007371486745,32,524288
generated_trajectory,prediction,all_pairs,0.76,R-P,l1,1.032839773222804,1.0179858482442796,1.047684572963044,32,524288
generated_trajectory,prediction,all_pairs,0.76,R-P,rmse,1.2954962323797914,1.276680546485837,1.3151812040004,32,524288
generated_trajectory,prediction,all_pairs,0.76,R-P,squared_l2_mean,1.6812376752495766,1.633273965679109,1.7317373851314186,32,524288
generated_trajectory,prediction,all_pairs,0.76,R-R,cosine,0.07305156289658044,0.05048852585532586,0.09834300389629787,32,260096
generated_trajectory,prediction,all_pairs,0.76,R-R,l1,1.0318533554673195,1.0174281470943243,1.0480806464329362,32,260096
generated_trajectory,prediction,all_pairs,0.76,R-R,rmse,1.2933669897770363,1.2744244733350982,1.3122959417117863,32,260096
generated_trajectory,prediction,all_pairs,0.76,R-R,squared_l2_mean,1.6756876856088638,1.627749359048903,1.7269554061815142,32,260096
generated_trajectory,prediction,all_pairs,0.9,P-P,cosine,0.05261221076898437,0.034813191907858254,0.07554075328371254,32,260096
generated_trajectory,prediction,all_pairs,0.9,P-P,l1,1.0901506505906582,1.0834679200313986,1.0972331709228456,32,260096
generated_trajectory,prediction,all_pairs,0.9,P-P,rmse,1.3672778836014912,1.3583678946803457,1.3763375289147737,32,260096
generated_trajectory,prediction,all_pairs,0.9,P-P,squared_l2_mean,1.8701393008232117,1.846974029392004,1.894221054855734,32,260096
generated_trajectory,prediction,all_pairs,0.9,R-P,cosine,0.0516762088300311,0.033468618762162804,0.07445798330209072,32,524288
generated_trajectory,prediction,all_pairs,0.9,R-P,l1,1.090031024068594,1.0841986288316547,1.0966847890987992,32,524288
generated_trajectory,prediction,all_pairs,0.9,R-P,rmse,1.3663595022647166,1.3589060956251169,1.3747928125415965,32,524288
generated_trajectory,prediction,all_pairs,0.9,R-P,squared_l2_mean,1.8674333468079567,1.8477037068456412,1.8903180246241391,32,524288
generated_trajectory,prediction,all_pairs,0.9,R-R,cosine,0.05256057563383365,0.035205990359281715,0.07554376953685278,32,260096
generated_trajectory,prediction,all_pairs,0.9,R-R,l1,1.0890298448503017,1.0816124654375017,1.0973211031407117,32,260096
generated_trajectory,prediction,all_pairs,0.9,R-R,rmse,1.363897914587674,1.3542101301318832,1.3730755210239545,32,260096
generated_trajectory,prediction,all_pairs,0.9,R-R,squared_l2_mean,1.8609791100025177,1.8364052372053266,1.887207304406911,32,260096
generated_trajectory,prediction,all_pairs,1.0,P-P,cosine,0.03191677400900517,0.019562895216677135,0.047131071607327595,32,260096
generated_trajectory,prediction,all_pairs,1.0,P-P,l1,1.136905338615179,1.1314041430130601,1.1418021679855883,32,260096
generated_trajectory,prediction,all_pairs,1.0,P-P,rmse,1.4257632431370584,1.418449178667741,1.4327069270069934,32,260096
generated_trajectory,prediction,all_pairs,1.0,P-P,squared_l2_mean,2.033215619623661,2.011894408147782,2.0524961521849034,32,260096
generated_trajectory,prediction,all_pairs,1.0,R-P,cosine,0.030848225271256524,0.01904148058906685,0.04413647652081634,32,524288
generated_trajectory,prediction,all_pairs,1.0,R-P,l1,1.1367146000266075,1.132537381630391,1.1409696746617555,32,524288
generated_trajectory,prediction,all_pairs,1.0,R-P,rmse,1.4249310291828534,1.419870561073187,1.4301753831342916,32,524288
generated_trajectory,prediction,all_pairs,1.0,R-P,squared_l2_mean,2.0306576900184155,2.0154290118254723,2.044903170969337,32,524288
generated_trajectory,prediction,all_pairs,1.0,R-R,cosine,0.031610904962690256,0.019474942508554704,0.04486936217087986,32,260096
generated_trajectory,prediction,all_pairs,1.0,R-R,l1,1.1357900761067867,1.1291630318388344,1.1421822619624435,32,260096
generated_trajectory,prediction,all_pairs,1.0,R-R,rmse,1.422416474367171,1.4149440430576614,1.4297497584601935,32,260096
generated_trajectory,prediction,all_pairs,1.0,R-R,squared_l2_mean,2.0237607024610043,2.001508076582104,2.04594720704481,32,260096
generated_trajectory,prediction,boundary_pixels,0.02,P-P,cosine,0.42041799472644925,0.3710229696938768,0.4740628576255403,32,7688
generated_trajectory,prediction,boundary_pixels,0.02,P-P,l1,0.5637915804982185,0.5373823494184762,0.5866606165422127,32,7688
generated_trajectory,prediction,boundary_pixels,0.02,P-P,rmse,0.7315080779038529,0.7033313988479052,0.7571008758197281,32,7688
generated_trajectory,prediction,boundary_pixels,0.02,P-P,squared_l2_mean,0.5411723260767758,0.502469813101925,0.577057580044493,32,7688
generated_trajectory,prediction,boundary_pixels,0.02,R-P,cosine,0.42182526597753167,0.37576079859863964,0.4704010398359969,32,15388
generated_trajectory,prediction,boundary_pixels,0.02,R-P,l1,0.568271579220891,0.5467741862405091,0.5885252109495923,32,15388
generated_trajectory,prediction,boundary_pixels,0.02,R-P,rmse,0.740117276827245,0.718059815621951,0.7632558812617796,32,15388
generated_trajectory,prediction,boundary_pixels,0.02,R-P,squared_l2_mean,0.5521736675873399,0.5178340032696724,0.583625628449954,32,15388
generated_trajectory,prediction,boundary_pixels,0.02,R-R,cosine,0.42620289511978626,0.3774120552232489,0.47972407754277807,32,7644
generated_trajectory,prediction,boundary_pixels,0.02,R-R,l1,0.560027371160686,0.5346267961198464,0.581779301748611,32,7644
generated_trajectory,prediction,boundary_pixels,0.02,R-R,rmse,0.7263904799906061,0.6964243860893519,0.7539251648452352,32,7644
generated_trajectory,prediction,boundary_pixels,0.02,R-R,squared_l2_mean,0.5347745823673904,0.4925991980358958,0.5749648596043698,32,7644
generated_trajectory,prediction,boundary_pixels,0.26,P-P,cosine,0.2963728636968881,0.2630701296555344,0.32965475360979324,32,7688
generated_trajectory,prediction,boundary_pixels,0.26,P-P,l1,0.7259360291063786,0.697241936204955,0.7549331622663885,32,7688
generated_trajectory,prediction,boundary_pixels,0.26,P-P,rmse,0.9211121861381629,0.8860536378796581,0.9582679781015044,32,7688
generated_trajectory,prediction,boundary_pixels,0.26,P-P,squared_l2_mean,0.8585349731147289,0.7941853723023087,0.9233570784330368,32,7688
generated_trajectory,prediction,boundary_pixels,0.26,R-P,cosine,0.2950536711141467,0.26697884472087025,0.32505416704807427,32,15388
generated_trajectory,prediction,boundary_pixels,0.26,R-P,l1,0.7284564729779959,0.7035002910997719,0.7565030107740313,32,15388
generated_trajectory,prediction,boundary_pixels,0.26,R-P,rmse,0.9263993099097171,0.8947382530845249,0.9599768849467515,32,15388
generated_trajectory,prediction,boundary_pixels,0.26,R-P,squared_l2_mean,0.8672894388437271,0.8098289357963949,0.9313220332842319,32,15388
generated_trajectory,prediction,boundary_pixels,0.26,R-R,cosine,0.30124390963464975,0.2715524213621393,0.33405080931261183,32,7644
generated_trajectory,prediction,boundary_pixels,0.26,R-R,l1,0.718120452016592,0.689594074524939,0.7463014957960695,32,7644
generated_trajectory,prediction,boundary_pixels,0.26,R-R,rmse,0.9139064026666912,0.8809530606116838,0.9494284574565873,32,7644
generated_trajectory,prediction,boundary_pixels,0.26,R-R,squared_l2_mean,0.8447993528097868,0.7835424880031496,0.9065724341664463,32,7644
generated_trajectory,prediction,boundary_pixels,0.5,P-P,cosine,0.21186347561888397,0.18216794805484823,0.2428307947935536,32,7688
generated_trajectory,prediction,boundary_pixels,0.5,P-P,l1,0.8351515717804432,0.81248301230371,0.858651540055871,32,7688
generated_trajectory,prediction,boundary_pixels,0.5,P-P,rmse,1.0522480635320037,1.0231885440536164,1.0821672516392977,32,7688
generated_trajectory,prediction,boundary_pixels,0.5,P-P,squared_l2_mean,1.114088699221611,1.0508663336746396,1.1780905412975697,32,7688
generated_trajectory,prediction,boundary_pixels,0.5,R-P,cosine,0.21862283302471042,0.19432436374481768,0.24420479137916118,32,15388
generated_trajectory,prediction,boundary_pixels,0.5,R-P,l1,0.8363464660942554,0.8144996660761535,0.8595302930101751,32,15388
generated_trajectory,prediction,boundary_pixels,0.5,R-P,rmse,1.0544752006068248,1.0251940188427902,1.0845990508137147,32,15388
generated_trajectory,prediction,boundary_pixels,0.5,R-P,squared_l2_mean,1.1189619023352861,1.0589660072233529,1.1836648840922863,32,15388
generated_trajectory,prediction,boundary_pixels,0.5,R-R,cosine,0.22694073989987373,0.20058983333874494,0.2536048051319085,32,7644
generated_trajectory,prediction,boundary_pixels,0.5,R-R,l1,0.827970776706934,0.806511133024469,0.8492789132986218,32,7644
generated_trajectory,prediction,boundary_pixels,0.5,R-R,rmse,1.041664460936357,1.0157389255883416,1.0663836524835901,32,7644
generated_trajectory,prediction,boundary_pixels,0.5,R-R,squared_l2_mean,1.0905281510204077,1.0378598616924137,1.1448301919270307,32,7644
generated_trajectory,prediction,boundary_pixels,0.76,P-P,cosine,0.09764126026129816,0.06822433073903085,0.12861219943551985,32,7688
generated_trajectory,prediction,boundary_pixels,0.76,P-P,l1,1.007791168987751,0.9958371598739177,1.019354884373024,32,7688
generated_trajectory,prediction,boundary_pixels,0.76,P-P,rmse,1.264112846904324,1.2500734859359648,1.2777848624778136,32,7688
generated_trajectory,prediction,boundary_pixels,0.76,P-P,squared_l2_mean,1.5995463579893112,1.5652247072197496,1.6335941789671777,32,7688
generated_trajectory,prediction,boundary_pixels,0.76,R-P,cosine,0.10549971071304753,0.08109904442681,0.13003842476027783,32,15388
generated_trajectory,prediction,boundary_pixels,0.76,R-P,l1,1.008323784917593,0.9980040217284113,1.0187294262927025,32,15388
generated_trajectory,prediction,boundary_pixels,0.76,R-P,rmse,1.264282505017717,1.2521486144466931,1.2776245084010935,32,15388
generated_trajectory,prediction,boundary_pixels,0.76,R-P,squared_l2_mean,1.59968725964427,1.5686297057196499,1.633678907994181,32,15388
generated_trajectory,prediction,boundary_pixels,0.76,R-R,cosine,0.11096881814592052,0.08513017694895098,0.14202353952314292,32,7644
generated_trajectory,prediction,boundary_pixels,0.76,R-R,l1,0.9996088854968548,0.9897270203568042,1.0102294174488633,32,7644
generated_trajectory,prediction,boundary_pixels,0.76,R-R,rmse,1.253212942911401,1.2421211044211506,1.264703514980935,32,7644
generated_trajectory,prediction,boundary_pixels,0.76,R-R,squared_l2_mean,1.5716228187084198,1.5424529544077814,1.6022380352951586,32,7644
generated_trajectory,prediction,boundary_pixels,0.9,P-P,cosine,0.047389976505655795,0.02244162517163204,0.0734512966013426,32,7688
generated_trajectory,prediction,boundary_pixels,0.9,P-P,l1,1.0893947891891003,1.0780258554965259,1.0996262574568392,32,7688
generated_trajectory,prediction,boundary_pixels,0.9,P-P,rmse,1.365912340379505,1.35327738811623,1.377574648228648,32,7688
generated_trajectory,prediction,boundary_pixels,0.9,P-P,squared_l2_mean,1.866992000490427,1.8333722428418695,1.9001640337519348,32,7688
generated_trajectory,prediction,boundary_pixels,0.9,R-P,cosine,0.051329435264051426,0.033079352285858475,0.07428067872479005,32,15388
generated_trajectory,prediction,boundary_pixels,0.9,R-P,l1,1.0895469188690186,1.0820242932997644,1.0973976698704064,32,15388
generated_trajectory,prediction,boundary_pixels,0.9,R-P,rmse,1.3657273692800134,1.3574100019608242,1.374274356995561,32,15388
generated_trajectory,prediction,boundary_pixels,0.9,R-P,squared_l2_mean,1.8658190108835697,1.8434109512716532,1.8887655385769904,32,15388
generated_trajectory,prediction,boundary_pixels,0.9,R-R,cosine,0.05781538705195999,0.03861314767000294,0.0815235388556175,32,7644
generated_trajectory,prediction,boundary_pixels,0.9,R-R,l1,1.0802165977656841,1.0699622372165323,1.0904776480048894,32,7644
generated_trajectory,prediction,boundary_pixels,0.9,R-R,rmse,1.3544921089206414,1.3430238621937847,1.3654802866282334,32,7644
generated_trajectory,prediction,boundary_pixels,0.9,R-R,squared_l2_mean,1.835718259215355,1.804235704150051,1.8668276239186525,32,7644
generated_trajectory,prediction,boundary_pixels,1.0,P-P,cosine,0.03331129689831869,0.014128434387748712,0.05295682966843742,32,7688
generated_trajectory,prediction,boundary_pixels,1.0,P-P,l1,1.1343858875334263,1.1218093769624828,1.14590334976092,32,7688
generated_trajectory,prediction,boundary_pixels,1.0,P-P,rmse,1.4221061848685774,1.4084978619057713,1.4347415082777977,32,7688
generated_trajectory,prediction,boundary_pixels,1.0,P-P,squared_l2_mean,2.0238167606294155,1.9859751443378628,2.060903136059642,32,7688
generated_trajectory,prediction,boundary_pixels,1.0,R-P,cosine,0.03251265884318855,0.02022162833618495,0.045619562392494116,32,15388
generated_trajectory,prediction,boundary_pixels,1.0,R-P,l1,1.1348972767591476,1.1275351515971124,1.141883590631187,32,15388
generated_trajectory,prediction,boundary_pixels,1.0,R-P,rmse,1.422285767092913,1.4138163843101925,1.430345086190514,32,15388
generated_trajectory,prediction,boundary_pixels,1.0,R-P,squared_l2_mean,2.023493878543377,1.9976608101278543,2.047381846792996,32,15388
generated_trajectory,prediction,boundary_pixels,1.0,R-R,cosine,0.04242153433369822,0.027011448227949587,0.05785026388111873,32,7644
generated_trajectory,prediction,boundary_pixels,1.0,R-R,l1,1.1250218786299229,1.1151171931996942,1.1348712082952261,32,7644
generated_trajectory,prediction,boundary_pixels,1.0,R-R,rmse,1.410585243776304,1.3983322576731179,1.4222406628150663,32,7644
generated_trajectory,prediction,boundary_pixels,1.0,R-R,squared_l2_mean,1.9909310080111027,1.9575350151397288,2.026045955065638,32,7644
generated_trajectory,prediction,distance_1_to_2,0.02,P-P,cosine,0.3651821771636605,0.3235081679769792,0.40946788226719943,32,11045
generated_trajectory,prediction,distance_1_to_2,0.02,P-P,l1,0.5968759665265679,0.5769568456569687,0.6156001152005046,32,11045
generated_trajectory,prediction,distance_1_to_2,0.02,P-P,rmse,0.7848011914510913,0.762044986715014,0.8066976767109935,32,11045
generated_trajectory,prediction,distance_1_to_2,0.02,P-P,squared_l2_mean,0.6199637716636062,0.5876041027484462,0.6530899239238351,32,11045
generated_trajectory,prediction,distance_1_to_2,0.02,R-P,cosine,0.3649923140183091,0.32079561866121364,0.4106466052238829,32,22112
generated_trajectory,prediction,distance_1_to_2,0.02,R-P,l1,0.6007848242297769,0.580062506115064,0.6194887194084003,32,22112
generated_trajectory,prediction,distance_1_to_2,0.02,R-P,rmse,0.7903888194458096,0.769146332589032,0.8111325938590392,32,22112
generated_trajectory,prediction,distance_1_to_2,0.02,R-P,squared_l2_mean,0.628409132361412,0.5947063156403601,0.660630130302161,32,22112
generated_trajectory,prediction,distance_1_to_2,0.02,R-R,cosine,0.36368331080302596,0.3189765409799293,0.4132102204603143,32,10939
generated_trajectory,prediction,distance_1_to_2,0.02,R-R,l1,0.5976112158969045,0.5746945020975545,0.6188498709117993,32,10939
generated_trajectory,prediction,distance_1_to_2,0.02,R-R,rmse,0.7858162430733391,0.7594882484008628,0.8087304093659061,32,10939
generated_trajectory,prediction,distance_1_to_2,0.02,R-R,squared_l2_mean,0.6226491648703814,0.5832085340516642,0.6587423707125708,32,10939
generated_trajectory,prediction,distance_1_to_2,0.26,P-P,cosine,0.2440028479322791,0.21703379980754106,0.2741031019715592,32,11045
generated_trajectory,prediction,distance_1_to_2,0.26,P-P,l1,0.758858585730195,0.732447159383446,0.7876859454903752,32,11045
generated_trajectory,prediction,distance_1_to_2,0.26,P-P,rmse,0.9639176890054207,0.9280631729676002,0.9975263851641584,32,11045
generated_trajectory,prediction,distance_1_to_2,0.26,P-P,squared_l2_mean,0.9394388888031244,0.8718769326340408,1.0122710288502275,32,11045
generated_trajectory,prediction,distance_1_to_2,0.26,R-P,cosine,0.24614663189277053,0.22244975405046716,0.27217084050644186,32,22112
generated_trajectory,prediction,distance_1_to_2,0.26,R-P,l1,0.7622901853173971,0.7362510504666716,0.7901025289203971,32,22112
generated_trajectory,prediction,distance_1_to_2,0.26,R-P,rmse,0.9697700132063951,0.9345162756957239,1.0037033114053582,32,22112
generated_trajectory,prediction,distance_1_to_2,0.26,R-P,squared_l2_mean,0.9502025339752436,0.8839322459418326,1.0152234895154832,32,22112
generated_trajectory,prediction,distance_1_to_2,0.26,R-R,cosine,0.2402345654554665,0.21354675343027338,0.2699417162919417,32,10939
generated_trajectory,prediction,distance_1_to_2,0.26,R-R,l1,0.7597019989043474,0.7353458044119179,0.7856253291945904,32,10939
generated_trajectory,prediction,distance_1_to_2,0.26,R-R,rmse,0.9673294898795752,0.9365588457995694,0.9997609645027354,32,10939
generated_trajectory,prediction,distance_1_to_2,0.26,R-R,squared_l2_mean,0.9441307242959738,0.8844067781232298,1.0069875692017376,32,10939
generated_trajectory,prediction,distance_1_to_2,0.5,P-P,cosine,0.18661022162996233,0.16165826770011335,0.21300397394807075,32,11045
generated_trajectory,prediction,distance_1_to_2,0.5,P-P,l1,0.8539449758827686,0.8307302904780954,0.8779465390834957,32,11045
generated_trajectory,prediction,distance_1_to_2,0.5,P-P,rmse,1.0782896087970084,1.0477813334528971,1.1090177413832376,32,11045
generated_trajectory,prediction,distance_1_to_2,0.5,P-P,squared_l2_mean,1.1706827003508806,1.1051222605165094,1.2445658556651324,32,11045
generated_trajectory,prediction,distance_1_to_2,0.5,R-P,cosine,0.18492299504578114,0.16228420948027633,0.20874094523023815,32,22112
generated_trajectory,prediction,distance_1_to_2,0.5,R-P,l1,0.8573075272142887,0.8345763539895416,0.8826370247174055,32,22112
generated_trajectory,prediction,distance_1_to_2,0.5,R-P,rmse,1.0826237058055532,1.0532193065804654,1.1108656479274142,32,22112
generated_trajectory,prediction,distance_1_to_2,0.5,R-P,squared_l2_mean,1.1795780435204506,1.1150351544376462,1.2497306772973389,32,22112
generated_trajectory,prediction,distance_1_to_2,0.5,R-R,cosine,0.18232297548092902,0.15971216488978826,0.20781534463749265,32,10939
generated_trajectory,prediction,distance_1_to_2,0.5,R-R,l1,0.8567674942314625,0.8338218245189637,0.8802124481182545,32,10939
generated_trajectory,prediction,distance_1_to_2,0.5,R-R,rmse,1.0815179877333445,1.0523040648509878,1.1106416581337164,32,10939
generated_trajectory,prediction,distance_1_to_2,0.5,R-R,squared_l2_mean,1.1765367537736893,1.119297255622223,1.2397443005815147,32,10939
generated_trajectory,prediction,distance_1_to_2,0.76,P-P,cosine,0.11497715389123186,0.09114410039474023,0.1416049833613215,32,11045
generated_trajectory,prediction,distance_1_to_2,0.76,P-P,l1,1.0028655473142862,0.9924647781532258,1.013932475168258,32,11045
generated_trajectory,prediction,distance_1_to_2,0.76,P-P,rmse,1.2576700143559658,1.2444340118477504,1.2710770932791677,32,11045
generated_trajectory,prediction,distance_1_to_2,0.76,P-P,squared_l2_mean,1.5832924619317055,1.5487959876656532,1.6186748564243316,32,11045
generated_trajectory,prediction,distance_1_to_2,0.76,R-P,cosine,0.11209332550060935,0.08986994232909637,0.1380315445101587,32,22112
generated_trajectory,prediction,distance_1_to_2,0.76,R-P,l1,1.0038458462804556,0.995166396535933,1.0133193814661354,32,22112
generated_trajectory,prediction,distance_1_to_2,0.76,R-P,rmse,1.259627522651456,1.2481428788618252,1.2721655152773772,32,22112
generated_trajectory,prediction,distance_1_to_2,0.76,R-P,squared_l2_mean,1.5878815539181232,1.558942301105708,1.619261542055756,32,22112
generated_trajectory,prediction,distance_1_to_2,0.76,R-R,cosine,0.11174455229775049,0.09039902177537443,0.13901001269259722,32,10939
generated_trajectory,prediction,distance_1_to_2,0.76,R-R,l1,1.0060746669769287,0.9961286308243871,1.0153800904750825,32,10939
generated_trajectory,prediction,distance_1_to_2,0.76,R-R,rmse,1.259861445717593,1.2479680324290048,1.2722506443573913,32,10939
generated_trajectory,prediction,distance_1_to_2,0.76,R-R,squared_l2_mean,1.5884721130132675,1.5585796835832297,1.6179295652545989,32,10939
generated_trajectory,prediction,distance_1_to_2,0.9,P-P,cosine,0.06536489505378995,0.04658763773913961,0.08844140912406144,32,11045
generated_trajectory,prediction,distance_1_to_2,0.9,P-P,l1,1.081139050424099,1.0746995409950615,1.0877725328318775,32,11045
generated_trajectory,prediction,distance_1_to_2,0.9,P-P,rmse,1.3553450454608416,1.3470680743318397,1.3633387738978937,32,11045
generated_trajectory,prediction,distance_1_to_2,0.9,P-P,squared_l2_mean,1.8375045135617256,1.8145472034811974,1.8582281285896898,32,11045
generated_trajectory,prediction,distance_1_to_2,0.9,R-P,cosine,0.06144346976543602,0.04443330261351548,0.08309425744118923,32,22112
generated_trajectory,prediction,distance_1_to_2,0.9,R-P,l1,1.0816021636128426,1.076875294558704,1.0864669861271978,32,22112
generated_trajectory,prediction,distance_1_to_2,0.9,R-P,rmse,1.3562459057583642,1.3498321464475895,1.363252845408839,32,22112
generated_trajectory,prediction,distance_1_to_2,0.9,R-P,squared_l2_mean,1.83977385237813,1.8222584510222077,1.8578634282574058,32,22112
generated_trajectory,prediction,distance_1_to_2,0.9,R-R,cosine,0.060936573579965625,0.0426200840389356,0.08334033829996766,32,10939
generated_trajectory,prediction,distance_1_to_2,0.9,R-R,l1,1.0837590135633945,1.0771807555109263,1.090665298420936,32,10939
generated_trajectory,prediction,distance_1_to_2,0.9,R-R,rmse,1.3566328015611404,1.3488065600681638,1.3648554433148083,32,10939
generated_trajectory,prediction,distance_1_to_2,0.9,R-R,squared_l2_mean,1.841012604534626,1.8195667452178896,1.865482685994357,32,10939
generated_trajectory,prediction,distance_1_to_2,1.0,P-P,cosine,0.04108740143556133,0.02788866230164331,0.056447002275115205,32,11045
generated_trajectory,prediction,distance_1_to_2,1.0,P-P,l1,1.1308085918426514,1.1240503667853772,1.1368685452267528,32,11045
generated_trajectory,prediction,distance_1_to_2,1.0,P-P,rmse,1.4177522025975755,1.4096011224758023,1.425455113362849,32,11045
generated_trajectory,prediction,distance_1_to_2,1.0,P-P,squared_l2_mean,2.0105723328888416,1.9856407367624342,2.032920234836638,32,11045
generated_trajectory,prediction,distance_1_to_2,1.0,R-P,cosine,0.03627019293708145,0.02457289258918536,0.050035760892114915,32,22112
generated_trajectory,prediction,distance_1_to_2,1.0,R-P,l1,1.1314469203352928,1.1267849333584308,1.1361692164093256,32,22112
generated_trajectory,prediction,distance_1_to_2,1.0,R-P,rmse,1.4186389432867428,1.4122566264897138,1.425249093962677,32,22112
generated_trajectory,prediction,distance_1_to_2,1.0,R-P,squared_l2_mean,2.0128866769373417,1.9949719551019371,2.032351247128099,32,22112
generated_trajectory,prediction,distance_1_to_2,1.0,R-R,cosine,0.03673151162183785,0.024429185109192987,0.05125932775122236,32,10939
generated_trajectory,prediction,distance_1_to_2,1.0,R-R,l1,1.1334964148700237,1.1263007494620978,1.1403697279281915,32,10939
generated_trajectory,prediction,distance_1_to_2,1.0,R-R,rmse,1.4186707419997764,1.4101614530239144,1.4269262883215328,32,10939
generated_trajectory,prediction,distance_1_to_2,1.0,R-R,squared_l2_mean,2.013197660446167,1.988172938209027,2.035879397857934,32,10939
generated_trajectory,prediction,distance_2_to_6,0.02,P-P,cosine,0.21488776383921504,0.17316116047441027,0.2624681249959394,32,70215
generated_trajectory,prediction,distance_2_to_6,0.02,P-P,l1,0.6824368592351675,0.6609700798522681,0.705126567883417,32,70215
generated_trajectory,prediction,distance_2_to_6,0.02,P-P,rmse,0.8828264846466227,0.8588866432448088,0.908854293683725,32,70215
generated_trajectory,prediction,distance_2_to_6,0.02,P-P,squared_l2_mean,0.7849221993237734,0.7387340693268925,0.8286958236712962,32,70215
generated_trajectory,prediction,distance_2_to_6,0.02,R-P,cosine,0.21749654528684914,0.17246484661591238,0.2635535251989495,32,139813
generated_trajectory,prediction,distance_2_to_6,0.02,R-P,l1,0.6817270312458277,0.6579412242863327,0.703337304154411,32,139813
generated_trajectory,prediction,distance_2_to_6,0.02,R-P,rmse,0.8827505651125875,0.8570608476199264,0.9067296479499938,32,139813
generated_trajectory,prediction,distance_2_to_6,0.02,R-P,squared_l2_mean,0.7844347711652517,0.740918361255899,0.8261870237998664,32,139813
generated_trajectory,prediction,distance_2_to_6,0.02,R-R,cosine,0.21694187039975077,0.17221875028917566,0.2674012931296602,32,68436
generated_trajectory,prediction,distance_2_to_6,0.02,R-R,l1,0.6825302299112082,0.6600667948834598,0.704585888562724,32,68436
generated_trajectory,prediction,distance_2_to_6,0.02,R-R,rmse,0.8827465275997416,0.854881528073838,0.9095633159884569,32,68436
generated_trajectory,prediction,distance_2_to_6,0.02,R-R,squared_l2_mean,0.7855977909639478,0.7373246882576495,0.8318433053558693,32,68436
generated_trajectory,prediction,distance_2_to_6,0.26,P-P,cosine,0.15116597898304462,0.12512883448507636,0.18110853820689954,32,70215
generated_trajectory,prediction,distance_2_to_6,0.26,P-P,l1,0.81437548995018,0.7837129251565784,0.843065904174,32,70215
generated_trajectory,prediction,distance_2_to_6,0.26,P-P,rmse,1.0310905318272683,0.9919018602010952,1.0717221137763902,32,70215
generated_trajectory,prediction,distance_2_to_6,0.26,P-P,squared_l2_mean,1.0756700932979584,0.9979489354416728,1.1607625862583517,32,70215
generated_trajectory,prediction,distance_2_to_6,0.26,R-P,cosine,0.14969653834123164,0.12285762091632932,0.1805027334456099,32,139813
generated_trajectory,prediction,distance_2_to_6,0.26,R-P,l1,0.813482616096735,0.7862410191446543,0.8431973551865667,32,139813
generated_trajectory,prediction,distance_2_to_6,0.26,R-P,rmse,1.0316122649267099,0.9956167419800389,1.0671578584626977,32,139813
generated_trajectory,prediction,distance_2_to_6,0.26,R-P,squared_l2_mean,1.0749532170593739,1.0018896480556578,1.1465267450548708,32,139813
generated_trajectory,prediction,distance_2_to_6,0.26,R-R,cosine,0.14889242639765143,0.12062184747192077,0.18171595043968408,32,68436
generated_trajectory,prediction,distance_2_to_6,0.26,R-R,l1,0.8132800906896591,0.7854663730598986,0.8413294754456728,32,68436
generated_trajectory,prediction,distance_2_to_6,0.26,R-R,rmse,1.0323226909452112,0.9986828789615861,1.067970043935931,32,68436
generated_trajectory,prediction,distance_2_to_6,0.26,R-R,squared_l2_mean,1.0758182350546122,1.003575917473063,1.1449531617574393,32,68436
generated_trajectory,prediction,distance_2_to_6,0.5,P-P,cosine,0.12759514607023448,0.10464582654822152,0.15120905938383655,32,70215
generated_trajectory,prediction,distance_2_to_6,0.5,P-P,l1,0.8911312855780125,0.8639464281965047,0.9166202418040484,32,70215
generated_trajectory,prediction,distance_2_to_6,0.5,P-P,rmse,1.1235975089933419,1.088484634136157,1.157709555120151,32,70215
generated_trajectory,prediction,distance_2_to_6,0.5,P-P,squared_l2_mean,1.2726115435361862,1.1939327943138778,1.3533557345159353,32,70215
generated_trajectory,prediction,distance_2_to_6,0.5,R-P,cosine,0.12466450629290193,0.10147829614579677,0.14922953303612302,32,139813
generated_trajectory,prediction,distance_2_to_6,0.5,R-P,l1,0.8919166158884764,0.8664796029683203,0.9177701503504068,32,139813
generated_trajectory,prediction,distance_2_to_6,0.5,R-P,rmse,1.1248384782048562,1.093114250368665,1.1577706772891807,32,139813
generated_trajectory,prediction,distance_2_to_6,0.5,R-P,squared_l2_mean,1.2743796166032553,1.1999371323268861,1.3529411724302915,32,139813
generated_trajectory,prediction,distance_2_to_6,0.5,R-R,cosine,0.12276351230684668,0.0983648426423315,0.14966632598370774,32,68436
generated_trajectory,prediction,distance_2_to_6,0.5,R-R,l1,0.8923632651567459,0.8666318784933538,0.9186133132316172,32,68436
generated_trajectory,prediction,distance_2_to_6,0.5,R-R,rmse,1.1261200829595714,1.0931345083841832,1.1586320604709144,32,68436
generated_trajectory,prediction,distance_2_to_6,0.5,R-R,squared_l2_mean,1.2775162104517221,1.2007626213133336,1.355250645149499,32,68436
generated_trajectory,prediction,distance_2_to_6,0.76,P-P,cosine,0.09436738584190607,0.075024146924261,0.11590410132339454,32,70215
generated_trajectory,prediction,distance_2_to_6,0.76,P-P,l1,1.0138989631086588,1.0009612011257558,1.027305624820292,32,70215
generated_trajectory,prediction,distance_2_to_6,0.76,P-P,rmse,1.2723619303151774,1.2561345503768522,1.2887592845173288,32,70215
generated_trajectory,prediction,distance_2_to_6,0.76,P-P,squared_l2_mean,1.621279738843441,1.5776922305114567,1.6669116718694568,32,70215
generated_trajectory,prediction,distance_2_to_6,0.76,R-P,cosine,0.09178033185889944,0.07098881002602866,0.11376253894413818,32,139813
generated_trajectory,prediction,distance_2_to_6,0.76,R-P,l1,1.0163263995200396,1.0045126514974982,1.0275870383251458,32,139813
generated_trajectory,prediction,distance_2_to_6,0.76,R-P,rmse,1.2746129131170685,1.2594607318106112,1.2910445264585835,32,139813
generated_trajectory,prediction,distance_2_to_6,0.76,R-P,squared_l2_mean,1.6265879981219769,1.5875310157425702,1.6681783233769238,32,139813
generated_trajectory,prediction,distance_2_to_6,0.76,R-R,cosine,0.09199406334664673,0.07111825124302414,0.1149053661050857,32,68436
generated_trajectory,prediction,distance_2_to_6,0.76,R-R,l1,1.0164233036339283,1.0035749405156822,1.0302906217984855,32,68436
generated_trajectory,prediction,distance_2_to_6,0.76,R-R,rmse,1.2738506024842673,1.2570695936452967,1.2901071757211606,32,68436
generated_trajectory,prediction,distance_2_to_6,0.76,R-R,squared_l2_mean,1.6248677521944046,1.5849560001865028,1.6661483101546763,32,68436
generated_trajectory,prediction,distance_2_to_6,0.9,P-P,cosine,0.06117273018026026,0.04394771717652475,0.08205872245598583,32,70215
generated_trajectory,prediction,distance_2_to_6,0.9,P-P,l1,1.0812472589313984,1.0751289178617298,1.0870591126382352,32,70215
generated_trajectory,prediction,distance_2_to_6,0.9,P-P,rmse,1.355709924166713,1.3472214273898961,1.3632709154662745,32,70215
generated_trajectory,prediction,distance_2_to_6,0.9,P-P,squared_l2_mean,1.8384847715497017,1.8169185335747897,1.8596025572158397,32,70215
generated_trajectory,prediction,distance_2_to_6,0.9,R-P,cosine,0.0594456001999788,0.042389443961292274,0.0811425087471434,32,139813
generated_trajectory,prediction,distance_2_to_6,0.9,R-P,l1,1.0828865244984627,1.077923419326544,1.0882497859187423,32,139813
generated_trajectory,prediction,distance_2_to_6,0.9,R-P,rmse,1.3573585347487322,1.3508530569346575,1.3639988732822148,32,139813
generated_trajectory,prediction,distance_2_to_6,0.9,R-P,squared_l2_mean,1.8427867330610752,1.8258576755411924,1.8618609197437763,32,139813
generated_trajectory,prediction,distance_2_to_6,0.9,R-R,cosine,0.060596694820560515,0.04370404467190383,0.0810515313205542,32,68436
generated_trajectory,prediction,distance_2_to_6,0.9,R-R,l1,1.0822905153036118,1.074960532039404,1.0898261770606041,32,68436
generated_trajectory,prediction,distance_2_to_6,0.9,R-R,rmse,1.3551795285148724,1.3461598250020124,1.3642704661190295,32,68436
generated_trajectory,prediction,distance_2_to_6,0.9,R-R,squared_l2_mean,1.837168138474226,1.8133042989298702,1.8620256977155805,32,68436
generated_trajectory,prediction,distance_2_to_6,1.0,P-P,cosine,0.03447501511527662,0.022415558824172878,0.04868936350990223,32,70215
generated_trajectory,prediction,distance_2_to_6,1.0,P-P,l1,1.1337521895766258,1.127761615999043,1.1390885061584413,32,70215
generated_trajectory,prediction,distance_2_to_6,1.0,P-P,rmse,1.4212994175950247,1.4134151623438698,1.4286735272294495,32,70215
generated_trajectory,prediction,distance_2_to_6,1.0,P-P,squared_l2_mean,2.020575951784849,1.998252293560654,2.042058405652642,32,70215
generated_trajectory,prediction,distance_2_to_6,1.0,R-P,cosine,0.03320348090710468,0.021689296456679587,0.046960871919145566,32,139813
generated_trajectory,prediction,distance_2_to_6,1.0,R-P,l1,1.1348352953791618,1.1301136783324182,1.1392407520674168,32,139813
generated_trajectory,prediction,distance_2_to_6,1.0,R-P,rmse,1.4224626130061402,1.4167013559931767,1.4281753151324872,32,139813
generated_trajectory,prediction,distance_2_to_6,1.0,R-P,squared_l2_mean,2.023679744452238,2.006564169283956,2.0403902983292936,32,139813
generated_trajectory,prediction,distance_2_to_6,1.0,R-R,cosine,0.034502050395531114,0.02348615131850238,0.04859131810881081,32,68436
generated_trajectory,prediction,distance_2_to_6,1.0,R-R,l1,1.1337359622120857,1.1272129226475953,1.1402324276044964,32,68436
generated_trajectory,prediction,distance_2_to_6,1.0,R-R,rmse,1.4194430373687505,1.4117223955682132,1.4277315936810409,32,68436
generated_trajectory,prediction,distance_2_to_6,1.0,R-R,squared_l2_mean,2.0153380818665028,1.9936268300749362,2.038180850353092,32,68436
generated_trajectory,prediction,distance_gt_6,0.02,P-P,cosine,0.13632039732692647,0.0832432980876547,0.19379066301389686,32,178836
generated_trajectory,prediction,distance_gt_6,0.02,P-P,l1,0.7225777897983789,0.6915304208174348,0.7541915980167687,32,178836
generated_trajectory,prediction,distance_gt_6,0.02,P-P,rmse,0.9254131008116129,0.8902785041175042,0.9615869886074935,32,178836
generated_trajectory,prediction,distance_gt_6,0.02,P-P,squared_l2_mean,0.8663303311914206,0.800347490888089,0.9323173305951058,32,178836
generated_trajectory,prediction,distance_gt_6,0.02,R-P,cosine,0.13752737474351306,0.08315677836826581,0.19910455333838395,32,362363
generated_trajectory,prediction,distance_gt_6,0.02,R-P,l1,0.7218130882829428,0.6919494349975139,0.7509721200913191,32,362363
generated_trajectory,prediction,distance_gt_6,0.02,R-P,rmse,0.9263434100720336,0.8944077606212002,0.9599693914506491,32,362363
generated_trajectory,prediction,distance_gt_6,0.02,R-P,squared_l2_mean,0.8668629229068756,0.806768273981288,0.9295709694270045,32,362363
generated_trajectory,prediction,distance_gt_6,0.02,R-R,cosine,0.13735033622833726,0.08142494338835604,0.19954616656318647,32,180721
generated_trajectory,prediction,distance_gt_6,0.02,R-R,l1,0.721665445715189,0.6906533899251371,0.7505302837584168,32,180721
generated_trajectory,prediction,distance_gt_6,0.02,R-R,rmse,0.9269006472647912,0.8898306707193129,0.9630937838607139,32,180721
generated_trajectory,prediction,distance_gt_6,0.02,R-R,squared_l2_mean,0.8691118620336056,0.8062812173273415,0.9313213266897946,32,180721
generated_trajectory,prediction,distance_gt_6,0.26,P-P,cosine,0.08984716447412211,0.054787439513711435,0.12797735963795273,32,178836
generated_trajectory,prediction,distance_gt_6,0.26,P-P,l1,0.857177684083581,0.8233495292719454,0.8914134855382144,32,178836
generated_trajectory,prediction,distance_gt_6,0.26,P-P,rmse,1.0814154555866748,1.0383921143520942,1.1256052268516545,32,178836
generated_trajectory,prediction,distance_gt_6,0.26,P-P,squared_l2_mean,1.184665847569704,1.0928180347196759,1.2805940754245966,32,178836
generated_trajectory,prediction,distance_gt_6,0.26,R-P,cosine,0.09098081586853368,0.05731480508802633,0.12896436809132855,32,362363
generated_trajectory,prediction,distance_gt_6,0.26,R-P,l1,0.8545061629265547,0.822575994534418,0.8864158427808434,32,362363
generated_trajectory,prediction,distance_gt_6,0.26,R-P,rmse,1.0804139753463442,1.0407595324468828,1.1196214361944106,32,362363
generated_trajectory,prediction,distance_gt_6,0.26,R-P,squared_l2_mean,1.1807913780212402,1.1000634008552879,1.2753275259863586,32,362363
generated_trajectory,prediction,distance_gt_6,0.26,R-R,cosine,0.0922033001197633,0.057956813550094924,0.13132161525136324,32,180721
generated_trajectory,prediction,distance_gt_6,0.26,R-R,l1,0.8522605448961258,0.8204768831375986,0.88364730887115,32,180721
generated_trajectory,prediction,distance_gt_6,0.26,R-R,rmse,1.0788367444704061,1.0371055593678737,1.1206837326686971,32,180721
generated_trajectory,prediction,distance_gt_6,0.26,R-R,squared_l2_mean,1.1773087941110134,1.090893857786432,1.2581836021039634,32,180721
generated_trajectory,prediction,distance_gt_6,0.5,P-P,cosine,0.07662744525441667,0.04808513949119515,0.10824960630852729,32,178836
generated_trajectory,prediction,distance_gt_6,0.5,P-P,l1,0.9301754087209702,0.8982671819161624,0.9626546241808682,32,178836
generated_trajectory,prediction,distance_gt_6,0.5,P-P,rmse,1.1703565856869553,1.1290511489372832,1.2114342255824981,32,178836
generated_trajectory,prediction,distance_gt_6,0.5,P-P,squared_l2_mean,1.3833258152008057,1.2899615379050373,1.4805884719826279,32,178836
generated_trajectory,prediction,distance_gt_6,0.5,R-P,cosine,0.07605325017357245,0.048060030675696905,0.10670875187497585,32,362363
generated_trajectory,prediction,distance_gt_6,0.5,R-P,l1,0.9283517654985189,0.8990031915251165,0.959291173890233,32,362363
generated_trajectory,prediction,distance_gt_6,0.5,R-P,rmse,1.1692674530398146,1.131763925787957,1.2096893878607347,32,362363
generated_trajectory,prediction,distance_gt_6,0.5,R-P,squared_l2_mean,1.379801094532013,1.2898879267275334,1.4777706420980394,32,362363
generated_trajectory,prediction,distance_gt_6,0.5,R-R,cosine,0.07646247353113722,0.04840479175873043,0.10882482917513696,32,180721
generated_trajectory,prediction,distance_gt_6,0.5,R-R,l1,0.9263156335800886,0.8968278828077019,0.9579937864560634,32,180721
generated_trajectory,prediction,distance_gt_6,0.5,R-R,rmse,1.1671037710124619,1.127327559301096,1.206265257409904,32,180721
generated_trajectory,prediction,distance_gt_6,0.5,R-R,squared_l2_mean,1.3747809994965792,1.2841275193728507,1.4718016931321471,32,180721
generated_trajectory,prediction,distance_gt_6,0.76,P-P,cosine,0.06285471504088491,0.03822253866601386,0.09130957017441688,32,178836
generated_trajectory,prediction,distance_gt_6,0.76,P-P,l1,1.0423189960420132,1.0248119818978012,1.0605673379264773,32,178836
generated_trajectory,prediction,distance_gt_6,0.76,P-P,rmse,1.3075897226503392,1.2858442791581977,1.33089269312044,32,178836
generated_trajectory,prediction,distance_gt_6,0.76,P-P,squared_l2_mean,1.71414939686656,1.651622138544917,1.77847213242203,32,178836
generated_trajectory,prediction,distance_gt_6,0.76,R-P,cosine,0.06241480271273758,0.03851684628134535,0.09073417418112512,32,362363
generated_trajectory,prediction,distance_gt_6,0.76,R-P,l1,1.040971564128995,1.024108906276524,1.0586039890535175,32,362363
generated_trajectory,prediction,distance_gt_6,0.76,R-P,rmse,1.3054890448480245,1.2852328360110998,1.326133837656862,32,362363
generated_trajectory,prediction,distance_gt_6,0.76,R-P,squared_l2_mean,1.707996729761362,1.653865857142955,1.7635993680916726,32,362363
generated_trajectory,prediction,distance_gt_6,0.76,R-R,cosine,0.06342648648501381,0.039755678652289815,0.090760560606941,32,180721
generated_trajectory,prediction,distance_gt_6,0.76,R-R,l1,1.039341315627098,1.0236532629467547,1.0562100462149828,32,180721
generated_trajectory,prediction,distance_gt_6,0.76,R-R,rmse,1.3026777695860043,1.2824574443122148,1.3245417915332256,32,180721
generated_trajectory,prediction,distance_gt_6,0.76,R-R,squared_l2_mean,1.700459510087967,1.6497111324220897,1.7553262977860868,32,180721
generated_trajectory,prediction,distance_gt_6,0.9,P-P,cosine,0.0485007251713796,0.02953301771427732,0.0714734945417831,32,178836
generated_trajectory,prediction,distance_gt_6,0.9,P-P,l1,1.0941671654582024,1.086291693430394,1.1030861903913318,32,178836
generated_trajectory,prediction,distance_gt_6,0.9,P-P,rmse,1.3724231331168326,1.3623288468797206,1.3827504416226226,32,178836
generated_trajectory,prediction,distance_gt_6,0.9,P-P,squared_l2_mean,1.8844250477850437,1.856577839422971,1.913388088066131,32,178836
generated_trajectory,prediction,distance_gt_6,0.9,R-P,cosine,0.04809283581744239,0.029221736263389177,0.07181230092260192,32,362363
generated_trajectory,prediction,distance_gt_6,0.9,R-P,l1,1.093297865241766,1.086811439320445,1.1007962751202285,32,362363
generated_trajectory,prediction,distance_gt_6,0.9,R-P,rmse,1.3703932494687436,1.3621581351680507,1.3793158734477673,32,362363
generated_trajectory,prediction,distance_gt_6,0.9,R-P,squared_l2_mean,1.878614891320467,1.8556051465682686,1.9026298430748283,32,362363
generated_trajectory,prediction,distance_gt_6,0.9,R-R,cosine,0.04896908284831625,0.030601025197074704,0.07242739548973987,32,180721
generated_trajectory,prediction,distance_gt_6,0.9,R-R,l1,1.0919286720454693,1.0836543954908848,1.1001735248602926,32,180721
generated_trajectory,prediction,distance_gt_6,0.9,R-R,rmse,1.3676335331971254,1.3574694032499175,1.3782349244042043,32,180721
generated_trajectory,prediction,distance_gt_6,0.9,R-R,squared_l2_mean,1.8713077045977116,1.8446759664453567,1.8996036949567496,32,180721
generated_trajectory,prediction,distance_gt_6,1.0,P-P,cosine,0.030346917992574163,0.018187968906022433,0.04483769718990516,32,178836
generated_trajectory,prediction,distance_gt_6,1.0,P-P,l1,1.1385237984359264,1.1329242973588407,1.1437454911880196,32,178836
generated_trajectory,prediction,distance_gt_6,1.0,P-P,rmse,1.4279740204780897,1.4206222505885409,1.434839527022826,32,178836
generated_trajectory,prediction,distance_gt_6,1.0,P-P,squared_l2_mean,2.0395570136606693,2.018649870250374,2.0600180765613914,32,178836
generated_trajectory,prediction,distance_gt_6,1.0,R-P,cosine,0.029617299359415483,0.0176478599379152,0.042873337652304146,32,362363
generated_trajectory,prediction,distance_gt_6,1.0,R-P,l1,1.1377572938799858,1.1335804012604058,1.1419229805469513,32,362363
generated_trajectory,prediction,distance_gt_6,1.0,R-P,rmse,1.4262511740957515,1.4208229071513183,1.4311530807964625,32,362363
generated_trajectory,prediction,distance_gt_6,1.0,R-P,squared_l2_mean,2.034416351467371,2.019360911194235,2.0491191860288382,32,362363
generated_trajectory,prediction,distance_gt_6,1.0,R-R,cosine,0.030195441860996652,0.01874769751675558,0.04372477633446579,32,180721
generated_trajectory,prediction,distance_gt_6,1.0,R-R,l1,1.136698916554451,1.1299117533490062,1.14370672442019,32,180721
generated_trajectory,prediction,distance_gt_6,1.0,R-R,rmse,1.423745386282694,1.415849426352785,1.4311850392148309,32,180721
generated_trajectory,prediction,distance_gt_6,1.0,R-R,squared_l2_mean,2.027568381279707,2.0059220981784165,2.050150697398931,32,180721
noised_data,error,adjacent_patches,0.05,P-P,cosine,0.005444072468677064,0.0025223328056959817,0.008826791064695524,256,61123
noised_data,error,adjacent_patches,0.05,P-P,l1,1.1133728308486752,1.1044291270853137,1.121372646735108,256,61123
noised_data,error,adjacent_patches,0.05,P-P,rmse,1.400641352656981,1.3905961512731881,1.4093066544522515,256,61123
noised_data,error,adjacent_patches,0.05,P-P,squared_l2_mean,1.9676598036894575,1.943265067334869,1.9898997734475414,256,61123
noised_data,error,adjacent_patches,0.05,R-P,cosine,0.007478352006287992,0.004676353821908919,0.010801758452948462,256,123550
noised_data,error,adjacent_patches,0.05,R-P,l1,1.1129935025819577,1.102843765920261,1.121728338956018,256,123550
noised_data,error,adjacent_patches,0.05,R-P,rmse,1.400444230152474,1.3906768801287517,1.4094329182411058,256,123550
noised_data,error,adjacent_patches,0.05,R-P,squared_l2_mean,1.9676564013352618,1.9423254706925945,1.990316447376972,256,123550
noised_data,error,adjacent_patches,0.05,R-R,cosine,0.006410972287639538,0.003112834980360901,0.009949827742697433,256,61087
noised_data,error,adjacent_patches,0.05,R-R,l1,1.1142380210803822,1.1030022509075934,1.1234778764162912,256,61087
noised_data,error,adjacent_patches,0.05,R-R,rmse,1.4014437087612088,1.3905251444793112,1.4117948082335106,256,61087
noised_data,error,adjacent_patches,0.05,R-R,squared_l2_mean,1.9716261323774233,1.9452365230157738,1.9955008163058665,256,61087
noised_data,error,adjacent_patches,0.15,P-P,cosine,0.01955399619492937,0.01583035941980171,0.023614546551763736,256,61123
noised_data,error,adjacent_patches,0.15,P-P,l1,1.0341094758477993,1.0205007557466161,1.0469167803908932,256,61123
noised_data,error,adjacent_patches,0.15,P-P,rmse,1.311306275809076,1.296229005807787,1.3260908834918173,256,61123
noised_data,error,adjacent_patches,0.15,P-P,squared_l2_mean,1.7339383697253652,1.7005404339070083,1.7700346237135818,256,61123
noised_data,error,adjacent_patches,0.15,R-P,cosine,0.021469834860283754,0.017823407019366754,0.025606273119789334,256,123550
noised_data,error,adjacent_patches,0.15,R-P,l1,1.0353739217971452,1.0215331138213515,1.0488077768939548,256,123550
noised_data,error,adjacent_patches,0.15,R-P,rmse,1.3126712864422951,1.2970616265523056,1.3273195204134864,256,123550
noised_data,error,adjacent_patches,0.15,R-P,squared_l2_mean,1.7380439262487926,1.7014037517044927,1.7744753778155427,256,123550
noised_data,error,adjacent_patches,0.15,R-R,cosine,0.020423056474982104,0.01619385490946996,0.02501715890715488,256,61087
noised_data,error,adjacent_patches,0.15,R-R,l1,1.0370443991851062,1.0220463480713078,1.050736429146491,256,61087
noised_data,error,adjacent_patches,0.15,R-R,rmse,1.3144421372987178,1.298831531339535,1.3304101337632297,256,61087
noised_data,error,adjacent_patches,0.15,R-R,squared_l2_mean,1.743930103693856,1.7077007762760332,1.7812555023083405,256,61087
noised_data,error,adjacent_patches,0.3,P-P,cosine,0.04005760855878293,0.0356656026219504,0.04469616934875518,256,61123
noised_data,error,adjacent_patches,0.3,P-P,l1,0.9689626801409759,0.9525394309748663,0.9853123514098115,256,61123
noised_data,error,adjacent_patches,0.3,P-P,rmse,1.2431396619411856,1.22472701400572,1.260560099370388,256,61123
noised_data,error,adjacent_patches,0.3,P-P,squared_l2_mean,1.5676473313360475,1.5261748530581827,1.6087428283353802,256,61123
noised_data,error,adjacent_patches,0.3,R-P,cosine,0.04121397094288426,0.036528723477316484,0.0462580647254903,256,123550
noised_data,error,adjacent_patches,0.3,R-P,l1,0.9694580200593919,0.9520765482171555,0.9865757892752299,256,123550
noised_data,error,adjacent_patches,0.3,R-P,rmse,1.2445585467552398,1.2250643057005226,1.2620122655357686,256,123550
noised_data,error,adjacent_patches,0.3,R-P,squared_l2_mean,1.5716280827182345,1.5288848838943523,1.6148153803369496,256,123550
noised_data,error,adjacent_patches,0.3,R-R,cosine,0.04063839987208695,0.03561681751494454,0.04656648805432457,256,61087
noised_data,error,adjacent_patches,0.3,R-R,l1,0.9712510191893671,0.9543889474589378,0.9877971253721626,256,61087
noised_data,error,adjacent_patches,0.3,R-R,rmse,1.2460556042074433,1.227259713470472,1.2651805332432913,256,61087
noised_data,error,adjacent_patches,0.3,R-R,squared_l2_mean,1.5767206082236953,1.530567989742849,1.6184724962658947,256,61087
noised_data,error,adjacent_patches,0.5,P-P,cosine,0.08044618007863846,0.07456932805910128,0.08662638654249405,256,61123
noised_data,error,adjacent_patches,0.5,P-P,l1,0.9138802071101964,0.8976708228467032,0.9306118884589523,256,61123
noised_data,error,adjacent_patches,0.5,P-P,rmse,1.1862048023243275,1.1682127631040067,1.2037649639939259,256,61123
noised_data,error,adjacent_patches,0.5,P-P,squared_l2_mean,1.4291245032218285,1.3878232779417885,1.4687184470909413,256,61123
noised_data,error,adjacent_patches,0.5,R-P,cosine,0.08100593524432043,0.07532734800158777,0.08740835042376602,256,123550
noised_data,error,adjacent_patches,0.5,R-P,l1,0.9135902630805504,0.8976217183466361,0.9301979998104798,256,123550
noised_data,error,adjacent_patches,0.5,R-P,rmse,1.1865825682387687,1.1681471073264673,1.2039547460934834,256,123550
noised_data,error,adjacent_patches,0.5,R-P,squared_l2_mean,1.4299732346553355,1.389174890826689,1.4719795671335305,256,123550
noised_data,error,adjacent_patches,0.5,R-R,cosine,0.07942037019074633,0.0730227985806124,0.08619872998911261,256,61087
noised_data,error,adjacent_patches,0.5,R-R,l1,0.9158273524662945,0.8981306949150166,0.9336782871381729,256,61087
noised_data,error,adjacent_patches,0.5,R-R,rmse,1.189335325194455,1.1699112456646172,1.2078102640271757,256,61087
noised_data,error,adjacent_patches,0.5,R-R,squared_l2_mean,1.4387088273942936,1.395934273365856,1.4801682421442819,256,61087
noised_data,error,adjacent_patches,0.7,P-P,cosine,0.16273620121637578,0.1549060834883676,0.17118984313856345,256,61123
noised_data,error,adjacent_patches,0.7,P-P,l1,0.8171409055939876,0.8035537230200134,0.8301571207077358,256,61123
noised_data,error,adjacent_patches,0.7,P-P,rmse,1.0725113669661557,1.0587154380419268,1.0868704531866402,256,61123
noised_data,error,adjacent_patches,0.7,P-P,squared_l2_mean,1.1642817372339778,1.1351533740729791,1.1939797653336426,256,61123
noised_data,error,adjacent_patches,0.7,R-P,cosine,0.16374104878377693,0.15597288398989803,0.17188386543830345,256,123550
noised_data,error,adjacent_patches,0.7,R-P,l1,0.8159363250015303,0.8017222942988156,0.8298184494749875,256,123550
noised_data,error,adjacent_patches,0.7,R-P,rmse,1.0714816042040858,1.0573184213547056,1.0852349330879476,256,123550
noised_data,error,adjacent_patches,0.7,R-P,squared_l2_mean,1.1619560801773332,1.1300803287827876,1.1906795384871658,256,123550
noised_data,error,adjacent_patches,0.7,R-R,cosine,0.1618365735066618,0.15336303677104296,0.17072300190316128,256,61087
noised_data,error,adjacent_patches,0.7,R-R,l1,0.816689836763544,0.801364009612007,0.8306808256515069,256,61087
noised_data,error,adjacent_patches,0.7,R-R,rmse,1.072215879010617,1.056677284421417,1.0868416205223506,256,61087
noised_data,error,adjacent_patches,0.7,R-R,squared_l2_mean,1.166049448249396,1.1348686104152876,1.1966693639005825,256,61087
noised_data,error,adjacent_patches,0.85,P-P,cosine,0.28219359547802014,0.2710243024441297,0.29273632148160683,256,61123
noised_data,error,adjacent_patches,0.85,P-P,l1,0.721504227432888,0.7104844698362285,0.7314044115089927,256,61123
noised_data,error,adjacent_patches,0.85,P-P,rmse,0.9584444611785456,0.9477925756354988,0.9690401092336294,256,61123
noised_data,error,adjacent_patches,0.85,P-P,squared_l2_mean,0.9271373594528995,0.9078166705818148,0.9464391739515122,256,61123
noised_data,error,adjacent_patches,0.85,R-P,cosine,0.2823065339762252,0.27171191301640646,0.2934900749980443,256,123550
noised_data,error,adjacent_patches,0.85,R-P,l1,0.7199975648836698,0.7087665138707961,0.7302863847675326,256,123550
noised_data,error,adjacent_patches,0.85,R-P,rmse,0.9564936550293619,0.9460944689215081,0.9666525991430066,256,123550
noised_data,error,adjacent_patches,0.85,R-P,squared_l2_mean,0.9226869191625156,0.902565174823394,0.9427041096394533,256,123550
noised_data,error,adjacent_patches,0.85,R-R,cosine,0.28027389449925977,0.2689993528116247,0.291887918647717,256,61087
noised_data,error,adjacent_patches,0.85,R-R,l1,0.7203891362296417,0.7095606017654064,0.731739485853177,256,61087
noised_data,error,adjacent_patches,0.85,R-R,rmse,0.956997843634895,0.9453274869488559,0.9678310486636365,256,61087
noised_data,error,adjacent_patches,0.85,R-R,squared_l2_mean,0.9257050692103803,0.9049181890848559,0.9463740771287121,256,61087
noised_data,error,adjacent_patches,0.95,P-P,cosine,0.3863933190878015,0.37180073738927605,0.4016881420044228,256,61123
noised_data,error,adjacent_patches,0.95,P-P,l1,0.6540273403516039,0.6444459870821447,0.66346248635964,256,61123
noised_data,error,adjacent_patches,0.95,P-P,rmse,0.8732718939792095,0.8642332312655693,0.8824348311271599,256,61123
noised_data,error,adjacent_patches,0.95,P-P,squared_l2_mean,0.7692779614590108,0.7522032257766114,0.7847751885419711,256,61123
noised_data,error,adjacent_patches,0.95,R-P,cosine,0.3864830485836137,0.37159214184357553,0.40150696611381137,256,123550
noised_data,error,adjacent_patches,0.95,R-P,l1,0.6527945707493927,0.6431627790159837,0.6616472869296558,256,123550
noised_data,error,adjacent_patches,0.95,R-P,rmse,0.8716920280891187,0.8625712765558609,0.8808648894334902,256,123550
noised_data,error,adjacent_patches,0.95,R-P,squared_l2_mean,0.7658689275849611,0.7497656672916492,0.781551734021923,256,123550
noised_data,error,adjacent_patches,0.95,R-R,cosine,0.38437653372238856,0.36788361882427123,0.3998786510375794,256,61087
noised_data,error,adjacent_patches,0.95,R-R,l1,0.6534612118557561,0.6431846010687877,0.6628813192408416,256,61087
noised_data,error,adjacent_patches,0.95,R-R,rmse,0.8732074894215128,0.8628451362028732,0.8832976827555907,256,61087
noised_data,error,adjacent_patches,0.95,R-R,squared_l2_mean,0.7703356781275943,0.7521785887904116,0.7878639641960035,256,61087
noised_data,error,all_pairs,0.05,P-P,cosine,0.0008635325030761365,0.0003437257107542058,0.0015212784759111684,256,4161536
noised_data,error,all_pairs,0.05,P-P,l1,1.115331312525086,1.1064448147284565,1.123052997191553,256,4161536
noised_data,error,all_pairs,0.05,P-P,rmse,1.4005066009014029,1.3903962986201728,1.4096165132273577,256,4161536
noised_data,error,all_pairs,0.05,P-P,squared_l2_mean,1.967382331378758,1.9408105522918049,1.9898863984359194,256,4161536
noised_data,error,all_pairs,0.05,R-P,cosine,0.000668175073343491,0.0001432509594742726,0.0014648886630972402,256,8388608
noised_data,error,all_pairs,0.05,R-P,l1,1.116346574446652,1.107345459422504,1.1241246940451675,256,8388608
noised_data,error,all_pairs,0.05,R-P,rmse,1.4019335637861041,1.3915888992658603,1.4106561960811406,256,8388608
noised_data,error,all_pairs,0.05,R-P,squared_l2_mean,1.9714818655047566,1.9475675637542735,1.9928121929231566,256,8388608
noised_data,error,all_pairs,0.05,R-R,cosine,0.0009975696578798932,0.00030508070064927395,0.0018938842202291804,256,4161536
noised_data,error,all_pairs,0.05,R-R,l1,1.1170388943282887,1.107019845326431,1.1250858767540195,256,4161536
noised_data,error,all_pairs,0.05,R-R,rmse,1.402811505230051,1.3924613474312122,1.4121379011928874,256,4161536
noised_data,error,all_pairs,0.05,R-R,squared_l2_mean,1.9746342568541877,1.9482655429514124,1.9982809380104298,256,4161536
noised_data,error,all_pairs,0.15,P-P,cosine,0.0019434039381174273,0.0012096601335112034,0.003010213943704087,256,4161536
noised_data,error,all_pairs,0.15,P-P,l1,1.044589709257707,1.0318891206756233,1.056646345561603,256,4161536
noised_data,error,all_pairs,0.15,P-P,rmse,1.317987959015526,1.3032943337091325,1.3319281824884774,256,4161536
noised_data,error,all_pairs,0.15,P-P,squared_l2_mean,1.7513200910761952,1.7146271440462442,1.7865191065589896,256,4161536
noised_data,error,all_pairs,0.15,R-P,cosine,0.0017984724459552126,0.0009894513845011943,0.0029299866120709324,256,8388608
noised_data,error,all_pairs,0.15,R-P,l1,1.0461977762170136,1.0322733779787086,1.0581719472596887,256,8388608
noised_data,error,all_pairs,0.15,R-P,rmse,1.320068549609069,1.305162315689089,1.3336034601778424,256,8388608
noised_data,error,all_pairs,0.15,R-P,squared_l2_mean,1.7569359641056508,1.7226331696845592,1.7921937687759055,256,8388608
noised_data,error,all_pairs,0.15,R-R,cosine,0.0022532703872188975,0.0012293483645183568,0.0036612647404762103,256,4161536
noised_data,error,all_pairs,0.15,R-R,l1,1.0474918814725243,1.033700364040851,1.0598418312700233,256,4161536
noised_data,error,all_pairs,0.15,R-R,rmse,1.3215188078430966,1.3072142845951005,1.3355857373314275,256,4161536
noised_data,error,all_pairs,0.15,R-R,squared_l2_mean,1.7615788760012947,1.7222929841416772,1.7977306580432924,256,4161536
noised_data,error,all_pairs,0.3,P-P,cosine,0.0037014570860236518,0.0027352248678099043,0.004868896696532231,256,4161536
noised_data,error,all_pairs,0.3,P-P,l1,0.9903058728086762,0.9739793411776191,1.0047913134098052,256,4161536
noised_data,error,all_pairs,0.3,P-P,rmse,1.2584223755013082,1.2412265587370162,1.2761232428829523,256,4161536
noised_data,error,all_pairs,0.3,P-P,squared_l2_mean,1.6054265824495815,1.5628422016656258,1.6482737132027978,256,4161536
noised_data,error,all_pairs,0.3,R-P,cosine,0.003653499219751666,0.0025761668775587054,0.00501731886955099,256,8388608
noised_data,error,all_pairs,0.3,R-P,l1,0.9915279528941028,0.9752355582037125,1.0066765921437764,256,8388608
noised_data,error,all_pairs,0.3,R-P,rmse,1.260240167977077,1.2416269442483714,1.2784732572195294,256,8388608
noised_data,error,all_pairs,0.3,R-P,squared_l2_mean,1.610037317383103,1.5668025422579377,1.6560957532172325,256,8388608
noised_data,error,all_pairs,0.3,R-R,cosine,0.004162187595969424,0.0028206277543956658,0.005926315820393354,256,4161536
noised_data,error,all_pairs,0.3,R-R,l1,0.9924666659790091,0.9770981840905734,1.0071888101680089,256,4161536
noised_data,error,all_pairs,0.3,R-R,rmse,1.2613553311778654,1.2432221639470806,1.2798039702702313,256,4161536
noised_data,error,all_pairs,0.3,R-R,squared_l2_mean,1.6138182816794142,1.5702864391743787,1.6587721420801245,256,4161536
noised_data,error,all_pairs,0.5,P-P,cosine,0.007848344246736527,0.0063094157472148304,0.010016658273856793,256,4161536
noised_data,error,all_pairs,0.5,P-P,l1,0.9561838462832384,0.9402213268491323,0.9713236696523382,256,4161536
noised_data,error,all_pairs,0.5,P-P,rmse,1.2210428521462966,1.2023870782285762,1.2396173933587253,256,4161536
noised_data,error,all_pairs,0.5,P-P,squared_l2_mean,1.5132513978751376,1.4717371200938942,1.5547088924242416,256,4161536
noised_data,error,all_pairs,0.5,R-P,cosine,0.008022291074752275,0.0063001645838483,0.01025321985374816,256,8388608
noised_data,error,all_pairs,0.5,R-P,l1,0.9566887434921227,0.9400442847996601,0.972693896992132,256,8388608
noised_data,error,all_pairs,0.5,R-P,rmse,1.222136426097404,1.204149340278749,1.2399731805887801,256,8388608
noised_data,error,all_pairs,0.5,R-P,squared_l2_mean,1.5156419171835296,1.4718202815129189,1.5576800844370156,256,8388608
noised_data,error,all_pairs,0.5,R-R,cosine,0.008294415119824095,0.006329786549534688,0.010978795532771273,256,4161536
noised_data,error,all_pairs,0.5,R-R,l1,0.9570352051523514,0.9410700494743651,0.972865310870111,256,4161536
noised_data,error,all_pairs,0.5,R-R,rmse,1.2226552190157502,1.2037962033587355,1.2415956933828938,256,4161536
noised_data,error,all_pairs,0.5,R-R,squared_l2_mean,1.5177052832441404,1.475697139382828,1.5602513907739195,256,4161536
noised_data,error,all_pairs,0.7,P-P,cosine,0.02040427724752547,0.017539578948570878,0.023739935002861576,256,4161536
noised_data,error,all_pairs,0.7,P-P,l1,0.8985173630644567,0.8850420237620711,0.9110371554983431,256,4161536
noised_data,error,all_pairs,0.7,P-P,rmse,1.150374047799038,1.135778451620831,1.1638219471563123,256,4161536
noised_data,error,all_pairs,0.7,P-P,squared_l2_mean,1.3380844775238074,1.3050921927759191,1.3692747556589893,256,4161536
noised_data,error,all_pairs,0.7,R-P,cosine,0.02053016566912902,0.017466971218087223,0.02421704944446503,256,8388608
noised_data,error,all_pairs,0.7,R-P,l1,0.897832480724901,0.8840568369982066,0.9104938265663804,256,8388608
noised_data,error,all_pairs,0.7,R-P,rmse,1.149609304264423,1.1341213263348313,1.1641654902619838,256,8388608
noised_data,error,all_pairs,0.7,R-P,squared_l2_mean,1.3361810100032017,1.3012749246743625,1.3659597332167324,256,8388608
noised_data,error,all_pairs,0.7,R-R,cosine,0.020385692584206083,0.017326743569262604,0.024641949809694624,256,4161536
noised_data,error,all_pairs,0.7,R-R,l1,0.8972812722204253,0.8832177635471453,0.9102900233541732,256,4161536
noised_data,error,all_pairs,0.7,R-R,rmse,1.148421131012543,1.1335712157774376,1.1632645469250344,256,4161536
noised_data,error,all_pairs,0.7,R-R,squared_l2_mean,1.3346244214335456,1.2996385776263195,1.3670910610380815,256,4161536
noised_data,error,all_pairs,0.85,P-P,cosine,0.0523796568634225,0.046909299519737144,0.05804144252930428,256,4161536
noised_data,error,all_pairs,0.85,P-P,l1,0.8560541504994035,0.8453638006030815,0.8661447469086851,256,4161536
noised_data,error,all_pairs,0.85,P-P,rmse,1.0986863401930254,1.0870861791817896,1.1105682797172043,256,4161536
noised_data,error,all_pairs,0.85,P-P,squared_l2_mean,1.216828951612115,1.1926682785269804,1.2420501886866986,256,4161536
noised_data,error,all_pairs,0.85,R-P,cosine,0.05280111480294636,0.047215544560293664,0.05850977112375801,256,8388608
noised_data,error,all_pairs,0.85,R-P,l1,0.8546951199532486,0.8442804536025506,0.8651309712600778,256,8388608
noised_data,error,all_pairs,0.85,R-P,rmse,1.0973107968911768,1.0858619274596204,1.1093450152790412,256,8388608
noised_data,error,all_pairs,0.85,R-P,squared_l2_mean,1.2131813026499003,1.1875860756408656,1.237243456460419,256,8388608
noised_data,error,all_pairs,0.85,R-R,cosine,0.05286785870215738,0.04682815615074674,0.059536651009950245,256,4161536
noised_data,error,all_pairs,0.85,R-R,l1,0.8534919830854051,0.8428547037983662,0.8638649739776156,256,4161536
noised_data,error,all_pairs,0.85,R-R,rmse,1.0954100223959857,1.0831999190307513,1.10730543298692,256,4161536
noised_data,error,all_pairs,0.85,R-R,squared_l2_mean,1.2101224224898033,1.1841126474391785,1.2361745296235314,256,4161536
noised_data,error,all_pairs,0.95,P-P,cosine,0.11887486695798088,0.10602761071021405,0.13209315307149153,256,4161536
noised_data,error,all_pairs,0.95,P-P,l1,0.828796245099511,0.8185047375212889,0.8389500880788546,256,4161536
noised_data,error,all_pairs,0.95,P-P,rmse,1.0648416036821904,1.0517464722455978,1.0772107290918873,256,4161536
noised_data,error,all_pairs,0.95,P-P,squared_l2_mean,1.1454242584877647,1.1182133260022966,1.1717575219779974,256,4161536
noised_data,error,all_pairs,0.95,R-P,cosine,0.11921273390544229,0.10630360012603432,0.1322124053316429,256,8388608
noised_data,error,all_pairs,0.95,R-P,l1,0.827593774010893,0.81699093272764,0.8383422438244452,256,8388608
noised_data,error,all_pairs,0.95,R-P,rmse,1.063829590577484,1.0514883615047679,1.0764226162013595,256,8388608
noised_data,error,all_pairs,0.95,R-P,squared_l2_mean,1.1427253349102102,1.1167948103757226,1.1700621258365573,256,8388608
noised_data,error,all_pairs,0.95,R-R,cosine,0.11925222322531681,0.10644043395067797,0.1322069871330143,256,4161536
noised_data,error,all_pairs,0.95,R-R,l1,0.8264779527671635,0.8160965119866888,0.8371598469588207,256,4161536
noised_data,error,all_pairs,0.95,R-R,rmse,1.06230652937594,1.0496406337718338,1.0754517174259255,256,4161536
noised_data,error,all_pairs,0.95,R-R,squared_l2_mean,1.140548805182334,1.113123898822232,1.1694978420680855,256,4161536
noised_data,error,boundary_pixels,0.05,P-P,cosine,0.005988948455240006,0.0026031849435682376,0.009340974350794794,256,122246
noised_data,error,boundary_pixels,0.05,P-P,l1,1.1127410079352558,1.1032925501873252,1.120821224557585,256,122246
noised_data,error,boundary_pixels,0.05,P-P,rmse,1.3998975391971828,1.3905424516854445,1.408461361403732,256,122246
noised_data,error,boundary_pixels,0.05,P-P,squared_l2_mean,1.9655309029622003,1.9420424733281834,1.988249417298357,256,122246
noised_data,error,boundary_pixels,0.05,R-P,cosine,0.0022371018496745165,-0.0007592451806759382,0.005450459631296576,256,247100
noised_data,error,boundary_pixels,0.05,R-P,l1,1.1153092173626646,1.1047321251942777,1.12435306366242,256,247100
noised_data,error,boundary_pixels,0.05,R-P,rmse,1.4034878346742268,1.393191826605172,1.4124893565188528,256,247100
noised_data,error,boundary_pixels,0.05,R-P,squared_l2_mean,1.9761331168701872,1.9497662828303874,1.998728979198495,256,247100
noised_data,error,boundary_pixels,0.05,R-R,cosine,0.004037196166251533,1.2789262378021284e-05,0.008256156416091894,256,122174
noised_data,error,boundary_pixels,0.05,R-R,l1,1.114066731533967,1.1025042783381651,1.123737585003255,256,122174
noised_data,error,boundary_pixels,0.05,R-R,rmse,1.4029796852256113,1.3925901730169516,1.4123877363535084,256,122174
noised_data,error,boundary_pixels,0.05,R-R,squared_l2_mean,1.9761150774429552,1.9492859254780341,2.0020410917699336,256,122174
noised_data,error,boundary_pixels,0.15,P-P,cosine,0.017205326335243853,0.0126966427381781,0.021976249479833142,256,122246
noised_data,error,boundary_pixels,0.15,P-P,l1,1.034375029266812,1.0204137815977448,1.047036900150124,256,122246
noised_data,error,boundary_pixels,0.15,P-P,rmse,1.3128359647309558,1.2981044062829805,1.3269154418218037,256,122246
noised_data,error,boundary_pixels,0.15,P-P,squared_l2_mean,1.7377254176535644,1.7021000038119383,1.772836244823702,256,122246
noised_data,error,boundary_pixels,0.15,R-P,cosine,0.01239228686297622,0.008372155392994074,0.01687992742554165,256,247100
noised_data,error,boundary_pixels,0.15,R-P,l1,1.039155236503575,1.025350233084464,1.0522672187027637,256,247100
noised_data,error,boundary_pixels,0.15,R-P,rmse,1.3186442785232488,1.3035225173377385,1.3334498768209255,256,247100
noised_data,error,boundary_pixels,0.15,R-P,squared_l2_mean,1.753596083552111,1.7184105126463691,1.7896648442430887,256,247100
noised_data,error,boundary_pixels,0.15,R-R,cosine,0.01472573052545556,0.009850023358216475,0.020491350997381724,256,122174
noised_data,error,boundary_pixels,0.15,R-R,l1,1.0391728003742173,1.0247760317550274,1.052096522570355,256,122174
noised_data,error,boundary_pixels,0.15,R-R,rmse,1.3183834159727519,1.3028376954445982,1.3335068781247947,256,122174
noised_data,error,boundary_pixels,0.15,R-R,squared_l2_mean,1.7543720123067033,1.7164684399169345,1.7901987447214196,256,122174
noised_data,error,boundary_pixels,0.3,P-P,cosine,0.029246504622307157,0.02330371446701136,0.035872668122953394,256,122246
noised_data,error,boundary_pixels,0.3,P-P,l1,0.9725298776756972,0.9551232584912214,0.9881325030393782,256,122246
noised_data,error,boundary_pixels,0.3,P-P,rmse,1.250095089515895,1.2317101843019036,1.2675986074972079,256,122246
noised_data,error,boundary_pixels,0.3,P-P,squared_l2_mean,1.5853974457131699,1.5424762718233977,1.6277268207355517,256,122246
noised_data,error,boundary_pixels,0.3,R-P,cosine,0.02569366849547805,0.020149535470416424,0.03174454326246803,256,247100
noised_data,error,boundary_pixels,0.3,R-P,l1,0.9756241702416446,0.9592677309883584,0.9916653866595879,256,247100
noised_data,error,boundary_pixels,0.3,R-P,rmse,1.2536992107342062,1.2354627981757038,1.2711149597110472,256,247100
noised_data,error,boundary_pixels,0.3,R-P,squared_l2_mean,1.5944586264085956,1.5488520018741838,1.6371598832251038,256,247100
noised_data,error,boundary_pixels,0.3,R-R,cosine,0.029842768043472745,0.023403435497205118,0.03669941445218541,256,122174
noised_data,error,boundary_pixels,0.3,R-R,l1,0.9761011602822691,0.958447357134719,0.9932951978466008,256,122174
noised_data,error,boundary_pixels,0.3,R-R,rmse,1.2542574868907175,1.2354328550051834,1.2735861982292283,256,122174
noised_data,error,boundary_pixels,0.3,R-R,squared_l2_mean,1.5976570898783393,1.5554828227701365,1.6428362146340076,256,122174
noised_data,error,boundary_pixels,0.5,P-P,cosine,0.06629762123503724,0.05862641792666494,0.0744897592242026,256,122246
noised_data,error,boundary_pixels,0.5,P-P,l1,0.9177791569672991,0.9000859016778122,0.9344780054649163,256,122246
noised_data,error,boundary_pixels,0.5,P-P,rmse,1.19149578883461,1.1734025669768118,1.209208105831319,256,122246
noised_data,error,boundary_pixels,0.5,P-P,squared_l2_mean,1.4420896176598035,1.399613409070298,1.480533584013756,256,122246
noised_data,error,boundary_pixels,0.5,R-P,cosine,0.06507706423155923,0.057708650446235764,0.07301740284353143,256,247100
noised_data,error,boundary_pixels,0.5,R-P,l1,0.9181409743905533,0.9012494073082052,0.935370797952055,256,247100
noised_data,error,boundary_pixels,0.5,R-P,rmse,1.1913916258941826,1.1731493492888145,1.2095655747458383,256,247100
noised_data,error,boundary_pixels,0.5,R-P,squared_l2_mean,1.4414975651889108,1.3988200350053375,1.4809148707921849,256,247100
noised_data,error,boundary_pixels,0.5,R-R,cosine,0.06916450897369941,0.06071706749655448,0.0785081407163375,256,122174
noised_data,error,boundary_pixels,0.5,R-R,l1,0.9190374962927308,0.9004459847448743,0.9372142495616572,256,122174
noised_data,error,boundary_pixels,0.5,R-R,rmse,1.1929710855277558,1.1746381629979805,1.2097323574196925,256,122174
noised_data,error,boundary_pixels,0.5,R-R,squared_l2_mean,1.447208151454106,1.4067606920187246,1.4879862848945777,256,122174
noised_data,error,boundary_pixels,0.7,P-P,cosine,0.16811252679013933,0.15726404222130413,0.17922263593342508,256,122246
noised_data,error,boundary_pixels,0.7,P-P,l1,0.8101763052982278,0.795845340998494,0.8234791148090153,256,122246
noised_data,error,boundary_pixels,0.7,P-P,rmse,1.0571959391418084,1.0424983993053027,1.071734304128701,256,122246
noised_data,error,boundary_pixels,0.7,P-P,squared_l2_mean,1.1322805025847629,1.1039288706888328,1.161064399506722,256,122246
noised_data,error,boundary_pixels,0.7,R-P,cosine,0.16827179444408102,0.15759639197110573,0.17991249117314964,256,247100
noised_data,error,boundary_pixels,0.7,R-P,l1,0.8086691338394303,0.7948897155452869,0.822720020077395,256,247100
noised_data,error,boundary_pixels,0.7,R-P,rmse,1.054490069202238,1.0395312855603225,1.068975823419637,256,247100
noised_data,error,boundary_pixels,0.7,R-P,squared_l2_mean,1.126628091733437,1.0977886523600318,1.1576205153760384,256,247100
noised_data,error,boundary_pixels,0.7,R-R,cosine,0.16912413897686918,0.15710653716007705,0.18092450429478504,256,122174
noised_data,error,boundary_pixels,0.7,R-R,l1,0.8091453425586224,0.7932980265992228,0.8239903255263925,256,122174
noised_data,error,boundary_pixels,0.7,R-R,rmse,1.0559776927657878,1.0404966585857733,1.0710932143041163,256,122174
noised_data,error,boundary_pixels,0.7,R-R,squared_l2_mean,1.1316669228835963,1.1011960345727858,1.1605688978881517,256,122174
noised_data,error,boundary_pixels,0.85,P-P,cosine,0.30487722326779476,0.2901220936834534,0.3199329424351163,256,122246
noised_data,error,boundary_pixels,0.85,P-P,l1,0.7038745517784264,0.692173885039665,0.7150125791042228,256,122246
noised_data,error,boundary_pixels,0.85,P-P,rmse,0.9249216242405478,0.9135714198939247,0.9355667819032363,256,122246
noised_data,error,boundary_pixels,0.85,P-P,squared_l2_mean,0.8647252704831772,0.844556056203146,0.8846713920633192,256,122246
noised_data,error,boundary_pixels,0.85,R-P,cosine,0.3052763484647585,0.2912654843756627,0.3200564964134628,256,247100
noised_data,error,boundary_pixels,0.85,R-P,l1,0.7021180053125136,0.6904728473164141,0.7137028434299282,256,247100
noised_data,error,boundary_pixels,0.85,R-P,rmse,0.9217966956131809,0.9106998500315096,0.9332659523108044,256,247100
noised_data,error,boundary_pixels,0.85,R-P,squared_l2_mean,0.8589184998127166,0.8376986286421015,0.8807924259308493,256,247100
noised_data,error,boundary_pixels,0.85,R-R,cosine,0.30402263318592304,0.2888121798551765,0.3196774576168309,256,122174
noised_data,error,boundary_pixels,0.85,R-R,l1,0.7024795799225103,0.6907298433485266,0.714245852847671,256,122174
noised_data,error,boundary_pixels,0.85,R-R,rmse,0.9232440565545481,0.9108322740248015,0.9349796108484651,256,122174
noised_data,error,boundary_pixels,0.85,R-R,squared_l2_mean,0.8632230146613438,0.8421868712866853,0.884664069180144,256,122174
noised_data,error,boundary_pixels,0.95,P-P,cosine,0.4116699318474275,0.39453720360834266,0.42879811646271265,256,122246
noised_data,error,boundary_pixels,0.95,P-P,l1,0.6353722476051189,0.6249896629466093,0.6451369802816771,256,122246
noised_data,error,boundary_pixels,0.95,P-P,rmse,0.83723271593375,0.8279087054561841,0.8465393310645176,256,122246
noised_data,error,boundary_pixels,0.95,P-P,squared_l2_mean,0.708258773694979,0.6931171020092733,0.723976366064744,256,122246
noised_data,error,boundary_pixels,0.95,R-P,cosine,0.41220399748999625,0.394363751255878,0.43033202485639777,256,247100
noised_data,error,boundary_pixels,0.95,R-P,l1,0.6334610116609838,0.6226136691242573,0.6442505241728214,256,247100
noised_data,error,boundary_pixels,0.95,R-P,rmse,0.8340423973083642,0.8236633917184832,0.8445245441993802,256,247100
noised_data,error,boundary_pixels,0.95,R-P,squared_l2_mean,0.7028641969955061,0.6852126547637454,0.719368186702195,256,247100
noised_data,error,boundary_pixels,0.95,R-R,cosine,0.4106200150999939,0.39180070478068957,0.42886894914045115,256,122174
noised_data,error,boundary_pixels,0.95,R-R,l1,0.6339924005878856,0.6233186904184549,0.6445877175468923,256,122174
noised_data,error,boundary_pixels,0.95,R-R,rmse,0.8359453668773341,0.8249197848605114,0.846042514774824,256,122174
noised_data,error,boundary_pixels,0.95,R-R,squared_l2_mean,0.7074108364904532,0.6901435565552674,0.7244579321530181,256,122174
noised_data,error,distance_1_to_2,0.05,P-P,cosine,0.0033719860292258375,0.0014659085635789105,0.005623347483553413,256,175768
noised_data,error,distance_1_to_2,0.05,P-P,l1,1.115110388433095,1.106021070679708,1.1230742816536803,256,175768
noised_data,error,distance_1_to_2,0.05,P-P,rmse,1.4021336482646172,1.3929284195637013,1.410191290643744,256,175768
noised_data,error,distance_1_to_2,0.05,P-P,squared_l2_mean,1.9714226083597168,1.946830457582837,1.9918283040431561,256,175768
noised_data,error,distance_1_to_2,0.05,R-P,cosine,0.003772775478680046,0.0018199058482792907,0.006364221935667301,256,354178
noised_data,error,distance_1_to_2,0.05,R-P,l1,1.115732122969348,1.106301707259263,1.1238082592346472,256,354178
noised_data,error,distance_1_to_2,0.05,R-P,rmse,1.403306297923721,1.3933274947102365,1.4119687461134052,256,354178
noised_data,error,distance_1_to_2,0.05,R-P,squared_l2_mean,1.9751280695199966,1.9504774214525242,1.996652719337726,256,354178
noised_data,error,distance_1_to_2,0.05,R-R,cosine,0.003384746580227471,0.0011388046058275591,0.0058667049205082455,256,175590
noised_data,error,distance_1_to_2,0.05,R-R,l1,1.116267304169014,1.1058133283630014,1.125061848378391,256,175590
noised_data,error,distance_1_to_2,0.05,R-R,rmse,1.4040434628288798,1.3931617599448467,1.413180938261484,256,175590
noised_data,error,distance_1_to_2,0.05,R-R,squared_l2_mean,1.978189793007914,1.9531801751931197,2.001391292962944,256,175590
noised_data,error,distance_1_to_2,0.15,P-P,cosine,0.012638793862535636,0.010132647573537313,0.01555140030475499,256,175768
noised_data,error,distance_1_to_2,0.15,P-P,l1,1.0395562159828842,1.0257380257302429,1.0519574461402954,256,175768
noised_data,error,distance_1_to_2,0.15,P-P,rmse,1.3160631341461626,1.3013786072149511,1.329459422417119,256,175768
noised_data,error,distance_1_to_2,0.15,P-P,squared_l2_mean,1.745720190810971,1.7105984878871823,1.780128164292546,256,175768
noised_data,error,distance_1_to_2,0.15,R-P,cosine,0.012756308381343118,0.01021621115304865,0.01591686614639758,256,354178
noised_data,error,distance_1_to_2,0.15,R-P,l1,1.0412709238007665,1.0270449544361326,1.0544350490497891,256,354178
noised_data,error,distance_1_to_2,0.15,R-P,rmse,1.3185006564401462,1.3039285742058322,1.3328064038924874,256,354178
noised_data,error,distance_1_to_2,0.15,R-P,squared_l2_mean,1.7525891596451402,1.716210515482817,1.788737753892201,256,354178
noised_data,error,distance_1_to_2,0.15,R-R,cosine,0.012430209216638843,0.00958281258278788,0.016073049487452095,256,175590
noised_data,error,distance_1_to_2,0.15,R-R,l1,1.0424228130141273,1.0293551231588935,1.0554347073979442,256,175590
noised_data,error,distance_1_to_2,0.15,R-R,rmse,1.3199622835968272,1.3047348662129674,1.3343814617439202,256,175590
noised_data,error,distance_1_to_2,0.15,R-R,squared_l2_mean,1.757608181447722,1.718175939406501,1.7941924088896486,256,175590
noised_data,error,distance_1_to_2,0.3,P-P,cosine,0.02588084508912658,0.022800292194319737,0.02925302561507692,256,175768
noised_data,error,distance_1_to_2,0.3,P-P,l1,0.9785393646452576,0.9626129912867327,0.9942078620442771,256,175768
noised_data,error,distance_1_to_2,0.3,P-P,rmse,1.2519678013856002,1.2342084627933203,1.2694864244995192,256,175768
noised_data,error,distance_1_to_2,0.3,P-P,squared_l2_mean,1.5888583316118456,1.5481082198341027,1.632958707481157,256,175768
noised_data,error,distance_1_to_2,0.3,R-P,cosine,0.026088959806607193,0.022998702918509827,0.029584623521901676,256,354178
noised_data,error,distance_1_to_2,0.3,R-P,l1,0.9797875892254524,0.9641697055645636,0.9963551359396661,256,354178
noised_data,error,distance_1_to_2,0.3,R-P,rmse,1.2540826739338353,1.23509803124676,1.2717381213630945,256,354178
noised_data,error,distance_1_to_2,0.3,R-P,squared_l2_mean,1.5943075882387348,1.5515087776700967,1.6365942448639543,256,354178
noised_data,error,distance_1_to_2,0.3,R-R,cosine,0.026082876590609594,0.022322348577758788,0.030203514951926344,256,175590
noised_data,error,distance_1_to_2,0.3,R-R,l1,0.9806963918963447,0.9646583256951999,0.996442862515687,256,175590
noised_data,error,distance_1_to_2,0.3,R-R,rmse,1.2552867622925454,1.2362258208150008,1.273769429973703,256,175590
noised_data,error,distance_1_to_2,0.3,R-R,squared_l2_mean,1.5987759085546713,1.5545857698532928,1.6410224775092501,256,175590
noised_data,error,distance_1_to_2,0.5,P-P,cosine,0.05222802611046973,0.04825670739695056,0.056725031737300924,256,175768
noised_data,error,distance_1_to_2,0.5,P-P,l1,0.9312452336307615,0.9153687904428807,0.9465545120299794,256,175768
noised_data,error,distance_1_to_2,0.5,P-P,rmse,1.2036420746458978,1.185145218468862,1.2206025717516824,256,175768
noised_data,error,distance_1_to_2,0.5,P-P,squared_l2_mean,1.4705189803498797,1.4297474191655055,1.5110847999094403,256,175768
noised_data,error,distance_1_to_2,0.5,R-P,cosine,0.05278148957660278,0.04855438952126008,0.057647622228954275,256,354178
noised_data,error,distance_1_to_2,0.5,R-P,l1,0.9320913685951382,0.9149298313874169,0.9476526068639941,256,354178
noised_data,error,distance_1_to_2,0.5,R-P,rmse,1.2053858143164176,1.1870139904362567,1.222464230358674,256,354178
noised_data,error,distance_1_to_2,0.5,R-P,squared_l2_mean,1.4743964541121386,1.4335140951196081,1.515058643183147,256,354178
noised_data,error,distance_1_to_2,0.5,R-R,cosine,0.051993258421717314,0.04709829877192284,0.05742594371322589,256,175590
noised_data,error,distance_1_to_2,0.5,R-R,l1,0.9324133580958005,0.9153147788267233,0.9493098722654395,256,175590
noised_data,error,distance_1_to_2,0.5,R-R,rmse,1.2061699259339131,1.1888564741259686,1.2246197783394572,256,175590
noised_data,error,distance_1_to_2,0.5,R-R,squared_l2_mean,1.4778951001062524,1.4365731436482747,1.5200764472290758,256,175590
noised_data,error,distance_1_to_2,0.7,P-P,cosine,0.1138888487157601,0.10796836626120694,0.12035005847794764,256,175768
noised_data,error,distance_1_to_2,0.7,P-P,l1,0.8467991318902932,0.8332950036798138,0.8601394633427845,256,175768
noised_data,error,distance_1_to_2,0.7,P-P,rmse,1.104649509927194,1.0906469959207181,1.1186931884194034,256,175768
noised_data,error,distance_1_to_2,0.7,P-P,squared_l2_mean,1.2344561513746157,1.2053145589961787,1.2652590112949837,256,175768
noised_data,error,distance_1_to_2,0.7,R-P,cosine,0.11491874028070015,0.10865325690228929,0.12188836296163572,256,354178
noised_data,error,distance_1_to_2,0.7,R-P,l1,0.8464293517172337,0.8323734678910114,0.8596828448105953,256,354178
noised_data,error,distance_1_to_2,0.7,R-P,rmse,1.1043950136869678,1.089734714284959,1.1179105805600396,256,354178
noised_data,error,distance_1_to_2,0.7,R-P,squared_l2_mean,1.233408501779195,1.2034312659772695,1.2638470139776472,256,354178
noised_data,error,distance_1_to_2,0.7,R-R,cosine,0.11422666816133642,0.10748007726984951,0.12173340395339664,256,175590
noised_data,error,distance_1_to_2,0.7,R-R,l1,0.8454466565453913,0.8308629128128814,0.8598178599684616,256,175590
noised_data,error,distance_1_to_2,0.7,R-R,rmse,1.1028212860778044,1.088331144457138,1.1177943065780893,256,175590
noised_data,error,distance_1_to_2,0.7,R-R,squared_l2_mean,1.2318958757678047,1.2017104450016631,1.2640880307517364,256,175590
noised_data,error,distance_1_to_2,0.85,P-P,cosine,0.22137459032819606,0.2118803893123186,0.2309311770584827,256,175768
noised_data,error,distance_1_to_2,0.85,P-P,l1,0.759652899520006,0.7491745819701464,0.7698099929941236,256,175768
noised_data,error,distance_1_to_2,0.85,P-P,rmse,1.0016751257678065,0.9909893411660293,1.0125364709751168,256,175768
noised_data,error,distance_1_to_2,0.85,P-P,squared_l2_mean,1.0118978978134692,0.9894796978129307,1.0334099328145385,256,175768
noised_data,error,distance_1_to_2,0.85,R-P,cosine,0.221596635892638,0.21235376819404336,0.2314845828625039,256,354178
noised_data,error,distance_1_to_2,0.85,R-P,l1,0.7590555555652827,0.7484300763142528,0.7695093144691781,256,354178
noised_data,error,distance_1_to_2,0.85,R-P,rmse,1.0008853374436333,0.9902024935619695,1.0116318918599219,256,354178
noised_data,error,distance_1_to_2,0.85,R-P,squared_l2_mean,1.0093991839676164,0.9889450116170337,1.0292965690459823,256,354178
noised_data,error,distance_1_to_2,0.85,R-R,cosine,0.22095724168320885,0.21114387937595894,0.23119435867774882,256,175590
noised_data,error,distance_1_to_2,0.85,R-R,l1,0.7579066000762396,0.746597120554361,0.7686734285307466,256,175590
noised_data,error,distance_1_to_2,0.85,R-R,rmse,0.9988340259720296,0.987483588488429,1.0100462300505804,256,175590
noised_data,error,distance_1_to_2,0.85,R-R,squared_l2_mean,1.006902710068971,0.9851727292174474,1.0287320727511542,256,175590
noised_data,error,distance_1_to_2,0.95,P-P,cosine,0.32830561031005345,0.3138121139953,0.34318898109922885,256,175768
noised_data,error,distance_1_to_2,0.95,P-P,l1,0.6935664549237117,0.6841215267588268,0.7022262920479988,256,175768
noised_data,error,distance_1_to_2,0.95,P-P,rmse,0.919260601662369,0.9093233361539135,0.9288348225317111,256,175768
noised_data,error,distance_1_to_2,0.95,P-P,squared_l2_mean,0.8519814496394247,0.8348637108239927,0.8694657736414229,256,175768
noised_data,error,distance_1_to_2,0.95,R-P,cosine,0.3281099054584047,0.3133132680421113,0.3421171637117368,256,354178
noised_data,error,distance_1_to_2,0.95,R-P,l1,0.6931491911527701,0.6840835334704025,0.7027468718923047,256,354178
noised_data,error,distance_1_to_2,0.95,R-P,rmse,0.9190342742219597,0.9096024509190634,0.9283389536393101,256,354178
noised_data,error,distance_1_to_2,0.95,R-P,squared_l2_mean,0.8508001766749658,0.8334019207133678,0.8684677790573915,256,354178
noised_data,error,distance_1_to_2,0.95,R-R,cosine,0.3276219351828331,0.31193855638848617,0.34268863345423595,256,175590
noised_data,error,distance_1_to_2,0.95,R-R,l1,0.6923340552020818,0.6825232746559777,0.7019596194048063,256,175590
noised_data,error,distance_1_to_2,0.95,R-R,rmse,0.9180094610608933,0.9078599298465757,0.9278210738168134,256,175590
noised_data,error,distance_1_to_2,0.95,R-R,squared_l2_mean,0.8503845687373541,0.8325044140117825,0.8687172250385629,256,175590
noised_data,error,distance_2_to_6,0.05,P-P,cosine,0.0010252854440420123,0.00030787538834311514,0.0018531017315065674,256,1111458
noised_data,error,distance_2_to_6,0.05,P-P,l1,1.119103782926686,1.111062092654174,1.125970389478607,256,1111458
noised_data,error,distance_2_to_6,0.05,P-P,rmse,1.4051863525362203,1.3965566052263414,1.413063695677432,256,1111458
noised_data,error,distance_2_to_6,0.05,P-P,squared_l2_mean,1.9793618135154247,1.9567291829182067,2.001337385439547,256,1111458
noised_data,error,distance_2_to_6,0.05,R-P,cosine,0.0005623231787055261,-9.621309860925464e-05,0.0014057736348211058,256,2237164
noised_data,error,distance_2_to_6,0.05,R-P,l1,1.1204036115668714,1.112365565879736,1.1277038433443523,256,2237164
noised_data,error,distance_2_to_6,0.05,R-P,rmse,1.407021250790602,1.3975693872931672,1.4149863395051978,256,2237164
noised_data,error,distance_2_to_6,0.05,R-P,squared_l2_mean,1.9845353229902685,1.9629881947883405,2.005481463979231,256,2237164
noised_data,error,distance_2_to_6,0.05,R-R,cosine,0.0012299233027464052,0.0003865300528092475,0.0022503258471406372,256,1106802
noised_data,error,distance_2_to_6,0.05,R-R,l1,1.1208121966337785,1.1119260928448056,1.1283691526477924,256,1106802
noised_data,error,distance_2_to_6,0.05,R-R,rmse,1.4075207987343874,1.3975379466035407,1.4155813016280818,256,1106802
noised_data,error,distance_2_to_6,0.05,R-R,squared_l2_mean,1.9865737124346197,1.9634550999908242,2.0080496417183893,256,1106802
noised_data,error,distance_2_to_6,0.15,P-P,cosine,0.0024071594801071683,0.0014748525757362074,0.003518954681824659,256,1111458
noised_data,error,distance_2_to_6,0.15,P-P,l1,1.0507215075194836,1.03885111961863,1.0620443543914007,256,1111458
noised_data,error,distance_2_to_6,0.15,P-P,rmse,1.3258095007181057,1.3125240134036673,1.3394681764297194,256,1111458
noised_data,error,distance_2_to_6,0.15,P-P,squared_l2_mean,1.7702957189176232,1.7356925985543057,1.8038931055110878,256,1111458
noised_data,error,distance_2_to_6,0.15,R-P,cosine,0.0019298866297132733,0.0010257935542275387,0.003075413653671697,256,2237164
noised_data,error,distance_2_to_6,0.15,R-P,l1,1.052500011632219,1.04018809554982,1.0638541339343646,256,2237164
noised_data,error,distance_2_to_6,0.15,R-P,rmse,1.3282424581546857,1.3140265317453221,1.3417550898400514,256,2237164
noised_data,error,distance_2_to_6,0.15,R-P,squared_l2_mean,1.7767861947068013,1.7447196179127786,1.8096999152330682,256,2237164
noised_data,error,distance_2_to_6,0.15,R-R,cosine,0.002717271950089639,0.0016028607503262293,0.004194948940055451,256,1106802
noised_data,error,distance_2_to_6,0.15,R-R,l1,1.053223422379233,1.0407460830436321,1.0650864506635116,256,1106802
noised_data,error,distance_2_to_6,0.15,R-R,rmse,1.3289837114347902,1.315052214030586,1.3427619573387009,256,1106802
noised_data,error,distance_2_to_6,0.15,R-R,squared_l2_mean,1.7796204513288103,1.7441157743814983,1.8131205981728271,256,1106802
noised_data,error,distance_2_to_6,0.3,P-P,cosine,0.005086166799713965,0.003941613200443683,0.006321813789219987,256,1111458
noised_data,error,distance_2_to_6,0.3,P-P,l1,0.9977305030915886,0.9825893619490671,1.0111550127883675,256,1111458
noised_data,error,distance_2_to_6,0.3,P-P,rmse,1.2686682155579838,1.25090647095785,1.2851795111071749,256,1111458
noised_data,error,distance_2_to_6,0.3,P-P,squared_l2_mean,1.6292190318345092,1.5866091090909322,1.6705157433811109,256,1111458
noised_data,error,distance_2_to_6,0.3,R-P,cosine,0.004696820027319859,0.0036066532775347326,0.006083084800574135,256,2237164
noised_data,error,distance_2_to_6,0.3,R-P,l1,0.999307663354557,0.9835011940274854,1.014599261021067,256,2237164
noised_data,error,distance_2_to_6,0.3,R-P,rmse,1.2709622949407917,1.2532472254907572,1.2886742880507043,256,2237164
noised_data,error,distance_2_to_6,0.3,R-P,squared_l2_mean,1.6350578966084868,1.5928428907121996,1.6747240416996647,256,2237164
noised_data,error,distance_2_to_6,0.3,R-R,cosine,0.005382531424274806,0.004031181683441865,0.007069158972273847,256,1106802
noised_data,error,distance_2_to_6,0.3,R-R,l1,0.9996033550705761,0.9841394465925987,1.014674141499563,256,1106802
noised_data,error,distance_2_to_6,0.3,R-R,rmse,1.271335652479061,1.253032531897258,1.2882205427597102,256,1106802
noised_data,error,distance_2_to_6,0.3,R-R,squared_l2_mean,1.6370203208643943,1.5942332942475332,1.6790376053017098,256,1106802
noised_data,error,distance_2_to_6,0.5,P-P,cosine,0.01116412340741224,0.009338339463304557,0.0132607781218262,256,1111458
noised_data,error,distance_2_to_6,0.5,P-P,l1,0.9646160539705306,0.949313294030435,0.9793139212197275,256,1111458
noised_data,error,distance_2_to_6,0.5,P-P,rmse,1.2334432575287895,1.2166783045922547,1.2503595866969577,256,1111458
noised_data,error,distance_2_to_6,0.5,P-P,squared_l2_mean,1.5417188156861812,1.5009904327627737,1.5810215256991795,256,1111458
noised_data,error,distance_2_to_6,0.5,R-P,cosine,0.011063902842394668,0.009160697334070277,0.01330386310590299,256,2237164
noised_data,error,distance_2_to_6,0.5,R-P,l1,0.965550780761987,0.9495785642444389,0.9803667592961574,256,2237164
noised_data,error,distance_2_to_6,0.5,R-P,rmse,1.2350074356708438,1.2172869491717238,1.2518596633738523,256,2237164
noised_data,error,distance_2_to_6,0.5,R-P,squared_l2_mean,1.5452977213426493,1.5060627918006504,1.5850790788492304,256,2237164
noised_data,error,distance_2_to_6,0.5,R-R,cosine,0.011587595801994865,0.009478601142148602,0.014222937474983688,256,1106802
noised_data,error,distance_2_to_6,0.5,R-R,l1,0.9654968350660056,0.9495432594238082,0.9809770315609058,256,1106802
noised_data,error,distance_2_to_6,0.5,R-R,rmse,1.2351619014100077,1.217970687344834,1.2516785921935516,256,1106802
noised_data,error,distance_2_to_6,0.5,R-R,squared_l2_mean,1.5465429152245633,1.5057092061309958,1.5854342661827103,256,1106802
noised_data,error,distance_2_to_6,0.7,P-P,cosine,0.029304056419277913,0.025921821368891075,0.03274541371154527,256,1111458
noised_data,error,distance_2_to_6,0.7,P-P,l1,0.9040233860141598,0.8908977447426878,0.9174021410944988,256,1111458
noised_data,error,distance_2_to_6,0.7,P-P,rmse,1.1597390508252285,1.1451261621780249,1.173681062617174,256,1111458
noised_data,error,distance_2_to_6,0.7,P-P,squared_l2_mean,1.3588813719688915,1.3267336920529487,1.3879981639896868,256,1111458
noised_data,error,distance_2_to_6,0.7,R-P,cosine,0.029455076020639126,0.026194730550498944,0.033284573647453894,256,2237164
noised_data,error,distance_2_to_6,0.7,R-P,l1,0.9035883957403712,0.8904501598794013,0.9155026828884729,256,2237164
noised_data,error,distance_2_to_6,0.7,R-P,rmse,1.1593972163284958,1.1446755739188244,1.173225000431189,256,2237164
noised_data,error,distance_2_to_6,0.7,R-P,squared_l2_mean,1.3577541661798023,1.3261884273015312,1.3885955517747788,256,2237164
noised_data,error,distance_2_to_6,0.7,R-R,cosine,0.029738311723505717,0.026043962345083216,0.033900803279057354,256,1106802
noised_data,error,distance_2_to_6,0.7,R-R,l1,0.9028992076637223,0.8895946456555975,0.9159459462855011,256,1106802
noised_data,error,distance_2_to_6,0.7,R-R,rmse,1.158026285091746,1.1436216327645414,1.1725331268362909,256,1106802
noised_data,error,distance_2_to_6,0.7,R-R,squared_l2_mean,1.3557925174827687,1.3234629149126704,1.387329400931776,256,1106802
noised_data,error,distance_2_to_6,0.85,P-P,cosine,0.07903160114676666,0.07276672303438544,0.08583063527817388,256,1111458
noised_data,error,distance_2_to_6,0.85,P-P,l1,0.8495740213547833,0.8395220480946591,0.8592436602863017,256,1111458
noised_data,error,distance_2_to_6,0.85,P-P,rmse,1.0946796336623277,1.083644313087587,1.1057518931676504,256,1111458
noised_data,error,distance_2_to_6,0.85,P-P,squared_l2_mean,1.2079226020723581,1.1835480932000793,1.2321678099018754,256,1111458
noised_data,error,distance_2_to_6,0.85,R-P,cosine,0.07946047357700081,0.07322971957668187,0.08640702562629485,256,2237164
noised_data,error,distance_2_to_6,0.85,R-P,l1,0.848833279160317,0.8382498507198761,0.8584988488597446,256,2237164
noised_data,error,distance_2_to_6,0.85,R-P,rmse,1.0942910863389552,1.0832900092203148,1.1056305855846864,256,2237164
noised_data,error,distance_2_to_6,0.85,R-P,squared_l2_mean,1.2060831506969407,1.1820490224839886,1.2305192808853462,256,2237164
noised_data,error,distance_2_to_6,0.85,R-R,cosine,0.07964220139054135,0.07298253890220216,0.08644701394462508,256,1106802
noised_data,error,distance_2_to_6,0.85,R-R,l1,0.8480776933720335,0.8382250069873407,0.8582593284954783,256,1106802
noised_data,error,distance_2_to_6,0.85,R-R,rmse,1.0926264807580286,1.0809208702171564,1.1037185943287937,256,1106802
noised_data,error,distance_2_to_6,0.85,R-R,squared_l2_mean,1.2036020462401211,1.1776100952643902,1.2293906570324906,256,1106802
noised_data,error,distance_2_to_6,0.95,P-P,cosine,0.1635328163632721,0.15172994610453544,0.17591521885815098,256,1111458
noised_data,error,distance_2_to_6,0.95,P-P,l1,0.8033390764612705,0.793635237365379,0.8129877648054389,256,1111458
noised_data,error,distance_2_to_6,0.95,P-P,rmse,1.0381027560958254,1.0261802681118728,1.0498807966973749,256,1111458
noised_data,error,distance_2_to_6,0.95,P-P,squared_l2_mean,1.0879830106860027,1.0638270129595184,1.1129065600864123,256,1111458
noised_data,error,distance_2_to_6,0.95,R-P,cosine,0.16384807091344555,0.15135179330386564,0.17704999476422925,256,2237164
noised_data,error,distance_2_to_6,0.95,R-P,l1,0.8030066477367654,0.7932081345177722,0.8130865059414646,256,2237164
noised_data,error,distance_2_to_6,0.95,R-P,rmse,1.0384791338516766,1.0261148381678258,1.049913168886619,256,2237164
noised_data,error,distance_2_to_6,0.95,R-P,squared_l2_mean,1.0879569050157443,1.0640718407928944,1.1121224091446493,256,2237164
noised_data,error,distance_2_to_6,0.95,R-R,cosine,0.1636750273337384,0.15103551073570998,0.17772994504357484,256,1106802
noised_data,error,distance_2_to_6,0.95,R-R,l1,0.8027577247121371,0.792387406922353,0.8126676113402936,256,1106802
noised_data,error,distance_2_to_6,0.95,R-R,rmse,1.0378423087120037,1.0255680506386042,1.0499927096991137,256,1106802
noised_data,error,distance_2_to_6,0.95,R-R,squared_l2_mean,1.0878658498986624,1.0606286474241642,1.1124637017666827,256,1106802
noised_data,error,distance_gt_6,0.05,P-P,cosine,0.0006426492376094828,0.00013141888930618962,0.001260836406883814,256,2874310
noised_data,error,distance_gt_6,0.05,P-P,l1,1.1138660973520018,1.1042831726474105,1.1221241346604074,256,2874310
noised_data,error,distance_gt_6,0.05,P-P,rmse,1.398513613259854,1.3881557120933727,1.40748623705641,256,2874310
noised_data,error,distance_gt_6,0.05,P-P,squared_l2_mean,1.962441404699348,1.9381217632588232,1.985113434502273,256,2874310
noised_data,error,distance_gt_6,0.05,R-P,cosine,0.0005187638516224169,3.7617592317951146e-05,0.0012162079136970978,256,5797266
noised_data,error,distance_gt_6,0.05,R-P,l1,1.1148197881993838,1.1054427674767795,1.1231798191016424,256,5797266
noised_data,error,distance_gt_6,0.05,R-P,rmse,1.3998381606193246,1.3894647131783355,1.4089661831815514,256,5797266
noised_data,error,distance_gt_6,0.05,R-P,squared_l2_mean,1.9662256679148413,1.940184462313482,1.989518861612305,256,5797266
noised_data,error,distance_gt_6,0.05,R-R,cosine,0.0007688189209700269,0.00011843097510053636,0.0015896190583963847,256,2879144
noised_data,error,distance_gt_6,0.05,R-R,l1,1.1156372305122204,1.1061220275718369,1.1237449760868912,256,2879144
noised_data,error,distance_gt_6,0.05,R-R,rmse,1.4008707964044027,1.3900005234886628,1.4103706386808619,256,2879144
noised_data,error,distance_gt_6,0.05,R-R,squared_l2_mean,1.9698304233606905,1.9425058684893883,1.993811511149397,256,2879144
noised_data,error,distance_gt_6,0.15,P-P,cosine,0.0011058554929430642,0.00036146682309001754,0.0021542874543036823,256,2874310
noised_data,error,distance_gt_6,0.15,P-P,l1,1.0425009269965813,1.0291597485658712,1.05464054539043,256,2874310
noised_data,error,distance_gt_6,0.15,P-P,rmse,1.314945495271505,1.2999470174821772,1.3295447258042332,256,2874310
noised_data,error,distance_gt_6,0.15,P-P,squared_l2_mean,1.7442521801567636,1.710094922927965,1.7820546035392908,256,2874310
noised_data,error,distance_gt_6,0.15,R-P,cosine,0.0010769738954288371,0.0002857334270420498,0.0022008745046201202,256,5797266
noised_data,error,distance_gt_6,0.15,R-P,l1,1.0440686189685948,1.030944662562979,1.0566046665378963,256,5797266
noised_data,error,distance_gt_6,0.15,R-P,rmse,1.31692353543521,1.3014070177035677,1.3314055408138499,256,5797266
noised_data,error,distance_gt_6,0.15,R-P,squared_l2_mean,1.749548520310782,1.7115067910723156,1.78647292937967,256,5797266
noised_data,error,distance_gt_6,0.15,R-R,cosine,0.0014554092554561748,0.00046182859097250174,0.002925728555714713,256,2879144
noised_data,error,distance_gt_6,0.15,R-R,l1,1.0455966180888936,1.0313293737068308,1.058499849474174,256,2879144
noised_data,error,distance_gt_6,0.15,R-R,rmse,1.318645253601131,1.3029300885061899,1.3339170521499744,256,2879144
noised_data,error,distance_gt_6,0.15,R-R,squared_l2_mean,1.7548778006457724,1.717222701969149,1.790570187861158,256,2879144
noised_data,error,distance_gt_6,0.3,P-P,cosine,0.0018076651312952663,0.0008524990254069386,0.0030369702408746574,256,2874310
noised_data,error,distance_gt_6,0.3,P-P,l1,0.9881179520161822,0.9720028151656152,1.0035481731407345,256,2874310
noised_data,error,distance_gt_6,0.3,P-P,rmse,1.2546424451199276,1.2355285448196112,1.2730123048959492,256,2874310
noised_data,error,distance_gt_6,0.3,P-P,squared_l2_mean,1.5971469919313677,1.5524550449219532,1.64013614757132,256,2874310
noised_data,error,distance_gt_6,0.3,R-P,cosine,0.0018797120346185636,0.0007959845121193965,0.0032287025804020875,256,5797266
noised_data,error,distance_gt_6,0.3,R-P,l1,0.9892457685200498,0.9729652749752858,1.004836920404341,256,5797266
noised_data,error,distance_gt_6,0.3,R-P,rmse,1.2563374447015194,1.2382620856854807,1.2763419774382805,256,5797266
noised_data,error,distance_gt_6,0.3,R-P,squared_l2_mean,1.6013526825699955,1.5569880202994681,1.644344537082361,256,5797266
noised_data,error,distance_gt_6,0.3,R-R,cosine,0.0023547264795538148,0.0009953084492761778,0.004277958311966267,256,2879144
noised_data,error,distance_gt_6,0.3,R-R,l1,0.9904410293675028,0.9742775448554312,1.0057936977071222,256,2879144
noised_data,error,distance_gt_6,0.3,R-R,rmse,1.2577345781996128,1.2385790876376113,1.2760577559059252,256,2879144
noised_data,error,distance_gt_6,0.3,R-R,squared_l2_mean,1.6057989552500658,1.5614274870007647,1.6494647779501974,256,2879144
noised_data,error,distance_gt_6,0.5,P-P,cosine,0.0038663549502118144,0.002215515709602478,0.006153661825845268,256,2874310
noised_data,error,distance_gt_6,0.5,P-P,l1,0.9544122212100774,0.9374555545597104,0.9706154411804164,256,2874310
noised_data,error,distance_gt_6,0.5,P-P,rmse,1.2170336030456435,1.197851934952868,1.2361976385007463,256,2874310
noised_data,error,distance_gt_6,0.5,P-P,squared_l2_mean,1.5047796400031075,1.4608211018276052,1.5502467521640937,256,2874310
noised_data,error,distance_gt_6,0.5,R-P,cosine,0.004113349568553026,0.0024262213255912047,0.006623126770531362,256,5797266
noised_data,error,distance_gt_6,0.5,R-P,l1,0.9547747297910973,0.9381091795454267,0.9701861137378728,256,5797266
noised_data,error,distance_gt_6,0.5,R-P,rmse,1.217985208471359,1.1995509979918275,1.2358656580697593,256,5797266
noised_data,error,distance_gt_6,0.5,R-P,squared_l2_mean,1.5067283538519405,1.4631690455033095,1.5492275695054558,256,5797266
noised_data,error,distance_gt_6,0.5,R-R,cosine,0.004359427261869442,0.002309281321321621,0.007208534728797433,256,2879144
noised_data,error,distance_gt_6,0.5,R-R,l1,0.9552846662700176,0.9383230428502429,0.9712134700472234,256,2879144
noised_data,error,distance_gt_6,0.5,R-R,rmse,1.2186242862827819,1.1989322897033112,1.236875508229091,256,2879144
noised_data,error,distance_gt_6,0.5,R-R,squared_l2_mean,1.5090279372525401,1.4639098496088991,1.5500163055985468,256,2879144
noised_data,error,distance_gt_6,0.7,P-P,cosine,0.01127650894223109,0.008122673259118685,0.01519204013955359,256,2874310
noised_data,error,distance_gt_6,0.7,P-P,l1,0.8994946081074886,0.8854953843445401,0.9127902680513216,256,2874310
noised_data,error,distance_gt_6,0.7,P-P,rmse,1.1491675423810719,1.133399816508267,1.1642157714366157,256,2874310
noised_data,error,distance_gt_6,0.7,P-P,squared_l2_mean,1.3362405117950402,1.3037722143257269,1.3708608851171447,256,2874310
noised_data,error,distance_gt_6,0.7,R-P,cosine,0.011318972170546449,0.008220055955009364,0.01500273858636315,256,5797266
noised_data,error,distance_gt_6,0.7,R-P,l1,0.898753849149216,0.8860071689196047,0.9128450016054558,256,5797266
noised_data,error,distance_gt_6,0.7,R-P,rmse,1.1483189828487235,1.133321533504295,1.1633859288768051,256,5797266
noised_data,error,distance_gt_6,0.7,R-P,squared_l2_mean,1.334139135084115,1.3006330126154353,1.3669339808737277,256,5797266
noised_data,error,distance_gt_6,0.7,R-R,cosine,0.011071446666306883,0.007909136034791509,0.015395854201722955,256,2879144
noised_data,error,distance_gt_6,0.7,R-R,l1,0.8982909786864184,0.8837595133678405,0.9110844287395594,256,2879144
noised_data,error,distance_gt_6,0.7,R-R,rmse,1.1472307820256566,1.1305978427062549,1.1625420796916628,256,2879144
noised_data,error,distance_gt_6,0.7,R-R,squared_l2_mean,1.3327618381590582,1.2984832360016298,1.3662695159902796,256,2879144
noised_data,error,distance_gt_6,0.85,P-P,cosine,0.031791246356291936,0.026140829359660157,0.03782362677050122,256,2874310
noised_data,error,distance_gt_6,0.85,P-P,l1,0.8643839923315682,0.8535754204262048,0.8754175812209724,256,2874310
noised_data,error,distance_gt_6,0.85,P-P,rmse,1.1054140326780941,1.092575867058649,1.1183988906384326,256,2874310
noised_data,error,distance_gt_6,0.85,P-P,squared_l2_mean,1.2326356708072126,1.2056614438886755,1.259952019789489,256,2874310
noised_data,error,distance_gt_6,0.85,R-P,cosine,0.032205719456186443,0.026305241376422116,0.03828626720467554,256,5797266
noised_data,error,distance_gt_6,0.85,R-P,l1,0.8627941705053672,0.8518752782401862,0.8734074140549637,256,5797266
noised_data,error,distance_gt_6,0.85,R-P,rmse,1.1037519373861202,1.0911963824722828,1.1161327239126622,256,5797266
noised_data,error,distance_gt_6,0.85,R-P,squared_l2_mean,1.228354116261471,1.2007703672599745,1.253791852305585,256,5797266
noised_data,error,distance_gt_6,0.85,R-R,cosine,0.03232452477715242,0.026301185305237597,0.03848886760734728,256,2879144
noised_data,error,distance_gt_6,0.85,R-R,l1,0.8614246231154539,0.84968179850257,0.8723053144771257,256,2879144
noised_data,error,distance_gt_6,0.85,R-R,rmse,1.1017665489133484,1.0888109803871442,1.1143776623823232,256,2879144
noised_data,error,distance_gt_6,0.85,R-R,squared_l2_mean,1.2250773492269218,1.1983305979723808,1.2527356773178326,256,2879144
noised_data,error,distance_gt_6,0.95,P-P,cosine,0.08889038569051877,0.07578799270729633,0.10265271615768369,256,2874310
noised_data,error,distance_gt_6,0.95,P-P,l1,0.8468044475885108,0.8344109627243597,0.8583516579994466,256,2874310
noised_data,error,distance_gt_6,0.95,P-P,rmse,1.0824290931457996,1.0689322002265822,1.0965732914097206,256,2874310
noised_data,error,distance_gt_6,0.95,P-P,squared_l2_mean,1.1853493016096763,1.1550844977289672,1.216234664914373,256,2874310
noised_data,error,distance_gt_6,0.95,R-P,cosine,0.08923975838717979,0.07648145966358869,0.1035401215224226,256,5797266
noised_data,error,distance_gt_6,0.95,R-P,l1,0.8452826617867686,0.8335907163855154,0.8574639398197178,256,5797266
noised_data,error,distance_gt_6,0.95,R-P,rmse,1.0809920403470639,1.0671695136252732,1.0955042680471927,256,5797266
noised_data,error,distance_gt_6,0.95,R-P,squared_l2_mean,1.181655197404325,1.151669172520633,1.2110284340858926,256,5797266
noised_data,error,distance_gt_6,0.95,R-R,cosine,0.08940297592304702,0.0756208455911878,0.10305454240306201,256,2879144
noised_data,error,distance_gt_6,0.95,R-R,l1,0.8438596242922358,0.8325094638435985,0.8557686317202752,256,2879144
noised_data,error,distance_gt_6,0.95,R-R,rmse,1.0791340488794816,1.0650506237747728,1.0936587710828234,256,2879144
noised_data,error,distance_gt_6,0.95,R-R,squared_l2_mean,1.1787192796473391,1.147002363303909,1.2098387879595975,256,2879144
noised_data,prediction,adjacent_patches,0.05,P-P,cosine,0.42347411590162665,0.408315907742508,0.4383848205776303,256,61123
noised_data,prediction,adjacent_patches,0.05,P-P,l1,0.6540471618063748,0.6440138895777636,0.6638191615376854,256,61123
noised_data,prediction,adjacent_patches,0.05,P-P,rmse,0.852740957743144,0.8407083945961454,0.8655554861484803,256,61123
noised_data,prediction,adjacent_patches,0.05,P-P,squared_l2_mean,0.7379631915828213,0.715460311131028,0.7610912952804938,256,61123
noised_data,prediction,adjacent_patches,0.05,R-P,cosine,0.4242630811932031,0.4095772987791861,0.4393909843820438,256,123550
noised_data,prediction,adjacent_patches,0.05,R-P,l1,0.6529785036109388,0.6430639891928877,0.6632990863974555,256,123550
noised_data,prediction,adjacent_patches,0.05,R-P,rmse,0.850533927968479,0.8380685835724382,0.8624467230355194,256,123550
noised_data,prediction,adjacent_patches,0.05,R-P,squared_l2_mean,0.7336045384872705,0.7127465657118591,0.7564776745115523,256,123550
noised_data,prediction,adjacent_patches,0.05,R-R,cosine,0.4215386120049516,0.40678428162354974,0.4374764384057926,256,61087
noised_data,prediction,adjacent_patches,0.05,R-R,l1,0.6537392853642814,0.6438946563313948,0.6637237842471222,256,61087
noised_data,prediction,adjacent_patches,0.05,R-R,rmse,0.8520840937977971,0.8395449890629926,0.8651248079305506,256,61087
noised_data,prediction,adjacent_patches,0.05,R-R,squared_l2_mean,0.7370130402850918,0.714265571309079,0.7601325634663226,256,61087
noised_data,prediction,adjacent_patches,0.15,P-P,cosine,0.35273469249659684,0.3385432304410642,0.36697579242754724,256,61123
noised_data,prediction,adjacent_patches,0.15,P-P,l1,0.762708610505797,0.7492121880844934,0.7766322436436894,256,61123
noised_data,prediction,adjacent_patches,0.15,P-P,rmse,0.9765277729042355,0.9586717053464452,0.9946319383541822,256,61123
noised_data,prediction,adjacent_patches,0.15,P-P,squared_l2_mean,0.9732078099623322,0.9368962144479156,1.0065665815243847,256,61123
noised_data,prediction,adjacent_patches,0.15,R-P,cosine,0.35251443582819775,0.33832764044236685,0.36757209458482976,256,123550
noised_data,prediction,adjacent_patches,0.15,R-P,l1,0.7607256306218915,0.7471132044811384,0.7743419022517628,256,123550
noised_data,prediction,adjacent_patches,0.15,R-P,rmse,0.9728345836654597,0.9565162166197694,0.9891473940534143,256,123550
noised_data,prediction,adjacent_patches,0.15,R-P,squared_l2_mean,0.9646670063375495,0.9330676259050961,0.9975223773595644,256,123550
noised_data,prediction,adjacent_patches,0.15,R-R,cosine,0.350385514946538,0.33609110782381324,0.3645043296579388,256,61087
noised_data,prediction,adjacent_patches,0.15,R-R,l1,0.7606877626967616,0.748190352547681,0.7740353970759315,256,61087
noised_data,prediction,adjacent_patches,0.15,R-R,rmse,0.9731134774907053,0.9564975294317153,0.9888199488455973,256,61087
noised_data,prediction,adjacent_patches,0.15,R-R,squared_l2_mean,0.965365674579516,0.9316804399015381,0.9986078161455225,256,61087
noised_data,prediction,adjacent_patches,0.3,P-P,cosine,0.30640639961347915,0.2933105624988457,0.31948217478602603,256,61123
noised_data,prediction,adjacent_patches,0.3,P-P,l1,0.8318470905069262,0.8173857856105314,0.8463799217104679,256,61123
noised_data,prediction,adjacent_patches,0.3,P-P,rmse,1.0586533942630347,1.0413402294307705,1.0768112774562486,256,61123
noised_data,prediction,adjacent_patches,0.3,P-P,squared_l2_mean,1.1421408744645305,1.1031136758305364,1.1804926224664087,256,61123
noised_data,prediction,adjacent_patches,0.3,R-P,cosine,0.30525646699243225,0.29163434097063146,0.3182279385629954,256,123550
noised_data,prediction,adjacent_patches,0.3,R-P,l1,0.8300393157405779,0.8161648134875576,0.8442941632936708,256,123550
noised_data,prediction,adjacent_patches,0.3,R-P,rmse,1.055775115337179,1.0389025745479288,1.0730815746530769,256,123550
noised_data,prediction,adjacent_patches,0.3,R-P,squared_l2_mean,1.1347569430945441,1.0974431558453943,1.172060254830285,256,123550
noised_data,prediction,adjacent_patches,0.3,R-R,cosine,0.3051115316045525,0.2914251500274929,0.3187839261704994,256,61087
noised_data,prediction,adjacent_patches,0.3,R-R,l1,0.8284150055842474,0.8143375810643192,0.8421983663021819,256,61087
noised_data,prediction,adjacent_patches,0.3,R-R,rmse,1.0540737911986218,1.0370863841729037,1.0711874942109822,256,61087
noised_data,prediction,adjacent_patches,0.3,R-R,squared_l2_mean,1.1313692166586407,1.0955219842813677,1.1656384481291753,256,61087
noised_data,prediction,adjacent_patches,0.5,P-P,cosine,0.25652707980862033,0.24308070440081336,0.26973985849472226,256,61123
noised_data,prediction,adjacent_patches,0.5,P-P,l1,0.8900112329283729,0.8791228375455831,0.9016549723368371,256,61123
noised_data,prediction,adjacent_patches,0.5,P-P,rmse,1.1249890530267632,1.111057029240406,1.1390056726064952,256,61123
noised_data,prediction,adjacent_patches,0.5,P-P,squared_l2_mean,1.2791134639410302,1.246019475607318,1.311352984776022,256,61123
noised_data,prediction,adjacent_patches,0.5,R-P,cosine,0.2556113566024578,0.24192985622094057,0.26880742039829786,256,123550
noised_data,prediction,adjacent_patches,0.5,R-P,l1,0.8893545578466728,0.8787681988294935,0.9004588911688188,256,123550
noised_data,prediction,adjacent_patches,0.5,R-P,rmse,1.1234028292397154,1.109580219060609,1.1368671024230033,256,123550
noised_data,prediction,adjacent_patches,0.5,R-P,squared_l2_mean,1.2745622413931414,1.242031838418916,1.3069777598924701,256,123550
noised_data,prediction,adjacent_patches,0.5,R-R,cosine,0.2557255053231984,0.24157856485394405,0.2693000361629913,256,61087
noised_data,prediction,adjacent_patches,0.5,R-R,l1,0.8890569584909827,0.8785168829606846,0.8998771515965928,256,61087
noised_data,prediction,adjacent_patches,0.5,R-R,rmse,1.1238555654273392,1.1100951667165637,1.1375746020521365,256,61087
noised_data,prediction,adjacent_patches,0.5,R-R,squared_l2_mean,1.2760404255241156,1.2446003528195433,1.308202679810347,256,61087
noised_data,prediction,adjacent_patches,0.7,P-P,cosine,0.18896117188307926,0.17462525300830123,0.20412355512944486,256,61123
noised_data,prediction,adjacent_patches,0.7,P-P,l1,0.9873541448032483,0.9816951216664165,0.9931932307168608,256,61123
noised_data,prediction,adjacent_patches,0.7,P-P,rmse,1.239016296168689,1.2319161931969407,1.2459454161846533,256,61123
noised_data,prediction,adjacent_patches,0.7,P-P,squared_l2_mean,1.538918916368857,1.521051229420118,1.5572816051833798,256,61123
noised_data,prediction,adjacent_patches,0.7,R-P,cosine,0.18927354980291966,0.1755175219426917,0.20401120659847152,256,123550
noised_data,prediction,adjacent_patches,0.7,R-P,l1,0.9866486339597031,0.9814343234174885,0.9920414923224599,256,123550
noised_data,prediction,adjacent_patches,0.7,R-P,rmse,1.2383665871437626,1.2316905937281615,1.2451799661533154,256,123550
noised_data,prediction,adjacent_patches,0.7,R-P,squared_l2_mean,1.5366372000426054,1.5203565319709014,1.5540293557278346,256,123550
noised_data,prediction,adjacent_patches,0.7,R-R,cosine,0.1878801296986694,0.17370732260741875,0.20205145676750927,256,61087
noised_data,prediction,adjacent_patches,0.7,R-R,l1,0.9882051260210574,0.9830723538500024,0.9936614021542483,256,61087
noised_data,prediction,adjacent_patches,0.7,R-R,rmse,1.2404600458508823,1.2336482506016975,1.2473101229118986,256,61087
noised_data,prediction,adjacent_patches,0.7,R-R,squared_l2_mean,1.5425661075860262,1.5253473202174064,1.5618826285412069,256,61087
noised_data,prediction,adjacent_patches,0.85,P-P,cosine,0.12750858908492546,0.11468778078654367,0.1405533885342649,256,61123
noised_data,prediction,adjacent_patches,0.85,P-P,l1,1.0633792255539447,1.0605397428182186,1.0663580725638895,256,61123
noised_data,prediction,adjacent_patches,0.85,P-P,rmse,1.3322011986766937,1.3285179102210853,1.3360315231962319,256,61123
noised_data,prediction,adjacent_patches,0.85,P-P,squared_l2_mean,1.775929826311767,1.7654088011593558,1.785664575966075,256,61123
noised_data,prediction,adjacent_patches,0.85,R-P,cosine,0.1287164374044778,0.1159701599304384,0.1421914272019478,256,123550
noised_data,prediction,adjacent_patches,0.85,R-P,l1,1.06256396160461,1.0602703851414845,1.0650721423269716,256,123550
noised_data,prediction,adjacent_patches,0.85,R-P,rmse,1.3316743574154144,1.3288466266269514,1.3348726643279007,256,123550
noised_data,prediction,adjacent_patches,0.85,R-P,squared_l2_mean,1.7739978015888482,1.7662550872773863,1.781917810428422,256,123550
noised_data,prediction,adjacent_patches,0.85,R-R,cosine,0.12674743710446756,0.11345072898547529,0.13989747819534287,256,61087
noised_data,prediction,adjacent_patches,0.85,R-R,l1,1.0636692451080307,1.060904849783401,1.0664843903592556,256,61087
noised_data,prediction,adjacent_patches,0.85,R-R,rmse,1.332685864089787,1.3292115774028856,1.336447346347845,256,61087
noised_data,prediction,adjacent_patches,0.85,R-R,squared_l2_mean,1.7771595858503133,1.7680210436752533,1.786474828637438,256,61087
noised_data,prediction,adjacent_patches,0.95,P-P,cosine,0.06075086530501039,0.0519425282777977,0.06998318461499942,256,61123
noised_data,prediction,adjacent_patches,0.95,P-P,l1,1.110401157522574,1.1079220135870855,1.1128659513604362,256,61123
noised_data,prediction,adjacent_patches,0.95,P-P,rmse,1.3908620189252079,1.3879327455455936,1.394028709438894,256,61123
noised_data,prediction,adjacent_patches,0.95,P-P,squared_l2_mean,1.9354241692926735,1.9270490231225268,1.9437258499325254,256,61123
noised_data,prediction,adjacent_patches,0.95,R-P,cosine,0.06206324331699875,0.05211232071551066,0.07231339044478631,256,123550
noised_data,prediction,adjacent_patches,0.95,R-P,l1,1.1094824788160622,1.1075670641323085,1.1114621639309916,256,123550
noised_data,prediction,adjacent_patches,0.95,R-P,rmse,1.3903892029345992,1.3879763444166844,1.392693216059345,256,123550
noised_data,prediction,adjacent_patches,0.95,R-P,squared_l2_mean,1.9336280564311892,1.926988757023355,1.9404536412621383,256,123550
noised_data,prediction,adjacent_patches,0.95,R-R,cosine,0.061013344057613494,0.0512681865332727,0.0708703338708192,256,61087
noised_data,prediction,adjacent_patches,0.95,R-R,l1,1.1105146910995245,1.1081118559115566,1.1128576603659894,256,61087
noised_data,prediction,adjacent_patches,0.95,R-R,rmse,1.3912276300046882,1.3882018752399066,1.3945279878117707,256,61087
noised_data,prediction,adjacent_patches,0.95,R-R,squared_l2_mean,1.9364263052120805,1.9282050564943347,1.9448540834768209,256,61087
noised_data,prediction,all_pairs,0.05,P-P,cosine,0.17923346680981922,0.16170530525305365,0.19716553834459774,256,4161536
noised_data,prediction,all_pairs,0.05,P-P,l1,0.8242874738061801,0.8105391845689155,0.8386634450522251,256,4161536
noised_data,prediction,all_pairs,0.05,P-P,rmse,1.053564253576715,1.035583584670969,1.0719754586783992,256,4161536
noised_data,prediction,all_pairs,0.05,P-P,squared_l2_mean,1.1326331819291227,1.0958854525044444,1.1731048451838433,256,4161536
noised_data,prediction,all_pairs,0.05,R-P,cosine,0.17967940141147665,0.16279813167581098,0.19701268158697757,256,8388608
noised_data,prediction,all_pairs,0.05,R-P,l1,0.8231101207784377,0.8091726883096271,0.8380253046256257,256,8388608
noised_data,prediction,all_pairs,0.05,R-P,rmse,1.052566295592541,1.0349407415540945,1.0709574865631233,256,8388608
noised_data,prediction,all_pairs,0.05,R-P,squared_l2_mean,1.1301184169133194,1.0892330871589366,1.1701361689993064,256,8388608
noised_data,prediction,all_pairs,0.05,R-R,cosine,0.1800070529827167,0.16364875441972943,0.1973575151217659,256,4161536
noised_data,prediction,all_pairs,0.05,R-R,l1,0.821936851600185,0.8077970866201213,0.8364895845705177,256,4161536
noised_data,prediction,all_pairs,0.05,R-R,rmse,1.0509375092678488,1.0321389738618933,1.0702686168512219,256,4161536
noised_data,prediction,all_pairs,0.05,R-R,squared_l2_mean,1.1275604668771848,1.0868491634057136,1.1701644475353532,256,4161536
noised_data,prediction,all_pairs,0.15,P-P,cosine,0.15352638875901903,0.13834642243486997,0.17015066711121563,256,4161536
noised_data,prediction,all_pairs,0.15,P-P,l1,0.9062329807784408,0.889836420546635,0.9236110585188726,256,4161536
noised_data,prediction,all_pairs,0.15,P-P,rmse,1.149127814463262,1.126184817169358,1.172424090876191,256,4161536
noised_data,prediction,all_pairs,0.15,P-P,squared_l2_mean,1.3520341463154182,1.3021687002285034,1.4042297319785575,256,4161536
noised_data,prediction,all_pairs,0.15,R-P,cosine,0.15368738639790536,0.1377841698743964,0.16945746866335867,256,8388608
noised_data,prediction,all_pairs,0.15,R-P,l1,0.9044652057928033,0.8878742045242689,0.9223415281419876,256,8388608
noised_data,prediction,all_pairs,0.15,R-P,rmse,1.1472662930485107,1.1259718886502406,1.1701598428830193,256,8388608
noised_data,prediction,all_pairs,0.15,R-P,squared_l2_mean,1.3470272405538708,1.296670744000585,1.396189343673177,256,8388608
noised_data,prediction,all_pairs,0.15,R-R,cosine,0.15365796815704869,0.1383459839886374,0.1690183819516818,256,4161536
noised_data,prediction,all_pairs,0.15,R-R,l1,0.902676006720867,0.8863813353935257,0.9201694865652825,256,4161536
noised_data,prediction,all_pairs,0.15,R-R,rmse,1.1449017063898195,1.1238443216630967,1.1656622481481498,256,4161536
noised_data,prediction,all_pairs,0.15,R-R,squared_l2_mean,1.3420772816170938,1.2930971069377848,1.387902538526396,256,4161536
noised_data,prediction,all_pairs,0.3,P-P,cosine,0.138439252425556,0.12408811985099533,0.1532151468637352,256,4161536
noised_data,prediction,all_pairs,0.3,P-P,l1,0.9568187993718311,0.9392170798208099,0.9753177070087986,256,4161536
noised_data,prediction,all_pairs,0.3,P-P,rmse,1.2099032379139958,1.1864122120912497,1.2328259230441687,256,4161536
noised_data,prediction,all_pairs,0.3,P-P,squared_l2_mean,1.4982193225296214,1.4443972630921054,1.5529609829682158,256,4161536
noised_data,prediction,all_pairs,0.3,R-P,cosine,0.13834821177601953,0.12475358940985189,0.15332905028386107,256,8388608
noised_data,prediction,all_pairs,0.3,R-P,l1,0.9554778139572591,0.9368996472621802,0.9731570299743907,256,8388608
noised_data,prediction,all_pairs,0.3,R-P,rmse,1.208626503737039,1.1862893605250515,1.230945071812218,256,8388608
noised_data,prediction,all_pairs,0.3,R-P,squared_l2_mean,1.4941878549288958,1.439446884294739,1.5500111833855044,256,8388608
noised_data,prediction,all_pairs,0.3,R-R,cosine,0.1383046087731259,0.12435688507386403,0.15313975449174677,256,4161536
noised_data,prediction,all_pairs,0.3,R-R,l1,0.9540450895437971,0.9364061845873948,0.9717751063057222,256,4161536
noised_data,prediction,all_pairs,0.3,R-R,rmse,1.2067274315333705,1.1839529268808542,1.2283764016977856,256,4161536
noised_data,prediction,all_pairs,0.3,R-R,squared_l2_mean,1.4897810267284513,1.4332676370744593,1.5452095605549403,256,4161536
noised_data,prediction,all_pairs,0.5,P-P,cosine,0.12629969888732262,0.1132289828431631,0.14013606252540922,256,4161536
noised_data,prediction,all_pairs,0.5,P-P,l1,0.9917704381514341,0.9754980019293725,1.0085009069211082,256,4161536
noised_data,prediction,all_pairs,0.5,P-P,rmse,1.2503841602597316,1.2308862736242958,1.2709276772981035,256,4161536
noised_data,prediction,all_pairs,0.5,P-P,squared_l2_mean,1.5907478420995176,1.5431423047790305,1.6444870238425209,256,4161536
noised_data,prediction,all_pairs,0.5,R-P,cosine,0.12641192476939977,0.11312013714746172,0.1405664570724298,256,8388608
noised_data,prediction,all_pairs,0.5,R-P,l1,0.9913605058100075,0.9764062548987568,1.0076464942016172,256,8388608
noised_data,prediction,all_pairs,0.5,R-P,rmse,1.2502696170197551,1.2315733848809893,1.2696148384387764,256,8388608
noised_data,prediction,all_pairs,0.5,R-P,squared_l2_mean,1.589480774011463,1.5363736777886516,1.6439443961950018,256,8388608
noised_data,prediction,all_pairs,0.5,R-R,cosine,0.12676949530305137,0.11274546435217872,0.14030208786437012,256,4161536
noised_data,prediction,all_pairs,0.5,R-R,l1,0.990810384042561,0.9748677217634395,1.0055628921225435,256,4161536
noised_data,prediction,all_pairs,0.5,R-R,rmse,1.2495351522578229,1.2300161916882464,1.2689584106660199,256,4161536
noised_data,prediction,all_pairs,0.5,R-R,squared_l2_mean,1.5876583888893947,1.5386477653781185,1.6411778802867047,256,4161536
noised_data,prediction,all_pairs,0.7,P-P,cosine,0.10968407973411587,0.09688725149732277,0.1228078507949931,256,4161536
noised_data,prediction,all_pairs,0.7,P-P,l1,1.0538777114124969,1.0434372358460677,1.0650827693199971,256,4161536
noised_data,prediction,all_pairs,0.7,P-P,rmse,1.3234729795930014,1.3098329138404836,1.3380485429778395,256,4161536
noised_data,prediction,all_pairs,0.7,P-P,squared_l2_mean,1.7650322495028377,1.7254500415641814,1.8055541478155646,256,4161536
noised_data,prediction,all_pairs,0.7,R-P,cosine,0.10970490177305692,0.09707674629756866,0.1228034501702268,256,8388608
noised_data,prediction,all_pairs,0.7,R-P,l1,1.0541523658903316,1.0437891632638638,1.0653623380814679,256,8388608
noised_data,prediction,all_pairs,0.7,R-P,rmse,1.323952508299814,1.3107820193699382,1.337633909866267,256,8388608
noised_data,prediction,all_pairs,0.7,R-P,squared_l2_mean,1.765622710576281,1.7288133418478537,1.8033306918106973,256,8388608
noised_data,prediction,all_pairs,0.7,R-R,cosine,0.11010160747105147,0.0976503773401646,0.12384048363832674,256,4161536
noised_data,prediction,all_pairs,0.7,R-R,l1,1.054137014434673,1.0438722852006321,1.064938148026704,256,4161536
noised_data,prediction,all_pairs,0.7,R-R,rmse,1.3238728684032177,1.3102959530161897,1.3384084058772432,256,4161536
noised_data,prediction,all_pairs,0.7,R-R,squared_l2_mean,1.7654617524240166,1.7257582754362375,1.8038506169512403,256,4161536
noised_data,prediction,all_pairs,0.85,P-P,cosine,0.09159729612770207,0.07911949179797091,0.10371174388168071,256,4161536
noised_data,prediction,all_pairs,0.85,P-P,l1,1.095083435298875,1.0883153823902831,1.10251011417713,256,4161536
noised_data,prediction,all_pairs,0.85,P-P,rmse,1.3727725767068755,1.364066842269243,1.3823699371784155,256,4161536
noised_data,prediction,all_pairs,0.85,P-P,squared_l2_mean,1.8900639452040195,1.8644226645235904,1.9178634722542482,256,4161536
noised_data,prediction,all_pairs,0.85,R-P,cosine,0.09132197180906587,0.0789146739173134,0.10391105024892795,256,8388608
noised_data,prediction,all_pairs,0.85,R-P,l1,1.0954636393580586,1.08864032116835,1.1023048067465424,256,8388608
noised_data,prediction,all_pairs,0.85,R-P,rmse,1.3733572945568984,1.3643348848594066,1.3823457470753404,256,8388608
noised_data,prediction,all_pairs,0.85,R-P,squared_l2_mean,1.8912143961060792,1.8677380981040188,1.9178597523830831,256,8388608
noised_data,prediction,all_pairs,0.85,R-R,cosine,0.09140380778561052,0.07920135390555032,0.10457904099728309,256,4161536
noised_data,prediction,all_pairs,0.85,R-R,l1,1.0955272584687918,1.0887666070717388,1.102704679861199,256,4161536
noised_data,prediction,all_pairs,0.85,R-R,rmse,1.3734703443642307,1.3653500219350974,1.3825195738722242,256,4161536
noised_data,prediction,all_pairs,0.85,R-R,squared_l2_mean,1.8916085357777774,1.8680427409999538,1.918404434499098,256,4161536
noised_data,prediction,all_pairs,0.95,P-P,cosine,0.053722005098990167,0.04525850479084781,0.06290990095815019,256,4161536
noised_data,prediction,all_pairs,0.95,P-P,l1,1.1168216147925705,1.1135033224651125,1.1200851195084396,256,4161536
noised_data,prediction,all_pairs,0.95,P-P,rmse,1.3995014555307708,1.3955404291575353,1.4037740176166325,256,4161536
noised_data,prediction,all_pairs,0.95,P-P,squared_l2_mean,1.9598138865549117,1.9483572697150522,1.9718245850526728,256,4161536
noised_data,prediction,all_pairs,0.95,R-P,cosine,0.053425495147450874,0.044597443852234166,0.06335644438684085,256,8388608
noised_data,prediction,all_pairs,0.95,R-P,l1,1.1173331742174923,1.1145848474756348,1.1204132115351968,256,8388608
noised_data,prediction,all_pairs,0.95,R-P,rmse,1.4003855505838243,1.3970779027384963,1.4040116357174794,256,8388608
noised_data,prediction,all_pairs,0.95,R-P,squared_l2_mean,1.961972536984831,1.9523320733162108,1.972967819700716,256,8388608
noised_data,prediction,all_pairs,0.95,R-R,cosine,0.053522763187913824,0.044491362352003704,0.06318655998223406,256,4161536
noised_data,prediction,all_pairs,0.95,R-R,l1,1.1175455348566175,1.1146638600097503,1.1204638447787147,256,4161536
noised_data,prediction,all_pairs,0.95,R-R,rmse,1.4007819952998737,1.3970334256177037,1.404808534288683,256,4161536
noised_data,prediction,all_pairs,0.95,R-R,squared_l2_mean,1.963266090489924,1.9525256535387598,1.974468649737537,256,4161536
noised_data,prediction,boundary_pixels,0.05,P-P,cosine,0.44600463132883306,0.4264865517176986,0.46440555620010854,256,122246
noised_data,prediction,boundary_pixels,0.05,P-P,l1,0.6336259421659634,0.6253150168107823,0.6432180243093171,256,122246
noised_data,prediction,boundary_pixels,0.05,P-P,rmse,0.8169941650329454,0.8057698019580601,0.8288444735168554,256,122246
noised_data,prediction,boundary_pixels,0.05,P-P,squared_l2_mean,0.6764151576207951,0.6584310198828461,0.6959364576789084,256,122246
noised_data,prediction,boundary_pixels,0.05,R-P,cosine,0.4501877875736682,0.43111609983407106,0.4679603974576821,256,247100
noised_data,prediction,boundary_pixels,0.05,R-P,l1,0.6307869025040418,0.6220424866492976,0.6395138546868111,256,247100
noised_data,prediction,boundary_pixels,0.05,R-P,rmse,0.8122194853660083,0.8012600143718405,0.8227330057813722,256,247100
noised_data,prediction,boundary_pixels,0.05,R-P,squared_l2_mean,0.6680551814497449,0.6496188754768809,0.6876509050285676,256,247100
noised_data,prediction,boundary_pixels,0.05,R-R,cosine,0.44634857460914645,0.42833477284166294,0.46435366547229934,256,122174
noised_data,prediction,boundary_pixels,0.05,R-R,l1,0.6317433557705954,0.6228331671009073,0.6411336426448543,256,122174
noised_data,prediction,boundary_pixels,0.05,R-R,rmse,0.8142289545594789,0.8030964957433256,0.8259757392625127,256,122174
noised_data,prediction,boundary_pixels,0.05,R-R,squared_l2_mean,0.6724582471651956,0.6526517769845668,0.6929045780358137,256,122174
noised_data,prediction,boundary_pixels,0.15,P-P,cosine,0.3767154431116069,0.3612875681479636,0.3931707132744123,256,122246
noised_data,prediction,boundary_pixels,0.15,P-P,l1,0.7393982002977282,0.7274710615369259,0.7523365501838271,256,122246
noised_data,prediction,boundary_pixels,0.15,P-P,rmse,0.9424909997959372,0.9265689517781384,0.9581036884216565,256,122246
noised_data,prediction,boundary_pixels,0.15,P-P,squared_l2_mean,0.9053702207747847,0.8763624159415485,0.9355738737183856,256,122246
noised_data,prediction,boundary_pixels,0.15,R-P,cosine,0.3809278636545059,0.365440370874785,0.39678114515536433,256,247100
noised_data,prediction,boundary_pixels,0.15,R-P,l1,0.7344819399295375,0.722314293787349,0.7468011964025209,256,247100
noised_data,prediction,boundary_pixels,0.15,R-P,rmse,0.935708502007422,0.9208918518524153,0.9527042322741798,256,247100
noised_data,prediction,boundary_pixels,0.15,R-P,squared_l2_mean,0.8913484131335281,0.8612475283167441,0.9214215749059803,256,247100
noised_data,prediction,boundary_pixels,0.15,R-R,cosine,0.3775139357858279,0.3604126251539128,0.39403247121908863,256,122174
noised_data,prediction,boundary_pixels,0.15,R-R,l1,0.735067987232469,0.72241210078937,0.7478248613857431,256,122174
noised_data,prediction,boundary_pixels,0.15,R-R,rmse,0.9363655787834568,0.920490789995705,0.9531894670037968,256,122174
noised_data,prediction,boundary_pixels,0.15,R-R,squared_l2_mean,0.893579320574645,0.8641093955971882,0.9254312850564019,256,122174
noised_data,prediction,boundary_pixels,0.3,P-P,cosine,0.33976789386360906,0.32560180277905604,0.35467497081990584,256,122246
noised_data,prediction,boundary_pixels,0.3,P-P,l1,0.8034794523846358,0.7903043947473634,0.816365617577685,256,122246
noised_data,prediction,boundary_pixels,0.3,P-P,rmse,1.0211963693655068,1.004305266299826,1.038207973140456,256,122246
noised_data,prediction,boundary_pixels,0.3,P-P,squared_l2_mean,1.062595268478617,1.0275915463280398,1.0990153271326562,256,122246
noised_data,prediction,boundary_pixels,0.3,R-P,cosine,0.3426792802711134,0.3283522066087244,0.35614933784981984,256,247100
noised_data,prediction,boundary_pixels,0.3,R-P,l1,0.7996564990608022,0.7863853402785026,0.8137429201364285,256,247100
noised_data,prediction,boundary_pixels,0.3,R-P,rmse,1.0166888517139858,0.9998080998593409,1.0330802911265478,256,247100
noised_data,prediction,boundary_pixels,0.3,R-P,squared_l2_mean,1.0521243247785605,1.0176345409738132,1.0868623612317605,256,247100
noised_data,prediction,boundary_pixels,0.3,R-R,cosine,0.340041151416699,0.3254724310170559,0.3553920597448723,256,122174
noised_data,prediction,boundary_pixels,0.3,R-R,l1,0.7992933263303712,0.7859688237571391,0.8134588706569047,256,122174
noised_data,prediction,boundary_pixels,0.3,R-R,rmse,1.0164798770384436,0.9993736446610584,1.0332851472160267,256,122174
noised_data,prediction,boundary_pixels,0.3,R-R,squared_l2_mean,1.0525853740400635,1.0183848022526945,1.0887835613073549,256,122174
noised_data,prediction,boundary_pixels,0.5,P-P,cosine,0.2877338037069421,0.27377167726499463,0.30187257347752167,256,122246
noised_data,prediction,boundary_pixels,0.5,P-P,l1,0.8666012358153239,0.8564633230009349,0.8771516417036764,256,122246
noised_data,prediction,boundary_pixels,0.5,P-P,rmse,1.0936865832372002,1.080777269602388,1.1075893282319924,256,122246
noised_data,prediction,boundary_pixels,0.5,P-P,squared_l2_mean,1.2080369889736176,1.179047791575431,1.2373618224810343,256,122246
noised_data,prediction,boundary_pixels,0.5,R-P,cosine,0.28750980305630947,0.27352279078404534,0.3011385186071493,256,247100
noised_data,prediction,boundary_pixels,0.5,R-P,l1,0.8656213524518535,0.8558653702988522,0.8759755144739756,256,247100
noised_data,prediction,boundary_pixels,0.5,R-P,rmse,1.0926227642293176,1.0799591070929657,1.105968642943568,256,247100
noised_data,prediction,boundary_pixels,0.5,R-P,squared_l2_mean,1.2047492910642177,1.176900821129675,1.2335977070266382,256,247100
noised_data,prediction,boundary_pixels,0.5,R-R,cosine,0.28560151848250825,0.2722963849085772,0.3001675584694567,256,122174
noised_data,prediction,boundary_pixels,0.5,R-R,l1,0.8660955160157755,0.855285692308098,0.8762792260531569,256,122174
noised_data,prediction,boundary_pixels,0.5,R-R,rmse,1.0941103107185888,1.081602638125153,1.1067066010606448,256,122174
noised_data,prediction,boundary_pixels,0.5,R-R,squared_l2_mean,1.2087218223605305,1.1809955428587273,1.237071236060001,256,122174
noised_data,prediction,boundary_pixels,0.7,P-P,cosine,0.19461101778918533,0.1795562766628848,0.20906856082279432,256,122246
noised_data,prediction,boundary_pixels,0.7,P-P,l1,0.9798410749062896,0.9749425829213578,0.9850078041810775,256,122246
noised_data,prediction,boundary_pixels,0.7,P-P,rmse,1.2287245569812861,1.2223033336147018,1.2352173696512712,256,122246
noised_data,prediction,boundary_pixels,0.7,P-P,squared_l2_mean,1.5129819337744266,1.4973762938985602,1.5303077645192389,256,122246
noised_data,prediction,boundary_pixels,0.7,R-P,cosine,0.19393664602807803,0.18035221679875804,0.20943866300035552,256,247100
noised_data,prediction,boundary_pixels,0.7,R-P,l1,0.9805231458740309,0.9760483515594387,0.9851074303500355,256,247100
noised_data,prediction,boundary_pixels,0.7,R-P,rmse,1.229862059328592,1.2243035551381884,1.2357265729576874,256,247100
noised_data,prediction,boundary_pixels,0.7,R-P,squared_l2_mean,1.5149525883607566,1.5010040723718703,1.5298803465790116,256,247100
noised_data,prediction,boundary_pixels,0.7,R-R,cosine,0.19276569113881692,0.17845770524747664,0.20804793171151983,256,122174
noised_data,prediction,boundary_pixels,0.7,R-R,l1,0.9810622852528468,0.9757667044497793,0.9865274687443162,256,122174
noised_data,prediction,boundary_pixels,0.7,R-R,rmse,1.2315206338180593,1.2248534878883317,1.2381314014923583,256,122174
noised_data,prediction,boundary_pixels,0.7,R-R,squared_l2_mean,1.5198538640979677,1.5033423856890296,1.536128609860316,256,122174
noised_data,prediction,boundary_pixels,0.85,P-P,cosine,0.12179462625971382,0.10818547685124713,0.13551395330990912,256,122246
noised_data,prediction,boundary_pixels,0.85,P-P,l1,1.0639487811131403,1.060808749793796,1.0670924016012577,256,122246
noised_data,prediction,boundary_pixels,0.85,P-P,rmse,1.3327109615585921,1.3288926330383763,1.3364051758061979,256,122246
noised_data,prediction,boundary_pixels,0.85,P-P,squared_l2_mean,1.7775156411807984,1.7672239251900463,1.7880839004006703,256,122246
noised_data,prediction,boundary_pixels,0.85,R-P,cosine,0.12109378137421345,0.10806074356421505,0.13532889938149423,256,247100
noised_data,prediction,boundary_pixels,0.85,R-P,l1,1.0651281711179763,1.0626407474977895,1.0675794773967937,256,247100
noised_data,prediction,boundary_pixels,0.85,R-P,rmse,1.3347737498915273,1.3317492401196385,1.3377177030956975,256,247100
noised_data,prediction,boundary_pixels,0.85,R-P,squared_l2_mean,1.7823366606608033,1.7744476821855641,1.7904201507917605,256,247100
noised_data,prediction,boundary_pixels,0.85,R-R,cosine,0.1193414373071846,0.10546988480046053,0.1334020052490544,256,122174
noised_data,prediction,boundary_pixels,0.85,R-R,l1,1.0645365945529193,1.0613174488244113,1.0677820938813967,256,122174
noised_data,prediction,boundary_pixels,0.85,R-R,rmse,1.3349879634650126,1.3310393254893655,1.338804065658763,256,122174
noised_data,prediction,boundary_pixels,0.85,R-R,squared_l2_mean,1.7836115844547749,1.7734000623982866,1.7944193205737975,256,122174
noised_data,prediction,boundary_pixels,0.95,P-P,cosine,0.056845358427356274,0.04769958199637623,0.06670940243350072,256,122246
noised_data,prediction,boundary_pixels,0.95,P-P,l1,1.1102077334653586,1.1071490114205518,1.1132545026193839,256,122246
noised_data,prediction,boundary_pixels,0.95,P-P,rmse,1.3906721140238116,1.3871127818116966,1.3939587670243185,256,122246
noised_data,prediction,boundary_pixels,0.95,P-P,squared_l2_mean,1.9352329606190324,1.9251728811243083,1.9455503224162385,256,122246
noised_data,prediction,boundary_pixels,0.95,R-P,cosine,0.05555848008555131,0.04559640407157559,0.06579852452161673,256,247100
noised_data,prediction,boundary_pixels,0.95,R-P,l1,1.1114862931426615,1.109167609194992,1.1137457250850276,256,247100
noised_data,prediction,boundary_pixels,0.95,R-P,rmse,1.3929415601898563,1.3902198635170684,1.3957297153852988,256,247100
noised_data,prediction,boundary_pixels,0.95,R-P,squared_l2_mean,1.9408872497733682,1.9333801451022736,1.948164605203783,256,247100
noised_data,prediction,boundary_pixels,0.95,R-R,cosine,0.05535794183265352,0.04596861409089996,0.0657332438571828,256,122174
noised_data,prediction,boundary_pixels,0.95,R-R,l1,1.1105331114958972,1.1073615370085463,1.11368680006708,256,122174
noised_data,prediction,boundary_pixels,0.95,R-R,rmse,1.3926806727770114,1.3890468602825399,1.3962637024069662,256,122174
noised_data,prediction,boundary_pixels,0.95,R-R,squared_l2_mean,1.9408914619125426,1.930404134443961,1.9510308447293938,256,122174
noised_data,prediction,distance_1_to_2,0.05,P-P,cosine,0.3746997800335521,0.3595848689870763,0.39090003277415236,256,175768
noised_data,prediction,distance_1_to_2,0.05,P-P,l1,0.6875579796615057,0.6775122076622211,0.6981731301697437,256,175768
noised_data,prediction,distance_1_to_2,0.05,P-P,rmse,0.893880171253284,0.8812219132012424,0.9074160379516293,256,175768
noised_data,prediction,distance_1_to_2,0.05,P-P,squared_l2_mean,0.8108091133181006,0.7869344963386539,0.8359572390967515,256,175768
noised_data,prediction,distance_1_to_2,0.05,R-P,cosine,0.3750455370754935,0.36021497513356737,0.38949566550436426,256,354178
noised_data,prediction,distance_1_to_2,0.05,R-P,l1,0.6866643559187651,0.6764808681662544,0.6970731459266972,256,354178
noised_data,prediction,distance_1_to_2,0.05,R-P,rmse,0.8926287746302463,0.8797926928505965,0.9055396307990632,256,354178
noised_data,prediction,distance_1_to_2,0.05,R-P,squared_l2_mean,0.8078913950594142,0.7828570052806754,0.8320137382441316,256,354178
noised_data,prediction,distance_1_to_2,0.05,R-R,cosine,0.37396807463665027,0.3588352209048026,0.3896269171316817,256,175590
noised_data,prediction,distance_1_to_2,0.05,R-R,l1,0.6864385194494389,0.6758165486171492,0.6967515925338376,256,175590
noised_data,prediction,distance_1_to_2,0.05,R-R,rmse,0.8920226448708736,0.8792458834990466,0.9054779300623556,256,175590
noised_data,prediction,distance_1_to_2,0.05,R-R,squared_l2_mean,0.8077086315606721,0.7828121646278305,0.8328357094564126,256,175590
noised_data,prediction,distance_1_to_2,0.15,P-P,cosine,0.31461410589690786,0.3000182597774256,0.3293024127819081,256,175768
noised_data,prediction,distance_1_to_2,0.15,P-P,l1,0.788808667275589,0.7757577381373266,0.8029544424833148,256,175768
noised_data,prediction,distance_1_to_2,0.15,P-P,rmse,1.0086491880622894,0.9913646082882915,1.0257492317968628,256,175768
noised_data,prediction,distance_1_to_2,0.15,P-P,squared_l2_mean,1.0378407139796764,1.004181242591585,1.0745411059178878,256,175768
noised_data,prediction,distance_1_to_2,0.15,R-P,cosine,0.31441336548596155,0.30060981573551543,0.3286659800935013,256,354178
noised_data,prediction,distance_1_to_2,0.15,R-P,l1,0.7867783296969719,0.7727409931248985,0.8009941065422026,256,354178
noised_data,prediction,distance_1_to_2,0.15,R-P,rmse,1.005904798934369,0.98844145351704,1.0231554789190849,256,354178
noised_data,prediction,distance_1_to_2,0.15,R-P,squared_l2_mean,1.031236237671692,0.9954824315791484,1.067931909658364,256,354178
noised_data,prediction,distance_1_to_2,0.15,R-R,cosine,0.31375494968960993,0.29957978331294727,0.32795943415549117,256,175590
noised_data,prediction,distance_1_to_2,0.15,R-R,l1,0.7857669051154517,0.7718097001954447,0.7994023802937591,256,175590
noised_data,prediction,distance_1_to_2,0.15,R-R,rmse,1.004561709622071,0.9874332692954908,1.0230449909479287,256,175590
noised_data,prediction,distance_1_to_2,0.15,R-R,squared_l2_mean,1.0287260074401274,0.9940673511911882,1.0626823100057663,256,175590
noised_data,prediction,distance_1_to_2,0.3,P-P,cosine,0.2767625581327593,0.2639119294275588,0.2902455378552986,256,175768
noised_data,prediction,distance_1_to_2,0.3,P-P,l1,0.8520789648173377,0.8375293434626656,0.8675538891169708,256,175768
noised_data,prediction,distance_1_to_2,0.3,P-P,rmse,1.0837004685030092,1.065415958400092,1.1021599138014853,256,175768
noised_data,prediction,distance_1_to_2,0.3,P-P,squared_l2_mean,1.1969872176414356,1.1589166308665881,1.2369605089596007,256,175768
noised_data,prediction,distance_1_to_2,0.3,R-P,cosine,0.2768184224842116,0.2643657748129044,0.2899936873336628,256,354178
noised_data,prediction,distance_1_to_2,0.3,R-P,l1,0.8497497066855431,0.8356915534153814,0.8640762976865517,256,354178
noised_data,prediction,distance_1_to_2,0.3,R-P,rmse,1.0809756255463965,1.0625329442149738,1.0978838982701968,256,354178
noised_data,prediction,distance_1_to_2,0.3,R-P,squared_l2_mean,1.1901767452945933,1.1508884031529305,1.2306806551525369,256,354178
noised_data,prediction,distance_1_to_2,0.3,R-R,cosine,0.27669865234202007,0.26426627818946147,0.29017796434745835,256,175590
noised_data,prediction,distance_1_to_2,0.3,R-R,l1,0.8488487874856219,0.8346213865355822,0.8637676495214691,256,175590
noised_data,prediction,distance_1_to_2,0.3,R-R,rmse,1.0795294924651817,1.061699477836091,1.0980517508072234,256,175590
noised_data,prediction,distance_1_to_2,0.3,R-R,squared_l2_mean,1.1869781778659672,1.1474110654875402,1.228427615086548,256,175590
noised_data,prediction,distance_1_to_2,0.5,P-P,cosine,0.24049095435020718,0.22792347126408002,0.25382748032316155,256,175768
noised_data,prediction,distance_1_to_2,0.5,P-P,l1,0.9013471103971824,0.8899491335585481,0.9135040447697975,256,175768
noised_data,prediction,distance_1_to_2,0.5,P-P,rmse,1.1394156482108995,1.125035712292084,1.1542361566923374,256,175768
noised_data,prediction,distance_1_to_2,0.5,P-P,squared_l2_mean,1.3133995927637443,1.2789283823716686,1.3486402312497376,256,175768
noised_data,prediction,distance_1_to_2,0.5,R-P,cosine,0.23965117798070423,0.22676714122644626,0.25265371444438645,256,354178
noised_data,prediction,distance_1_to_2,0.5,R-P,l1,0.9008967147674412,0.8889636735635577,0.9120238019066165,256,354178
noised_data,prediction,distance_1_to_2,0.5,R-P,rmse,1.1389336260655099,1.1249030546603576,1.1542081136651399,256,354178
noised_data,prediction,distance_1_to_2,0.5,R-P,squared_l2_mean,1.3115688137477264,1.2780488762364257,1.344499087362783,256,354178
noised_data,prediction,distance_1_to_2,0.5,R-R,cosine,0.24025740293228637,0.22769448722966673,0.2532398324447058,256,175590
noised_data,prediction,distance_1_to_2,0.5,R-R,l1,0.9006365708773956,0.8894319666724186,0.9120289844315266,256,175590
noised_data,prediction,distance_1_to_2,0.5,R-R,rmse,1.138694607114461,1.123599332826745,1.1533833844664,256,175590
noised_data,prediction,distance_1_to_2,0.5,R-R,squared_l2_mean,1.3111732329707593,1.2773272886086489,1.3462431930267484,256,175590
noised_data,prediction,distance_1_to_2,0.7,P-P,cosine,0.18655265387360487,0.17271515759874773,0.20091962186130558,256,175768
noised_data,prediction,distance_1_to_2,0.7,P-P,l1,0.9890526148956269,0.9829392606945475,0.9954524502420099,256,175768
noised_data,prediction,distance_1_to_2,0.7,P-P,rmse,1.2419915203167298,1.2340276589834842,1.2503527750127852,256,175768
noised_data,prediction,distance_1_to_2,0.7,P-P,squared_l2_mean,1.5469698037486523,1.5272967228491325,1.5679001739365048,256,175768
noised_data,prediction,distance_1_to_2,0.7,R-P,cosine,0.1857437055346054,0.1732422192818035,0.19895505245942785,256,354178
noised_data,prediction,distance_1_to_2,0.7,R-P,l1,0.9896194598404691,0.9835895754717058,0.9958845539251342,256,354178
noised_data,prediction,distance_1_to_2,0.7,R-P,rmse,1.2428213374238823,1.235051645174912,1.2507582078287711,256,354178
noised_data,prediction,distance_1_to_2,0.7,R-P,squared_l2_mean,1.54857846070081,1.5285102911992,1.5698400714667513,256,354178
noised_data,prediction,distance_1_to_2,0.7,R-R,cosine,0.185085828969477,0.17159172571828094,0.19858602546210022,256,175590
noised_data,prediction,distance_1_to_2,0.7,R-R,l1,0.990603236714378,0.9844633713189979,0.9965591383515857,256,175590
noised_data,prediction,distance_1_to_2,0.7,R-R,rmse,1.2440562161644435,1.2362074026872738,1.2520440660781724,256,175590
noised_data,prediction,distance_1_to_2,0.7,R-R,squared_l2_mean,1.5521036605350673,1.5318905039748643,1.5736710204160773,256,175590
noised_data,prediction,distance_1_to_2,0.85,P-P,cosine,0.13002116321882795,0.1168795810866385,0.1423408337259914,256,175768
noised_data,prediction,distance_1_to_2,0.85,P-P,l1,1.0610441828612238,1.0582904358860106,1.06415442796133,256,175768
noised_data,prediction,distance_1_to_2,0.85,P-P,rmse,1.3298552659613854,1.3263690335599463,1.333533754421586,256,175768
noised_data,prediction,distance_1_to_2,0.85,P-P,squared_l2_mean,1.7696015611290932,1.7596552964008878,1.7794318838801702,256,175768
noised_data,prediction,distance_1_to_2,0.85,R-P,cosine,0.1298547468027209,0.11686269686138076,0.14260679791080405,256,354178
noised_data,prediction,distance_1_to_2,0.85,R-P,l1,1.061397735727951,1.0589865881716833,1.0639903869188856,256,354178
noised_data,prediction,distance_1_to_2,0.85,R-P,rmse,1.330417681588743,1.3272660074274263,1.3336305917383553,256,354178
noised_data,prediction,distance_1_to_2,0.85,R-P,squared_l2_mean,1.7707414268516004,1.7625611811643467,1.7799770058423747,256,354178
noised_data,prediction,distance_1_to_2,0.85,R-R,cosine,0.1284561453778963,0.11564888617893772,0.14246571474171787,256,175590
noised_data,prediction,distance_1_to_2,0.85,R-R,l1,1.0623736955458298,1.0596353678120067,1.0652630990865872,256,175590
noised_data,prediction,distance_1_to_2,0.85,R-R,rmse,1.3315091268484096,1.3279607824821302,1.3353436647131824,256,175590
noised_data,prediction,distance_1_to_2,0.85,R-R,squared_l2_mean,1.7739621901419014,1.7642871351621578,1.783337371458765,256,175590
noised_data,prediction,distance_1_to_2,0.95,P-P,cosine,0.06244597625737924,0.053430389874598916,0.07202878019494391,256,175768
noised_data,prediction,distance_1_to_2,0.95,P-P,l1,1.1084204788785428,1.1061389131005854,1.1105905907636042,256,175768
noised_data,prediction,distance_1_to_2,0.95,P-P,rmse,1.3889083939909548,1.3863203193796962,1.3917466005093126,256,175768
noised_data,prediction,distance_1_to_2,0.95,P-P,squared_l2_mean,1.9297354130540043,1.9220433273818345,1.9367910828907042,256,175768
noised_data,prediction,distance_1_to_2,0.95,R-P,cosine,0.06282798214760987,0.054305381979037295,0.07198369601392755,256,354178
noised_data,prediction,distance_1_to_2,0.95,R-P,l1,1.1086344718933105,1.1069735760742332,1.110393841896439,256,354178
noised_data,prediction,distance_1_to_2,0.95,R-P,rmse,1.3894393784972072,1.387325951757033,1.391650021543305,256,354178
noised_data,prediction,distance_1_to_2,0.95,R-P,squared_l2_mean,1.930875598685816,1.924908872920787,1.9368597854801919,256,354178
noised_data,prediction,distance_1_to_2,0.95,R-R,cosine,0.061727628784396416,0.05308460139374312,0.07133899860041912,256,175590
noised_data,prediction,distance_1_to_2,0.95,R-R,l1,1.1096481261774898,1.1075826661952306,1.1119913280010223,256,175590
noised_data,prediction,distance_1_to_2,0.95,R-R,rmse,1.3905379942227674,1.3879072882635899,1.3931902599966512,256,175590
noised_data,prediction,distance_1_to_2,0.95,R-R,squared_l2_mean,1.934264037758112,1.9263588011672255,1.9413773434178438,256,175590
noised_data,prediction,distance_2_to_6,0.05,P-P,cosine,0.22757554728741525,0.2107724911312289,0.24384966209663614,256,1111458
noised_data,prediction,distance_2_to_6,0.05,P-P,l1,0.7879271685378626,0.7754337428777944,0.801179748782306,256,1111458
noised_data,prediction,distance_2_to_6,0.05,P-P,rmse,1.01168617521505,0.9956574394025589,1.0283297338184836,256,1111458
noised_data,prediction,distance_2_to_6,0.05,P-P,squared_l2_mean,1.041841764410492,1.0078616212005727,1.0764659825639682,256,1111458
noised_data,prediction,distance_2_to_6,0.05,R-P,cosine,0.22689464482027688,0.21051906362545197,0.24351306659709734,256,2237164
noised_data,prediction,distance_2_to_6,0.05,R-P,l1,0.7876641947077587,0.7751196379424072,0.8004630915500456,256,2237164
noised_data,prediction,distance_2_to_6,0.05,R-P,rmse,1.0119833596357166,0.9959058169710374,1.0283380147612378,256,2237164
noised_data,prediction,distance_2_to_6,0.05,R-P,squared_l2_mean,1.0418906717095524,1.0083413430373185,1.0774352591572096,256,2237164
noised_data,prediction,distance_2_to_6,0.05,R-R,cosine,0.22618917973159114,0.20998145588109765,0.24330277275239495,256,1106802
noised_data,prediction,distance_2_to_6,0.05,R-R,l1,0.7872769962996244,0.773888180058566,0.8001627351855859,256,1106802
noised_data,prediction,distance_2_to_6,0.05,R-R,rmse,1.0112255746955936,0.9942642895596037,1.0272098055384509,256,1106802
noised_data,prediction,distance_2_to_6,0.05,R-R,squared_l2_mean,1.041374804044608,1.0079055051784962,1.0778052870053216,256,1106802
noised_data,prediction,distance_2_to_6,0.15,P-P,cosine,0.19418612831941573,0.17944060924555744,0.2091258926855062,256,1111458
noised_data,prediction,distance_2_to_6,0.15,P-P,l1,0.8716725238482468,0.8561144918028731,0.8882283297818503,256,1111458
noised_data,prediction,distance_2_to_6,0.15,P-P,rmse,1.1080924552526394,1.0873627224991853,1.1288957406463458,256,1111458
noised_data,prediction,distance_2_to_6,0.15,P-P,squared_l2_mean,1.2546095302677713,1.210087697695417,1.3000899266451598,256,1111458
noised_data,prediction,distance_2_to_6,0.15,R-P,cosine,0.19357410214070114,0.17925039303563609,0.20846386949760926,256,2237164
noised_data,prediction,distance_2_to_6,0.15,R-P,l1,0.8704220320214517,0.8540366324756178,0.8865272881521378,256,2237164
noised_data,prediction,distance_2_to_6,0.15,R-P,rmse,1.1070926287784542,1.0884389143135251,1.1264503435680358,256,2237164
noised_data,prediction,distance_2_to_6,0.15,R-P,squared_l2_mean,1.251514105242677,1.2058990718942368,1.2966587751405314,256,2237164
noised_data,prediction,distance_2_to_6,0.15,R-R,cosine,0.1928080704747117,0.1787908132796474,0.2079820305348221,256,1106802
noised_data,prediction,distance_2_to_6,0.15,R-R,l1,0.8691609577508643,0.8534235574508784,0.8852630556735676,256,1106802
noised_data,prediction,distance_2_to_6,0.15,R-R,rmse,1.1053814611860866,1.085451272182028,1.1247548968285401,256,1106802
noised_data,prediction,distance_2_to_6,0.15,R-R,squared_l2_mean,1.2483685281476937,1.2056249133034727,1.2922366603641422,256,1106802
noised_data,prediction,distance_2_to_6,0.3,P-P,cosine,0.17445426087761007,0.16097748751324162,0.18863688909025314,256,1111458
noised_data,prediction,distance_2_to_6,0.3,P-P,l1,0.922854536678642,0.9058242152386811,0.9400388058071257,256,1111458
noised_data,prediction,distance_2_to_6,0.3,P-P,rmse,1.169091801535917,1.148238809588016,1.1902980508600238,256,1111458
noised_data,prediction,distance_2_to_6,0.3,P-P,squared_l2_mean,1.396273651276715,1.3461546817910857,1.4466055253025842,256,1111458
noised_data,prediction,distance_2_to_6,0.3,R-P,cosine,0.17418888891552342,0.16141540050557524,0.18769644813010017,256,2237164
noised_data,prediction,distance_2_to_6,0.3,R-P,l1,0.921767987892963,0.9057271622208646,0.9387524687772384,256,2237164
noised_data,prediction,distance_2_to_6,0.3,R-P,rmse,1.168261186066622,1.1471684197611842,1.1889578774930734,256,2237164
noised_data,prediction,distance_2_to_6,0.3,R-P,squared_l2_mean,1.3932461789809167,1.3431180117098847,1.4394150764652294,256,2237164
noised_data,prediction,distance_2_to_6,0.3,R-R,cosine,0.17397945965785766,0.1603344467428542,0.1886207716886929,256,1106802
noised_data,prediction,distance_2_to_6,0.3,R-R,l1,0.9205795213347301,0.9033178348065121,0.9368256225629011,256,1106802
noised_data,prediction,distance_2_to_6,0.3,R-R,rmse,1.166738048213363,1.146224908639592,1.1876878871553864,256,1106802
noised_data,prediction,distance_2_to_6,0.3,R-R,squared_l2_mean,1.3900610577547923,1.341024889977416,1.4411081159923924,256,1106802
noised_data,prediction,distance_2_to_6,0.5,P-P,cosine,0.15935149083725264,0.1466498347544757,0.17231665274300667,256,1111458
noised_data,prediction,distance_2_to_6,0.5,P-P,l1,0.9576576590770856,0.943362567044096,0.9727734278596472,256,1111458
noised_data,prediction,distance_2_to_6,0.5,P-P,rmse,1.2086198181979138,1.1909067187067337,1.2269720173183845,256,1111458
noised_data,prediction,distance_2_to_6,0.5,P-P,squared_l2_mean,1.483774727792479,1.4406540274852886,1.531856915151002,256,1111458
noised_data,prediction,distance_2_to_6,0.5,R-P,cosine,0.15924426745914388,0.14703078002366965,0.17315397962047427,256,2237164
noised_data,prediction,distance_2_to_6,0.5,R-P,l1,0.9575704241869971,0.9431005829886999,0.9713706677837762,256,2237164
noised_data,prediction,distance_2_to_6,0.5,R-P,rmse,1.2090648080711865,1.1912241789517646,1.2266340300774565,256,2237164
noised_data,prediction,distance_2_to_6,0.5,R-P,squared_l2_mean,1.4838215762283653,1.440693410881795,1.5306128657539375,256,2237164
noised_data,prediction,distance_2_to_6,0.5,R-R,cosine,0.15890526241491898,0.14668417617567683,0.1721241072327757,256,1106802
noised_data,prediction,distance_2_to_6,0.5,R-R,l1,0.9576591727091,0.9431533358525485,0.9719115649582818,256,1106802
noised_data,prediction,distance_2_to_6,0.5,R-R,rmse,1.2092223821486248,1.191437825468363,1.2275654539792002,256,1106802
noised_data,prediction,distance_2_to_6,0.5,R-R,squared_l2_mean,1.4844470287207514,1.4400311586621684,1.5300752838491463,256,1106802
noised_data,prediction,distance_2_to_6,0.7,P-P,cosine,0.13626376371576043,0.12469021937674825,0.148832676257598,256,1111458
noised_data,prediction,distance_2_to_6,0.7,P-P,l1,1.0247407945571467,1.0162044343684102,1.034449123471859,256,1111458
noised_data,prediction,distance_2_to_6,0.7,P-P,rmse,1.2870755092915496,1.2757773608601015,1.299165246079733,256,1111458
noised_data,prediction,distance_2_to_6,0.7,P-P,squared_l2_mean,1.6663939093705267,1.6343270850018599,1.6993621357309165,256,1111458
noised_data,prediction,distance_2_to_6,0.7,R-P,cosine,0.13593691756068438,0.12420568493271275,0.1486659215749569,256,2237164
noised_data,prediction,distance_2_to_6,0.7,R-P,l1,1.025384378270246,1.0165586160495876,1.0345289645716549,256,2237164
noised_data,prediction,distance_2_to_6,0.7,R-P,rmse,1.2880544734485713,1.276690303741132,1.299841338381888,256,2237164
noised_data,prediction,distance_2_to_6,0.7,R-P,squared_l2_mean,1.6683951201848686,1.6385820559342392,1.7006097854115068,256,2237164
noised_data,prediction,distance_2_to_6,0.7,R-R,cosine,0.13584411194096901,0.12378868293408232,0.1481886244621819,256,1106802
noised_data,prediction,distance_2_to_6,0.7,R-R,l1,1.0258655350189656,1.0169594329636311,1.0355688899580855,256,1106802
noised_data,prediction,distance_2_to_6,0.7,R-R,rmse,1.288618571954687,1.277298106570126,1.3005075467928597,256,1106802
noised_data,prediction,distance_2_to_6,0.7,R-R,squared_l2_mean,1.6702192886732519,1.638056798488833,1.7009974659595173,256,1106802
noised_data,prediction,distance_2_to_6,0.85,P-P,cosine,0.10873013919007235,0.09716751344064249,0.12060376618407814,256,1111458
noised_data,prediction,distance_2_to_6,0.85,P-P,l1,1.0753801024984568,1.0704272828355896,1.0807362649735297,256,1111458
noised_data,prediction,distance_2_to_6,0.85,P-P,rmse,1.3480670227999147,1.3413878879494088,1.355337676898666,256,1111458
noised_data,prediction,distance_2_to_6,0.85,P-P,squared_l2_mean,1.8204932699445635,1.8024997684871777,1.841539053071756,256,1111458
noised_data,prediction,distance_2_to_6,0.85,R-P,cosine,0.10785476677892802,0.09613130119156495,0.11988362404905502,256,2237164
noised_data,prediction,distance_2_to_6,0.85,R-P,l1,1.0761942057870328,1.070918541244464,1.0813468476000707,256,2237164
noised_data,prediction,distance_2_to_6,0.85,R-P,rmse,1.34924896147152,1.3426026536414444,1.356110612071103,256,2237164
noised_data,prediction,distance_2_to_6,0.85,R-P,squared_l2_mean,1.8233889159746468,1.8056694628554397,1.8430141101009212,256,2237164
noised_data,prediction,distance_2_to_6,0.85,R-R,cosine,0.10791819538698633,0.09687160897519362,0.1198262819138641,256,1106802
noised_data,prediction,distance_2_to_6,0.85,R-R,l1,1.0763692636974156,1.0713480507140047,1.0815754353359808,256,1106802
noised_data,prediction,distance_2_to_6,0.85,R-R,rmse,1.3494616885087045,1.3429853988653466,1.356133270470838,256,1106802
noised_data,prediction,distance_2_to_6,0.85,R-R,squared_l2_mean,1.8241926326882094,1.805775791715132,1.8436859318928327,256,1106802
noised_data,prediction,distance_2_to_6,0.95,P-P,cosine,0.058292007502089405,0.05014058208043082,0.0665997726899203,256,1111458
noised_data,prediction,distance_2_to_6,0.95,P-P,l1,1.1101436286699027,1.1076483810902573,1.1127038242993876,256,1111458
noised_data,prediction,distance_2_to_6,0.95,P-P,rmse,1.3910608192929526,1.388103752072722,1.3942564401523185,256,1111458
noised_data,prediction,distance_2_to_6,0.95,P-P,squared_l2_mean,1.9358838687185198,1.9270595484995283,1.9453168807784096,256,1111458
noised_data,prediction,distance_2_to_6,0.95,R-P,cosine,0.05757845837963771,0.04960115998682184,0.06588764153217744,256,2237164
noised_data,prediction,distance_2_to_6,0.95,R-P,l1,1.110849877819419,1.1086742937972303,1.1131992924667429,256,2237164
noised_data,prediction,distance_2_to_6,0.95,R-P,rmse,1.3922145754857334,1.389402332658858,1.3951737150024068,256,2237164
noised_data,prediction,distance_2_to_6,0.95,R-P,squared_l2_mean,1.9388025344815105,1.9310049206076656,1.9468329568975604,256,2237164
noised_data,prediction,distance_2_to_6,0.95,R-R,cosine,0.05792837412377594,0.049469746541254266,0.06698187310331888,256,1106802
noised_data,prediction,distance_2_to_6,0.95,R-R,l1,1.1108421003445983,1.108427174919052,1.113326787459664,256,1106802
noised_data,prediction,distance_2_to_6,0.95,R-R,rmse,1.3923141115867326,1.389228090659832,1.3954582173361452,256,1106802
noised_data,prediction,distance_2_to_6,0.95,R-R,squared_l2_mean,1.9393207831308246,1.9303455200395547,1.9481914896983654,256,1106802
noised_data,prediction,distance_gt_6,0.05,P-P,cosine,0.1486480404323629,0.1303939220705786,0.16946413180842795,256,2874310
noised_data,prediction,distance_gt_6,0.05,P-P,l1,0.8466214874060825,0.831560862675542,0.8624301034782548,256,2874310
noised_data,prediction,distance_gt_6,0.05,P-P,rmse,1.0773798250287383,1.057736391408293,1.096243489357294,256,2874310
noised_data,prediction,distance_gt_6,0.05,P-P,squared_l2_mean,1.1872015367844142,1.1441351188565023,1.234467336742091,256,2874310
noised_data,prediction,distance_gt_6,0.05,R-P,cosine,0.14954413024349833,0.13034544198742992,0.16805702600923667,256,5797266
noised_data,prediction,distance_gt_6,0.05,R-P,l1,0.8451107637374662,0.8299333509727148,0.8606796412335825,256,5797266
noised_data,prediction,distance_gt_6,0.05,R-P,rmse,1.0760178631709114,1.056738607130773,1.0952631931455958,256,5797266
noised_data,prediction,distance_gt_6,0.05,R-P,squared_l2_mean,1.1838169724796899,1.14230274878646,1.2291029855579836,256,5797266
noised_data,prediction,distance_gt_6,0.05,R-R,cosine,0.15036403613180482,0.132412958863398,0.16944129399853977,256,2879144
noised_data,prediction,distance_gt_6,0.05,R-R,l1,0.8436117643723264,0.8280690284998855,0.8589025318447966,256,2879144
noised_data,prediction,distance_gt_6,0.05,R-R,rmse,1.074015569759795,1.0539602424464496,1.094235028089085,256,2879144
noised_data,prediction,distance_gt_6,0.05,R-R,squared_l2_mean,1.180443164135795,1.137601008186175,1.2269670849898828,256,2879144
noised_data,prediction,distance_gt_6,0.15,P-P,cosine,0.12799545992680805,0.11117500010726503,0.14491173647656408,256,2874310
noised_data,prediction,distance_gt_6,0.15,P-P,l1,0.9267081551370211,0.9076616358404863,0.9458817190141418,256,2874310
noised_data,prediction,distance_gt_6,0.15,P-P,rmse,1.1719046483468505,1.1496050902267818,1.1950224675697787,256,2874310
noised_data,prediction,distance_gt_6,0.15,P-P,squared_l2_mean,1.4087206649128348,1.3531946006260114,1.4638632596441312,256,2874310
noised_data,prediction,distance_gt_6,0.15,R-P,cosine,0.12849245969955803,0.11238034464613769,0.14497262516159992,256,5797266
noised_data,prediction,distance_gt_6,0.15,R-P,l1,0.9247773576062173,0.9059483491320861,0.9437617817922728,256,5797266
noised_data,prediction,distance_gt_6,0.15,R-P,rmse,1.1698409406230794,1.1454484884501837,1.1930289335360926,256,5797266
noised_data,prediction,distance_gt_6,0.15,R-P,squared_l2_mean,1.4031372701283544,1.347019650238508,1.4578364569824769,256,5797266
noised_data,prediction,distance_gt_6,0.15,R-R,cosine,0.12879626327990934,0.1126823306553181,0.14610513145295553,256,2879144
noised_data,prediction,distance_gt_6,0.15,R-R,l1,0.9227678665192798,0.9037643081130227,0.9404132508730981,256,2879144
noised_data,prediction,distance_gt_6,0.15,R-R,rmse,1.1671694535131238,1.1455362017627677,1.1898695668406623,256,2879144
noised_data,prediction,distance_gt_6,0.15,R-R,squared_l2_mean,1.397446755610872,1.3427059744339203,1.452154271559266,256,2879144
noised_data,prediction,distance_gt_6,0.3,P-P,cosine,0.11608986800752064,0.10129351886860719,0.13246951823864492,256,2874310
noised_data,prediction,distance_gt_6,0.3,P-P,l1,0.9762954660691321,0.9567208082502475,0.9963360882451525,256,2874310
noised_data,prediction,distance_gt_6,0.3,P-P,rmse,1.2319722383523286,1.2085117395063387,1.255784526062869,256,2874310
noised_data,prediction,distance_gt_6,0.3,P-P,squared_l2_mean,1.555869003990665,1.4959104313340503,1.6168205969937843,256,2874310
noised_data,prediction,distance_gt_6,0.3,R-P,cosine,0.11607277672375282,0.10058335681697006,0.1317246878981987,256,5797266
noised_data,prediction,distance_gt_6,0.3,R-P,l1,0.9749296265654266,0.9562761446082731,0.9939774432103149,256,5797266
noised_data,prediction,distance_gt_6,0.3,R-P,rmse,1.2306598534328033,1.2069832400322982,1.253544120769602,256,5797266
noised_data,prediction,distance_gt_6,0.3,R-P,squared_l2_mean,1.551668944885023,1.4928509628982283,1.61115334687056,256,5797266
noised_data,prediction,distance_gt_6,0.3,R-R,cosine,0.11610627903009174,0.10092449891598392,0.13183642577439159,256,2879144
noised_data,prediction,distance_gt_6,0.3,R-R,l1,0.9734011087566614,0.9542495375149883,0.9915828298893757,256,2879144
noised_data,prediction,distance_gt_6,0.3,R-R,rmse,1.2285897425835364,1.2043048487592207,1.2521561045886525,256,2879144
noised_data,prediction,distance_gt_6,0.3,R-R,squared_l2_mean,1.5468194674467668,1.4889780123485252,1.6023917254438855,256,2879144
noised_data,prediction,distance_gt_6,0.5,P-P,cosine,0.10656147882993139,0.09283876004697049,0.12198680411083096,256,2874310
noised_data,prediction,distance_gt_6,0.5,P-P,l1,1.0104479563888162,0.9934793449559948,1.027463507122593,256,2874310
noised_data,prediction,distance_gt_6,0.5,P-P,rmse,1.2720811306414612,1.2508253757087955,1.2931939816647853,256,2874310
noised_data,prediction,distance_gt_6,0.5,P-P,squared_l2_mean,1.6489226152189076,1.5935414160514483,1.7078767684899503,256,2874310
noised_data,prediction,distance_gt_6,0.5,R-P,cosine,0.10683901508732419,0.09241746880243937,0.12126217259872724,256,5797266
noised_data,prediction,distance_gt_6,0.5,R-P,l1,1.009910928667523,0.9937178236927139,1.0265815887396457,256,5797266
noised_data,prediction,distance_gt_6,0.5,R-P,rmse,1.2718076552360171,1.250180076432152,1.291990854191083,256,5797266
noised_data,prediction,distance_gt_6,0.5,R-P,squared_l2_mean,1.6471875810530037,1.5885403469816084,1.7029617754393256,256,5797266
noised_data,prediction,distance_gt_6,0.5,R-R,cosine,0.10744871773800924,0.09326065312216798,0.12218836234712639,256,2879144
noised_data,prediction,distance_gt_6,0.5,R-R,l1,1.0091295327292755,0.9920079788425937,1.0263775216852082,256,2879144
noised_data,prediction,distance_gt_6,0.5,R-R,rmse,1.2707270084710918,1.2497875837593004,1.2904634707316034,256,2879144
noised_data,prediction,distance_gt_6,0.5,R-R,squared_l2_mean,1.6444378435844555,1.5907015641161706,1.6987367457099025,256,2879144
noised_data,prediction,distance_gt_6,0.7,P-P,cosine,0.0947187274172192,0.08239632851671527,0.10910302216439734,256,2874310
noised_data,prediction,distance_gt_6,0.7,P-P,l1,1.0690863592317328,1.057583710452309,1.0815724545915146,256,2874310
noised_data,prediction,distance_gt_6,0.7,P-P,rmse,1.3417180551048054,1.3256829102905745,1.3576909180402477,256,2874310
noised_data,prediction,distance_gt_6,0.7,P-P,squared_l2_mean,1.816428060643375,1.774235247640172,1.8616976289486047,256,2874310
noised_data,prediction,distance_gt_6,0.7,R-P,cosine,0.09495123552937912,0.082149515636425,0.10864526242939973,256,5797266
noised_data,prediction,distance_gt_6,0.7,R-P,l1,1.069183585117571,1.0573910965176765,1.0811224378994666,256,5797266
noised_data,prediction,distance_gt_6,0.7,R-P,rmse,1.3419919607575883,1.3265184317859278,1.3572384040639036,256,5797266
noised_data,prediction,distance_gt_6,0.7,R-P,squared_l2_mean,1.8163643016014248,1.7730562564218417,1.8635734526091254,256,5797266
noised_data,prediction,distance_gt_6,0.7,R-R,cosine,0.09558580962023111,0.08223911167522573,0.10937228320970005,256,2879144
noised_data,prediction,distance_gt_6,0.7,R-R,l1,1.068943677819334,1.0574992865062085,1.080393247291795,256,2879144
noised_data,prediction,distance_gt_6,0.7,R-R,rmse,1.3416078355484338,1.3268994431799637,1.3563711555541877,256,2879144
noised_data,prediction,distance_gt_6,0.7,R-R,squared_l2_mean,1.8152888191398233,1.7724439107289072,1.8592108785058372,256,2879144
noised_data,prediction,distance_gt_6,0.85,P-P,cosine,0.08262888609834462,0.0698133868646579,0.09569880092661406,256,2874310
noised_data,prediction,distance_gt_6,0.85,P-P,l1,1.1047721552895382,1.097103913166211,1.1132579222816275,256,2874310
noised_data,prediction,distance_gt_6,0.85,P-P,rmse,1.3845659235538408,1.3744063397986168,1.39541889611487,256,2874310
noised_data,prediction,distance_gt_6,0.85,P-P,squared_l2_mean,1.9242875608615577,1.8958143874653615,1.957958476454951,256,2874310
noised_data,prediction,distance_gt_6,0.85,R-P,cosine,0.08259328044575653,0.0699222040961498,0.09542842336534463,256,5797266
noised_data,prediction,distance_gt_6,0.85,R-P,l1,1.1049785290379077,1.097457070054952,1.1132049478008412,256,5797266
noised_data,prediction,distance_gt_6,0.85,R-P,rmse,1.3849315641748356,1.375295777655546,1.3952825574102496,256,5797266
noised_data,prediction,distance_gt_6,0.85,R-P,squared_l2_mean,1.924743231618777,1.8960878452460748,1.954870523349382,256,5797266
noised_data,prediction,distance_gt_6,0.85,R-R,cosine,0.08278271595736442,0.07068202988364973,0.09533680835860493,256,2879144
noised_data,prediction,distance_gt_6,0.85,R-R,l1,1.1049366735387594,1.0975841927633154,1.1132003447564784,256,2879144
noised_data,prediction,distance_gt_6,0.85,R-R,rmse,1.3849299378617008,1.3753882179964676,1.3948057872669721,256,2879144
noised_data,prediction,distance_gt_6,0.85,R-R,squared_l2_mean,1.9247661603149027,1.8969357750494964,1.9537195239972789,256,2879144
noised_data,prediction,distance_gt_6,0.95,P-P,cosine,0.051429251290187494,0.04255679912231045,0.06139697672705891,256,2874310
noised_data,prediction,distance_gt_6,0.95,P-P,l1,1.1199128134176135,1.1163044980086851,1.12366057538311,256,2874310
noised_data,prediction,distance_gt_6,0.95,P-P,rmse,1.4033386321203023,1.399118723357963,1.4080820455458913,256,2874310
noised_data,prediction,distance_gt_6,0.95,P-P,squared_l2_mean,1.9708903320133686,1.9580650231335313,1.984488666249672,256,2874310
noised_data,prediction,distance_gt_6,0.95,R-P,cosine,0.051247831245483155,0.04222502460446744,0.061478629915218616,256,5797266
noised_data,prediction,distance_gt_6,0.95,R-P,l1,1.120368464384228,1.1173072794859764,1.1238742607762107,256,5797266
noised_data,prediction,distance_gt_6,0.95,R-P,rmse,1.4041508081705505,1.4001603688311821,1.4083701102305428,256,5797266
noised_data,prediction,distance_gt_6,0.95,R-P,squared_l2_mean,1.9728212237823755,1.9606325498374644,1.9858532087819185,256,5797266
noised_data,prediction,distance_gt_6,0.95,R-R,cosine,0.05133280921037908,0.04167378321611039,0.062178047764191995,256,2879144
noised_data,prediction,distance_gt_6,0.95,R-R,l1,1.1206073169596493,1.117259269632632,1.124328483286081,256,2879144
noised_data,prediction,distance_gt_6,0.95,R-R,rmse,1.4045960016463392,1.4003825913165326,1.4089253687712588,256,2879144
noised_data,prediction,distance_gt_6,0.95,R-R,squared_l2_mean,1.9742396897636354,1.9624970282544383,1.987235940725077,256,2879144
noised_data,target,adjacent_patches,0.05,P-P,cosine,0.17905564635293558,0.16914531656411783,0.1902332543225384,256,61123
noised_data,target,adjacent_patches,0.05,P-P,l1,1.305906022200361,1.3014902753464412,1.310294560098555,256,61123
noised_data,target,adjacent_patches,0.05,P-P,rmse,1.64260610796495,1.6370646701611486,1.6476472352916618,256,61123
noised_data,target,adjacent_patches,0.05,P-P,squared_l2_mean,2.7006964599713683,2.6828176510869524,2.7182645703549495,256,61123
noised_data,target,adjacent_patches,0.05,R-P,cosine,0.17995298714413366,0.16897629904683525,0.19091401391901855,256,123550
noised_data,target,adjacent_patches,0.05,R-P,l1,1.3052194127812982,1.3010893522994593,1.309194997092709,256,123550
noised_data,target,adjacent_patches,0.05,R-P,rmse,1.6417191914506786,1.6367706576172172,1.6467568866628894,256,123550
noised_data,target,adjacent_patches,0.05,R-P,squared_l2_mean,2.6971500497311354,2.680562676500995,2.7145465146983043,256,123550
noised_data,target,adjacent_patches,0.05,R-R,cosine,0.17799551029520444,0.1668712369797049,0.18961872013287576,256,61087
noised_data,target,adjacent_patches,0.05,R-R,l1,1.3066022449638695,1.3020819952187594,1.3112806207325776,256,61087
noised_data,target,adjacent_patches,0.05,R-R,rmse,1.64324026047998,1.6373531253200737,1.6492480196763841,256,61087
noised_data,target,adjacent_patches,0.05,R-R,squared_l2_mean,2.7030888400040567,2.6831463690381496,2.7217680746573025,256,61087
noised_data,target,adjacent_patches,0.15,P-P,cosine,0.17905564635293558,0.16866067935661705,0.19008116552849968,256,61123
noised_data,target,adjacent_patches,0.15,P-P,l1,1.305906022200361,1.3016272265464068,1.3103344585106242,256,61123
noised_data,target,adjacent_patches,0.15,P-P,rmse,1.64260610796495,1.637423543001714,1.6479633212558504,256,61123
noised_data,target,adjacent_patches,0.15,P-P,squared_l2_mean,2.7006964599713683,2.6836032611783596,2.717674121004529,256,61123
noised_data,target,adjacent_patches,0.15,R-P,cosine,0.17995298714413366,0.16908088457739723,0.1903992022138027,256,123550
noised_data,target,adjacent_patches,0.15,R-P,l1,1.3052194127812982,1.3011865600070451,1.3093737386283464,256,123550
noised_data,target,adjacent_patches,0.15,R-P,rmse,1.6417191914506786,1.636730748277835,1.6469751465418383,256,123550
noised_data,target,adjacent_patches,0.15,R-P,squared_l2_mean,2.6971500497311354,2.6806953487568537,2.713748525129631,256,123550
noised_data,target,adjacent_patches,0.15,R-R,cosine,0.17799551029520444,0.16697260192764815,0.1898503862026928,256,61087
noised_data,target,adjacent_patches,0.15,R-R,l1,1.3066022449638695,1.301740063057514,1.3112925647292286,256,61087
noised_data,target,adjacent_patches,0.15,R-R,rmse,1.64324026047998,1.6374542935492713,1.6489666616911005,256,61087
noised_data,target,adjacent_patches,0.15,R-R,squared_l2_mean,2.7030888400040567,2.6844420402194373,2.722175688657444,256,61087
noised_data,target,adjacent_patches,0.3,P-P,cosine,0.17905564635293558,0.16856887964922862,0.18949624056085668,256,61123
noised_data,target,adjacent_patches,0.3,P-P,l1,1.305906022200361,1.3016594268439803,1.3102539151965176,256,61123
noised_data,target,adjacent_patches,0.3,P-P,rmse,1.64260610796495,1.6373063728351787,1.6478849403481284,256,61123
noised_data,target,adjacent_patches,0.3,P-P,squared_l2_mean,2.7006964599713683,2.682594864605926,2.718351206020452,256,61123
noised_data,target,adjacent_patches,0.3,R-P,cosine,0.17995298714413366,0.16906400264560945,0.19153257771017707,256,123550
noised_data,target,adjacent_patches,0.3,R-P,l1,1.3052194127812982,1.3013032932649367,1.3093491743551566,256,123550
noised_data,target,adjacent_patches,0.3,R-P,rmse,1.6417191914506786,1.6365273758207126,1.6468081408054822,256,123550
noised_data,target,adjacent_patches,0.3,R-P,squared_l2_mean,2.6971500497311354,2.6802189141511916,2.7138608200475574,256,123550
noised_data,target,adjacent_patches,0.3,R-R,cosine,0.17799551029520444,0.16749669215248558,0.19008017601449864,256,61087
noised_data,target,adjacent_patches,0.3,R-R,l1,1.3066022449638695,1.3020442168228328,1.3109816383337602,256,61087
noised_data,target,adjacent_patches,0.3,R-R,rmse,1.64324026047998,1.63775644586982,1.6488861854335726,256,61087
noised_data,target,adjacent_patches,0.3,R-R,squared_l2_mean,2.7030888400040567,2.6840484761050902,2.7221578109660185,256,61087
noised_data,target,adjacent_patches,0.5,P-P,cosine,0.17905564635293558,0.16827830442425692,0.19028182983856823,256,61123
noised_data,target,adjacent_patches,0.5,P-P,l1,1.305906022200361,1.3015801776840816,1.3102916996984277,256,61123
noised_data,target,adjacent_patches,0.5,P-P,rmse,1.64260610796495,1.6371170829360748,1.6478777301813994,256,61123
noised_data,target,adjacent_patches,0.5,P-P,squared_l2_mean,2.7006964599713683,2.683940563886426,2.719200028234627,256,61123
noised_data,target,adjacent_patches,0.5,R-P,cosine,0.17995298714413366,0.16940125350151902,0.19094273419373167,256,123550
noised_data,target,adjacent_patches,0.5,R-P,l1,1.3052194127812982,1.301077587675536,1.3095883576374034,256,123550
noised_data,target,adjacent_patches,0.5,R-P,rmse,1.6417191914506786,1.6365243986566285,1.6468402444077717,256,123550
noised_data,target,adjacent_patches,0.5,R-P,squared_l2_mean,2.6971500497311354,2.679437792173121,2.7144801527960225,256,123550
noised_data,target,adjacent_patches,0.5,R-R,cosine,0.17799551029520444,0.1671323802854431,0.18878239153262938,256,61087
noised_data,target,adjacent_patches,0.5,R-R,l1,1.3066022449638695,1.302211601601448,1.3111080500413663,256,61087
noised_data,target,adjacent_patches,0.5,R-R,rmse,1.64324026047998,1.6374726413842684,1.6491685038701405,256,61087
noised_data,target,adjacent_patches,0.5,R-R,squared_l2_mean,2.7030888400040567,2.683531966852024,2.723138337547425,256,61087
noised_data,target,adjacent_patches,0.7,P-P,cosine,0.17905564635293558,0.16812246860145025,0.1902124073847517,256,61123
noised_data,target,adjacent_patches,0.7,P-P,l1,1.305906022200361,1.3016697739716618,1.3102437579014805,256,61123
noised_data,target,adjacent_patches,0.7,P-P,rmse,1.64260610796495,1.6373987313631582,1.647757200511775,256,61123
noised_data,target,adjacent_patches,0.7,P-P,squared_l2_mean,2.7006964599713683,2.682701383007225,2.718727156112436,256,61123
noised_data,target,adjacent_patches,0.7,R-P,cosine,0.17995298714413366,0.16931596905506013,0.19140002350736723,256,123550
noised_data,target,adjacent_patches,0.7,R-P,l1,1.3052194127812982,1.3013510967721231,1.3090962192683946,256,123550
noised_data,target,adjacent_patches,0.7,R-P,rmse,1.6417191914506786,1.636768422331829,1.6466346301738393,256,123550
noised_data,target,adjacent_patches,0.7,R-P,squared_l2_mean,2.6971500497311354,2.680733633541968,2.7143751013674775,256,123550
noised_data,target,adjacent_patches,0.7,R-R,cosine,0.17799551029520444,0.16718684681432022,0.18976515339584238,256,61087
noised_data,target,adjacent_patches,0.7,R-R,l1,1.3066022449638695,1.3018648689612746,1.311163369647693,256,61087
noised_data,target,adjacent_patches,0.7,R-R,rmse,1.64324026047998,1.6373519715298614,1.6491826231947748,256,61087
noised_data,target,adjacent_patches,0.7,R-R,squared_l2_mean,2.7030888400040567,2.6839128149091267,2.7225068536470642,256,61087
noised_data,target,adjacent_patches,0.85,P-P,cosine,0.17905564635293558,0.16862135103774561,0.19081817366813994,256,61123
noised_data,target,adjacent_patches,0.85,P-P,l1,1.305906022200361,1.3013984201825224,1.310517642548075,256,61123
noised_data,target,adjacent_patches,0.85,P-P,rmse,1.64260610796495,1.6372050014746211,1.6480214767129373,256,61123
noised_data,target,adjacent_patches,0.85,P-P,squared_l2_mean,2.7006964599713683,2.6833906391286293,2.718236493051518,256,61123
noised_data,target,adjacent_patches,0.85,R-P,cosine,0.17995298714413366,0.16953769602741886,0.19144453772287306,256,123550
noised_data,target,adjacent_patches,0.85,R-P,l1,1.3052194127812982,1.3007918808609247,1.3091541920730378,256,123550
noised_data,target,adjacent_patches,0.85,R-P,rmse,1.6417191914506786,1.6364769160941408,1.6469509872856278,256,123550
noised_data,target,adjacent_patches,0.85,R-P,squared_l2_mean,2.6971500497311354,2.679882192413788,2.714551766985096,256,123550
noised_data,target,adjacent_patches,0.85,R-R,cosine,0.17799551029520444,0.16707491614444053,0.18970966091177385,256,61087
noised_data,target,adjacent_patches,0.85,R-R,l1,1.3066022449638695,1.3019102778227534,1.3114550081430933,256,61087
noised_data,target,adjacent_patches,0.85,R-R,rmse,1.64324026047998,1.6372713133820722,1.6491348605791425,256,61087
noised_data,target,adjacent_patches,0.85,R-R,squared_l2_mean,2.7030888400040567,2.684071740519721,2.7224249900667927,256,61087
noised_data,target,adjacent_patches,0.95,P-P,cosine,0.17905564635293558,0.16778028042590448,0.19025079271959838,256,61123
noised_data,target,adjacent_patches,0.95,P-P,l1,1.305906022200361,1.3016695609258022,1.3102353779948317,256,61123
noised_data,target,adjacent_patches,0.95,P-P,rmse,1.64260610796495,1.6372069969340386,1.6477973262222714,256,61123
noised_data,target,adjacent_patches,0.95,P-P,squared_l2_mean,2.7006964599713683,2.6829573985072783,2.717936818650924,256,61123
noised_data,target,adjacent_patches,0.95,R-P,cosine,0.17995298714413366,0.16941392254097992,0.19098794613460085,256,123550
noised_data,target,adjacent_patches,0.95,R-P,l1,1.3052194127812982,1.3010969694820234,1.3095290569704958,256,123550
noised_data,target,adjacent_patches,0.95,R-P,rmse,1.6417191914506786,1.6364093649531721,1.646805185907293,256,123550
noised_data,target,adjacent_patches,0.95,R-P,squared_l2_mean,2.6971500497311354,2.680584258842282,2.7137242855271326,256,123550
noised_data,target,adjacent_patches,0.95,R-R,cosine,0.17799551029520444,0.16672858711241362,0.1892720423574815,256,61087
noised_data,target,adjacent_patches,0.95,R-R,l1,1.3066022449638695,1.3019506312033626,1.3113821038976312,256,61087
noised_data,target,adjacent_patches,0.95,R-R,rmse,1.64324026047998,1.637482271223351,1.6490421901680776,256,61087
noised_data,target,adjacent_patches,0.95,R-R,squared_l2_mean,2.7030888400040567,2.6845839294721374,2.721790155034978,256,61087
noised_data,target,all_pairs,0.05,P-P,cosine,0.07751145798317793,0.06785349233102238,0.0872852863869241,256,4161536
noised_data,target,all_pairs,0.05,P-P,l1,1.399075941881165,1.3922969428298528,1.4061385492736007,256,4161536
noised_data,target,all_pairs,0.05,P-P,rmse,1.7582989868103143,1.7490328639582053,1.7677073627475839,256,4161536
noised_data,target,all_pairs,0.05,P-P,squared_l2_mean,3.097131044603884,3.065861221088562,3.128685087687336,256,4161536
noised_data,target,all_pairs,0.05,R-P,cosine,0.0772511351774483,0.06759223996094761,0.08750402721422006,256,8388608
noised_data,target,all_pairs,0.05,R-P,l1,1.3996245318558067,1.3924548272043467,1.4065217732277233,256,8388608
noised_data,target,all_pairs,0.05,R-P,rmse,1.7591029087547259,1.7506993643619682,1.767773182111884,256,8388608
noised_data,target,all_pairs,0.05,R-P,squared_l2_mean,3.0993599900975823,3.0690545305144044,3.1294606380281036,256,8388608
noised_data,target,all_pairs,0.05,R-R,cosine,0.07741092596893395,0.06737980991831875,0.08820829232891754,256,4161536
noised_data,target,all_pairs,0.05,R-R,l1,1.3996980146039277,1.392558140080655,1.406628698919667,256,4161536
noised_data,target,all_pairs,0.05,R-R,rmse,1.7591949979797814,1.7506666279131995,1.767994850742651,256,4161536
noised_data,target,all_pairs,0.05,R-R,squared_l2_mean,3.100259581115097,3.0695742335752585,3.131974751444068,256,4161536
noised_data,target,all_pairs,0.15,P-P,cosine,0.07751145798317793,0.0676975387518354,0.08811727384756977,256,4161536
noised_data,target,all_pairs,0.15,P-P,l1,1.399075941881165,1.3919768276624382,1.4058337358816062,256,4161536
noised_data,target,all_pairs,0.15,P-P,rmse,1.7582989868103143,1.749150465346035,1.7669480869522811,256,4161536
noised_data,target,all_pairs,0.15,P-P,squared_l2_mean,3.097131044603884,3.0658570700674317,3.1288105820887724,256,4161536
noised_data,target,all_pairs,0.15,R-P,cosine,0.0772511351774483,0.06711660901283949,0.08737911257430823,256,8388608
noised_data,target,all_pairs,0.15,R-P,l1,1.3996245318558067,1.3927778656769079,1.4062039683398324,256,8388608
noised_data,target,all_pairs,0.15,R-P,rmse,1.7591029087547259,1.7506974605218228,1.7678543982541255,256,8388608
noised_data,target,all_pairs,0.15,R-P,squared_l2_mean,3.0993599900975823,3.0697835035272876,3.129320621979423,256,8388608
noised_data,target,all_pairs,0.15,R-R,cosine,0.07741092596893395,0.06748039049425358,0.08791246684962457,256,4161536
noised_data,target,all_pairs,0.15,R-R,l1,1.3996980146039277,1.3927009957842529,1.4065453932911622,256,4161536
noised_data,target,all_pairs,0.15,R-R,rmse,1.7591949979797814,1.7504952988971187,1.7679080879447004,256,4161536
noised_data,target,all_pairs,0.15,R-R,squared_l2_mean,3.100259581115097,3.0696220879792238,3.1310961556853725,256,4161536
noised_data,target,all_pairs,0.3,P-P,cosine,0.07751145798317793,0.06745877214172821,0.08795544225575042,256,4161536
noised_data,target,all_pairs,0.3,P-P,l1,1.399075941881165,1.391954411851475,1.4061260865943042,256,4161536
noised_data,target,all_pairs,0.3,P-P,rmse,1.7582989868103143,1.7500240210410336,1.7668496452429747,256,4161536
noised_data,target,all_pairs,0.3,P-P,squared_l2_mean,3.097131044603884,3.0682214320637287,3.1289299189113082,256,4161536
noised_data,target,all_pairs,0.3,R-P,cosine,0.0772511351774483,0.06774261201236413,0.08787831961511756,256,8388608
noised_data,target,all_pairs,0.3,R-P,l1,1.3996245318558067,1.3931214445794466,1.406552655028645,256,8388608
noised_data,target,all_pairs,0.3,R-P,rmse,1.7591029087547259,1.7504961800197831,1.767609122466225,256,8388608
noised_data,target,all_pairs,0.3,R-P,squared_l2_mean,3.0993599900975823,3.069378486357164,3.128903100383468,256,8388608
noised_data,target,all_pairs,0.3,R-R,cosine,0.07741092596893395,0.06732594379380145,0.08806828712587275,256,4161536
noised_data,target,all_pairs,0.3,R-R,l1,1.3996980146039277,1.392864394641947,1.406597381073516,256,4161536
noised_data,target,all_pairs,0.3,R-R,rmse,1.7591949979797814,1.7504649256054952,1.7686094936835282,256,4161536
noised_data,target,all_pairs,0.3,R-R,squared_l2_mean,3.100259581115097,3.0697706755250693,3.1319904871401376,256,4161536
noised_data,target,all_pairs,0.5,P-P,cosine,0.07751145798317793,0.06772355149659574,0.0872636549270737,256,4161536
noised_data,target,all_pairs,0.5,P-P,l1,1.399075941881165,1.3922241304477212,1.4061825261916965,256,4161536
noised_data,target,all_pairs,0.5,P-P,rmse,1.7582989868103143,1.7497348019204377,1.7671983996941958,256,4161536
noised_data,target,all_pairs,0.5,P-P,squared_l2_mean,3.097131044603884,3.0662843307945877,3.1297136781271546,256,4161536
noised_data,target,all_pairs,0.5,R-P,cosine,0.0772511351774483,0.06746651608416414,0.08722539212510583,256,8388608
noised_data,target,all_pairs,0.5,R-P,l1,1.3996245318558067,1.3928347268665675,1.406412188516697,256,8388608
noised_data,target,all_pairs,0.5,R-P,rmse,1.7591029087547259,1.7503784176880253,1.768128746049191,256,8388608
noised_data,target,all_pairs,0.5,R-P,squared_l2_mean,3.0993599900975823,3.069140925107058,3.1286602049367502,256,8388608
noised_data,target,all_pairs,0.5,R-R,cosine,0.07741092596893395,0.06779781061118798,0.08750675537148993,256,4161536
noised_data,target,all_pairs,0.5,R-R,l1,1.3996980146039277,1.3929250679269898,1.4067505158192943,256,4161536
noised_data,target,all_pairs,0.5,R-R,rmse,1.7591949979797814,1.750550761872676,1.768157196425361,256,4161536
noised_data,target,all_pairs,0.5,R-R,squared_l2_mean,3.100259581115097,3.0700689044897445,3.1318682239274493,256,4161536
noised_data,target,all_pairs,0.7,P-P,cosine,0.07751145798317793,0.06776401087600448,0.08797310022986835,256,4161536
noised_data,target,all_pairs,0.7,P-P,l1,1.399075941881165,1.3922093845030759,1.4060722139605786,256,4161536
noised_data,target,all_pairs,0.7,P-P,rmse,1.7582989868103143,1.7494041391517055,1.7672028213555473,256,4161536
noised_data,target,all_pairs,0.7,P-P,squared_l2_mean,3.097131044603884,3.0667054017540067,3.128285262407735,256,4161536
noised_data,target,all_pairs,0.7,R-P,cosine,0.0772511351774483,0.06766178092092331,0.08709697005348288,256,8388608
noised_data,target,all_pairs,0.7,R-P,l1,1.3996245318558067,1.3929716889804695,1.4062379264854825,256,8388608
noised_data,target,all_pairs,0.7,R-P,rmse,1.7591029087547259,1.7506607269846437,1.767438232851768,256,8388608
noised_data,target,all_pairs,0.7,R-P,squared_l2_mean,3.0993599900975823,3.0699061078717933,3.129908371565398,256,8388608
noised_data,target,all_pairs,0.7,R-R,cosine,0.07741092596893395,0.06755845597694474,0.0877490441600713,256,4161536
noised_data,target,all_pairs,0.7,R-R,l1,1.3996980146039277,1.3926654396171216,1.4067722104780842,256,4161536
noised_data,target,all_pairs,0.7,R-R,rmse,1.7591949979797814,1.7501667902997848,1.7677025435878042,256,4161536
noised_data,target,all_pairs,0.7,R-R,squared_l2_mean,3.100259581115097,3.067636145092547,3.1329280371195636,256,4161536
noised_data,target,all_pairs,0.85,P-P,cosine,0.07751145798317793,0.06791758089982239,0.08796209236300852,256,4161536
noised_data,target,all_pairs,0.85,P-P,l1,1.399075941881165,1.3919777743809392,1.4058111732418184,256,4161536
noised_data,target,all_pairs,0.85,P-P,rmse,1.7582989868103143,1.7494157143006666,1.7673172598544031,256,4161536
noised_data,target,all_pairs,0.85,P-P,squared_l2_mean,3.097131044603884,3.063853289803956,3.1283300480339675,256,4161536
noised_data,target,all_pairs,0.85,R-P,cosine,0.0772511351774483,0.0674044279630607,0.08742103079744083,256,8388608
noised_data,target,all_pairs,0.85,R-P,l1,1.3996245318558067,1.3927522891608533,1.4066401717020198,256,8388608
noised_data,target,all_pairs,0.85,R-P,rmse,1.7591029087547259,1.750420031014238,1.7679477839064477,256,8388608
noised_data,target,all_pairs,0.85,R-P,squared_l2_mean,3.0993599900975823,3.0688404287793674,3.1294394806376657,256,8388608
noised_data,target,all_pairs,0.85,R-R,cosine,0.07741092596893395,0.06767992178764075,0.0877468244832329,256,4161536
noised_data,target,all_pairs,0.85,R-R,l1,1.3996980146039277,1.3928629763482605,1.4063625473878347,256,4161536
noised_data,target,all_pairs,0.85,R-R,rmse,1.7591949979797814,1.7505367682344122,1.7678419712145068,256,4161536
noised_data,target,all_pairs,0.85,R-R,squared_l2_mean,3.100259581115097,3.0704747281619347,3.131081736332271,256,4161536
noised_data,target,all_pairs,0.95,P-P,cosine,0.07751145798317793,0.068093064468016,0.0886617915318908,256,4161536
noised_data,target,all_pairs,0.95,P-P,l1,1.399075941881165,1.3922894927032758,1.40641637298977,256,4161536
noised_data,target,all_pairs,0.95,P-P,rmse,1.7582989868103143,1.7498864682772148,1.7669202553913628,256,4161536
noised_data,target,all_pairs,0.95,P-P,squared_l2_mean,3.097131044603884,3.0669989020563664,3.1284266271279195,256,4161536
noised_data,target,all_pairs,0.95,R-P,cosine,0.0772511351774483,0.06800615791315749,0.08831292959100664,256,8388608
noised_data,target,all_pairs,0.95,R-P,l1,1.3996245318558067,1.3926193204533774,1.4064744247240015,256,8388608
noised_data,target,all_pairs,0.95,R-P,rmse,1.7591029087547259,1.7508179874413183,1.7676045793573034,256,8388608
noised_data,target,all_pairs,0.95,R-P,squared_l2_mean,3.0993599900975823,3.0698935817577877,3.1285520709701813,256,8388608
noised_data,target,all_pairs,0.95,R-R,cosine,0.07741092596893395,0.06761087213492942,0.08777697180850622,256,4161536
noised_data,target,all_pairs,0.95,R-R,l1,1.3996980146039277,1.39248178107664,1.4067251194792334,256,4161536
noised_data,target,all_pairs,0.95,R-R,rmse,1.7591949979797814,1.7506342470969563,1.7682395782276406,256,4161536
noised_data,target,all_pairs,0.95,R-R,squared_l2_mean,3.100259581115097,3.0705967734684236,3.1343447328661567,256,4161536
noised_data,target,boundary_pixels,0.05,P-P,cosine,0.18546790481195785,0.17376007231528093,0.19723584368530284,256,122246
noised_data,target,boundary_pixels,0.05,P-P,l1,1.2927648145705462,1.2878229637863114,1.2978636121726594,256,122246
noised_data,target,boundary_pixels,0.05,P-P,rmse,1.623851003984557,1.617950869777515,1.6298677860618422,256,122246
noised_data,target,boundary_pixels,0.05,P-P,squared_l2_mean,2.6399643439799547,2.62114829022903,2.6595024872687647,256,122246
noised_data,target,boundary_pixels,0.05,R-P,cosine,0.18401805528264958,0.17174571940954592,0.19606783487893154,256,247100
noised_data,target,boundary_pixels,0.05,R-P,l1,1.2938513576518744,1.2896968862623908,1.2983246224175673,256,247100
noised_data,target,boundary_pixels,0.05,R-P,rmse,1.6252517636500374,1.619835513269287,1.6306122951216067,256,247100
noised_data,target,boundary_pixels,0.05,R-P,squared_l2_mean,2.643637307919562,2.6264718741877005,2.660739080619533,256,247100
noised_data,target,boundary_pixels,0.05,R-R,cosine,0.18343524678766698,0.17135920298075008,0.19615127051139325,256,122174
noised_data,target,boundary_pixels,0.05,R-R,l1,1.294089515460655,1.2890404623525682,1.2988576959411149,256,122174
noised_data,target,boundary_pixels,0.05,R-R,rmse,1.6257107981350707,1.6196024530446864,1.6317953258432807,256,122174
noised_data,target,boundary_pixels,0.05,R-R,squared_l2_mean,2.646062819287181,2.62565279455157,2.6665291602141226,256,122174
noised_data,target,boundary_pixels,0.15,P-P,cosine,0.18546790481195785,0.17318847741839818,0.19787214712650894,256,122246
noised_data,target,boundary_pixels,0.15,P-P,l1,1.2927648145705462,1.287686098611448,1.297994053887669,256,122246
noised_data,target,boundary_pixels,0.15,P-P,rmse,1.623851003984557,1.6177679228399204,1.6297299177016966,256,122246
noised_data,target,boundary_pixels,0.15,P-P,squared_l2_mean,2.6399643439799547,2.6209975100588054,2.659859533852432,256,122246
noised_data,target,boundary_pixels,0.15,R-P,cosine,0.18401805528264958,0.17198815916362947,0.19659771873411955,256,247100
noised_data,target,boundary_pixels,0.15,R-P,l1,1.2938513576518744,1.2894650679605548,1.2984595039277338,256,247100
noised_data,target,boundary_pixels,0.15,R-P,rmse,1.6252517636500374,1.6198566770088931,1.6306411989286793,256,247100
noised_data,target,boundary_pixels,0.15,R-P,squared_l2_mean,2.643637307919562,2.626416395162232,2.661038470081985,256,247100
noised_data,target,boundary_pixels,0.15,R-R,cosine,0.18343524678766698,0.17114575035079724,0.19602604712753188,256,122174
noised_data,target,boundary_pixels,0.15,R-R,l1,1.294089515460655,1.2891142155800481,1.2990224419918377,256,122174
noised_data,target,boundary_pixels,0.15,R-R,rmse,1.6257107981350707,1.619566244570361,1.631815848349132,256,122174
noised_data,target,boundary_pixels,0.15,R-R,squared_l2_mean,2.646062819287181,2.625630656280555,2.665728411928285,256,122174
noised_data,target,boundary_pixels,0.3,P-P,cosine,0.18546790481195785,0.1738815756430995,0.198081727307499,256,122246
noised_data,target,boundary_pixels,0.3,P-P,l1,1.2927648145705462,1.2879970523063093,1.2978457910649013,256,122246
noised_data,target,boundary_pixels,0.3,P-P,rmse,1.623851003984557,1.6179098381405,1.6294016153394042,256,122246
noised_data,target,boundary_pixels,0.3,P-P,squared_l2_mean,2.6399643439799547,2.620832863333635,2.6588339863345025,256,122246
noised_data,target,boundary_pixels,0.3,R-P,cosine,0.18401805528264958,0.17206575320446973,0.19667441754359058,256,247100
noised_data,target,boundary_pixels,0.3,R-P,l1,1.2938513576518744,1.2894438361050562,1.298487731453497,256,247100
noised_data,target,boundary_pixels,0.3,R-P,rmse,1.6252517636500374,1.6196292001787604,1.6307162808484696,256,247100
noised_data,target,boundary_pixels,0.3,R-P,squared_l2_mean,2.643637307919562,2.6248623377177864,2.6617041910998522,256,247100
noised_data,target,boundary_pixels,0.3,R-R,cosine,0.18343524678766698,0.17101280304885905,0.1957549395536148,256,122174
noised_data,target,boundary_pixels,0.3,R-R,l1,1.294089515460655,1.2893977010506206,1.2988172827055677,256,122174
noised_data,target,boundary_pixels,0.3,R-R,rmse,1.6257107981350707,1.619839372520117,1.6317087076987327,256,122174
noised_data,target,boundary_pixels,0.3,R-R,squared_l2_mean,2.646062819287181,2.6265565230161885,2.665280762698967,256,122174
noised_data,target,boundary_pixels,0.5,P-P,cosine,0.18546790481195785,0.1731866585764692,0.198678325857918,256,122246
noised_data,target,boundary_pixels,0.5,P-P,l1,1.2927648145705462,1.2876005499623715,1.2974443399638402,256,122246
noised_data,target,boundary_pixels,0.5,P-P,rmse,1.623851003984557,1.6177683506304792,1.6297464490393097,256,122246
noised_data,target,boundary_pixels,0.5,P-P,squared_l2_mean,2.6399643439799547,2.6216490081045776,2.6599720481433904,256,122246
noised_data,target,boundary_pixels,0.5,R-P,cosine,0.18401805528264958,0.17199235729704015,0.19648479738152672,256,247100
noised_data,target,boundary_pixels,0.5,R-P,l1,1.2938513576518744,1.2895624177530407,1.2981682063196787,256,247100
noised_data,target,boundary_pixels,0.5,R-P,rmse,1.6252517636500374,1.619566714641418,1.6307776857441023,256,247100
noised_data,target,boundary_pixels,0.5,R-P,squared_l2_mean,2.643637307919562,2.6262617402710022,2.6605231523513795,256,247100
noised_data,target,boundary_pixels,0.5,R-R,cosine,0.18343524678766698,0.172150036897699,0.19596262667797645,256,122174
noised_data,target,boundary_pixels,0.5,R-R,l1,1.294089515460655,1.2889858093345539,1.2989312756224536,256,122174
noised_data,target,boundary_pixels,0.5,R-R,rmse,1.6257107981350707,1.619818327707177,1.6314250792568745,256,122174
noised_data,target,boundary_pixels,0.5,R-R,squared_l2_mean,2.646062819287181,2.6264419505023398,2.6649366628262214,256,122174
noised_data,target,boundary_pixels,0.7,P-P,cosine,0.18546790481195785,0.17288694414496603,0.19721634384668502,256,122246
noised_data,target,boundary_pixels,0.7,P-P,l1,1.2927648145705462,1.287696436973056,1.2978033701423555,256,122246
noised_data,target,boundary_pixels,0.7,P-P,rmse,1.623851003984557,1.6181396173504823,1.6300201215022436,256,122246
noised_data,target,boundary_pixels,0.7,P-P,squared_l2_mean,2.6399643439799547,2.621258095256053,2.658692894561682,256,122246
noised_data,target,boundary_pixels,0.7,R-P,cosine,0.18401805528264958,0.17187771401459032,0.19699497589340353,256,247100
noised_data,target,boundary_pixels,0.7,R-P,l1,1.2938513576518744,1.2896277636406013,1.2981130335945636,256,247100
noised_data,target,boundary_pixels,0.7,R-P,rmse,1.6252517636500374,1.6198488062581233,1.6308317510515848,256,247100
noised_data,target,boundary_pixels,0.7,R-P,squared_l2_mean,2.643637307919562,2.6265570668503644,2.6619382898206823,256,247100
noised_data,target,boundary_pixels,0.7,R-R,cosine,0.18343524678766698,0.17154088933597222,0.1961830371480232,256,122174
noised_data,target,boundary_pixels,0.7,R-R,l1,1.294089515460655,1.2888996259891428,1.2987946226028726,256,122174
noised_data,target,boundary_pixels,0.7,R-R,rmse,1.6257107981350707,1.6193657437412836,1.631863765419066,256,122174
noised_data,target,boundary_pixels,0.7,R-R,squared_l2_mean,2.646062819287181,2.6266348131000994,2.6657143159303813,256,122174
noised_data,target,boundary_pixels,0.85,P-P,cosine,0.18546790481195785,0.1733023436977419,0.19809891225568207,256,122246
noised_data,target,boundary_pixels,0.85,P-P,l1,1.2927648145705462,1.2876468939881307,1.2978161559556611,256,122246
noised_data,target,boundary_pixels,0.85,P-P,rmse,1.623851003984557,1.6179069851911003,1.6298815727378204,256,122246
noised_data,target,boundary_pixels,0.85,P-P,squared_l2_mean,2.6399643439799547,2.6209483955637554,2.658516547817271,256,122246
noised_data,target,boundary_pixels,0.85,R-P,cosine,0.18401805528264958,0.17187867539487342,0.19615022287675857,256,247100
noised_data,target,boundary_pixels,0.85,R-P,l1,1.2938513576518744,1.289484744728543,1.2984102075046393,256,247100
noised_data,target,boundary_pixels,0.85,R-P,rmse,1.6252517636500374,1.6197704459336864,1.6307012947120034,256,247100
noised_data,target,boundary_pixels,0.85,R-P,squared_l2_mean,2.643637307919562,2.6276714533567427,2.661106282460969,256,247100
noised_data,target,boundary_pixels,0.85,R-R,cosine,0.18343524678766698,0.17116370968975617,0.1960606993252668,256,122174
noised_data,target,boundary_pixels,0.85,R-R,l1,1.294089515460655,1.289213554415619,1.2991011278529185,256,122174
noised_data,target,boundary_pixels,0.85,R-R,rmse,1.6257107981350707,1.6195843118284228,1.6317115381448646,256,122174
noised_data,target,boundary_pixels,0.85,R-R,squared_l2_mean,2.646062819287181,2.6255807324661875,2.666155041672755,256,122174
noised_data,target,boundary_pixels,0.95,P-P,cosine,0.18546790481195785,0.17375733109106478,0.19807469201223285,256,122246
noised_data,target,boundary_pixels,0.95,P-P,l1,1.2927648145705462,1.2878169044503012,1.2977461561968084,256,122246
noised_data,target,boundary_pixels,0.95,P-P,rmse,1.623851003984557,1.6179410933783758,1.6297543932218703,256,122246
noised_data,target,boundary_pixels,0.95,P-P,squared_l2_mean,2.6399643439799547,2.621393917687237,2.659420586563647,256,122246
noised_data,target,boundary_pixels,0.95,R-P,cosine,0.18401805528264958,0.17191136042993094,0.19673997100553606,256,247100
noised_data,target,boundary_pixels,0.95,R-P,l1,1.2938513576518744,1.2889942117792088,1.2981302757456432,256,247100
noised_data,target,boundary_pixels,0.95,R-P,rmse,1.6252517636500374,1.61989074401945,1.6304759315288118,256,247100
noised_data,target,boundary_pixels,0.95,R-P,squared_l2_mean,2.643637307919562,2.6260004197945817,2.6622437211219223,256,247100
noised_data,target,boundary_pixels,0.95,R-R,cosine,0.18343524678766698,0.17126957459639697,0.19565756736662934,256,122174
noised_data,target,boundary_pixels,0.95,R-R,l1,1.294089515460655,1.2892549528973176,1.2988968698715326,256,122174
noised_data,target,boundary_pixels,0.95,R-R,rmse,1.6257107981350707,1.619998726382828,1.6316612148590555,256,122174
noised_data,target,boundary_pixels,0.95,R-R,squared_l2_mean,2.646062819287181,2.6262496014125647,2.6641773504205046,256,122174
noised_data,target,distance_1_to_2,0.05,P-P,cosine,0.1587345030548022,0.148010946817476,0.16947238682273563,256,175768
noised_data,target,distance_1_to_2,0.05,P-P,l1,1.3237139750272036,1.3193026487424504,1.3281204837025142,256,175768
noised_data,target,distance_1_to_2,0.05,P-P,rmse,1.665677306229704,1.6600823574887653,1.6710515184670514,256,175768
noised_data,target,distance_1_to_2,0.05,P-P,squared_l2_mean,2.7769387853331864,2.7578987195971423,2.795945501490496,256,175768
noised_data,target,distance_1_to_2,0.05,R-P,cosine,0.157980410658638,0.14808472034274017,0.16843826723306846,256,354178
noised_data,target,distance_1_to_2,0.05,R-P,l1,1.3247786136344075,1.3205693128169513,1.32900994218071,256,354178
noised_data,target,distance_1_to_2,0.05,R-P,rmse,1.6667498333070108,1.6612055854158874,1.6720142334447061,256,354178
noised_data,target,distance_1_to_2,0.05,R-P,squared_l2_mean,2.779981615021825,2.7627340211183764,2.7975568971130995,256,354178
noised_data,target,distance_1_to_2,0.05,R-R,cosine,0.15736305987047672,0.1470284326109777,0.1682994236795821,256,175590
noised_data,target,distance_1_to_2,0.05,R-R,l1,1.325348345329985,1.3205163011152763,1.3301499156514183,256,175590
noised_data,target,distance_1_to_2,0.05,R-R,rmse,1.6672398713803838,1.6609830261527563,1.6733707846611294,256,175590
noised_data,target,distance_1_to_2,0.05,R-R,squared_l2_mean,2.7824543467722833,2.763022045092657,2.8026188409538006,256,175590
noised_data,target,distance_1_to_2,0.15,P-P,cosine,0.1587345030548022,0.14784982737069186,0.16921477783921546,256,175768
noised_data,target,distance_1_to_2,0.15,P-P,l1,1.3237139750272036,1.3191832215117756,1.3280833048571368,256,175768
noised_data,target,distance_1_to_2,0.15,P-P,rmse,1.665677306229704,1.660330189356591,1.6713277187279887,256,175768
noised_data,target,distance_1_to_2,0.15,P-P,squared_l2_mean,2.7769387853331864,2.7572108633234165,2.7958391788066366,256,175768
noised_data,target,distance_1_to_2,0.15,R-P,cosine,0.157980410658638,0.14794347402348648,0.16864029773951186,256,354178
noised_data,target,distance_1_to_2,0.15,R-P,l1,1.3247786136344075,1.3205912468314636,1.328769155353075,256,354178
noised_data,target,distance_1_to_2,0.15,R-P,rmse,1.6667498333070108,1.6616333379562422,1.6722694446437387,256,354178
noised_data,target,distance_1_to_2,0.15,R-P,squared_l2_mean,2.779981615021825,2.7627269336371683,2.798065057070926,256,354178
noised_data,target,distance_1_to_2,0.15,R-R,cosine,0.15736305987047672,0.147226882962741,0.16827317433967437,256,175590
noised_data,target,distance_1_to_2,0.15,R-R,l1,1.325348345329985,1.3204948650614825,1.3298875210981351,256,175590
noised_data,target,distance_1_to_2,0.15,R-R,rmse,1.6672398713803838,1.6613582456009317,1.6733512581003496,256,175590
noised_data,target,distance_1_to_2,0.15,R-R,squared_l2_mean,2.7824543467722833,2.7615068036830053,2.80091957320692,256,175590
noised_data,target,distance_1_to_2,0.3,P-P,cosine,0.1587345030548022,0.14848079140178924,0.16919177033237248,256,175768
noised_data,target,distance_1_to_2,0.3,P-P,l1,1.3237139750272036,1.31935310906847,1.3283425028435887,256,175768
noised_data,target,distance_1_to_2,0.3,P-P,rmse,1.665677306229704,1.6601332227928853,1.6710459055544573,256,175768
noised_data,target,distance_1_to_2,0.3,P-P,squared_l2_mean,2.7769387853331864,2.7592344354023224,2.795267861208413,256,175768
noised_data,target,distance_1_to_2,0.3,R-P,cosine,0.157980410658638,0.14761324990413413,0.1680560421467817,256,354178
noised_data,target,distance_1_to_2,0.3,R-P,l1,1.3247786136344075,1.320586580131203,1.3289581953315064,256,354178
noised_data,target,distance_1_to_2,0.3,R-P,rmse,1.6667498333070108,1.661345462208853,1.6719201036916957,256,354178
noised_data,target,distance_1_to_2,0.3,R-P,squared_l2_mean,2.779981615021825,2.762327599141281,2.7983553678961472,256,354178
noised_data,target,distance_1_to_2,0.3,R-R,cosine,0.15736305987047672,0.14660135815843206,0.1686567765450036,256,175590
noised_data,target,distance_1_to_2,0.3,R-R,l1,1.325348345329985,1.3207232007058338,1.3301557649101596,256,175590
noised_data,target,distance_1_to_2,0.3,R-R,rmse,1.6672398713803838,1.6613305425856237,1.6736384512937819,256,175590
noised_data,target,distance_1_to_2,0.3,R-R,squared_l2_mean,2.7824543467722833,2.762690788786858,2.80205982219195,256,175590
noised_data,target,distance_1_to_2,0.5,P-P,cosine,0.1587345030548022,0.14852468274239072,0.1693521712205893,256,175768
noised_data,target,distance_1_to_2,0.5,P-P,l1,1.3237139750272036,1.319298730941955,1.328441781370202,256,175768
noised_data,target,distance_1_to_2,0.5,P-P,rmse,1.665677306229704,1.660527161864307,1.6711200465933609,256,175768
noised_data,target,distance_1_to_2,0.5,P-P,squared_l2_mean,2.7769387853331864,2.7579842863371598,2.7942694273544477,256,175768
noised_data,target,distance_1_to_2,0.5,R-P,cosine,0.157980410658638,0.14697271188015293,0.16895567198916978,256,354178
noised_data,target,distance_1_to_2,0.5,R-P,l1,1.3247786136344075,1.3206060047028587,1.3289751901349518,256,354178
noised_data,target,distance_1_to_2,0.5,R-P,rmse,1.6667498333070108,1.6612039004980048,1.6717755288287002,256,354178
noised_data,target,distance_1_to_2,0.5,R-P,squared_l2_mean,2.779981615021825,2.7617692287894897,2.797715007700026,256,354178
noised_data,target,distance_1_to_2,0.5,R-R,cosine,0.15736305987047672,0.14622538386624911,0.168383900795061,256,175590
noised_data,target,distance_1_to_2,0.5,R-R,l1,1.325348345329985,1.3206621074175928,1.330104153888533,256,175590
noised_data,target,distance_1_to_2,0.5,R-R,rmse,1.6672398713803838,1.6613047709634188,1.6732860285870075,256,175590
noised_data,target,distance_1_to_2,0.5,R-R,squared_l2_mean,2.7824543467722833,2.7628205875051206,2.8020427461597137,256,175590
noised_data,target,distance_1_to_2,0.7,P-P,cosine,0.1587345030548022,0.14848395753015212,0.16981948044854106,256,175768
noised_data,target,distance_1_to_2,0.7,P-P,l1,1.3237139750272036,1.3193532575503923,1.3281606850738172,256,175768
noised_data,target,distance_1_to_2,0.7,P-P,rmse,1.665677306229704,1.660160322863449,1.6708462080763191,256,175768
noised_data,target,distance_1_to_2,0.7,P-P,squared_l2_mean,2.7769387853331864,2.7586803916376086,2.796263186028227,256,175768
noised_data,target,distance_1_to_2,0.7,R-P,cosine,0.157980410658638,0.14785287771519506,0.16920763081361656,256,354178
noised_data,target,distance_1_to_2,0.7,R-P,l1,1.3247786136344075,1.320405648095766,1.329277279425878,256,354178
noised_data,target,distance_1_to_2,0.7,R-P,rmse,1.6667498333070108,1.6611805763362038,1.67221190050208,256,354178
noised_data,target,distance_1_to_2,0.7,R-P,squared_l2_mean,2.779981615021825,2.7617114196997137,2.7983953938703054,256,354178
noised_data,target,distance_1_to_2,0.7,R-R,cosine,0.15736305987047672,0.1463769579867858,0.1683336635546766,256,175590
noised_data,target,distance_1_to_2,0.7,R-R,l1,1.325348345329985,1.3206423688388895,1.3302903474133927,256,175590
noised_data,target,distance_1_to_2,0.7,R-R,rmse,1.6672398713803838,1.6612163476922681,1.6732304496454928,256,175590
noised_data,target,distance_1_to_2,0.7,R-R,squared_l2_mean,2.7824543467722833,2.7636634137132203,2.8023010973702185,256,175590
noised_data,target,distance_1_to_2,0.85,P-P,cosine,0.1587345030548022,0.14842591017986706,0.16921069944114603,256,175768
noised_data,target,distance_1_to_2,0.85,P-P,l1,1.3237139750272036,1.319203274999745,1.3282705663878005,256,175768
noised_data,target,distance_1_to_2,0.85,P-P,rmse,1.665677306229704,1.6600297953181749,1.6712980187523023,256,175768
noised_data,target,distance_1_to_2,0.85,P-P,squared_l2_mean,2.7769387853331864,2.7580731214606202,2.7953832565108314,256,175768
noised_data,target,distance_1_to_2,0.85,R-P,cosine,0.157980410658638,0.14767977055107623,0.16866717329066888,256,354178
noised_data,target,distance_1_to_2,0.85,R-P,l1,1.3247786136344075,1.3203616203565616,1.3290769700019154,256,354178
noised_data,target,distance_1_to_2,0.85,R-P,rmse,1.6667498333070108,1.6614444713005552,1.671914074830924,256,354178
noised_data,target,distance_1_to_2,0.85,R-P,squared_l2_mean,2.779981615021825,2.7626552178175188,2.796751300722826,256,354178
noised_data,target,distance_1_to_2,0.85,R-R,cosine,0.15736305987047672,0.14675760638911015,0.16826527346238435,256,175590
noised_data,target,distance_1_to_2,0.85,R-R,l1,1.325348345329985,1.3206929862382821,1.330269253818551,256,175590
noised_data,target,distance_1_to_2,0.85,R-R,rmse,1.6672398713803838,1.6614794603615342,1.6729583475402232,256,175590
noised_data,target,distance_1_to_2,0.85,R-R,squared_l2_mean,2.7824543467722833,2.7633456843788737,2.8025224897312,256,175590
noised_data,target,distance_1_to_2,0.95,P-P,cosine,0.1587345030548022,0.14908306275533506,0.169689768363196,256,175768
noised_data,target,distance_1_to_2,0.95,P-P,l1,1.3237139750272036,1.3193369930610062,1.3280405840545426,256,175768
noised_data,target,distance_1_to_2,0.95,P-P,rmse,1.665677306229704,1.6605277171459287,1.6713423748297322,256,175768
noised_data,target,distance_1_to_2,0.95,P-P,squared_l2_mean,2.7769387853331864,2.7582553334883415,2.7950709284516053,256,175768
noised_data,target,distance_1_to_2,0.95,R-P,cosine,0.157980410658638,0.14727594452160703,0.16910990260003017,256,354178
noised_data,target,distance_1_to_2,0.95,R-P,l1,1.3247786136344075,1.3206760522094556,1.3289555062598084,256,354178
noised_data,target,distance_1_to_2,0.95,R-P,rmse,1.6667498333070108,1.6613690353729946,1.6718811048759314,256,354178
noised_data,target,distance_1_to_2,0.95,R-P,squared_l2_mean,2.779981615021825,2.762059372628573,2.797342430835124,256,354178
noised_data,target,distance_1_to_2,0.95,R-R,cosine,0.15736305987047672,0.14712154638664288,0.16842197508508433,256,175590
noised_data,target,distance_1_to_2,0.95,R-R,l1,1.325348345329985,1.3208573008596431,1.3301979554991703,256,175590
noised_data,target,distance_1_to_2,0.95,R-R,rmse,1.6672398713803838,1.6612338182845874,1.6732328221919437,256,175590
noised_data,target,distance_1_to_2,0.95,R-R,squared_l2_mean,2.7824543467722833,2.7626374248065986,2.8026529056951404,256,175590
noised_data,target,distance_2_to_6,0.05,P-P,cosine,0.09611868900299214,0.0871356520331176,0.10586909810606072,256,1111458
noised_data,target,distance_2_to_6,0.05,P-P,l1,1.380671312334016,1.374618307664059,1.3870819237316028,256,1111458
noised_data,target,distance_2_to_6,0.05,P-P,rmse,1.7357325526093976,1.7280277879305004,1.7436530882137997,256,1111458
noised_data,target,distance_2_to_6,0.05,P-P,squared_l2_mean,3.017162235919386,2.9910306729958394,3.0441809354000724,256,1111458
noised_data,target,distance_2_to_6,0.05,R-P,cosine,0.09541070811519603,0.08607765797723914,0.10447984915390407,256,2237164
noised_data,target,distance_2_to_6,0.05,R-P,l1,1.3818930343259126,1.3759277398348786,1.387830335495528,256,2237164
noised_data,target,distance_2_to_6,0.05,R-P,rmse,1.7373968580284371,1.7297479241686813,1.7447235647079407,256,2237164
noised_data,target,distance_2_to_6,0.05,R-P,squared_l2_mean,3.0223166472278535,2.99730657862965,3.050397037214134,256,2237164
noised_data,target,distance_2_to_6,0.05,R-R,cosine,0.0956021796918094,0.08603802578013812,0.10569992202339336,256,1106802
noised_data,target,distance_2_to_6,0.05,R-R,l1,1.3820492348168045,1.375638451013947,1.3884119361173362,256,1106802
noised_data,target,distance_2_to_6,0.05,R-R,rmse,1.7375963208332257,1.729374834456872,1.7456243416733246,256,1106802
noised_data,target,distance_2_to_6,0.05,R-R,squared_l2_mean,3.023737700190395,2.9966145573416725,3.049848200811539,256,1106802
noised_data,target,distance_2_to_6,0.15,P-P,cosine,0.09611868900299214,0.0871953045239934,0.10569309534154171,256,1111458
noised_data,target,distance_2_to_6,0.15,P-P,l1,1.380671312334016,1.3745497239404358,1.386829710600432,256,1111458
noised_data,target,distance_2_to_6,0.15,P-P,rmse,1.7357325526093976,1.7278402634805525,1.743748280918835,256,1111458
noised_data,target,distance_2_to_6,0.15,P-P,squared_l2_mean,3.017162235919386,2.9897405168507247,3.0438537218491546,256,1111458
noised_data,target,distance_2_to_6,0.15,R-P,cosine,0.09541070811519603,0.08580529511889382,0.1050810493173003,256,2237164
noised_data,target,distance_2_to_6,0.15,R-P,l1,1.3818930343259126,1.376019522739807,1.387557892384939,256,2237164
noised_data,target,distance_2_to_6,0.15,R-P,rmse,1.7373968580284371,1.730034351148524,1.7448405809313239,256,2237164
noised_data,target,distance_2_to_6,0.15,R-P,squared_l2_mean,3.0223166472278535,2.9951521400595085,3.049166201392654,256,2237164
noised_data,target,distance_2_to_6,0.15,R-R,cosine,0.0956021796918094,0.08618657377494685,0.10585129827229593,256,1106802
noised_data,target,distance_2_to_6,0.15,R-R,l1,1.3820492348168045,1.3759003480663523,1.388035078329267,256,1106802
noised_data,target,distance_2_to_6,0.15,R-R,rmse,1.7375963208332257,1.7296395449215702,1.7454706832519329,256,1106802
noised_data,target,distance_2_to_6,0.15,R-R,squared_l2_mean,3.023737700190395,2.997615338570904,3.0514627114869652,256,1106802
noised_data,target,distance_2_to_6,0.3,P-P,cosine,0.09611868900299214,0.08668840522489915,0.10546595128859622,256,1111458
noised_data,target,distance_2_to_6,0.3,P-P,l1,1.380671312334016,1.3743309713318013,1.3867879064404405,256,1111458
noised_data,target,distance_2_to_6,0.3,P-P,rmse,1.7357325526093976,1.7279186408526879,1.7438120698436759,256,1111458
noised_data,target,distance_2_to_6,0.3,P-P,squared_l2_mean,3.017162235919386,2.9881248569581658,3.044349036877975,256,1111458
noised_data,target,distance_2_to_6,0.3,R-P,cosine,0.09541070811519603,0.08581984564764297,0.10568647235434128,256,2237164
noised_data,target,distance_2_to_6,0.3,R-P,l1,1.3818930343259126,1.3761282798019239,1.387941726995632,256,2237164
noised_data,target,distance_2_to_6,0.3,R-P,rmse,1.7373968580284371,1.7296157371368397,1.7447590467983132,256,2237164
noised_data,target,distance_2_to_6,0.3,R-P,squared_l2_mean,3.0223166472278535,2.997273388504982,3.049629894271493,256,2237164
noised_data,target,distance_2_to_6,0.3,R-R,cosine,0.0956021796918094,0.08603433296503908,0.10502619858691843,256,1106802
noised_data,target,distance_2_to_6,0.3,R-R,l1,1.3820492348168045,1.3760545323544648,1.388360634073615,256,1106802
noised_data,target,distance_2_to_6,0.3,R-R,rmse,1.7375963208332257,1.7298452434512175,1.745590464378515,256,1106802
noised_data,target,distance_2_to_6,0.3,R-R,squared_l2_mean,3.023737700190395,2.9955870967241935,3.0512866424629466,256,1106802
noised_data,target,distance_2_to_6,0.5,P-P,cosine,0.09611868900299214,0.08691463775045634,0.10571664618792055,256,1111458
noised_data,target,distance_2_to_6,0.5,P-P,l1,1.380671312334016,1.3747288872255012,1.3868371557095087,256,1111458
noised_data,target,distance_2_to_6,0.5,P-P,rmse,1.7357325526093976,1.7281219359091016,1.7434890459155046,256,1111458
noised_data,target,distance_2_to_6,0.5,P-P,squared_l2_mean,3.017162235919386,2.9894591207266785,3.045174460345879,256,1111458
noised_data,target,distance_2_to_6,0.5,R-P,cosine,0.09541070811519603,0.08640176239655376,0.10496765724817576,256,2237164
noised_data,target,distance_2_to_6,0.5,R-P,l1,1.3818930343259126,1.376039575750474,1.387512199691264,256,2237164
noised_data,target,distance_2_to_6,0.5,R-P,rmse,1.7373968580284371,1.7298299196681737,1.7448538984621145,256,2237164
noised_data,target,distance_2_to_6,0.5,R-P,squared_l2_mean,3.0223166472278535,2.9960255288984627,3.0479401647928173,256,2237164
noised_data,target,distance_2_to_6,0.5,R-R,cosine,0.0956021796918094,0.08609095272792047,0.105694592595313,256,1106802
noised_data,target,distance_2_to_6,0.5,R-R,l1,1.3820492348168045,1.3758440478937701,1.3882992203172762,256,1106802
noised_data,target,distance_2_to_6,0.5,R-R,rmse,1.7375963208332257,1.7300256083350716,1.745560011300056,256,1106802
noised_data,target,distance_2_to_6,0.5,R-R,squared_l2_mean,3.023737700190395,2.9956941439653746,3.0512872671475635,256,1106802
noised_data,target,distance_2_to_6,0.7,P-P,cosine,0.09611868900299214,0.08702273282318344,0.10656417700025997,256,1111458
noised_data,target,distance_2_to_6,0.7,P-P,l1,1.380671312334016,1.3744921502482612,1.3867027142783628,256,1111458
noised_data,target,distance_2_to_6,0.7,P-P,rmse,1.7357325526093976,1.7279758383949766,1.743501651572505,256,1111458
noised_data,target,distance_2_to_6,0.7,P-P,squared_l2_mean,3.017162235919386,2.989474490121938,3.0441172317019665,256,1111458
noised_data,target,distance_2_to_6,0.7,R-P,cosine,0.09541070811519603,0.08606976697310528,0.10543579916377437,256,2237164
noised_data,target,distance_2_to_6,0.7,R-P,l1,1.3818930343259126,1.3757599554897753,1.3877504037576727,256,2237164
noised_data,target,distance_2_to_6,0.7,R-P,rmse,1.7373968580284371,1.729642637728599,1.744703838637346,256,2237164
noised_data,target,distance_2_to_6,0.7,R-P,squared_l2_mean,3.0223166472278535,2.995790220727213,3.049588805786334,256,2237164
noised_data,target,distance_2_to_6,0.7,R-R,cosine,0.0956021796918094,0.0862343402623452,0.1055422625774554,256,1106802
noised_data,target,distance_2_to_6,0.7,R-R,l1,1.3820492348168045,1.3754862060246524,1.3880951881408692,256,1106802
noised_data,target,distance_2_to_6,0.7,R-R,rmse,1.7375963208332257,1.7300457130487252,1.7451574127933451,256,1106802
noised_data,target,distance_2_to_6,0.7,R-R,squared_l2_mean,3.023737700190395,2.99657617212506,3.049711016274523,256,1106802
noised_data,target,distance_2_to_6,0.85,P-P,cosine,0.09611868900299214,0.08665642626650083,0.10602742281234327,256,1111458
noised_data,target,distance_2_to_6,0.85,P-P,l1,1.380671312334016,1.3743372848606668,1.386686204315629,256,1111458
noised_data,target,distance_2_to_6,0.85,P-P,rmse,1.7357325526093976,1.727447093887681,1.7437702317107515,256,1111458
noised_data,target,distance_2_to_6,0.85,P-P,squared_l2_mean,3.017162235919386,2.9907425121054985,3.0436161584104413,256,1111458
noised_data,target,distance_2_to_6,0.85,R-P,cosine,0.09541070811519603,0.08623581113924957,0.10626900234910863,256,2237164
noised_data,target,distance_2_to_6,0.85,R-P,l1,1.3818930343259126,1.3761188075062818,1.3880122862872668,256,2237164
noised_data,target,distance_2_to_6,0.85,R-P,rmse,1.7373968580284371,1.730136955384938,1.744474538901685,256,2237164
noised_data,target,distance_2_to_6,0.85,R-P,squared_l2_mean,3.0223166472278535,2.9958150871563705,3.047977965127211,256,2237164
noised_data,target,distance_2_to_6,0.85,R-R,cosine,0.0956021796918094,0.08644946770457977,0.10604130574281498,256,1106802
noised_data,target,distance_2_to_6,0.85,R-R,l1,1.3820492348168045,1.3760782186407596,1.388360182516044,256,1106802
noised_data,target,distance_2_to_6,0.85,R-R,rmse,1.7375963208332257,1.729275198169467,1.7455042802065315,256,1106802
noised_data,target,distance_2_to_6,0.85,R-R,squared_l2_mean,3.023737700190395,2.997545568959322,3.051023520634044,256,1106802
noised_data,target,distance_2_to_6,0.95,P-P,cosine,0.09611868900299214,0.08720769982811874,0.10610537648539377,256,1111458
noised_data,target,distance_2_to_6,0.95,P-P,l1,1.380671312334016,1.3746257854567374,1.3865620852797291,256,1111458
noised_data,target,distance_2_to_6,0.95,P-P,rmse,1.7357325526093976,1.7278446761089776,1.7435172753068444,256,1111458
noised_data,target,distance_2_to_6,0.95,P-P,squared_l2_mean,3.017162235919386,2.9903884711209683,3.045771964301821,256,1111458
noised_data,target,distance_2_to_6,0.95,R-P,cosine,0.09541070811519603,0.0864396555345138,0.10499418462438825,256,2237164
noised_data,target,distance_2_to_6,0.95,R-P,l1,1.3818930343259126,1.3759784866648261,1.3880822214123327,256,2237164
noised_data,target,distance_2_to_6,0.95,R-P,rmse,1.7373968580284371,1.7298979055785593,1.7448965081474817,256,2237164
noised_data,target,distance_2_to_6,0.95,R-P,squared_l2_mean,3.0223166472278535,2.996233722951729,3.0483384275110437,256,2237164
noised_data,target,distance_2_to_6,0.95,R-R,cosine,0.0956021796918094,0.0861250156715073,0.10637597368752266,256,1106802
noised_data,target,distance_2_to_6,0.95,R-R,l1,1.3820492348168045,1.375991050543962,1.3880316797934937,256,1106802
noised_data,target,distance_2_to_6,0.95,R-R,rmse,1.7375963208332257,1.7295396485413832,1.7454679767444934,256,1106802
noised_data,target,distance_2_to_6,0.95,R-R,squared_l2_mean,3.023737700190395,2.995784350042231,3.050886101718061,256,1106802
noised_data,target,distance_gt_6,0.05,P-P,cosine,0.06537228921266092,0.05484265386228131,0.07603437975084688,256,2874310
noised_data,target,distance_gt_6,0.05,P-P,l1,1.410732057876885,1.4031223717960528,1.4188151475624182,256,2874310
noised_data,target,distance_gt_6,0.05,P-P,rmse,1.77212092292193,1.7624320078855202,1.781821257235897,256,2874310
noised_data,target,distance_gt_6,0.05,P-P,squared_l2_mean,3.14734412683174,3.1138288302929142,3.183094089629594,256,2874310
noised_data,target,distance_gt_6,0.05,R-P,cosine,0.06532062606521549,0.05508197420506491,0.07633716052742158,256,5797266
noised_data,target,distance_gt_6,0.05,R-P,l1,1.4110312627162784,1.4030807805422227,1.4189471816061996,256,5797266
noised_data,target,distance_gt_6,0.05,R-P,rmse,1.7726528012017866,1.7631228179716363,1.7823603453262713,256,5797266
noised_data,target,distance_gt_6,0.05,R-P,squared_l2_mean,3.1485646748915315,3.1151829515001737,3.1821165272733194,256,5797266
noised_data,target,distance_gt_6,0.05,R-R,cosine,0.06551007534407916,0.055211075786870366,0.07590029023701453,256,2879144
noised_data,target,distance_gt_6,0.05,R-R,l1,1.4110731806140393,1.403501941455761,1.419128641061252,256,2879144
noised_data,target,distance_gt_6,0.05,R-R,rmse,1.7726964516189077,1.7630086360899153,1.7823614451991976,256,2879144
noised_data,target,distance_gt_6,0.05,R-R,squared_l2_mean,3.1493167146109045,3.1149595281807705,3.1850529003073462,256,2879144
noised_data,target,distance_gt_6,0.15,P-P,cosine,0.06537228921266092,0.05554102926900413,0.07628912100323859,256,2874310
noised_data,target,distance_gt_6,0.15,P-P,l1,1.410732057876885,1.4028079965442886,1.4191727539233399,256,2874310
noised_data,target,distance_gt_6,0.15,P-P,rmse,1.77212092292193,1.7624294138060304,1.782202943241351,256,2874310
noised_data,target,distance_gt_6,0.15,P-P,squared_l2_mean,3.14734412683174,3.1116986126406116,3.1834778051939794,256,2874310
noised_data,target,distance_gt_6,0.15,R-P,cosine,0.06532062606521549,0.05497524237558622,0.07618048860324364,256,5797266
noised_data,target,distance_gt_6,0.15,R-P,l1,1.4110312627162784,1.403501942451112,1.418782171694329,256,5797266
noised_data,target,distance_gt_6,0.15,R-P,rmse,1.7726528012017866,1.7627920216394075,1.7821938495524916,256,5797266
noised_data,target,distance_gt_6,0.15,R-P,squared_l2_mean,3.1485646748915315,3.113637871237006,3.1827634487184695,256,5797266
noised_data,target,distance_gt_6,0.15,R-R,cosine,0.06551007534407916,0.05539900485282132,0.07725633124723358,256,2879144
noised_data,target,distance_gt_6,0.15,R-R,l1,1.4110731806140393,1.403327374975197,1.4196497146622278,256,2879144
noised_data,target,distance_gt_6,0.15,R-R,rmse,1.7726964516189077,1.7632391246147638,1.7826717735467985,256,2879144
noised_data,target,distance_gt_6,0.15,R-R,squared_l2_mean,3.1493167146109045,3.1140042581711898,3.1841163442120886,256,2879144
noised_data,target,distance_gt_6,0.3,P-P,cosine,0.06537228921266092,0.05545754475953686,0.07636148653284636,256,2874310
noised_data,target,distance_gt_6,0.3,P-P,l1,1.410732057876885,1.403062640799908,1.4186538539128377,256,2874310
noised_data,target,distance_gt_6,0.3,P-P,rmse,1.77212092292193,1.7621545950357211,1.7818161263883456,256,2874310
noised_data,target,distance_gt_6,0.3,P-P,squared_l2_mean,3.14734412683174,3.112455017620232,3.183075875591021,256,2874310
noised_data,target,distance_gt_6,0.3,R-P,cosine,0.06532062606521549,0.05499690121197034,0.07595087364101828,256,5797266
noised_data,target,distance_gt_6,0.3,R-P,l1,1.4110312627162784,1.4033052785031033,1.4186153833463322,256,5797266
noised_data,target,distance_gt_6,0.3,R-P,rmse,1.7726528012017866,1.7630512817375723,1.7821259712554158,256,5797266
noised_data,target,distance_gt_6,0.3,R-P,squared_l2_mean,3.1485646748915315,3.114078449702356,3.18392997214105,256,5797266
noised_data,target,distance_gt_6,0.3,R-R,cosine,0.06551007534407916,0.055067600713690365,0.07683317166607963,256,2879144
noised_data,target,distance_gt_6,0.3,R-R,l1,1.4110731806140393,1.4029626894334797,1.4186586351483128,256,2879144
noised_data,target,distance_gt_6,0.3,R-R,rmse,1.7726964516189077,1.762828828707511,1.7825354013945018,256,2879144
noised_data,target,distance_gt_6,0.3,R-R,squared_l2_mean,3.1493167146109045,3.115981090790592,3.1847202172270044,256,2879144
noised_data,target,distance_gt_6,0.5,P-P,cosine,0.06537228921266092,0.05513194441284739,0.07649676240863883,256,2874310
noised_data,target,distance_gt_6,0.5,P-P,l1,1.410732057876885,1.4027100467879792,1.4189150657854044,256,2874310
noised_data,target,distance_gt_6,0.5,P-P,rmse,1.77212092292193,1.7620570492046472,1.782168150259447,256,2874310
noised_data,target,distance_gt_6,0.5,P-P,squared_l2_mean,3.14734412683174,3.1118785602971912,3.1824646759079767,256,2874310
noised_data,target,distance_gt_6,0.5,R-P,cosine,0.06532062606521549,0.0550878927356905,0.07624441478531878,256,5797266
noised_data,target,distance_gt_6,0.5,R-P,l1,1.4110312627162784,1.403341014846228,1.418848255102057,256,5797266
noised_data,target,distance_gt_6,0.5,R-P,rmse,1.7726528012017866,1.7631868840808176,1.7828845629965338,256,5797266
noised_data,target,distance_gt_6,0.5,R-P,squared_l2_mean,3.1485646748915315,3.1147299197153187,3.184913888236042,256,5797266
noised_data,target,distance_gt_6,0.5,R-R,cosine,0.06551007534407916,0.05489012012238419,0.07703860653920351,256,2879144
noised_data,target,distance_gt_6,0.5,R-R,l1,1.4110731806140393,1.4034137866576202,1.419040947657777,256,2879144
noised_data,target,distance_gt_6,0.5,R-R,rmse,1.7726964516189077,1.763132629161752,1.7825757724950222,256,2879144
noised_data,target,distance_gt_6,0.5,R-R,squared_l2_mean,3.1493167146109045,3.113461091800127,3.1862069822265764,256,2879144
noised_data,target,distance_gt_6,0.7,P-P,cosine,0.06537228921266092,0.05514093245475564,0.07607312052072714,256,2874310
noised_data,target,distance_gt_6,0.7,P-P,l1,1.410732057876885,1.4026966192934196,1.4184351244010032,256,2874310
noised_data,target,distance_gt_6,0.7,P-P,rmse,1.77212092292193,1.7617828514040854,1.7822180223161763,256,2874310
noised_data,target,distance_gt_6,0.7,P-P,squared_l2_mean,3.14734412683174,3.1124907715362498,3.1836716213030742,256,2874310
noised_data,target,distance_gt_6,0.7,R-P,cosine,0.06532062606521549,0.05514734278638826,0.07627938996453593,256,5797266
noised_data,target,distance_gt_6,0.7,R-P,l1,1.4110312627162784,1.4029966653499286,1.418562212382676,256,5797266
noised_data,target,distance_gt_6,0.7,R-P,rmse,1.7726528012017866,1.7632811104167923,1.7825934528459968,256,5797266
noised_data,target,distance_gt_6,0.7,R-P,squared_l2_mean,3.1485646748915315,3.114627711346839,3.1825646507088097,256,5797266
noised_data,target,distance_gt_6,0.7,R-R,cosine,0.06551007534407916,0.055371359530698785,0.07678904008075484,256,2879144
noised_data,target,distance_gt_6,0.7,R-R,l1,1.4110731806140393,1.402858547208598,1.4187944769102614,256,2879144
noised_data,target,distance_gt_6,0.7,R-R,rmse,1.7726964516189077,1.7632048815227515,1.7826505241420942,256,2879144
noised_data,target,distance_gt_6,0.7,R-R,squared_l2_mean,3.1493167146109045,3.1152406510082074,3.1840238470234907,256,2879144
noised_data,target,distance_gt_6,0.85,P-P,cosine,0.06537228921266092,0.05511128970498973,0.07633793931032784,256,2874310
noised_data,target,distance_gt_6,0.85,P-P,l1,1.410732057876885,1.4028803117282223,1.4188408764544875,256,2874310
noised_data,target,distance_gt_6,0.85,P-P,rmse,1.77212092292193,1.7622792885244583,1.782521774747772,256,2874310
noised_data,target,distance_gt_6,0.85,P-P,squared_l2_mean,3.14734412683174,3.1134632657980545,3.1840012105647473,256,2874310
noised_data,target,distance_gt_6,0.85,R-P,cosine,0.06532062606521549,0.05579349648185712,0.07623754222586285,256,5797266
noised_data,target,distance_gt_6,0.85,R-P,l1,1.4110312627162784,1.403468401468126,1.418931425997289,256,5797266
noised_data,target,distance_gt_6,0.85,R-P,rmse,1.7726528012017866,1.7632778839488596,1.7825440848961502,256,5797266
noised_data,target,distance_gt_6,0.85,R-P,squared_l2_mean,3.1485646748915315,3.1130188129958696,3.1832718868157825,256,5797266
noised_data,target,distance_gt_6,0.85,R-R,cosine,0.06551007534407916,0.055124873941792885,0.07657658183107827,256,2879144
noised_data,target,distance_gt_6,0.85,R-R,l1,1.4110731806140393,1.403892263158923,1.4192204792634584,256,2879144
noised_data,target,distance_gt_6,0.85,R-R,rmse,1.7726964516189077,1.7629491260716013,1.7822915033226878,256,2879144
noised_data,target,distance_gt_6,0.85,R-R,squared_l2_mean,3.1493167146109045,3.114203412795905,3.184984509460628,256,2879144
noised_data,target,distance_gt_6,0.95,P-P,cosine,0.06537228921266092,0.05550756832042225,0.07615809708670085,256,2874310
noised_data,target,distance_gt_6,0.95,P-P,l1,1.410732057876885,1.4030746540694963,1.4183390599675476,256,2874310
noised_data,target,distance_gt_6,0.95,P-P,rmse,1.77212092292193,1.7623587843001816,1.7819376353323275,256,2874310
noised_data,target,distance_gt_6,0.95,P-P,squared_l2_mean,3.14734412683174,3.112914576334879,3.1865938238450324,256,2874310
noised_data,target,distance_gt_6,0.95,R-P,cosine,0.06532062606521549,0.05546501386234581,0.07647151793021292,256,5797266
noised_data,target,distance_gt_6,0.95,R-P,l1,1.4110312627162784,1.4029776126844808,1.418932172714267,256,5797266
noised_data,target,distance_gt_6,0.95,R-P,rmse,1.7726528012017866,1.763093109262228,1.782518253086534,256,5797266
noised_data,target,distance_gt_6,0.95,R-P,squared_l2_mean,3.1485646748915315,3.115160809783265,3.182160460622981,256,5797266
noised_data,target,distance_gt_6,0.95,R-R,cosine,0.06551007534407916,0.05522238897549059,0.07641966386084319,256,2879144
noised_data,target,distance_gt_6,0.95,R-R,l1,1.4110731806140393,1.4032366856874432,1.4190764711122028,256,2879144
noised_data,target,distance_gt_6,0.95,R-R,rmse,1.7726964516189077,1.7628280379094148,1.7823799845953818,256,2879144
noised_data,target,distance_gt_6,0.95,R-R,squared_l2_mean,3.1493167146109045,3.112655667506624,3.1841464355704376,256,2879144
